time_ms,accel_z_mps2,velocity_mm_s,smooth_mm_s,direction
0,0.0003,-0.18,-0.09,STATIONARY
1,0.0099,-0.15,-0.09,STATIONARY
3,0.0067,-0.12,-0.09,STATIONARY
5,-0.0030,-0.12,-0.10,STATIONARY
7,-0.0131,-0.13,-0.10,STATIONARY
9,-0.0187,-0.16,-0.10,STATIONARY
12,-0.0192,-0.18,-0.11,STATIONARY
13,-0.0091,-0.18,-0.11,STATIONARY
15,-0.0118,-0.19,-0.11,STATIONARY
18,-0.0142,-0.20,-0.12,STATIONARY
19,-0.0178,-0.22,-0.13,STATIONARY
22,-0.0128,-0.22,-0.13,STATIONARY
24,-0.0005,-0.21,-0.14,STATIONARY
26,-0.0000,-0.19,-0.14,STATIONARY
28,-0.0039,-0.18,-0.14,STATIONARY
29,0.0035,-0.16,-0.14,STATIONARY
31,0.0035,-0.14,-0.14,STATIONARY
34,0.0012,-0.13,-0.14,STATIONARY
35,-0.0044,-0.13,-0.14,STATIONARY
37,0.0046,-0.11,-0.14,STATIONARY
39,0.0079,-0.08,-0.14,STATIONARY
42,0.0060,-0.07,-0.13,STATIONARY
44,0.0113,-0.04,-0.13,STATIONARY
45,0.0065,-0.03,-0.12,STATIONARY
47,0.0101,-0.00,-0.11,STATIONARY
49,0.0139,0.02,-0.11,STATIONARY
51,0.0134,0.04,-0.10,STATIONARY
54,0.0038,0.05,-0.09,STATIONARY
55,-0.0069,0.03,-0.08,STATIONARY
57,-0.0062,0.02,-0.08,STATIONARY
60,-0.0041,0.01,-0.07,STATIONARY
61,0.0059,0.02,-0.07,STATIONARY
64,0.0040,0.02,-0.06,STATIONARY
65,0.0015,0.03,-0.05,STATIONARY
67,0.0048,0.03,-0.05,STATIONARY
69,0.0047,0.04,-0.04,STATIONARY
71,0.0094,0.05,-0.04,STATIONARY
73,0.0156,0.08,-0.03,STATIONARY
76,0.0068,0.08,-0.03,STATIONARY
77,0.0041,0.08,-0.02,STATIONARY
79,0.0047,0.09,-0.01,STATIONARY
82,0.0092,0.10,-0.01,STATIONARY
84,0.0096,0.11,0.00,STATIONARY
86,-0.0002,0.10,0.01,STATIONARY
87,-0.0071,0.08,0.01,STATIONARY
89,-0.0107,0.05,0.01,STATIONARY
92,-0.0079,0.03,0.01,STATIONARY
94,0.0042,0.04,0.02,STATIONARY
95,0.0164,0.06,0.02,STATIONARY
98,0.0229,0.10,0.02,STATIONARY
99,0.0154,0.12,0.03,STATIONARY
102,-0.0001,0.11,0.03,STATIONARY
103,0.0017,0.11,0.04,STATIONARY
105,-0.0035,0.09,0.04,STATIONARY
107,-0.0027,0.08,0.04,STATIONARY
109,-0.0002,0.07,0.04,STATIONARY
111,-0.0099,0.05,0.05,STATIONARY
114,-0.0126,0.02,0.04,STATIONARY
115,-0.0015,0.02,0.04,STATIONARY
117,-0.0082,-0.00,0.04,STATIONARY
119,-0.0082,-0.02,0.04,STATIONARY
121,-0.0184,-0.05,0.03,STATIONARY
124,-0.0184,-0.08,0.02,STATIONARY
125,-0.0089,-0.09,0.02,STATIONARY
127,-0.0065,-0.09,0.01,STATIONARY
129,-0.0084,-0.10,0.00,STATIONARY
131,-0.0163,-0.12,-0.00,STATIONARY
134,-0.0086,-0.13,-0.01,STATIONARY
135,-0.0075,-0.13,-0.02,STATIONARY
137,-0.0060,-0.13,-0.02,STATIONARY
139,-0.0078,-0.14,-0.03,STATIONARY
141,-0.0094,-0.14,-0.04,STATIONARY
144,-0.0040,-0.14,-0.04,STATIONARY
145,0.0074,-0.11,-0.05,STATIONARY
147,0.0044,-0.10,-0.05,STATIONARY
149,0.0079,-0.07,-0.05,STATIONARY
151,0.0069,-0.06,-0.05,STATIONARY
153,0.0071,-0.04,-0.05,STATIONARY
155,-0.0003,-0.04,-0.05,STATIONARY
157,-0.0035,-0.04,-0.05,STATIONARY
159,-0.0049,-0.05,-0.05,STATIONARY
162,0.0074,-0.03,-0.05,STATIONARY
163,-0.0007,-0.03,-0.05,STATIONARY
165,-0.0015,-0.03,-0.05,STATIONARY
168,0.0085,-0.01,-0.04,STATIONARY
169,0.0073,0.00,-0.04,STATIONARY
171,0.0022,0.01,-0.04,STATIONARY
173,0.0007,0.01,-0.04,STATIONARY
176,0.0091,0.02,-0.03,STATIONARY
177,0.0039,0.03,-0.03,STATIONARY
179,0.0035,0.03,-0.02,STATIONARY
181,0.0105,0.05,-0.02,STATIONARY
184,0.0085,0.06,-0.01,STATIONARY
185,0.0023,0.06,-0.01,STATIONARY
188,0.0039,0.06,-0.01,STATIONARY
189,0.0039,0.07,-0.00,STATIONARY
192,-0.0004,0.06,0.00,STATIONARY
194,0.0010,0.06,0.01,STATIONARY
196,-0.0067,0.04,0.01,STATIONARY
197,-0.0110,0.02,0.01,STATIONARY
200,-0.0194,-0.02,0.01,STATIONARY
201,0.0032,-0.01,0.00,STATIONARY
203,0.0161,0.02,0.01,STATIONARY
205,0.0194,0.05,0.01,STATIONARY
207,0.0190,0.08,0.01,STATIONARY
209,0.0098,0.09,0.02,STATIONARY
211,-0.0001,0.09,0.02,STATIONARY
213,-0.0070,0.07,0.02,STATIONARY
216,-0.0071,0.05,0.03,STATIONARY
218,-0.0045,0.04,0.03,STATIONARY
219,-0.0055,0.02,0.03,STATIONARY
221,-0.0084,0.01,0.03,STATIONARY
224,-0.0126,-0.02,0.02,STATIONARY
226,-0.0057,-0.03,0.02,STATIONARY
227,-0.0050,-0.03,0.02,STATIONARY
229,0.0022,-0.03,0.01,STATIONARY
231,-0.0048,-0.03,0.01,STATIONARY
233,-0.0103,-0.05,0.01,STATIONARY
235,-0.0112,-0.07,0.00,STATIONARY
237,-0.0108,-0.08,-0.00,STATIONARY
239,-0.0155,-0.10,-0.01,STATIONARY
242,-0.0219,-0.14,-0.02,STATIONARY
243,-0.0277,-0.18,-0.02,STATIONARY
245,-0.0125,-0.18,-0.03,STATIONARY
247,-0.0030,-0.18,-0.04,STATIONARY
249,-0.0014,-0.16,-0.05,STATIONARY
251,-0.0034,-0.16,-0.06,STATIONARY
254,0.0012,-0.14,-0.06,STATIONARY
255,0.0045,-0.12,-0.06,STATIONARY
257,0.0012,-0.11,-0.07,STATIONARY
259,-0.0083,-0.12,-0.07,STATIONARY
261,-0.0098,-0.13,-0.07,STATIONARY
264,-0.0021,-0.12,-0.08,STATIONARY
265,0.0020,-0.11,-0.08,STATIONARY
267,-0.0064,-0.11,-0.08,STATIONARY
270,-0.0091,-0.12,-0.08,STATIONARY
271,-0.0008,-0.11,-0.08,STATIONARY
273,-0.0169,-0.13,-0.09,STATIONARY
275,-0.0169,-0.15,-0.09,STATIONARY
277,-0.0061,-0.15,-0.09,STATIONARY
279,0.0063,-0.13,-0.10,STATIONARY
281,0.0105,-0.10,-0.10,STATIONARY
284,0.0078,-0.08,-0.10,STATIONARY
286,0.0013,-0.07,-0.09,STATIONARY
287,0.0065,-0.05,-0.09,STATIONARY
290,0.0095,-0.03,-0.09,STATIONARY
291,0.0048,-0.02,-0.08,STATIONARY
293,0.0030,-0.01,-0.08,STATIONARY
295,0.0017,-0.01,-0.07,STATIONARY
297,0.0041,0.00,-0.07,STATIONARY
299,-0.0063,-0.01,-0.07,STATIONARY
302,-0.0097,-0.03,-0.06,STATIONARY
303,-0.0052,-0.03,-0.06,STATIONARY
305,-0.0012,-0.03,-0.06,STATIONARY
307,-0.0025,-0.04,-0.06,STATIONARY
309,-0.0025,-0.04,-0.06,STATIONARY
311,-0.0071,-0.05,-0.06,STATIONARY
313,-0.0068,-0.06,-0.06,STATIONARY
315,-0.0012,-0.05,-0.06,STATIONARY
318,0.0024,-0.05,-0.06,STATIONARY
319,0.0079,-0.03,-0.05,STATIONARY
321,0.0077,-0.01,-0.05,STATIONARY
323,0.0030,-0.00,-0.05,STATIONARY
325,0.0014,-0.00,-0.05,STATIONARY
327,0.0043,0.01,-0.04,STATIONARY
329,0.0032,0.01,-0.04,STATIONARY
331,0.0020,0.01,-0.04,STATIONARY
333,-0.0045,0.01,-0.03,STATIONARY
335,-0.0060,-0.01,-0.03,STATIONARY
337,0.0060,0.01,-0.03,STATIONARY
340,0.0086,0.02,-0.03,STATIONARY
342,0.0068,0.03,-0.02,STATIONARY
344,0.0058,0.04,-0.02,STATIONARY
345,-0.0055,0.03,-0.02,STATIONARY
347,0.0019,0.03,-0.01,STATIONARY
350,0.0098,0.04,-0.01,STATIONARY
351,0.0030,0.05,-0.01,STATIONARY
353,-0.0040,0.03,-0.01,STATIONARY
356,0.0005,0.03,-0.00,STATIONARY
357,-0.0008,0.03,-0.00,STATIONARY
360,-0.0008,0.03,0.00,STATIONARY
361,-0.0007,0.02,0.00,STATIONARY
363,-0.0008,0.02,0.00,STATIONARY
365,-0.0057,0.01,0.00,STATIONARY
367,-0.0038,-0.00,0.00,STATIONARY
369,0.0012,0.00,0.00,STATIONARY
371,-0.0102,-0.02,0.00,STATIONARY
373,-0.0225,-0.06,-0.00,STATIONARY
375,-0.0228,-0.09,-0.01,STATIONARY
377,-0.0123,-0.11,-0.01,STATIONARY
379,-0.0053,-0.11,-0.02,STATIONARY
382,-0.0039,-0.11,-0.02,STATIONARY
384,-0.0023,-0.10,-0.03,STATIONARY
386,-0.0106,-0.12,-0.03,STATIONARY
388,-0.0159,-0.14,-0.04,STATIONARY
389,-0.0092,-0.14,-0.05,STATIONARY
392,-0.0029,-0.14,-0.05,STATIONARY
394,-0.0029,-0.13,-0.06,STATIONARY
396,-0.0030,-0.13,-0.06,STATIONARY
398,-0.0089,-0.13,-0.06,STATIONARY
399,-0.0043,-0.13,-0.07,STATIONARY
401,0.0014,-0.12,-0.07,STATIONARY
404,-0.0024,-0.11,-0.07,STATIONARY
405,-0.0119,-0.12,-0.08,STATIONARY
407,-0.0037,-0.12,-0.08,STATIONARY
409,0.0064,-0.10,-0.08,STATIONARY
411,-0.0018,-0.09,-0.08,STATIONARY
413,-0.0118,-0.11,-0.08,STATIONARY
415,-0.0126,-0.12,-0.09,STATIONARY
417,-0.0154,-0.14,-0.09,STATIONARY
419,-0.0057,-0.14,-0.09,STATIONARY
421,0.0032,-0.12,-0.09,STATIONARY
423,-0.0068,-0.13,-0.10,STATIONARY
426,-0.0047,-0.12,-0.10,STATIONARY
427,-0.0065,-0.13,-0.10,STATIONARY
429,-0.0094,-0.13,-0.10,STATIONARY
431,-0.0120,-0.15,-0.10,STATIONARY
433,-0.0125,-0.16,-0.11,STATIONARY
435,-0.0064,-0.16,-0.11,STATIONARY
437,0.0041,-0.14,-0.11,STATIONARY
439,0.0022,-0.12,-0.11,STATIONARY
442,0.0014,-0.11,-0.11,STATIONARY
443,-0.0030,-0.11,-0.11,STATIONARY
446,0.0103,-0.08,-0.11,STATIONARY
447,0.0053,-0.06,-0.11,STATIONARY
449,-0.0023,-0.06,-0.10,STATIONARY
451,-0.0090,-0.07,-0.10,STATIONARY
453,-0.0077,-0.08,-0.10,STATIONARY
455,0.0027,-0.07,-0.10,STATIONARY
458,0.0046,-0.06,-0.10,STATIONARY
459,-0.0020,-0.06,-0.09,STATIONARY
461,-0.0047,-0.06,-0.09,STATIONARY
463,-0.0030,-0.06,-0.09,STATIONARY
465,-0.0018,-0.06,-0.09,STATIONARY
467,-0.0040,-0.06,-0.09,STATIONARY
469,-0.0050,-0.07,-0.09,STATIONARY
471,-0.0031,-0.07,-0.08,STATIONARY
473,-0.0014,-0.06,-0.08,STATIONARY
476,0.0009,-0.06,-0.08,STATIONARY
477,-0.0017,-0.06,-0.08,STATIONARY
479,-0.0075,-0.06,-0.08,STATIONARY
481,-0.0097,-0.08,-0.08,STATIONARY
484,-0.0057,-0.08,-0.08,STATIONARY
485,-0.0050,-0.08,-0.08,STATIONARY
487,-0.0014,-0.08,-0.08,STATIONARY
490,-0.0044,-0.08,-0.08,STATIONARY
492,-0.0027,-0.08,-0.08,STATIONARY
493,0.0050,-0.06,-0.08,STATIONARY
496,0.0078,-0.05,-0.08,STATIONARY
497,0.0026,-0.04,-0.07,STATIONARY
500,-0.0100,-0.05,-0.07,STATIONARY
502,-0.0136,-0.07,-0.07,STATIONARY
503,-0.0041,-0.07,-0.07,STATIONARY
506,-0.0028,-0.07,-0.07,STATIONARY
507,0.0024,-0.06,-0.07,STATIONARY
509,0.0011,-0.06,-0.07,STATIONARY
512,0.0021,-0.05,-0.07,STATIONARY
513,0.0036,-0.04,-0.07,STATIONARY
515,-0.0025,-0.04,-0.07,STATIONARY
518,-0.0049,-0.05,-0.07,STATIONARY
519,-0.0039,-0.05,-0.06,STATIONARY
522,0.0012,-0.04,-0.06,STATIONARY
523,-0.0060,-0.05,-0.06,STATIONARY
526,-0.0112,-0.07,-0.06,STATIONARY
528,-0.0060,-0.07,-0.06,STATIONARY
529,0.0054,-0.06,-0.06,STATIONARY
531,-0.0041,-0.06,-0.06,STATIONARY
534,-0.0066,-0.07,-0.06,STATIONARY
535,-0.0092,-0.08,-0.06,STATIONARY
537,-0.0025,-0.08,-0.06,STATIONARY
539,-0.0006,-0.07,-0.07,STATIONARY
542,0.0039,-0.06,-0.06,STATIONARY
544,0.0084,-0.04,-0.06,STATIONARY
545,0.0019,-0.03,-0.06,STATIONARY
547,-0.0028,-0.03,-0.06,STATIONARY
549,0.0015,-0.03,-0.06,STATIONARY
551,0.0021,-0.02,-0.06,STATIONARY
554,0.0085,-0.01,-0.05,STATIONARY
555,0.0074,0.01,-0.05,STATIONARY
557,0.0026,0.01,-0.05,STATIONARY
560,-0.0007,0.01,-0.04,STATIONARY
561,0.0084,0.02,-0.04,STATIONARY
563,-0.0009,0.02,-0.03,STATIONARY
565,-0.0100,0.00,-0.03,STATIONARY
567,-0.0071,-0.01,-0.03,STATIONARY
569,-0.0022,-0.02,-0.03,STATIONARY
571,-0.0072,-0.03,-0.03,STATIONARY
573,-0.0099,-0.04,-0.03,STATIONARY
575,-0.0039,-0.05,-0.03,STATIONARY
577,-0.0004,-0.04,-0.03,STATIONARY
579,0.0068,-0.03,-0.03,STATIONARY
582,0.0105,-0.01,-0.03,STATIONARY
583,0.0110,0.01,-0.03,STATIONARY
586,0.0126,0.04,-0.02,STATIONARY
587,-0.0031,0.03,-0.02,STATIONARY
589,-0.0074,0.01,-0.02,STATIONARY
591,-0.0059,0.00,-0.02,STATIONARY
593,-0.0094,-0.02,-0.02,STATIONARY
595,-0.0068,-0.03,-0.02,STATIONARY
598,-0.0168,-0.06,-0.02,STATIONARY
599,-0.0086,-0.07,-0.02,STATIONARY
602,-0.0052,-0.07,-0.03,STATIONARY
603,-0.0001,-0.07,-0.03,STATIONARY
605,0.0022,-0.06,-0.03,STATIONARY
607,-0.0099,-0.07,-0.03,STATIONARY
609,-0.0255,-0.11,-0.04,STATIONARY
611,-0.0201,-0.14,-0.04,STATIONARY
614,-0.0088,-0.14,-0.05,STATIONARY
615,-0.0055,-0.14,-0.06,STATIONARY
617,-0.0127,-0.16,-0.06,STATIONARY
619,-0.0117,-0.16,-0.07,STATIONARY
621,-0.0077,-0.17,-0.07,STATIONARY
624,-0.0118,-0.17,-0.08,STATIONARY
625,-0.0050,-0.17,-0.08,STATIONARY
627,0.0053,-0.15,-0.09,STATIONARY
630,0.0060,-0.12,-0.09,STATIONARY
631,-0.0017,-0.12,-0.09,STATIONARY
633,0.0037,-0.10,-0.09,STATIONARY
635,0.0116,-0.07,-0.09,STATIONARY
637,0.0035,-0.06,-0.09,STATIONARY
639,0.0039,-0.05,-0.09,STATIONARY
641,0.0075,-0.03,-0.08,STATIONARY
644,0.0154,0.00,-0.08,STATIONARY
646,0.0110,0.02,-0.07,STATIONARY
647,0.0052,0.03,-0.07,STATIONARY
649,-0.0009,0.03,-0.06,STATIONARY
651,-0.0059,0.01,-0.06,STATIONARY
653,-0.0046,0.00,-0.05,STATIONARY
655,0.0042,0.01,-0.05,STATIONARY
657,-0.0048,0.00,-0.05,STATIONARY
659,-0.0045,-0.01,-0.04,STATIONARY
662,0.0062,0.00,-0.04,STATIONARY
663,0.0056,0.01,-0.04,STATIONARY
665,0.0015,0.02,-0.03,STATIONARY
668,-0.0105,-0.00,-0.03,STATIONARY
669,-0.0076,-0.02,-0.03,STATIONARY
671,-0.0054,-0.03,-0.03,STATIONARY
673,0.0003,-0.02,-0.03,STATIONARY
675,-0.0036,-0.03,-0.03,STATIONARY
677,-0.0060,-0.04,-0.03,STATIONARY
679,-0.0015,-0.04,-0.03,STATIONARY
681,0.0051,-0.02,-0.03,STATIONARY
684,0.0050,-0.01,-0.03,STATIONARY
685,0.0088,0.00,-0.03,STATIONARY
687,0.0031,0.01,-0.03,STATIONARY
689,0.0113,0.03,-0.02,STATIONARY
691,0.0006,0.03,-0.02,STATIONARY
693,-0.0013,0.02,-0.02,STATIONARY
695,-0.0030,0.02,-0.02,STATIONARY
697,0.0023,0.02,-0.01,STATIONARY
700,0.0075,0.03,-0.01,STATIONARY
701,0.0007,0.03,-0.01,STATIONARY
703,0.0066,0.04,-0.01,STATIONARY
705,0.0090,0.05,-0.00,STATIONARY
707,0.0187,0.08,0.00,STATIONARY
709,0.0138,0.10,0.01,STATIONARY
711,0.0053,0.10,0.01,STATIONARY
713,-0.0014,0.09,0.02,STATIONARY
716,-0.0008,0.08,0.02,STATIONARY
717,0.0028,0.08,0.03,STATIONARY
719,0.0104,0.09,0.03,STATIONARY
721,0.0077,0.10,0.03,STATIONARY
723,0.0090,0.11,0.04,STATIONARY
726,0.0027,0.11,0.04,STATIONARY
727,0.0071,0.11,0.05,STATIONARY
729,0.0002,0.10,0.05,STATIONARY
731,-0.0037,0.09,0.05,STATIONARY
733,-0.0086,0.06,0.05,STATIONARY
735,-0.0045,0.05,0.05,STATIONARY
737,-0.0032,0.04,0.05,STATIONARY
739,-0.0048,0.03,0.05,STATIONARY
741,-0.0036,0.02,0.05,STATIONARY
743,-0.0020,0.01,0.05,STATIONARY
745,-0.0018,0.01,0.04,STATIONARY
748,0.0096,0.03,0.04,STATIONARY
749,0.0107,0.04,0.04,STATIONARY
751,0.0072,0.05,0.04,STATIONARY
754,0.0063,0.06,0.05,STATIONARY
755,0.0086,0.07,0.05,STATIONARY
758,0.0046,0.07,0.05,STATIONARY
759,0.0008,0.07,0.05,STATIONARY
761,0.0037,0.07,0.05,STATIONARY
764,-0.0022,0.06,0.05,STATIONARY
765,-0.0032,0.05,0.05,STATIONARY
767,-0.0024,0.04,0.05,STATIONARY
770,-0.0062,0.03,0.05,STATIONARY
771,-0.0016,0.02,0.05,STATIONARY
773,0.0111,0.04,0.05,STATIONARY
775,0.0025,0.04,0.05,STATIONARY
777,-0.0048,0.03,0.05,STATIONARY
779,-0.0048,0.02,0.04,STATIONARY
781,-0.0015,0.01,0.04,STATIONARY
784,-0.0005,0.01,0.04,STATIONARY
786,0.0015,0.01,0.04,STATIONARY
788,0.0031,0.02,0.04,STATIONARY
789,-0.0037,0.01,0.04,STATIONARY
791,-0.0037,0.00,0.03,STATIONARY
794,-0.0021,-0.00,0.03,STATIONARY
795,0.0015,0.00,0.03,STATIONARY
797,0.0033,0.01,0.03,STATIONARY
799,0.0051,0.02,0.03,STATIONARY
802,-0.0002,0.01,0.03,STATIONARY
803,-0.0093,-0.00,0.03,STATIONARY
805,0.0002,-0.00,0.02,STATIONARY
807,-0.0045,-0.01,0.02,STATIONARY
809,0.0045,-0.00,0.02,STATIONARY
811,-0.0027,-0.01,0.02,STATIONARY
813,-0.0095,-0.02,0.02,STATIONARY
815,-0.0043,-0.03,0.01,STATIONARY
817,-0.0078,-0.04,0.01,STATIONARY
819,-0.0004,-0.04,0.01,STATIONARY
821,0.0001,-0.04,0.01,STATIONARY
823,-0.0062,-0.04,0.00,STATIONARY
825,-0.0034,-0.05,-0.00,STATIONARY
827,-0.0004,-0.04,-0.00,STATIONARY
829,-0.0000,-0.04,-0.01,STATIONARY
831,0.0000,-0.04,-0.01,STATIONARY
833,-0.0077,-0.05,-0.01,STATIONARY
835,-0.0113,-0.07,-0.01,STATIONARY
837,0.0039,-0.05,-0.02,STATIONARY
840,0.0042,-0.04,-0.02,STATIONARY
841,0.0044,-0.03,-0.02,STATIONARY
844,0.0111,-0.01,-0.02,STATIONARY
845,0.0125,0.02,-0.02,STATIONARY
847,0.0118,0.04,-0.01,STATIONARY
849,0.0131,0.06,-0.01,STATIONARY
851,0.0083,0.07,-0.00,STATIONARY
853,0.0011,0.07,0.00,STATIONARY
856,-0.0031,0.05,0.00,STATIONARY
857,-0.0014,0.05,0.01,STATIONARY
859,-0.0020,0.04,0.01,STATIONARY
861,-0.0038,0.03,0.01,STATIONARY
863,-0.0006,0.03,0.01,STATIONARY
865,0.0050,0.03,0.01,STATIONARY
867,0.0065,0.04,0.01,STATIONARY
869,0.0043,0.05,0.02,STATIONARY
871,0.0036,0.05,0.02,STATIONARY
873,0.0045,0.05,0.02,STATIONARY
875,0.0007,0.05,0.02,STATIONARY
877,0.0061,0.06,0.02,STATIONARY
879,0.0106,0.07,0.03,STATIONARY
881,0.0128,0.09,0.03,STATIONARY
883,0.0142,0.11,0.04,STATIONARY
885,0.0119,0.12,0.04,STATIONARY
887,0.0098,0.13,0.05,STATIONARY
889,-0.0046,0.11,0.05,STATIONARY
891,-0.0079,0.09,0.05,STATIONARY
893,-0.0052,0.07,0.05,STATIONARY
895,-0.0066,0.05,0.05,STATIONARY
897,-0.0093,0.03,0.05,STATIONARY
899,0.0002,0.03,0.05,STATIONARY
901,0.0113,0.05,0.05,STATIONARY
904,0.0134,0.07,0.05,STATIONARY
905,0.0095,0.08,0.05,STATIONARY
907,0.0122,0.10,0.06,STATIONARY
909,0.0118,0.11,0.06,STATIONARY
911,0.0133,0.13,0.06,STATIONARY
913,0.0072,0.13,0.07,STATIONARY
915,0.0017,0.12,0.07,STATIONARY
917,0.0070,0.13,0.07,STATIONARY
919,0.0017,0.12,0.08,STATIONARY
921,-0.0030,0.10,0.08,STATIONARY
924,0.0015,0.10,0.08,STATIONARY
926,0.0026,0.10,0.08,STATIONARY
927,0.0044,0.10,0.08,STATIONARY
929,0.0004,0.09,0.08,STATIONARY
931,0.0019,0.09,0.08,STATIONARY
933,-0.0062,0.07,0.08,STATIONARY
935,-0.0066,0.05,0.08,STATIONARY
937,-0.0050,0.04,0.08,STATIONARY
939,-0.0039,0.03,0.07,STATIONARY
941,-0.0047,0.02,0.07,STATIONARY
943,-0.0041,0.01,0.07,STATIONARY
945,0.0016,0.01,0.06,STATIONARY
947,0.0118,0.03,0.06,STATIONARY
949,0.0009,0.03,0.06,STATIONARY
951,-0.0082,0.01,0.06,STATIONARY
953,-0.0097,-0.01,0.05,STATIONARY
955,-0.0045,-0.01,0.05,STATIONARY
957,-0.0017,-0.02,0.04,STATIONARY
959,-0.0007,-0.02,0.04,STATIONARY
961,0.0005,-0.01,0.04,STATIONARY
963,0.0019,-0.01,0.04,STATIONARY
965,0.0064,0.00,0.03,STATIONARY
967,-0.0008,0.00,0.03,STATIONARY
969,-0.0033,-0.01,0.03,STATIONARY
971,-0.0022,-0.01,0.03,STATIONARY
973,-0.0060,-0.02,0.02,STATIONARY
975,-0.0031,-0.02,0.02,STATIONARY
977,-0.0012,-0.02,0.02,STATIONARY
979,-0.0106,-0.04,0.02,STATIONARY
981,-0.0071,-0.05,0.01,STATIONARY
984,0.0020,-0.04,0.01,STATIONARY
986,0.0087,-0.02,0.01,STATIONARY
987,0.0142,0.00,0.01,STATIONARY
989,0.0113,0.02,0.01,STATIONARY
991,-0.0000,0.02,0.01,STATIONARY
993,-0.0063,0.01,0.01,STATIONARY
996,-0.0026,0.00,0.01,STATIONARY
997,-0.0037,-0.00,0.01,STATIONARY
1000,-0.0051,-0.01,0.01,STATIONARY
1001,-0.0025,-0.02,0.00,STATIONARY
1003,0.0030,-0.01,0.00,STATIONARY
1005,0.0017,-0.01,0.00,STATIONARY
1007,0.0092,0.01,0.00,STATIONARY
1009,0.0071,0.02,0.00,STATIONARY
1011,0.0010,0.02,0.01,STATIONARY
1013,0.0044,0.03,0.01,STATIONARY
1015,0.0055,0.04,0.01,STATIONARY
1018,0.0056,0.05,0.01,STATIONARY
1019,0.0114,0.06,0.01,STATIONARY
1021,0.0094,0.07,0.02,STATIONARY
1023,0.0088,0.08,0.02,STATIONARY
1025,0.0034,0.08,0.03,STATIONARY
1028,0.0018,0.08,0.03,STATIONARY
1029,0.0041,0.08,0.03,STATIONARY
1031,0.0032,0.08,0.03,STATIONARY
1033,-0.0041,0.07,0.04,STATIONARY
1035,-0.0088,0.05,0.04,STATIONARY
1037,-0.0092,0.03,0.04,STATIONARY
1039,-0.0010,0.02,0.04,STATIONARY
1041,-0.0053,0.01,0.03,STATIONARY
1044,0.0012,0.01,0.03,STATIONARY
1045,0.0132,0.03,0.03,STATIONARY
1047,0.0056,0.04,0.03,STATIONARY
1049,0.0081,0.05,0.03,STATIONARY
1051,0.0076,0.06,0.04,STATIONARY
1054,0.0097,0.08,0.04,STATIONARY
1055,0.0041,0.08,0.04,STATIONARY
1057,0.0004,0.07,0.04,STATIONARY
1059,0.0008,0.07,0.04,STATIONARY
1061,0.0051,0.07,0.05,STATIONARY
1063,0.0040,0.07,0.05,STATIONARY
1065,0.0080,0.08,0.05,STATIONARY
1067,0.0138,0.10,0.05,STATIONARY
1069,0.0076,0.11,0.06,STATIONARY
1071,0.0117,0.12,0.06,STATIONARY
1073,0.0129,0.13,0.06,STATIONARY
1075,0.0004,0.12,0.07,STATIONARY
1077,-0.0024,0.11,0.07,STATIONARY
1079,-0.0092,0.08,0.07,STATIONARY
1082,0.0020,0.08,0.07,STATIONARY
1083,-0.0043,0.07,0.07,STATIONARY
1086,-0.0064,0.05,0.07,STATIONARY
1087,-0.0012,0.04,0.07,STATIONARY
1089,-0.0054,0.03,0.07,STATIONARY
1091,-0.0091,0.01,0.06,STATIONARY
1093,-0.0062,-0.00,0.06,STATIONARY
1095,-0.0151,-0.03,0.05,STATIONARY
1098,-0.0115,-0.05,0.05,STATIONARY
1099,-0.0131,-0.07,0.04,STATIONARY
1102,-0.0074,-0.08,0.03,STATIONARY
1103,0.0036,-0.06,0.03,STATIONARY
1106,0.0031,-0.05,0.02,STATIONARY
1107,0.0058,-0.04,0.02,STATIONARY
1109,0.0024,-0.03,0.02,STATIONARY
1111,0.0005,-0.03,0.01,STATIONARY
1113,0.0030,-0.02,0.01,STATIONARY
1115,0.0024,-0.01,0.01,STATIONARY
1117,0.0043,-0.00,0.01,STATIONARY
1119,0.0023,0.00,0.01,STATIONARY
1121,0.0046,0.01,0.01,STATIONARY
1123,0.0143,0.03,0.01,STATIONARY
1125,0.0134,0.06,0.01,STATIONARY
1127,0.0097,0.07,0.02,STATIONARY
1129,0.0079,0.08,0.02,STATIONARY
1131,0.0006,0.07,0.02,STATIONARY
1133,0.0042,0.08,0.03,STATIONARY
1135,0.0153,0.10,0.03,STATIONARY
1137,0.0099,0.11,0.04,STATIONARY
1139,-0.0007,0.10,0.04,STATIONARY
1141,-0.0021,0.09,0.04,STATIONARY
1143,-0.0113,0.06,0.04,STATIONARY
1145,-0.0067,0.04,0.04,STATIONARY
1147,0.0043,0.05,0.04,STATIONARY
1149,-0.0014,0.04,0.04,STATIONARY
1151,-0.0065,0.02,0.04,STATIONARY
1153,-0.0186,-0.01,0.04,STATIONARY
1155,-0.0216,-0.05,0.03,STATIONARY
1157,-0.0071,-0.06,0.03,STATIONARY
1159,-0.0016,-0.06,0.02,STATIONARY
1162,0.0020,-0.05,0.02,STATIONARY
1163,0.0028,-0.04,0.01,STATIONARY
1165,-0.0022,-0.04,0.01,STATIONARY
1168,-0.0064,-0.05,0.01,STATIONARY
1169,-0.0009,-0.05,0.00,STATIONARY
1171,-0.0061,-0.05,0.00,STATIONARY
1173,-0.0133,-0.07,-0.00,STATIONARY
1175,-0.0117,-0.09,-0.01,STATIONARY
1177,-0.0050,-0.09,-0.01,STATIONARY
1179,-0.0103,-0.10,-0.02,STATIONARY
1181,-0.0067,-0.11,-0.02,STATIONARY
1184,-0.0033,-0.11,-0.03,STATIONARY
1186,-0.0040,-0.10,-0.03,STATIONARY
1188,-0.0075,-0.11,-0.04,STATIONARY
1189,-0.0069,-0.11,-0.04,STATIONARY
1191,-0.0025,-0.11,-0.05,STATIONARY
1194,0.0022,-0.10,-0.05,STATIONARY
1196,-0.0050,-0.10,-0.05,STATIONARY
1197,-0.0062,-0.10,-0.05,STATIONARY
1200,0.0031,-0.09,-0.06,STATIONARY
1201,0.0102,-0.06,-0.06,STATIONARY
1203,0.0039,-0.05,-0.06,STATIONARY
1205,-0.0006,-0.05,-0.06,STATIONARY
1207,-0.0076,-0.06,-0.06,STATIONARY
1209,-0.0160,-0.08,-0.06,STATIONARY
1211,-0.0082,-0.09,-0.06,STATIONARY
1213,-0.0000,-0.08,-0.06,STATIONARY
1216,0.0007,-0.08,-0.06,STATIONARY
1217,-0.0004,-0.07,-0.06,STATIONARY
1219,-0.0122,-0.09,-0.06,STATIONARY
1221,-0.0034,-0.09,-0.07,STATIONARY
1223,-0.0019,-0.08,-0.07,STATIONARY
1226,0.0027,-0.07,-0.07,STATIONARY
1227,-0.0035,-0.07,-0.07,STATIONARY
1229,-0.0026,-0.07,-0.07,STATIONARY
1231,-0.0049,-0.07,-0.07,STATIONARY
1233,-0.0049,-0.08,-0.07,STATIONARY
1235,0.0077,-0.06,-0.07,STATIONARY
1237,0.0049,-0.04,-0.07,STATIONARY
1239,0.0045,-0.03,-0.06,STATIONARY
1241,0.0115,-0.01,-0.06,STATIONARY
1243,0.0056,0.00,-0.06,STATIONARY
1245,-0.0020,-0.00,-0.05,STATIONARY
1247,-0.0092,-0.02,-0.05,STATIONARY
1249,-0.0054,-0.03,-0.05,STATIONARY
1251,-0.0087,-0.04,-0.05,STATIONARY
1254,0.0043,-0.03,-0.05,STATIONARY
1255,0.0047,-0.02,-0.05,STATIONARY
1257,-0.0098,-0.03,-0.05,STATIONARY
1259,-0.0209,-0.07,-0.05,STATIONARY
1261,-0.0087,-0.08,-0.05,STATIONARY
1264,-0.0023,-0.08,-0.05,STATIONARY
1265,0.0062,-0.06,-0.05,STATIONARY
1267,0.0053,-0.05,-0.05,STATIONARY
1270,0.0027,-0.04,-0.05,STATIONARY
1271,0.0030,-0.03,-0.05,STATIONARY
1273,0.0032,-0.02,-0.05,STATIONARY
1275,-0.0086,-0.04,-0.05,STATIONARY
1277,-0.0064,-0.04,-0.05,STATIONARY
1279,-0.0062,-0.05,-0.05,STATIONARY
1281,0.0030,-0.04,-0.05,STATIONARY
1283,0.0031,-0.03,-0.05,STATIONARY
1286,0.0007,-0.03,-0.04,STATIONARY
1288,0.0019,-0.02,-0.04,STATIONARY
1289,0.0001,-0.02,-0.04,STATIONARY
1291,-0.0007,-0.02,-0.04,STATIONARY
1293,0.0010,-0.02,-0.04,STATIONARY
1295,0.0011,-0.01,-0.04,STATIONARY
1297,0.0004,-0.01,-0.04,STATIONARY
1299,0.0049,-0.00,-0.03,STATIONARY
1302,0.0093,0.02,-0.03,STATIONARY
1303,0.0130,0.04,-0.03,STATIONARY
1305,0.0113,0.06,-0.02,STATIONARY
1307,0.0069,0.06,-0.02,STATIONARY
1309,0.0051,0.07,-0.01,STATIONARY
1311,0.0109,0.08,-0.01,STATIONARY
1313,0.0074,0.09,-0.00,STATIONARY
1315,0.0115,0.10,0.01,STATIONARY
1318,0.0051,0.10,0.01,STATIONARY
1319,0.0004,0.10,0.02,STATIONARY
1321,0.0088,0.11,0.02,STATIONARY
1323,0.0087,0.11,0.03,STATIONARY
1325,0.0077,0.12,0.03,STATIONARY
1327,0.0010,0.11,0.04,STATIONARY
1329,-0.0035,0.10,0.04,STATIONARY
1331,-0.0064,0.08,0.04,STATIONARY
1333,-0.0114,0.05,0.04,STATIONARY
1335,-0.0043,0.04,0.04,STATIONARY
1337,-0.0025,0.03,0.04,STATIONARY
1340,0.0022,0.03,0.04,STATIONARY
1341,0.0035,0.04,0.04,STATIONARY
1344,0.0044,0.04,0.04,STATIONARY
1345,0.0018,0.04,0.04,STATIONARY
1347,-0.0026,0.03,0.04,STATIONARY
1349,0.0095,0.05,0.04,STATIONARY
1351,0.0066,0.06,0.04,STATIONARY
1353,-0.0102,0.03,0.04,STATIONARY
1356,-0.0100,0.01,0.04,STATIONARY
1357,-0.0082,-0.00,0.04,STATIONARY
1360,-0.0035,-0.01,0.03,STATIONARY
1361,-0.0004,-0.01,0.03,STATIONARY
1363,0.0037,-0.00,0.03,STATIONARY
1366,0.0103,0.02,0.03,STATIONARY
1367,-0.0086,-0.00,0.03,STATIONARY
1369,-0.0120,-0.02,0.02,STATIONARY
1371,-0.0083,-0.04,0.02,STATIONARY
1373,0.0064,-0.02,0.02,STATIONARY
1375,0.0059,-0.01,0.02,STATIONARY
1377,0.0060,0.00,0.02,STATIONARY
1379,-0.0016,-0.00,0.01,STATIONARY
1381,-0.0041,-0.01,0.01,STATIONARY
1383,-0.0076,-0.02,0.01,STATIONARY
1386,-0.0002,-0.02,0.01,STATIONARY
1388,0.0102,0.00,0.01,STATIONARY
1389,0.0150,0.03,0.01,STATIONARY
1391,0.0101,0.04,0.01,STATIONARY
1393,0.0011,0.04,0.01,STATIONARY
1395,-0.0001,0.04,0.02,STATIONARY
1398,0.0047,0.04,0.02,STATIONARY
1399,-0.0028,0.04,0.02,STATIONARY
1401,-0.0037,0.03,0.02,STATIONARY
1404,-0.0065,0.01,0.02,STATIONARY
1405,-0.0093,-0.01,0.02,STATIONARY
1407,-0.0043,-0.01,0.02,STATIONARY
1409,0.0100,0.01,0.01,STATIONARY
1411,0.0105,0.02,0.02,STATIONARY
1414,0.0092,0.04,0.02,STATIONARY
1415,0.0108,0.06,0.02,STATIONARY
1417,-0.0030,0.05,0.02,STATIONARY
1419,-0.0116,0.02,0.02,STATIONARY
1421,-0.0104,0.00,0.02,STATIONARY
1423,-0.0006,-0.00,0.02,STATIONARY
1426,-0.0067,-0.01,0.02,STATIONARY
1427,-0.0086,-0.03,0.01,STATIONARY
1429,-0.0119,-0.05,0.01,STATIONARY
1431,-0.0047,-0.05,0.01,STATIONARY
1433,0.0033,-0.04,0.00,STATIONARY
1435,-0.0027,-0.04,0.00,STATIONARY
1437,-0.0033,-0.05,-0.00,STATIONARY
1439,-0.0081,-0.06,-0.01,STATIONARY
1442,-0.0100,-0.07,-0.01,STATIONARY
1443,-0.0021,-0.07,-0.01,STATIONARY
1445,-0.0076,-0.08,-0.02,STATIONARY
1447,-0.0008,-0.07,-0.02,STATIONARY
1449,0.0104,-0.05,-0.02,STATIONARY
1451,0.0056,-0.03,-0.02,STATIONARY
1453,0.0087,-0.02,-0.02,STATIONARY
1455,-0.0017,-0.02,-0.02,STATIONARY
1458,-0.0057,-0.03,-0.02,STATIONARY
1459,-0.0105,-0.04,-0.02,STATIONARY
1461,-0.0148,-0.07,-0.03,STATIONARY
1464,-0.0148,-0.09,-0.03,STATIONARY
1465,-0.0083,-0.10,-0.03,STATIONARY
1467,0.0011,-0.09,-0.04,STATIONARY
1469,-0.0026,-0.09,-0.04,STATIONARY
1471,-0.0024,-0.08,-0.04,STATIONARY
1473,-0.0019,-0.08,-0.04,STATIONARY
1475,-0.0064,-0.09,-0.05,STATIONARY
1477,0.0032,-0.07,-0.05,STATIONARY
1479,0.0027,-0.06,-0.05,STATIONARY
1481,0.0094,-0.04,-0.05,STATIONARY
1484,0.0105,-0.02,-0.05,STATIONARY
1485,0.0057,-0.01,-0.04,STATIONARY
1487,0.0090,0.01,-0.04,STATIONARY
1489,0.0105,0.03,-0.04,STATIONARY
1491,0.0063,0.04,-0.03,STATIONARY
1493,0.0025,0.04,-0.03,STATIONARY
1495,-0.0049,0.03,-0.02,STATIONARY
1497,0.0003,0.03,-0.02,STATIONARY
1500,-0.0108,0.00,-0.02,STATIONARY
1501,-0.0025,-0.00,-0.02,STATIONARY
1503,-0.0069,-0.01,-0.02,STATIONARY
1505,-0.0173,-0.04,-0.02,STATIONARY
1507,-0.0143,-0.07,-0.02,STATIONARY
1509,-0.0053,-0.07,-0.03,STATIONARY
1512,0.0037,-0.06,-0.03,STATIONARY
1513,0.0076,-0.04,-0.03,STATIONARY
1515,0.0073,-0.02,-0.03,STATIONARY
1518,0.0098,-0.00,-0.03,STATIONARY
1519,-0.0060,-0.01,-0.03,STATIONARY
1521,-0.0052,-0.02,-0.03,STATIONARY
1523,-0.0098,-0.04,-0.03,STATIONARY
1525,-0.0052,-0.05,-0.03,STATIONARY
1528,-0.0075,-0.06,-0.03,STATIONARY
1529,-0.0039,-0.06,-0.03,STATIONARY
1531,0.0023,-0.05,-0.03,STATIONARY
1533,-0.0008,-0.05,-0.03,STATIONARY
1535,-0.0052,-0.05,-0.03,STATIONARY
1537,0.0073,-0.03,-0.03,STATIONARY
1539,0.0072,-0.02,-0.03,STATIONARY
1541,0.0128,0.01,-0.03,STATIONARY
1544,0.0012,0.01,-0.03,STATIONARY
1545,-0.0024,0.00,-0.03,STATIONARY
1547,-0.0104,-0.02,-0.03,STATIONARY
1549,-0.0133,-0.04,-0.03,STATIONARY
1551,-0.0138,-0.06,-0.03,STATIONARY
1554,-0.0112,-0.08,-0.03,STATIONARY
1555,-0.0138,-0.10,-0.04,STATIONARY
1557,-0.0141,-0.12,-0.04,STATIONARY
1560,-0.0133,-0.13,-0.05,STATIONARY
1561,-0.0019,-0.12,-0.05,STATIONARY
1563,0.0035,-0.11,-0.05,STATIONARY
1565,-0.0004,-0.10,-0.06,STATIONARY
1567,0.0031,-0.09,-0.06,STATIONARY
1569,0.0013,-0.08,-0.06,STATIONARY
1571,-0.0057,-0.08,-0.06,STATIONARY
1573,-0.0067,-0.09,-0.06,STATIONARY
1575,-0.0049,-0.09,-0.06,STATIONARY
1577,-0.0074,-0.10,-0.07,STATIONARY
1579,-0.0021,-0.09,-0.07,STATIONARY
1581,-0.0074,-0.10,-0.07,STATIONARY
1583,-0.0009,-0.09,-0.07,STATIONARY
1586,0.0002,-0.08,-0.07,STATIONARY
1587,0.0014,-0.07,-0.07,STATIONARY
1590,0.0075,-0.05,-0.07,STATIONARY
1591,0.0112,-0.03,-0.07,STATIONARY
1593,-0.0124,-0.05,-0.07,STATIONARY
1595,-0.0122,-0.07,-0.07,STATIONARY
1598,-0.0032,-0.07,-0.07,STATIONARY
1599,0.0032,-0.06,-0.07,STATIONARY
1602,-0.0005,-0.05,-0.07,STATIONARY
1603,-0.0032,-0.06,-0.07,STATIONARY
1605,-0.0048,-0.06,-0.06,STATIONARY
1607,-0.0089,-0.07,-0.07,STATIONARY
1609,-0.0060,-0.08,-0.07,STATIONARY
1611,0.0014,-0.07,-0.07,STATIONARY
1614,0.0079,-0.05,-0.06,STATIONARY
1615,0.0086,-0.03,-0.06,STATIONARY
1617,-0.0032,-0.03,-0.06,STATIONARY
1619,-0.0031,-0.04,-0.06,STATIONARY
1621,-0.0007,-0.03,-0.06,STATIONARY
1624,0.0003,-0.03,-0.06,STATIONARY
1625,-0.0009,-0.03,-0.05,STATIONARY
1627,-0.0070,-0.04,-0.05,STATIONARY
1629,-0.0022,-0.04,-0.05,STATIONARY
1631,0.0036,-0.03,-0.05,STATIONARY
1633,0.0089,-0.01,-0.05,STATIONARY
1635,0.0081,0.00,-0.05,STATIONARY
1637,0.0074,0.02,-0.04,STATIONARY
1639,0.0016,0.02,-0.04,STATIONARY
1641,0.0019,0.02,-0.04,STATIONARY
1643,0.0032,0.02,-0.03,STATIONARY
1646,-0.0040,0.02,-0.03,STATIONARY
1647,-0.0072,0.00,-0.03,STATIONARY
1649,0.0018,0.00,-0.03,STATIONARY
1651,0.0011,0.01,-0.02,STATIONARY
1653,0.0022,0.01,-0.02,STATIONARY
1655,-0.0019,0.01,-0.02,STATIONARY
1657,-0.0019,0.00,-0.02,STATIONARY
1659,-0.0043,-0.01,-0.02,STATIONARY
1661,-0.0040,-0.01,-0.02,STATIONARY
1663,-0.0084,-0.03,-0.02,STATIONARY
1665,-0.0089,-0.04,-0.02,STATIONARY
1668,-0.0121,-0.06,-0.02,STATIONARY
1669,-0.0077,-0.07,-0.03,STATIONARY
1671,-0.0044,-0.07,-0.03,STATIONARY
1673,-0.0137,-0.09,-0.03,STATIONARY
1675,-0.0112,-0.11,-0.04,STATIONARY
1677,-0.0129,-0.12,-0.04,STATIONARY
1679,0.0020,-0.11,-0.04,STATIONARY
1681,0.0017,-0.10,-0.05,STATIONARY
1684,-0.0002,-0.09,-0.05,STATIONARY
1685,-0.0002,-0.08,-0.05,STATIONARY
1687,-0.0030,-0.08,-0.05,STATIONARY
1689,-0.0033,-0.08,-0.06,STATIONARY
1691,-0.0111,-0.09,-0.06,STATIONARY
1693,-0.0007,-0.09,-0.06,STATIONARY
1695,-0.0032,-0.09,-0.06,STATIONARY
1697,-0.0092,-0.10,-0.06,STATIONARY
1700,-0.0019,-0.09,-0.06,STATIONARY
1701,0.0047,-0.08,-0.07,STATIONARY
1703,0.0018,-0.07,-0.07,STATIONARY
1705,-0.0043,-0.07,-0.07,STATIONARY
1707,0.0072,-0.05,-0.07,STATIONARY
1709,0.0094,-0.03,-0.06,STATIONARY
1711,0.0107,-0.01,-0.06,STATIONARY
1713,0.0095,0.01,-0.06,STATIONARY
1715,0.0132,0.03,-0.05,STATIONARY
1717,0.0114,0.05,-0.04,STATIONARY
1719,0.0019,0.05,-0.04,STATIONARY
1721,0.0090,0.06,-0.03,STATIONARY
1723,0.0078,0.07,-0.03,STATIONARY
1726,0.0076,0.08,-0.02,STATIONARY
1727,0.0077,0.09,-0.01,STATIONARY
1729,0.0010,0.08,-0.01,STATIONARY
1731,-0.0038,0.07,-0.00,STATIONARY
1733,-0.0007,0.06,0.00,STATIONARY
1735,-0.0050,0.05,0.00,STATIONARY
1737,-0.0048,0.04,0.01,STATIONARY
1739,-0.0023,0.03,0.01,STATIONARY
1741,-0.0068,0.01,0.01,STATIONARY
1743,-0.0069,0.00,0.01,STATIONARY
1745,-0.0182,-0.03,0.00,STATIONARY
1747,-0.0173,-0.06,0.00,STATIONARY
1749,-0.0111,-0.08,-0.00,STATIONARY
1751,-0.0096,-0.09,-0.01,STATIONARY
1754,-0.0102,-0.10,-0.01,STATIONARY
1755,-0.0095,-0.11,-0.02,STATIONARY
1757,-0.0017,-0.10,-0.03,STATIONARY
1759,-0.0085,-0.11,-0.03,STATIONARY
1761,-0.0062,-0.11,-0.04,STATIONARY
1764,-0.0097,-0.12,-0.04,STATIONARY
1765,-0.0169,-0.14,-0.05,STATIONARY
1767,-0.0089,-0.15,-0.05,STATIONARY
1770,-0.0054,-0.15,-0.06,STATIONARY
1771,-0.0052,-0.14,-0.06,STATIONARY
1773,-0.0025,-0.14,-0.07,STATIONARY
1775,-0.0016,-0.13,-0.07,STATIONARY
1777,-0.0004,-0.12,-0.07,STATIONARY
1779,-0.0048,-0.12,-0.08,STATIONARY
1781,-0.0129,-0.13,-0.08,STATIONARY
1784,-0.0130,-0.15,-0.08,STATIONARY
1786,-0.0150,-0.16,-0.09,STATIONARY
1787,-0.0100,-0.17,-0.09,STATIONARY
1789,-0.0060,-0.17,-0.10,STATIONARY
1791,0.0048,-0.14,-0.10,STATIONARY
1793,-0.0019,-0.14,-0.10,STATIONARY
1796,-0.0071,-0.14,-0.10,STATIONARY
1797,-0.0088,-0.14,-0.11,STATIONARY
1799,-0.0075,-0.15,-0.11,STATIONARY
1802,-0.0064,-0.15,-0.11,STATIONARY
1803,-0.0073,-0.15,-0.11,STATIONARY
1805,-0.0041,-0.14,-0.12,STATIONARY
1807,-0.0090,-0.15,-0.12,STATIONARY
1809,-0.0144,-0.16,-0.12,STATIONARY
1811,-0.0014,-0.15,-0.12,STATIONARY
1813,0.0049,-0.13,-0.12,STATIONARY
1815,0.0006,-0.12,-0.12,STATIONARY
1817,-0.0015,-0.11,-0.12,STATIONARY
1819,-0.0021,-0.11,-0.12,STATIONARY
1821,-0.0043,-0.11,-0.12,STATIONARY
1823,-0.0078,-0.11,-0.12,STATIONARY
1825,-0.0004,-0.10,-0.12,STATIONARY
1827,0.0054,-0.09,-0.12,STATIONARY
1829,0.0042,-0.07,-0.11,STATIONARY
1831,0.0005,-0.06,-0.11,STATIONARY
1833,0.0069,-0.05,-0.11,STATIONARY
1835,-0.0040,-0.05,-0.10,STATIONARY
1837,-0.0088,-0.06,-0.10,STATIONARY
1840,-0.0055,-0.07,-0.10,STATIONARY
1841,-0.0043,-0.07,-0.10,STATIONARY
1844,-0.0083,-0.08,-0.10,STATIONARY
1845,0.0029,-0.07,-0.09,STATIONARY
1847,0.0042,-0.05,-0.09,STATIONARY
1849,-0.0112,-0.07,-0.09,STATIONARY
1851,-0.0129,-0.09,-0.09,STATIONARY
1853,0.0031,-0.08,-0.09,STATIONARY
1856,0.0051,-0.06,-0.09,STATIONARY
1857,0.0112,-0.04,-0.09,STATIONARY
1859,0.0055,-0.02,-0.08,STATIONARY
1861,0.0010,-0.02,-0.08,STATIONARY
1863,0.0134,0.01,-0.07,STATIONARY
1865,-0.0009,0.01,-0.07,STATIONARY
1867,-0.0037,-0.00,-0.06,STATIONARY
1869,-0.0049,-0.01,-0.06,STATIONARY
1872,-0.0071,-0.02,-0.06,STATIONARY
1873,-0.0132,-0.05,-0.06,STATIONARY
1875,-0.0098,-0.06,-0.06,STATIONARY
1877,-0.0102,-0.07,-0.06,STATIONARY
1879,-0.0109,-0.09,-0.06,STATIONARY
1881,-0.0139,-0.11,-0.06,STATIONARY
1883,-0.0103,-0.12,-0.07,STATIONARY
1885,0.0084,-0.09,-0.07,STATIONARY
1887,0.0015,-0.08,-0.07,STATIONARY
1889,-0.0048,-0.08,-0.07,STATIONARY
1891,0.0010,-0.08,-0.07,STATIONARY
1893,-0.0010,-0.07,-0.07,STATIONARY
1895,-0.0110,-0.09,-0.07,STATIONARY
1897,-0.0110,-0.10,-0.07,STATIONARY
1899,-0.0106,-0.11,-0.08,STATIONARY
1901,-0.0035,-0.11,-0.08,STATIONARY
1904,-0.0074,-0.11,-0.08,STATIONARY
1905,-0.0123,-0.13,-0.08,STATIONARY
1907,-0.0098,-0.13,-0.09,STATIONARY
1909,-0.0185,-0.16,-0.09,STATIONARY
1911,-0.0119,-0.17,-0.09,STATIONARY
1913,-0.0056,-0.16,-0.10,STATIONARY
1915,-0.0021,-0.16,-0.10,STATIONARY
1917,-0.0038,-0.15,-0.10,STATIONARY
1920,-0.0086,-0.15,-0.11,STATIONARY
1921,-0.0074,-0.15,-0.11,STATIONARY
1923,-0.0065,-0.15,-0.11,STATIONARY
1926,-0.0052,-0.15,-0.12,STATIONARY
1927,-0.0125,-0.16,-0.12,STATIONARY
1929,-0.0177,-0.18,-0.12,STATIONARY
1931,-0.0322,-0.23,-0.13,STATIONARY
1933,-0.0291,-0.26,-0.14,STATIONARY
1935,-0.0231,-0.28,-0.14,STATIONARY
1937,-0.0175,-0.29,-0.15,STATIONARY
1939,-0.0124,-0.29,-0.16,STATIONARY
1942,-0.0146,-0.30,-0.17,STATIONARY
1943,-0.0167,-0.30,-0.18,STATIONARY
1946,-0.0165,-0.31,-0.19,STATIONARY
1947,-0.0238,-0.33,-0.19,STATIONARY
1949,-0.0272,-0.35,-0.20,STATIONARY
1951,-0.0169,-0.35,-0.21,STATIONARY
1953,-0.0127,-0.35,-0.22,STATIONARY
1955,-0.0064,-0.33,-0.23,STATIONARY
1958,-0.0108,-0.33,-0.23,STATIONARY
1959,-0.0115,-0.32,-0.24,STATIONARY
1961,-0.0073,-0.31,-0.24,STATIONARY
1963,-0.0086,-0.30,-0.25,STATIONARY
1965,-0.0089,-0.29,-0.25,STATIONARY
1967,-0.0134,-0.29,-0.25,STATIONARY
1969,-0.0072,-0.28,-0.25,STATIONARY
1971,-0.0047,-0.27,-0.25,STATIONARY
1973,-0.0116,-0.27,-0.25,STATIONARY
1975,-0.0148,-0.28,-0.26,STATIONARY
1977,-0.0170,-0.28,-0.26,STATIONARY
1979,-0.0116,-0.28,-0.26,STATIONARY
1981,-0.0103,-0.28,-0.26,STATIONARY
1983,-0.0170,-0.29,-0.26,STATIONARY
1985,-0.0095,-0.28,-0.26,STATIONARY
1987,-0.0175,-0.29,-0.26,STATIONARY
1989,-0.0242,-0.31,-0.27,STATIONARY
1991,-0.0164,-0.32,-0.27,STATIONARY
1993,-0.0102,-0.31,-0.27,STATIONARY
1995,-0.0109,-0.31,-0.28,STATIONARY
1997,-0.0187,-0.32,-0.28,STATIONARY
2000,-0.0064,-0.30,-0.28,STATIONARY
2001,-0.0041,-0.29,-0.28,STATIONARY
2003,-0.0053,-0.27,-0.28,STATIONARY
2006,-0.0077,-0.27,-0.28,STATIONARY
2007,-0.0069,-0.26,-0.28,STATIONARY
2009,-0.0120,-0.26,-0.28,STATIONARY
2012,-0.0186,-0.27,-0.28,STATIONARY
2013,-0.0127,-0.27,-0.28,STATIONARY
2015,-0.0186,-0.29,-0.28,STATIONARY
2018,-0.0224,-0.30,-0.28,STATIONARY
2019,-0.0155,-0.31,-0.28,STATIONARY
2021,-0.0092,-0.30,-0.28,STATIONARY
2023,-0.0180,-0.31,-0.28,STATIONARY
2025,-0.0086,-0.30,-0.28,STATIONARY
2028,-0.0065,-0.29,-0.28,STATIONARY
2029,-0.0082,-0.28,-0.28,STATIONARY
2031,-0.0144,-0.28,-0.28,STATIONARY
2033,-0.0192,-0.30,-0.28,STATIONARY
2035,-0.0235,-0.32,-0.29,STATIONARY
2037,-0.0251,-0.34,-0.29,STATIONARY
2039,-0.0270,-0.36,-0.29,STATIONARY
2041,-0.0207,-0.37,-0.30,STATIONARY
2044,-0.0133,-0.36,-0.30,STATIONARY
2045,-0.0150,-0.36,-0.31,STATIONARY
2047,-0.0104,-0.35,-0.31,STATIONARY
2049,-0.0145,-0.35,-0.31,STATIONARY
2051,-0.0231,-0.37,-0.31,STATIONARY
2054,-0.0167,-0.37,-0.32,STATIONARY
2055,-0.0066,-0.35,-0.32,STATIONARY
2057,-0.0219,-0.36,-0.32,STATIONARY
2060,-0.0242,-0.38,-0.33,STATIONARY
2061,-0.0232,-0.39,-0.33,STATIONARY
2064,-0.0197,-0.40,-0.33,STATIONARY
2065,-0.0192,-0.40,-0.34,STATIONARY
2067,-0.0156,-0.40,-0.34,STATIONARY
2070,-0.0125,-0.39,-0.34,STATIONARY
2071,-0.0159,-0.39,-0.35,STATIONARY
2073,-0.0026,-0.36,-0.35,STATIONARY
2075,-0.0082,-0.35,-0.35,STATIONARY
2077,-0.0099,-0.34,-0.35,STATIONARY
2079,-0.0086,-0.33,-0.34,STATIONARY
2081,-0.0089,-0.32,-0.34,STATIONARY
2083,-0.0069,-0.30,-0.34,STATIONARY
2086,-0.0060,-0.29,-0.34,STATIONARY
2088,-0.0111,-0.29,-0.33,STATIONARY
2089,-0.0048,-0.27,-0.33,STATIONARY
2092,-0.0083,-0.27,-0.33,STATIONARY
2093,-0.0117,-0.27,-0.32,STATIONARY
2095,-0.0130,-0.27,-0.32,STATIONARY
2097,-0.0138,-0.27,-0.32,STATIONARY
2099,-0.0126,-0.27,-0.32,STATIONARY
2102,-0.0155,-0.28,-0.31,STATIONARY
2103,-0.0151,-0.29,-0.31,STATIONARY
2105,-0.0202,-0.30,-0.31,STATIONARY
2107,-0.0123,-0.30,-0.31,STATIONARY
2109,-0.0140,-0.30,-0.31,STATIONARY
2111,-0.0173,-0.31,-0.31,STATIONARY
2114,-0.0189,-0.32,-0.31,STATIONARY
2115,-0.0159,-0.32,-0.31,STATIONARY
2117,-0.0254,-0.34,-0.31,STATIONARY
2119,-0.0187,-0.35,-0.32,STATIONARY
2121,-0.0143,-0.35,-0.32,STATIONARY
2123,-0.0213,-0.36,-0.32,STATIONARY
2125,-0.0190,-0.37,-0.32,STATIONARY
2127,-0.0215,-0.38,-0.33,STATIONARY
2129,-0.0243,-0.39,-0.33,STATIONARY
2131,-0.0184,-0.39,-0.33,STATIONARY
2133,-0.0206,-0.40,-0.34,STATIONARY
2135,-0.0199,-0.40,-0.34,STATIONARY
2137,-0.0222,-0.41,-0.35,STATIONARY
2139,-0.0136,-0.40,-0.35,STATIONARY
2141,-0.0055,-0.38,-0.35,STATIONARY
2143,-0.0041,-0.36,-0.35,STATIONARY
2145,0.0002,-0.33,-0.35,STATIONARY
2147,-0.0013,-0.31,-0.35,STATIONARY
2149,-0.0082,-0.30,-0.34,STATIONARY
2151,-0.0169,-0.30,-0.34,STATIONARY
2153,-0.0091,-0.30,-0.34,STATIONARY
2155,-0.0082,-0.29,-0.34,STATIONARY
2157,-0.0077,-0.28,-0.33,STATIONARY
2159,-0.0093,-0.27,-0.33,STATIONARY
2162,-0.0113,-0.27,-0.33,STATIONARY
2163,-0.0148,-0.28,-0.32,STATIONARY
2165,-0.0078,-0.27,-0.32,STATIONARY
2167,-0.0079,-0.26,-0.32,STATIONARY
2169,-0.0140,-0.27,-0.31,STATIONARY
2172,-0.0103,-0.27,-0.31,STATIONARY
2173,-0.0006,-0.25,-0.31,STATIONARY
2175,-0.0075,-0.24,-0.30,STATIONARY
2177,-0.0136,-0.25,-0.30,STATIONARY
2179,-0.0132,-0.25,-0.30,STATIONARY
2181,-0.0108,-0.25,-0.29,STATIONARY
2184,-0.0099,-0.25,-0.29,STATIONARY
2185,-0.0061,-0.24,-0.29,STATIONARY
2188,-0.0083,-0.24,-0.29,STATIONARY
2189,-0.0152,-0.24,-0.28,STATIONARY
2192,-0.0117,-0.25,-0.28,STATIONARY
2194,0.0007,-0.23,-0.28,STATIONARY
2195,-0.0053,-0.22,-0.27,STATIONARY
2197,-0.0063,-0.21,-0.27,STATIONARY
2200,-0.0085,-0.21,-0.27,STATIONARY
2201,-0.0125,-0.22,-0.26,STATIONARY
2203,-0.0107,-0.22,-0.26,STATIONARY
2205,-0.0159,-0.23,-0.26,STATIONARY
2207,-0.0209,-0.25,-0.26,STATIONARY
2209,-0.0204,-0.27,-0.26,STATIONARY
2211,-0.0179,-0.28,-0.26,STATIONARY
2213,-0.0204,-0.29,-0.26,STATIONARY
2216,-0.0253,-0.32,-0.27,STATIONARY
2217,-0.0259,-0.34,-0.27,STATIONARY
2219,-0.0107,-0.33,-0.27,STATIONARY
2221,-0.0088,-0.32,-0.28,STATIONARY
2223,-0.0111,-0.32,-0.28,STATIONARY
2226,-0.0153,-0.32,-0.28,STATIONARY
2227,-0.0145,-0.32,-0.28,STATIONARY
2229,-0.0107,-0.31,-0.29,STATIONARY
2231,-0.0192,-0.32,-0.29,STATIONARY
2233,-0.0214,-0.34,-0.29,STATIONARY
2235,-0.0179,-0.34,-0.29,STATIONARY
2237,-0.0235,-0.36,-0.30,STATIONARY
2239,-0.0268,-0.38,-0.30,STATIONARY
2242,-0.0247,-0.40,-0.31,STATIONARY
2243,-0.0253,-0.41,-0.31,STATIONARY
2245,-0.0226,-0.42,-0.32,STATIONARY
2248,-0.0173,-0.42,-0.33,STATIONARY
2249,-0.0111,-0.40,-0.33,STATIONARY
2251,-0.0103,-0.39,-0.33,STATIONARY
2254,-0.0177,-0.39,-0.34,STATIONARY
2255,-0.0276,-0.41,-0.34,STATIONARY
2257,-0.0231,-0.42,-0.35,STATIONARY
2259,-0.0172,-0.42,-0.35,STATIONARY
2261,-0.0222,-0.43,-0.36,STATIONARY
2264,-0.0268,-0.44,-0.36,STATIONARY
2265,-0.0165,-0.44,-0.37,STATIONARY
2267,-0.0114,-0.42,-0.37,STATIONARY
2270,-0.0152,-0.42,-0.37,STATIONARY
2271,-0.0145,-0.41,-0.37,STATIONARY
2273,-0.0179,-0.41,-0.38,STATIONARY
2275,-0.0230,-0.42,-0.38,STATIONARY
2277,-0.0230,-0.43,-0.38,STATIONARY
2279,-0.0202,-0.43,-0.38,STATIONARY
2281,-0.0163,-0.43,-0.39,STATIONARY
2283,-0.0136,-0.42,-0.39,STATIONARY
2286,-0.0142,-0.41,-0.39,STATIONARY
2287,-0.0241,-0.42,-0.39,STATIONARY
2289,-0.0254,-0.43,-0.39,STATIONARY
2291,-0.0196,-0.44,-0.40,STATIONARY
2293,-0.0211,-0.44,-0.40,STATIONARY
2295,-0.0190,-0.44,-0.40,STATIONARY
2297,-0.0122,-0.43,-0.40,STATIONARY
2299,-0.0151,-0.42,-0.40,STATIONARY
2302,-0.0201,-0.42,-0.41,STATIONARY
2303,-0.0175,-0.42,-0.41,STATIONARY
2305,-0.0116,-0.41,-0.41,STATIONARY
2307,-0.0127,-0.40,-0.41,STATIONARY
2309,-0.0125,-0.39,-0.41,STATIONARY
2311,-0.0185,-0.39,-0.40,STATIONARY
2313,-0.0186,-0.40,-0.40,STATIONARY
2315,-0.0181,-0.40,-0.40,STATIONARY
2317,-0.0091,-0.38,-0.40,STATIONARY
2319,-0.0134,-0.38,-0.40,STATIONARY
2321,-0.0049,-0.36,-0.40,STATIONARY
2323,-0.0083,-0.34,-0.40,STATIONARY
2325,-0.0107,-0.34,-0.39,STATIONARY
2327,-0.0037,-0.32,-0.39,STATIONARY
2329,-0.0079,-0.30,-0.38,STATIONARY
2331,-0.0184,-0.31,-0.38,STATIONARY
2333,-0.0205,-0.33,-0.38,STATIONARY
2335,-0.0191,-0.34,-0.37,STATIONARY
2337,-0.0218,-0.35,-0.37,STATIONARY
2339,-0.0244,-0.37,-0.37,STATIONARY
2341,-0.0218,-0.38,-0.37,STATIONARY
2343,-0.0193,-0.38,-0.37,STATIONARY
2345,-0.0165,-0.38,-0.37,STATIONARY
2347,-0.0236,-0.39,-0.37,STATIONARY
2350,-0.0247,-0.41,-0.38,STATIONARY
2351,-0.0252,-0.42,-0.38,STATIONARY
2354,-0.0262,-0.44,-0.38,STATIONARY
2356,-0.0303,-0.46,-0.39,STATIONARY
2357,-0.0368,-0.49,-0.39,STATIONARY
2359,-0.0360,-0.52,-0.40,STATIONARY
2361,-0.0300,-0.53,-0.41,STATIONARY
2363,-0.0247,-0.53,-0.41,STATIONARY
2366,-0.0234,-0.53,-0.42,STATIONARY
2367,-0.0256,-0.54,-0.43,STATIONARY
2369,-0.0310,-0.55,-0.44,STATIONARY
2371,-0.0323,-0.57,-0.44,STATIONARY
2373,-0.0317,-0.58,-0.45,STATIONARY
2376,-0.0262,-0.58,-0.46,STATIONARY
2377,-0.0188,-0.57,-0.47,STATIONARY
2379,-0.0059,-0.53,-0.47,STATIONARY
2381,-0.0079,-0.51,-0.47,STATIONARY
2383,-0.0142,-0.49,-0.47,STATIONARY
2385,-0.0177,-0.49,-0.47,STATIONARY
2387,-0.0161,-0.48,-0.47,STATIONARY
2389,-0.0148,-0.47,-0.47,STATIONARY
2391,-0.0099,-0.45,-0.47,STATIONARY
2393,-0.0070,-0.42,-0.47,STATIONARY
2395,-0.0112,-0.41,-0.47,STATIONARY
2398,-0.0171,-0.41,-0.46,STATIONARY
2399,-0.0191,-0.41,-0.46,STATIONARY
2401,-0.0266,-0.43,-0.46,STATIONARY
2404,-0.0351,-0.46,-0.46,STATIONARY
2405,-0.0367,-0.49,-0.46,STATIONARY
2407,-0.0251,-0.50,-0.46,STATIONARY
2409,-0.0248,-0.50,-0.46,STATIONARY
2411,-0.0266,-0.51,-0.47,STATIONARY
2413,-0.0349,-0.53,-0.47,STATIONARY
2415,-0.0372,-0.56,-0.48,STATIONARY
2417,-0.0283,-0.57,-0.48,STATIONARY
2420,-0.0237,-0.57,-0.49,STATIONARY
2421,-0.0198,-0.56,-0.49,STATIONARY
2423,-0.0161,-0.54,-0.49,STATIONARY
2425,-0.0117,-0.52,-0.49,STATIONARY
2427,-0.0218,-0.52,-0.50,STATIONARY
2429,-0.0163,-0.51,-0.50,STATIONARY
2431,-0.0087,-0.48,-0.50,STATIONARY
2433,-0.0082,-0.46,-0.49,STATIONARY
2436,-0.0090,-0.44,-0.49,STATIONARY
2437,-0.0088,-0.42,-0.49,STATIONARY
2439,-0.0176,-0.42,-0.48,STATIONARY
2442,-0.0121,-0.41,-0.48,STATIONARY
2443,-0.0174,-0.41,-0.47,STATIONARY
2446,-0.0176,-0.41,-0.47,STATIONARY
2447,-0.0168,-0.40,-0.47,STATIONARY
2449,-0.0062,-0.38,-0.46,STATIONARY
2452,-0.0095,-0.37,-0.46,STATIONARY
2453,-0.0162,-0.37,-0.45,STATIONARY
2455,-0.0266,-0.39,-0.45,STATIONARY
2457,-0.0297,-0.41,-0.45,STATIONARY
2459,-0.0326,-0.44,-0.44,STATIONARY
2462,-0.0247,-0.45,-0.45,STATIONARY
2463,-0.0188,-0.45,-0.45,STATIONARY
2465,-0.0249,-0.46,-0.45,STATIONARY
2468,-0.0380,-0.49,-0.45,STATIONARY
2469,-0.0270,-0.50,-0.45,STATIONARY
2471,-0.0133,-0.49,-0.45,STATIONARY
2473,-0.0096,-0.47,-0.45,STATIONARY
2475,-0.0072,-0.44,-0.45,STATIONARY
2477,-0.0069,-0.42,-0.45,STATIONARY
2479,-0.0070,-0.40,-0.45,STATIONARY
2481,-0.0098,-0.38,-0.44,STATIONARY
2484,-0.0155,-0.38,-0.44,STATIONARY
2485,-0.0188,-0.39,-0.44,STATIONARY
2487,-0.0210,-0.39,-0.44,STATIONARY
2489,-0.0236,-0.41,-0.43,STATIONARY
2491,-0.0148,-0.40,-0.43,STATIONARY
2493,-0.0124,-0.39,-0.43,STATIONARY
2495,-0.0262,-0.41,-0.43,STATIONARY
2497,-0.0254,-0.42,-0.43,STATIONARY
2500,-0.0135,-0.41,-0.43,STATIONARY
2501,-0.0067,-0.39,-0.42,STATIONARY
2503,-0.0099,-0.38,-0.42,STATIONARY
2506,-0.0148,-0.38,-0.42,STATIONARY
2507,-0.0185,-0.38,-0.42,STATIONARY
2509,-0.0158,-0.38,-0.41,STATIONARY
2511,-0.0152,-0.38,-0.41,STATIONARY
2513,-0.0078,-0.36,-0.41,STATIONARY
2515,-0.0014,-0.33,-0.41,STATIONARY
2518,-0.0034,-0.31,-0.40,STATIONARY
2519,-0.0147,-0.32,-0.39,STATIONARY
2521,-0.0164,-0.32,-0.39,STATIONARY
2523,-0.0210,-0.33,-0.39,STATIONARY
2525,-0.0177,-0.34,-0.38,STATIONARY
2527,-0.0160,-0.34,-0.38,STATIONARY
2529,-0.0162,-0.34,-0.38,STATIONARY
2531,-0.0155,-0.35,-0.38,STATIONARY
2533,-0.0225,-0.36,-0.38,STATIONARY
2535,-0.0208,-0.37,-0.38,STATIONARY
2537,-0.0197,-0.38,-0.38,STATIONARY
2539,-0.0247,-0.39,-0.38,STATIONARY
2541,-0.0231,-0.40,-0.38,STATIONARY
2544,-0.0198,-0.41,-0.38,STATIONARY
2546,-0.0186,-0.41,-0.38,STATIONARY
2547,-0.0178,-0.41,-0.38,STATIONARY
2549,-0.0206,-0.41,-0.39,STATIONARY
2551,-0.0275,-0.43,-0.39,STATIONARY
2554,-0.0191,-0.43,-0.39,STATIONARY
2555,-0.0233,-0.44,-0.39,STATIONARY
2557,-0.0249,-0.45,-0.40,STATIONARY
2559,-0.0260,-0.46,-0.40,STATIONARY
2561,-0.0180,-0.46,-0.40,STATIONARY
2563,-0.0207,-0.46,-0.41,STATIONARY
2565,-0.0249,-0.47,-0.41,STATIONARY
2567,-0.0283,-0.48,-0.42,STATIONARY
2569,-0.0226,-0.49,-0.42,STATIONARY
2571,-0.0242,-0.49,-0.42,STATIONARY
2573,-0.0188,-0.49,-0.43,STATIONARY
2576,-0.0182,-0.48,-0.43,STATIONARY
2577,-0.0191,-0.48,-0.43,STATIONARY
2579,-0.0199,-0.48,-0.44,STATIONARY
2581,-0.0163,-0.47,-0.44,STATIONARY
2583,-0.0175,-0.46,-0.44,STATIONARY
2585,-0.0264,-0.47,-0.44,STATIONARY
2587,-0.0352,-0.50,-0.45,STATIONARY
2589,-0.0272,-0.51,-0.45,STATIONARY
2592,-0.0251,-0.52,-0.45,STATIONARY
2593,-0.0205,-0.51,-0.46,STATIONARY
2595,-0.0120,-0.49,-0.46,STATIONARY
2598,-0.0179,-0.49,-0.46,STATIONARY
2599,-0.0231,-0.49,-0.46,STATIONARY
2602,-0.0141,-0.48,-0.46,STATIONARY
2603,-0.0220,-0.48,-0.46,STATIONARY
2605,-0.0153,-0.47,-0.46,STATIONARY
2607,-0.0048,-0.44,-0.46,STATIONARY
2609,-0.0123,-0.43,-0.46,STATIONARY
2611,-0.0115,-0.42,-0.46,STATIONARY
2613,-0.0204,-0.42,-0.46,STATIONARY
2615,-0.0185,-0.42,-0.45,STATIONARY
2617,-0.0246,-0.43,-0.45,STATIONARY
2619,-0.0224,-0.44,-0.45,STATIONARY
2621,-0.0147,-0.43,-0.45,STATIONARY
2624,-0.0081,-0.41,-0.45,STATIONARY
2625,-0.0058,-0.39,-0.44,STATIONARY
2627,-0.0093,-0.37,-0.44,STATIONARY
2630,-0.0165,-0.38,-0.44,STATIONARY
2631,-0.0177,-0.38,-0.43,STATIONARY
2633,-0.0209,-0.39,-0.43,STATIONARY
2635,-0.0159,-0.38,-0.43,STATIONARY
2637,-0.0133,-0.38,-0.42,STATIONARY
2640,-0.0138,-0.37,-0.42,STATIONARY
2641,-0.0235,-0.39,-0.42,STATIONARY
2643,-0.0171,-0.39,-0.42,STATIONARY
2645,-0.0179,-0.39,-0.42,STATIONARY
2647,-0.0182,-0.39,-0.41,STATIONARY
2649,-0.0234,-0.40,-0.41,STATIONARY
2651,-0.0203,-0.41,-0.41,STATIONARY
2653,-0.0126,-0.40,-0.41,STATIONARY
2656,-0.0170,-0.40,-0.41,STATIONARY
2657,-0.0159,-0.40,-0.41,STATIONARY
2659,-0.0182,-0.40,-0.41,STATIONARY
2661,-0.0237,-0.41,-0.41,STATIONARY
2663,-0.0226,-0.42,-0.41,STATIONARY
2665,-0.0226,-0.43,-0.41,STATIONARY
2667,-0.0222,-0.43,-0.41,STATIONARY
2669,-0.0183,-0.43,-0.41,STATIONARY
2672,-0.0203,-0.43,-0.41,STATIONARY
2673,-0.0203,-0.44,-0.42,STATIONARY
2675,-0.0170,-0.43,-0.42,STATIONARY
2677,-0.0259,-0.45,-0.42,STATIONARY
2679,-0.0172,-0.44,-0.42,STATIONARY
2681,-0.0115,-0.43,-0.42,STATIONARY
2684,-0.0188,-0.43,-0.42,STATIONARY
2685,-0.0170,-0.43,-0.42,STATIONARY
2687,-0.0014,-0.39,-0.42,STATIONARY
2689,-0.0166,-0.39,-0.42,STATIONARY
2691,-0.0179,-0.39,-0.42,STATIONARY
2693,-0.0228,-0.41,-0.42,STATIONARY
2695,-0.0134,-0.40,-0.42,STATIONARY
2697,-0.0114,-0.39,-0.41,STATIONARY
2700,-0.0198,-0.39,-0.41,STATIONARY
2701,-0.0170,-0.39,-0.41,STATIONARY
2703,-0.0156,-0.39,-0.41,STATIONARY
2705,-0.0215,-0.40,-0.41,STATIONARY
2707,-0.0130,-0.39,-0.41,STATIONARY
2709,-0.0115,-0.38,-0.41,STATIONARY
2711,-0.0010,-0.35,-0.40,STATIONARY
2713,-0.0015,-0.33,-0.40,STATIONARY
2716,-0.0004,-0.30,-0.39,STATIONARY
2717,-0.0078,-0.29,-0.39,STATIONARY
2719,-0.0080,-0.28,-0.38,STATIONARY
2721,-0.0143,-0.29,-0.37,STATIONARY
2723,-0.0179,-0.30,-0.37,STATIONARY
2725,-0.0106,-0.29,-0.37,STATIONARY
2728,-0.0036,-0.28,-0.36,STATIONARY
2729,-0.0009,-0.25,-0.35,STATIONARY
2732,0.0019,-0.23,-0.35,STATIONARY
2733,-0.0033,-0.22,-0.34,STATIONARY
2735,-0.0039,-0.21,-0.33,STATIONARY
2737,-0.0146,-0.22,-0.32,STATIONARY
2739,-0.0165,-0.23,-0.32,STATIONARY
2741,-0.0133,-0.24,-0.31,STATIONARY
2743,-0.0043,-0.23,-0.31,STATIONARY
2745,-0.0098,-0.23,-0.30,STATIONARY
2747,-0.0162,-0.24,-0.30,STATIONARY
2749,-0.0212,-0.26,-0.30,STATIONARY
2751,-0.0198,-0.27,-0.30,STATIONARY
2753,-0.0284,-0.30,-0.30,STATIONARY
2755,-0.0297,-0.33,-0.30,STATIONARY
2757,-0.0212,-0.35,-0.30,STATIONARY
2759,-0.0186,-0.35,-0.30,STATIONARY
2761,-0.0148,-0.35,-0.31,STATIONARY
2764,-0.0056,-0.33,-0.31,STATIONARY
2765,-0.0004,-0.31,-0.31,STATIONARY
2767,-0.0091,-0.30,-0.31,STATIONARY
2770,-0.0126,-0.30,-0.31,STATIONARY
2771,-0.0222,-0.32,-0.31,STATIONARY
2773,-0.0271,-0.34,-0.31,STATIONARY
2775,-0.0265,-0.36,-0.31,STATIONARY
2777,-0.0210,-0.37,-0.32,STATIONARY
2779,-0.0191,-0.38,-0.32,STATIONARY
2781,-0.0261,-0.40,-0.32,STATIONARY
2783,-0.0200,-0.40,-0.33,STATIONARY
2786,-0.0168,-0.40,-0.33,STATIONARY
2787,-0.0210,-0.41,-0.34,STATIONARY
2789,-0.0248,-0.42,-0.34,STATIONARY
2791,-0.0157,-0.41,-0.35,STATIONARY
2793,-0.0072,-0.39,-0.35,STATIONARY
2796,-0.0075,-0.38,-0.35,STATIONARY
2797,-0.0005,-0.35,-0.35,STATIONARY
2799,-0.0025,-0.32,-0.35,STATIONARY
2802,-0.0097,-0.32,-0.35,STATIONARY
2803,-0.0128,-0.31,-0.35,STATIONARY
2805,-0.0047,-0.30,-0.34,STATIONARY
2807,-0.0009,-0.28,-0.34,STATIONARY
2809,-0.0033,-0.26,-0.33,STATIONARY
2812,0.0035,-0.23,-0.33,STATIONARY
2813,0.0028,-0.21,-0.32,STATIONARY
2815,-0.0078,-0.21,-0.31,STATIONARY
2818,-0.0114,-0.21,-0.31,STATIONARY
2819,-0.0182,-0.23,-0.30,STATIONARY
2821,-0.0114,-0.23,-0.30,STATIONARY
2823,-0.0086,-0.23,-0.30,STATIONARY
2825,-0.0078,-0.22,-0.29,STATIONARY
2827,-0.0093,-0.22,-0.29,STATIONARY
2829,-0.0033,-0.21,-0.28,STATIONARY
2831,-0.0069,-0.21,-0.28,STATIONARY
2833,-0.0208,-0.23,-0.27,STATIONARY
2835,-0.0188,-0.25,-0.27,STATIONARY
2837,-0.0194,-0.26,-0.27,STATIONARY
2839,-0.0163,-0.27,-0.27,STATIONARY
2841,-0.0176,-0.28,-0.27,STATIONARY
2843,-0.0181,-0.29,-0.27,STATIONARY
2845,-0.0146,-0.30,-0.28,STATIONARY
2847,-0.0142,-0.30,-0.28,STATIONARY
2850,-0.0085,-0.29,-0.28,STATIONARY
2851,-0.0025,-0.27,-0.28,STATIONARY
2853,-0.0047,-0.26,-0.28,STATIONARY
2855,0.0018,-0.23,-0.27,STATIONARY
2857,0.0050,-0.21,-0.27,STATIONARY
2859,-0.0017,-0.19,-0.26,STATIONARY
2861,-0.0178,-0.21,-0.26,STATIONARY
2864,-0.0138,-0.22,-0.26,STATIONARY
2865,-0.0088,-0.22,-0.26,STATIONARY
2868,-0.0010,-0.20,-0.25,STATIONARY
2869,0.0009,-0.18,-0.25,STATIONARY
2872,0.0036,-0.16,-0.24,STATIONARY
2873,-0.0033,-0.16,-0.24,STATIONARY
2875,-0.0046,-0.15,-0.23,STATIONARY
2877,-0.0051,-0.15,-0.23,STATIONARY
2879,-0.0105,-0.16,-0.22,STATIONARY
2881,-0.0162,-0.17,-0.22,STATIONARY
2883,-0.0136,-0.18,-0.22,STATIONARY
2885,0.0019,-0.17,-0.22,STATIONARY
2888,0.0068,-0.14,-0.21,STATIONARY
2889,0.0017,-0.13,-0.21,STATIONARY
2891,-0.0047,-0.12,-0.20,STATIONARY
2893,-0.0177,-0.15,-0.20,STATIONARY
2895,-0.0206,-0.17,-0.20,STATIONARY
2897,-0.0234,-0.20,-0.20,STATIONARY
2900,-0.0166,-0.22,-0.20,STATIONARY
2901,-0.0036,-0.21,-0.20,STATIONARY
2903,-0.0001,-0.19,-0.20,STATIONARY
2905,0.0069,-0.16,-0.20,STATIONARY
2907,-0.0028,-0.15,-0.19,STATIONARY
2909,0.0039,-0.13,-0.19,STATIONARY
2911,0.0098,-0.11,-0.19,STATIONARY
2914,0.0093,-0.08,-0.18,STATIONARY
2915,0.0096,-0.06,-0.17,STATIONARY
2917,0.0076,-0.04,-0.16,STATIONARY
2919,0.0053,-0.03,-0.16,STATIONARY
2921,0.0023,-0.02,-0.15,STATIONARY
2923,-0.0075,-0.03,-0.14,STATIONARY
2926,-0.0025,-0.03,-0.13,STATIONARY
2927,-0.0033,-0.04,-0.13,STATIONARY
2929,-0.0075,-0.05,-0.12,STATIONARY
2931,-0.0066,-0.06,-0.12,STATIONARY
2933,-0.0057,-0.06,-0.12,STATIONARY
2936,-0.0013,-0.06,-0.11,STATIONARY
2937,-0.0004,-0.06,-0.11,STATIONARY
2939,-0.0019,-0.05,-0.11,STATIONARY
2942,-0.0053,-0.06,-0.10,STATIONARY
2944,-0.0090,-0.07,-0.10,STATIONARY
2945,-0.0171,-0.10,-0.10,STATIONARY
2947,-0.0194,-0.13,-0.10,STATIONARY
2949,-0.0145,-0.14,-0.11,STATIONARY
2951,-0.0105,-0.15,-0.11,STATIONARY
2953,-0.0062,-0.15,-0.11,STATIONARY
2955,-0.0007,-0.14,-0.11,STATIONARY
2957,0.0010,-0.13,-0.11,STATIONARY
2959,-0.0080,-0.13,-0.11,STATIONARY
2961,-0.0071,-0.13,-0.11,STATIONARY
2963,0.0010,-0.12,-0.12,STATIONARY
2965,-0.0084,-0.13,-0.12,STATIONARY
2967,-0.0077,-0.13,-0.12,STATIONARY
2969,-0.0069,-0.13,-0.12,STATIONARY
2971,-0.0062,-0.13,-0.12,STATIONARY
2974,-0.0114,-0.14,-0.12,STATIONARY
2975,-0.0191,-0.17,-0.12,STATIONARY
2977,-0.0126,-0.18,-0.13,STATIONARY
2980,-0.0014,-0.17,-0.13,STATIONARY
2981,0.0029,-0.15,-0.13,STATIONARY
2984,0.0099,-0.12,-0.13,STATIONARY
2985,0.0013,-0.11,-0.13,STATIONARY
2988,-0.0040,-0.10,-0.13,STATIONARY
2989,-0.0011,-0.10,-0.12,STATIONARY
2991,0.0044,-0.08,-0.12,STATIONARY
2993,-0.0028,-0.08,-0.12,STATIONARY
2996,0.0003,-0.07,-0.12,STATIONARY
2997,-0.0084,-0.08,-0.11,STATIONARY
3000,-0.0148,-0.10,-0.11,STATIONARY
3001,-0.0147,-0.12,-0.11,STATIONARY
3003,-0.0168,-0.14,-0.12,STATIONARY
3006,-0.0146,-0.16,-0.12,STATIONARY
3008,-0.0139,-0.17,-0.12,STATIONARY
3009,-0.0073,-0.17,-0.12,STATIONARY
3012,-0.0076,-0.17,-0.13,STATIONARY
3013,-0.0055,-0.17,-0.13,STATIONARY
3016,-0.0051,-0.16,-0.13,STATIONARY
3018,-0.0147,-0.18,-0.13,STATIONARY
3019,-0.0147,-0.19,-0.14,STATIONARY
3021,-0.0065,-0.19,-0.14,STATIONARY
3023,-0.0060,-0.18,-0.14,STATIONARY
3025,-0.0081,-0.18,-0.15,STATIONARY
3028,-0.0057,-0.18,-0.15,STATIONARY
3029,-0.0071,-0.18,-0.15,STATIONARY
3031,-0.0056,-0.17,-0.15,STATIONARY
3033,-0.0047,-0.17,-0.15,STATIONARY
3035,0.0038,-0.15,-0.15,STATIONARY
3037,-0.0119,-0.16,-0.15,STATIONARY
3039,-0.0072,-0.16,-0.15,STATIONARY
3041,0.0024,-0.14,-0.15,STATIONARY
3044,-0.0022,-0.13,-0.15,STATIONARY
3045,-0.0110,-0.14,-0.15,STATIONARY
3047,0.0010,-0.13,-0.15,STATIONARY
3049,-0.0016,-0.12,-0.15,STATIONARY
3051,-0.0062,-0.12,-0.15,STATIONARY
3054,-0.0097,-0.13,-0.15,STATIONARY
3055,-0.0153,-0.15,-0.15,STATIONARY
3057,-0.0095,-0.16,-0.15,STATIONARY
3060,-0.0093,-0.16,-0.15,STATIONARY
3061,-0.0056,-0.16,-0.15,STATIONARY
3063,0.0015,-0.14,-0.15,STATIONARY
3065,0.0040,-0.12,-0.15,STATIONARY
3067,-0.0002,-0.11,-0.14,STATIONARY
3069,-0.0048,-0.11,-0.14,STATIONARY
3071,-0.0141,-0.13,-0.14,STATIONARY
3073,-0.0040,-0.13,-0.14,STATIONARY
3076,-0.0001,-0.12,-0.14,STATIONARY
3077,-0.0015,-0.11,-0.14,STATIONARY
3079,-0.0074,-0.12,-0.14,STATIONARY
3081,-0.0128,-0.13,-0.14,STATIONARY
3083,-0.0063,-0.13,-0.14,STATIONARY
3086,-0.0108,-0.14,-0.14,STATIONARY
3087,-0.0014,-0.13,-0.14,STATIONARY
3089,-0.0010,-0.12,-0.14,STATIONARY
3091,-0.0155,-0.14,-0.14,STATIONARY
3093,-0.0166,-0.16,-0.14,STATIONARY
3095,-0.0185,-0.18,-0.14,STATIONARY
3098,-0.0076,-0.18,-0.14,STATIONARY
3099,0.0019,-0.16,-0.14,STATIONARY
3102,-0.0017,-0.15,-0.14,STATIONARY
3103,-0.0096,-0.16,-0.14,STATIONARY
3105,-0.0102,-0.16,-0.15,STATIONARY
3107,-0.0003,-0.15,-0.15,STATIONARY
3109,0.0039,-0.13,-0.15,STATIONARY
3111,0.0010,-0.12,-0.14,STATIONARY
3114,0.0043,-0.10,-0.14,STATIONARY
3115,-0.0062,-0.11,-0.14,STATIONARY
3117,0.0023,-0.09,-0.14,STATIONARY
3119,-0.0008,-0.09,-0.13,STATIONARY
3121,-0.0012,-0.08,-0.13,STATIONARY
3124,-0.0037,-0.08,-0.13,STATIONARY
3125,-0.0108,-0.10,-0.13,STATIONARY
3127,-0.0162,-0.12,-0.13,STATIONARY
3129,-0.0177,-0.14,-0.13,STATIONARY
3131,-0.0150,-0.16,-0.13,STATIONARY
3133,-0.0102,-0.16,-0.13,STATIONARY
3135,-0.0069,-0.16,-0.13,STATIONARY
3137,-0.0053,-0.16,-0.13,STATIONARY
3139,-0.0075,-0.16,-0.14,STATIONARY
3141,-0.0054,-0.16,-0.14,STATIONARY
3143,-0.0070,-0.16,-0.14,STATIONARY
3146,-0.0077,-0.16,-0.14,STATIONARY
3147,-0.0086,-0.16,-0.14,STATIONARY
3149,-0.0126,-0.17,-0.14,STATIONARY
3151,-0.0180,-0.19,-0.15,STATIONARY
3153,-0.0159,-0.21,-0.15,STATIONARY
3155,-0.0215,-0.23,-0.15,STATIONARY
3157,-0.0097,-0.23,-0.16,STATIONARY
3159,-0.0020,-0.21,-0.16,STATIONARY
3161,0.0021,-0.19,-0.16,STATIONARY
3163,0.0008,-0.18,-0.16,STATIONARY
3165,-0.0086,-0.18,-0.17,STATIONARY
3167,-0.0073,-0.18,-0.17,STATIONARY
3169,-0.0014,-0.17,-0.17,STATIONARY
3171,-0.0018,-0.16,-0.17,STATIONARY
3173,0.0040,-0.14,-0.16,STATIONARY
3175,-0.0010,-0.13,-0.16,STATIONARY
3177,-0.0083,-0.13,-0.16,STATIONARY
3179,-0.0133,-0.15,-0.16,STATIONARY
3181,-0.0065,-0.15,-0.16,STATIONARY
3184,-0.0049,-0.14,-0.16,STATIONARY
3185,-0.0045,-0.14,-0.16,STATIONARY
3187,-0.0056,-0.14,-0.16,STATIONARY
3189,-0.0150,-0.16,-0.16,STATIONARY
3191,-0.0158,-0.17,-0.16,STATIONARY
3193,-0.0044,-0.17,-0.16,STATIONARY
3195,-0.0056,-0.16,-0.16,STATIONARY
3197,0.0020,-0.15,-0.16,STATIONARY
3200,0.0069,-0.12,-0.15,STATIONARY
3201,0.0028,-0.11,-0.15,STATIONARY
3203,-0.0051,-0.11,-0.15,STATIONARY
3205,-0.0012,-0.10,-0.15,STATIONARY
3207,-0.0018,-0.10,-0.14,STATIONARY
3209,-0.0093,-0.11,-0.14,STATIONARY
3211,-0.0054,-0.11,-0.14,STATIONARY
3213,0.0030,-0.09,-0.14,STATIONARY
3216,-0.0022,-0.09,-0.13,STATIONARY
3218,-0.0034,-0.09,-0.13,STATIONARY
3219,0.0076,-0.07,-0.13,STATIONARY
3221,0.0082,-0.05,-0.12,STATIONARY
3223,0.0049,-0.03,-0.12,STATIONARY
3225,-0.0024,-0.04,-0.11,STATIONARY
3227,0.0067,-0.02,-0.11,STATIONARY
3229,-0.0073,-0.03,-0.10,STATIONARY
3231,-0.0191,-0.07,-0.10,STATIONARY
3233,-0.0254,-0.11,-0.10,STATIONARY
3235,-0.0271,-0.15,-0.10,STATIONARY
3237,-0.0141,-0.16,-0.11,STATIONARY
3239,-0.0055,-0.16,-0.11,STATIONARY
3241,-0.0070,-0.16,-0.11,STATIONARY
3243,-0.0180,-0.18,-0.12,STATIONARY
3245,-0.0069,-0.18,-0.12,STATIONARY
3248,-0.0034,-0.17,-0.12,STATIONARY
3249,-0.0058,-0.17,-0.13,STATIONARY
3251,-0.0050,-0.16,-0.13,STATIONARY
3253,-0.0071,-0.16,-0.13,STATIONARY
3255,-0.0098,-0.17,-0.13,STATIONARY
3257,-0.0168,-0.19,-0.14,STATIONARY
3259,-0.0170,-0.20,-0.14,STATIONARY
3261,-0.0112,-0.21,-0.14,STATIONARY
3264,-0.0069,-0.20,-0.15,STATIONARY
3265,-0.0097,-0.20,-0.15,STATIONARY
3267,-0.0107,-0.21,-0.15,STATIONARY
3270,-0.0074,-0.20,-0.16,STATIONARY
3271,-0.0060,-0.20,-0.16,STATIONARY
3273,-0.0097,-0.20,-0.16,STATIONARY
3275,-0.0068,-0.20,-0.16,STATIONARY
3277,-0.0001,-0.18,-0.17,STATIONARY
3280,0.0017,-0.16,-0.17,STATIONARY
3281,0.0072,-0.14,-0.16,STATIONARY
3284,0.0045,-0.12,-0.16,STATIONARY
3286,0.0012,-0.11,-0.16,STATIONARY
3287,0.0067,-0.09,-0.15,STATIONARY
3289,0.0063,-0.07,-0.15,STATIONARY
3291,0.0002,-0.06,-0.14,STATIONARY
3293,-0.0021,-0.06,-0.14,STATIONARY
3295,0.0027,-0.05,-0.13,STATIONARY
3297,0.0092,-0.03,-0.13,STATIONARY
3299,0.0099,-0.01,-0.12,STATIONARY
3302,0.0093,0.01,-0.11,STATIONARY
3303,0.0064,0.02,-0.10,STATIONARY
3305,-0.0029,0.01,-0.10,STATIONARY
3307,-0.0101,-0.01,-0.09,STATIONARY
3309,-0.0171,-0.04,-0.09,STATIONARY
3311,-0.0181,-0.07,-0.09,STATIONARY
3313,-0.0171,-0.09,-0.09,STATIONARY
3315,-0.0038,-0.09,-0.09,STATIONARY
3317,0.0068,-0.07,-0.09,STATIONARY
3319,0.0027,-0.06,-0.09,STATIONARY
3321,0.0069,-0.04,-0.08,STATIONARY
3323,0.0000,-0.04,-0.08,STATIONARY
3325,-0.0078,-0.05,-0.08,STATIONARY
3327,-0.0069,-0.06,-0.08,STATIONARY
3329,-0.0010,-0.06,-0.08,STATIONARY
3331,-0.0077,-0.07,-0.08,STATIONARY
3333,-0.0188,-0.10,-0.08,STATIONARY
3335,-0.0205,-0.13,-0.08,STATIONARY
3337,-0.0190,-0.15,-0.08,STATIONARY
3339,-0.0108,-0.16,-0.09,STATIONARY
3341,-0.0034,-0.15,-0.09,STATIONARY
3344,-0.0005,-0.14,-0.10,STATIONARY
3345,-0.0047,-0.14,-0.10,STATIONARY
3347,-0.0051,-0.14,-0.10,STATIONARY
3350,-0.0032,-0.13,-0.10,STATIONARY
3351,-0.0144,-0.15,-0.11,STATIONARY
3353,-0.0203,-0.17,-0.11,STATIONARY
3355,-0.0121,-0.18,-0.11,STATIONARY
3357,-0.0038,-0.17,-0.12,STATIONARY
3359,-0.0034,-0.17,-0.12,STATIONARY
3361,-0.0092,-0.17,-0.12,STATIONARY
3363,-0.0125,-0.18,-0.13,STATIONARY
3366,-0.0050,-0.17,-0.13,STATIONARY
3367,-0.0048,-0.17,-0.13,STATIONARY
3370,-0.0046,-0.16,-0.13,STATIONARY
3371,-0.0102,-0.17,-0.14,STATIONARY
3373,-0.0105,-0.18,-0.14,STATIONARY
3375,-0.0151,-0.19,-0.14,STATIONARY
3377,-0.0020,-0.18,-0.14,STATIONARY
3379,0.0105,-0.14,-0.14,STATIONARY
3382,0.0011,-0.13,-0.14,STATIONARY
3383,-0.0064,-0.13,-0.14,STATIONARY
3385,-0.0009,-0.12,-0.14,STATIONARY
3388,-0.0058,-0.12,-0.14,STATIONARY
3389,-0.0166,-0.14,-0.14,STATIONARY
3391,-0.0077,-0.15,-0.14,STATIONARY
3393,0.0020,-0.13,-0.14,STATIONARY
3395,0.0064,-0.11,-0.14,STATIONARY
3398,0.0022,-0.10,-0.14,STATIONARY
3399,-0.0032,-0.09,-0.13,STATIONARY
3401,-0.0029,-0.09,-0.13,STATIONARY
3403,-0.0056,-0.10,-0.13,STATIONARY
3405,-0.0031,-0.09,-0.13,STATIONARY
3407,-0.0016,-0.09,-0.12,STATIONARY
3409,-0.0043,-0.09,-0.12,STATIONARY
3411,-0.0069,-0.10,-0.12,STATIONARY
3413,0.0088,-0.07,-0.12,STATIONARY
3415,0.0190,-0.03,-0.11,STATIONARY
3417,0.0178,0.00,-0.11,STATIONARY
3420,0.0079,0.02,-0.10,STATIONARY
3421,0.0067,0.03,-0.09,STATIONARY
3423,-0.0009,0.03,-0.08,STATIONARY
3425,0.0067,0.04,-0.08,STATIONARY
3427,0.0138,0.06,-0.07,STATIONARY
3430,0.0072,0.07,-0.06,STATIONARY
3431,-0.0103,0.04,-0.05,STATIONARY
3433,-0.0070,0.03,-0.05,STATIONARY
3436,-0.0033,0.02,-0.05,STATIONARY
3437,0.0019,0.02,-0.04,STATIONARY
3439,0.0042,0.03,-0.04,STATIONARY
3441,-0.0008,0.02,-0.03,STATIONARY
3443,-0.0039,0.01,-0.03,STATIONARY
3446,-0.0080,-0.00,-0.03,STATIONARY
3447,-0.0102,-0.02,-0.03,STATIONARY
3449,-0.0039,-0.03,-0.03,STATIONARY
3452,-0.0060,-0.04,-0.03,STATIONARY
3453,-0.0044,-0.04,-0.03,STATIONARY
3455,-0.0014,-0.04,-0.03,STATIONARY
3457,-0.0023,-0.04,-0.03,STATIONARY
3459,0.0045,-0.03,-0.03,STATIONARY
3461,-0.0035,-0.03,-0.03,STATIONARY
3463,-0.0114,-0.05,-0.03,STATIONARY
3465,-0.0127,-0.07,-0.03,STATIONARY
3467,-0.0051,-0.07,-0.04,STATIONARY
3469,-0.0155,-0.10,-0.04,STATIONARY
3471,-0.0189,-0.12,-0.05,STATIONARY
3473,-0.0127,-0.14,-0.05,STATIONARY
3475,-0.0059,-0.14,-0.06,STATIONARY
3477,0.0026,-0.12,-0.06,STATIONARY
3479,-0.0080,-0.13,-0.06,STATIONARY
3481,-0.0054,-0.13,-0.07,STATIONARY
3484,-0.0052,-0.13,-0.07,STATIONARY
3485,-0.0117,-0.14,-0.08,STATIONARY
3487,-0.0010,-0.13,-0.08,STATIONARY
3489,0.0076,-0.10,-0.08,STATIONARY
3491,0.0021,-0.09,-0.08,STATIONARY
3493,-0.0065,-0.10,-0.08,STATIONARY
3495,-0.0147,-0.12,-0.08,STATIONARY
3497,-0.0153,-0.13,-0.09,STATIONARY
3499,-0.0051,-0.13,-0.09,STATIONARY
3501,-0.0022,-0.13,-0.09,STATIONARY
3503,-0.0023,-0.12,-0.09,STATIONARY
3506,0.0082,-0.10,-0.09,STATIONARY
3507,0.0145,-0.06,-0.09,STATIONARY
3509,0.0109,-0.04,-0.09,STATIONARY
3511,0.0071,-0.02,-0.08,STATIONARY
3513,0.0011,-0.02,-0.08,STATIONARY
3516,0.0013,-0.01,-0.08,STATIONARY
3518,0.0086,0.00,-0.07,STATIONARY
3519,0.0070,0.02,-0.07,STATIONARY
3521,-0.0012,0.01,-0.06,STATIONARY
3523,-0.0041,0.00,-0.06,STATIONARY
3525,-0.0075,-0.01,-0.06,STATIONARY
3527,-0.0120,-0.03,-0.05,STATIONARY
3529,-0.0149,-0.06,-0.05,STATIONARY
3532,-0.0102,-0.07,-0.05,STATIONARY
3533,-0.0071,-0.08,-0.06,STATIONARY
3535,-0.0042,-0.08,-0.06,STATIONARY
3538,-0.0051,-0.08,-0.06,STATIONARY
3539,-0.0047,-0.08,-0.06,STATIONARY
3541,0.0020,-0.07,-0.06,STATIONARY
3544,0.0055,-0.06,-0.06,STATIONARY
3545,-0.0029,-0.06,-0.06,STATIONARY
3547,-0.0038,-0.06,-0.06,STATIONARY
3550,-0.0028,-0.06,-0.06,STATIONARY
3551,0.0073,-0.04,-0.06,STATIONARY
3553,0.0018,-0.04,-0.06,STATIONARY
3555,-0.0020,-0.04,-0.06,STATIONARY
3557,-0.0010,-0.04,-0.06,STATIONARY
3560,0.0007,-0.03,-0.05,STATIONARY
3561,-0.0096,-0.05,-0.05,STATIONARY
3563,-0.0086,-0.06,-0.05,STATIONARY
3565,-0.0027,-0.06,-0.05,STATIONARY
3567,-0.0013,-0.06,-0.05,STATIONARY
3569,-0.0003,-0.05,-0.05,STATIONARY
3571,0.0015,-0.05,-0.05,STATIONARY
3573,0.0056,-0.03,-0.05,STATIONARY
3575,0.0004,-0.03,-0.05,STATIONARY
3577,0.0019,-0.02,-0.05,STATIONARY
3579,0.0004,-0.02,-0.05,STATIONARY
3581,-0.0020,-0.02,-0.05,STATIONARY
3583,-0.0016,-0.02,-0.05,STATIONARY
3585,-0.0041,-0.03,-0.04,STATIONARY
3587,-0.0034,-0.03,-0.04,STATIONARY
3589,-0.0030,-0.04,-0.04,STATIONARY
3592,0.0039,-0.03,-0.04,STATIONARY
3594,0.0013,-0.02,-0.04,STATIONARY
3595,0.0005,-0.02,-0.04,STATIONARY
3598,0.0009,-0.02,-0.04,STATIONARY
3599,0.0022,-0.01,-0.04,STATIONARY
3601,0.0078,0.00,-0.03,STATIONARY
3603,0.0057,0.01,-0.03,STATIONARY
3605,0.0003,0.01,-0.03,STATIONARY
3607,-0.0054,0.00,-0.03,STATIONARY
3609,-0.0043,-0.01,-0.03,STATIONARY
3611,-0.0082,-0.02,-0.03,STATIONARY
3614,-0.0048,-0.03,-0.03,STATIONARY
3615,-0.0101,-0.04,-0.03,STATIONARY
3617,-0.0139,-0.07,-0.03,STATIONARY
3619,-0.0110,-0.08,-0.03,STATIONARY
3621,-0.0027,-0.08,-0.03,STATIONARY
3624,-0.0021,-0.08,-0.04,STATIONARY
3625,-0.0034,-0.08,-0.04,STATIONARY
3627,-0.0001,-0.07,-0.04,STATIONARY
3630,-0.0010,-0.07,-0.04,STATIONARY
3631,-0.0103,-0.08,-0.04,STATIONARY
3633,0.0063,-0.06,-0.05,STATIONARY
3635,0.0063,-0.05,-0.05,STATIONARY
3637,0.0018,-0.04,-0.05,STATIONARY
3639,-0.0036,-0.04,-0.05,STATIONARY
3641,-0.0023,-0.04,-0.05,STATIONARY
3643,0.0015,-0.04,-0.04,STATIONARY
3646,0.0059,-0.02,-0.04,STATIONARY
3647,0.0073,-0.01,-0.04,STATIONARY
3649,0.0093,0.01,-0.04,STATIONARY
3651,0.0071,0.02,-0.03,STATIONARY
3653,0.0061,0.03,-0.03,STATIONARY
3655,-0.0010,0.03,-0.03,STATIONARY
3657,0.0002,0.03,-0.02,STATIONARY
3659,0.0015,0.03,-0.02,STATIONARY
3662,0.0003,0.02,-0.02,STATIONARY
3663,0.0073,0.04,-0.02,STATIONARY
3665,0.0068,0.05,-0.01,STATIONARY
3667,0.0065,0.05,-0.01,STATIONARY
3669,0.0041,0.06,-0.00,STATIONARY
3672,-0.0001,0.05,-0.00,STATIONARY
3673,0.0012,0.05,0.00,STATIONARY
3675,-0.0020,0.04,0.00,STATIONARY
3677,-0.0020,0.04,0.01,STATIONARY
3679,0.0008,0.03,0.01,STATIONARY
3681,0.0020,0.04,0.01,STATIONARY
3683,0.0053,0.04,0.01,STATIONARY
3685,0.0154,0.07,0.01,STATIONARY
3687,0.0039,0.07,0.02,STATIONARY
3689,-0.0053,0.05,0.02,STATIONARY
3691,0.0035,0.06,0.02,STATIONARY
3693,0.0070,0.06,0.02,STATIONARY
3695,0.0054,0.07,0.03,STATIONARY
3697,-0.0022,0.06,0.03,STATIONARY
3700,-0.0159,0.03,0.03,STATIONARY
3701,-0.0079,0.01,0.03,STATIONARY
3703,-0.0044,0.00,0.03,STATIONARY
3705,-0.0046,-0.01,0.02,STATIONARY
3707,0.0001,-0.01,0.02,STATIONARY
3709,-0.0037,-0.01,0.02,STATIONARY
3711,-0.0057,-0.02,0.02,STATIONARY
3713,0.0069,-0.01,0.02,STATIONARY
3716,0.0117,0.01,0.02,STATIONARY
3717,0.0127,0.04,0.02,STATIONARY
3719,0.0101,0.05,0.02,STATIONARY
3721,0.0097,0.07,0.02,STATIONARY
3723,0.0085,0.08,0.03,STATIONARY
3725,0.0115,0.09,0.03,STATIONARY
3727,0.0120,0.11,0.03,STATIONARY
3729,0.0087,0.11,0.04,STATIONARY
3731,0.0117,0.13,0.04,STATIONARY
3733,0.0157,0.14,0.05,STATIONARY
3735,0.0051,0.14,0.06,STATIONARY
3737,0.0087,0.15,0.06,STATIONARY
3739,-0.0046,0.13,0.06,STATIONARY
3741,-0.0075,0.10,0.07,STATIONARY
3743,0.0012,0.10,0.07,STATIONARY
3745,0.0125,0.11,0.07,STATIONARY
3747,0.0122,0.13,0.07,STATIONARY
3750,-0.0005,0.11,0.08,STATIONARY
3751,0.0021,0.11,0.08,STATIONARY
3753,0.0043,0.11,0.08,STATIONARY
3755,-0.0053,0.09,0.08,STATIONARY
3757,-0.0055,0.07,0.08,STATIONARY
3759,-0.0050,0.06,0.08,STATIONARY
3761,0.0042,0.06,0.08,STATIONARY
3764,-0.0017,0.05,0.08,STATIONARY
3765,-0.0065,0.04,0.07,STATIONARY
3767,-0.0057,0.02,0.07,STATIONARY
3770,0.0017,0.02,0.07,STATIONARY
3771,0.0048,0.03,0.07,STATIONARY
3773,-0.0064,0.02,0.06,STATIONARY
3775,0.0010,0.02,0.06,STATIONARY
3777,0.0145,0.04,0.06,STATIONARY
3780,0.0133,0.06,0.06,STATIONARY
3781,0.0116,0.08,0.06,STATIONARY
3783,0.0125,0.10,0.06,STATIONARY
3786,0.0109,0.11,0.07,STATIONARY
3787,0.0028,0.11,0.07,STATIONARY
3789,-0.0003,0.10,0.07,STATIONARY
3791,-0.0033,0.08,0.07,STATIONARY
3793,0.0004,0.08,0.07,STATIONARY
3796,0.0049,0.08,0.07,STATIONARY
3797,-0.0003,0.07,0.07,STATIONARY
3799,0.0006,0.07,0.07,STATIONARY
3802,-0.0046,0.05,0.07,STATIONARY
3803,-0.0015,0.05,0.07,STATIONARY
3805,-0.0008,0.04,0.07,STATIONARY
3807,-0.0002,0.04,0.07,STATIONARY
3809,-0.0041,0.03,0.06,STATIONARY
3811,0.0090,0.04,0.06,STATIONARY
3813,0.0066,0.05,0.06,STATIONARY
3815,0.0005,0.05,0.06,STATIONARY
3817,0.0030,0.05,0.06,STATIONARY
3819,-0.0022,0.04,0.06,STATIONARY
3821,-0.0032,0.03,0.06,STATIONARY
3823,-0.0091,0.01,0.05,STATIONARY
3825,-0.0107,-0.01,0.05,STATIONARY
3827,-0.0078,-0.02,0.05,STATIONARY
3829,-0.0067,-0.03,0.04,STATIONARY
3832,-0.0120,-0.05,0.04,STATIONARY
3833,-0.0057,-0.06,0.03,STATIONARY
3835,-0.0053,-0.06,0.03,STATIONARY
3837,0.0006,-0.06,0.02,STATIONARY
3840,0.0136,-0.03,0.02,STATIONARY
3841,0.0198,0.01,0.02,STATIONARY
3843,0.0143,0.04,0.02,STATIONARY
3845,0.0097,0.05,0.02,STATIONARY
3847,0.0112,0.07,0.02,STATIONARY
3849,0.0124,0.09,0.03,STATIONARY
3851,0.0151,0.11,0.03,STATIONARY
3853,0.0093,0.11,0.04,STATIONARY
3856,-0.0000,0.11,0.04,STATIONARY
3857,0.0059,0.11,0.04,STATIONARY
3860,0.0047,0.11,0.05,STATIONARY
3861,-0.0018,0.10,0.05,STATIONARY
3863,-0.0028,0.08,0.05,STATIONARY
3866,-0.0030,0.07,0.05,STATIONARY
3867,-0.0004,0.06,0.05,STATIONARY
3869,0.0018,0.06,0.06,STATIONARY
3872,-0.0014,0.06,0.06,STATIONARY
3873,-0.0052,0.04,0.05,STATIONARY
3875,0.0003,0.04,0.05,STATIONARY
3877,0.0067,0.05,0.05,STATIONARY
3879,0.0039,0.05,0.05,STATIONARY
3882,0.0022,0.05,0.05,STATIONARY
3883,0.0021,0.05,0.05,STATIONARY
3885,-0.0010,0.04,0.05,STATIONARY
3887,-0.0060,0.03,0.05,STATIONARY
3889,-0.0040,0.02,0.05,STATIONARY
3891,-0.0027,0.01,0.05,STATIONARY
3893,-0.0098,-0.01,0.04,STATIONARY
3895,-0.0026,-0.01,0.04,STATIONARY
3897,-0.0043,-0.02,0.04,STATIONARY
3899,-0.0034,-0.02,0.03,STATIONARY
3901,-0.0001,-0.02,0.03,STATIONARY
3903,-0.0039,-0.03,0.03,STATIONARY
3905,-0.0040,-0.03,0.02,STATIONARY
3907,-0.0107,-0.05,0.02,STATIONARY
3909,-0.0106,-0.06,0.01,STATIONARY
3911,-0.0100,-0.08,0.01,STATIONARY
3914,-0.0033,-0.08,0.00,STATIONARY
3915,0.0069,-0.06,0.00,STATIONARY
3917,0.0104,-0.03,-0.00,STATIONARY
3919,-0.0002,-0.03,-0.00,STATIONARY
3921,-0.0045,-0.04,-0.01,STATIONARY
3923,-0.0025,-0.04,-0.01,STATIONARY
3925,-0.0067,-0.05,-0.01,STATIONARY
3927,-0.0117,-0.07,-0.01,STATIONARY
3929,-0.0029,-0.07,-0.02,STATIONARY
3931,0.0051,-0.05,-0.02,STATIONARY
3933,-0.0096,-0.07,-0.02,STATIONARY
3935,-0.0040,-0.07,-0.02,STATIONARY
3937,0.0021,-0.06,-0.03,STATIONARY
3939,0.0015,-0.05,-0.03,STATIONARY
3941,0.0006,-0.05,-0.03,STATIONARY
3944,-0.0005,-0.04,-0.03,STATIONARY
3946,-0.0005,-0.04,-0.03,STATIONARY
3947,-0.0011,-0.04,-0.03,STATIONARY
3949,-0.0058,-0.05,-0.03,STATIONARY
3951,-0.0021,-0.05,-0.03,STATIONARY
3953,0.0019,-0.04,-0.03,STATIONARY
3955,0.0076,-0.02,-0.03,STATIONARY
3957,0.0092,-0.00,-0.03,STATIONARY
3959,0.0059,0.01,-0.03,STATIONARY
3962,0.0065,0.02,-0.03,STATIONARY
3963,0.0084,0.03,-0.02,STATIONARY
3965,0.0082,0.05,-0.02,STATIONARY
3968,0.0028,0.05,-0.01,STATIONARY
3969,-0.0031,0.04,-0.01,STATIONARY
3971,-0.0019,0.03,-0.01,STATIONARY
3973,-0.0064,0.02,-0.01,STATIONARY
3975,-0.0134,-0.01,-0.01,STATIONARY
3977,-0.0063,-0.02,-0.01,STATIONARY
3979,-0.0044,-0.03,-0.01,STATIONARY
3981,-0.0011,-0.03,-0.01,STATIONARY
3984,0.0012,-0.02,-0.01,STATIONARY
3985,0.0095,-0.00,-0.01,STATIONARY
3988,0.0074,0.01,-0.01,STATIONARY
3989,0.0132,0.03,-0.01,STATIONARY
3991,0.0205,0.07,-0.00,STATIONARY
3993,0.0134,0.09,0.00,STATIONARY
3995,0.0115,0.10,0.01,STATIONARY
3997,0.0115,0.12,0.02,STATIONARY
4000,0.0112,0.13,0.02,STATIONARY
4001,0.0052,0.13,0.03,STATIONARY
4003,0.0002,0.12,0.03,STATIONARY
4006,-0.0003,0.11,0.04,STATIONARY
4007,-0.0065,0.09,0.04,STATIONARY
4009,-0.0043,0.07,0.04,STATIONARY
4012,-0.0016,0.06,0.04,STATIONARY
4013,0.0039,0.06,0.04,STATIONARY
4015,0.0040,0.07,0.05,STATIONARY
4018,-0.0043,0.05,0.05,STATIONARY
4019,-0.0024,0.05,0.05,STATIONARY
4022,0.0052,0.05,0.05,STATIONARY
4024,0.0026,0.05,0.05,STATIONARY
4025,-0.0011,0.05,0.05,STATIONARY
4027,0.0028,0.05,0.05,STATIONARY
4029,0.0005,0.04,0.05,STATIONARY
4031,0.0008,0.04,0.05,STATIONARY
4033,0.0004,0.04,0.05,STATIONARY
4035,0.0004,0.04,0.05,STATIONARY
4037,-0.0079,0.02,0.04,STATIONARY
4039,-0.0172,-0.01,0.04,STATIONARY
4041,-0.0190,-0.05,0.04,STATIONARY
4044,-0.0102,-0.06,0.03,STATIONARY
4045,-0.0037,-0.06,0.02,STATIONARY
4048,0.0038,-0.05,0.02,STATIONARY
4050,0.0052,-0.04,0.02,STATIONARY
4051,0.0019,-0.03,0.01,STATIONARY
4054,-0.0036,-0.04,0.01,STATIONARY
4055,-0.0012,-0.04,0.01,STATIONARY
4057,-0.0043,-0.04,0.00,STATIONARY
4060,-0.0041,-0.04,0.00,STATIONARY
4061,0.0032,-0.04,-0.00,STATIONARY
4063,-0.0019,-0.04,-0.00,STATIONARY
4065,-0.0107,-0.05,-0.01,STATIONARY
4067,-0.0018,-0.05,-0.01,STATIONARY
4069,0.0062,-0.04,-0.01,STATIONARY
4071,0.0034,-0.03,-0.01,STATIONARY
4073,0.0026,-0.02,-0.01,STATIONARY
4076,0.0042,-0.01,-0.01,STATIONARY
4077,0.0024,-0.01,-0.01,STATIONARY
4079,0.0069,0.01,-0.01,STATIONARY
4081,0.0056,0.02,-0.01,STATIONARY
4083,-0.0044,0.01,-0.01,STATIONARY
4086,0.0076,0.02,-0.01,STATIONARY
4087,0.0083,0.03,-0.00,STATIONARY
4089,0.0026,0.04,-0.00,STATIONARY
4092,0.0048,0.04,0.00,STATIONARY
4093,0.0073,0.05,0.00,STATIONARY
4095,0.0169,0.08,0.01,STATIONARY
4098,0.0116,0.09,0.01,STATIONARY
4099,0.0017,0.09,0.02,STATIONARY
4102,-0.0068,0.07,0.02,STATIONARY
4103,-0.0053,0.05,0.02,STATIONARY
4105,-0.0020,0.05,0.03,STATIONARY
4107,0.0027,0.05,0.03,STATIONARY
4109,0.0036,0.05,0.03,STATIONARY
4111,-0.0024,0.04,0.03,STATIONARY
4113,-0.0011,0.04,0.03,STATIONARY
4115,-0.0047,0.03,0.03,STATIONARY
4117,-0.0054,0.01,0.03,STATIONARY
4119,0.0019,0.02,0.03,STATIONARY
4121,0.0064,0.03,0.03,STATIONARY
4124,0.0095,0.04,0.03,STATIONARY
4125,0.0153,0.07,0.03,STATIONARY
4128,0.0079,0.08,0.03,STATIONARY
4130,0.0045,0.08,0.04,STATIONARY
4131,0.0009,0.07,0.04,STATIONARY
4133,0.0108,0.09,0.04,STATIONARY
4135,0.0017,0.08,0.04,STATIONARY
4137,0.0037,0.08,0.05,STATIONARY
4140,0.0038,0.08,0.05,STATIONARY
4141,0.0037,0.08,0.05,STATIONARY
4143,0.0039,0.08,0.05,STATIONARY
4145,0.0069,0.09,0.05,STATIONARY
4147,0.0084,0.10,0.06,STATIONARY
4150,0.0078,0.11,0.06,STATIONARY
4151,0.0088,0.11,0.06,STATIONARY
4153,-0.0005,0.10,0.07,STATIONARY
4155,0.0040,0.10,0.07,STATIONARY
4157,-0.0000,0.09,0.07,STATIONARY
4159,0.0102,0.11,0.07,STATIONARY
4162,0.0074,0.11,0.07,STATIONARY
4163,-0.0059,0.09,0.07,STATIONARY
4165,-0.0071,0.07,0.07,STATIONARY
4167,-0.0072,0.05,0.07,STATIONARY
4169,-0.0106,0.03,0.07,STATIONARY
4171,-0.0058,0.02,0.07,STATIONARY
4173,-0.0036,0.01,0.06,STATIONARY
4175,0.0025,0.01,0.06,STATIONARY
4178,0.0042,0.02,0.06,STATIONARY
4179,0.0015,0.02,0.06,STATIONARY
4181,0.0075,0.03,0.05,STATIONARY
4184,0.0138,0.05,0.05,STATIONARY
4185,0.0100,0.07,0.06,STATIONARY
4187,0.0048,0.07,0.06,STATIONARY
4189,0.0024,0.07,0.06,STATIONARY
4191,-0.0033,0.06,0.06,STATIONARY
4193,-0.0031,0.05,0.06,STATIONARY
4195,-0.0008,0.04,0.06,STATIONARY
4197,0.0057,0.05,0.06,STATIONARY
4200,-0.0011,0.04,0.05,STATIONARY
4201,-0.0033,0.03,0.05,STATIONARY
4203,-0.0010,0.03,0.05,STATIONARY
4205,-0.0048,0.02,0.05,STATIONARY
4207,-0.0070,0.00,0.05,STATIONARY
4209,-0.0079,-0.01,0.04,STATIONARY
4211,-0.0020,-0.01,0.04,STATIONARY
4213,-0.0021,-0.02,0.04,STATIONARY
4216,-0.0014,-0.02,0.03,STATIONARY
4217,-0.0019,-0.02,0.03,STATIONARY
4219,-0.0015,-0.02,0.03,STATIONARY
4221,0.0037,-0.01,0.03,STATIONARY
4224,0.0128,0.01,0.02,STATIONARY
4225,0.0015,0.01,0.02,STATIONARY
4227,0.0025,0.02,0.02,STATIONARY
4229,-0.0023,0.01,0.02,STATIONARY
4231,-0.0031,0.01,0.02,STATIONARY
4233,-0.0061,-0.01,0.02,STATIONARY
4235,0.0030,-0.00,0.02,STATIONARY
4237,0.0032,0.01,0.02,STATIONARY
4239,-0.0028,-0.00,0.02,STATIONARY
4241,-0.0013,-0.00,0.02,STATIONARY
4243,0.0070,0.01,0.02,STATIONARY
4245,0.0099,0.03,0.02,STATIONARY
4247,0.0119,0.05,0.02,STATIONARY
4249,0.0104,0.06,0.02,STATIONARY
4251,0.0029,0.06,0.02,STATIONARY
4253,0.0071,0.07,0.03,STATIONARY
4255,-0.0039,0.06,0.03,STATIONARY
4257,-0.0042,0.05,0.03,STATIONARY
4259,0.0084,0.06,0.03,STATIONARY
4261,0.0103,0.07,0.03,STATIONARY
4264,0.0044,0.07,0.04,STATIONARY
4265,0.0013,0.07,0.04,STATIONARY
4267,0.0071,0.08,0.04,STATIONARY
4270,0.0093,0.09,0.04,STATIONARY
4271,0.0042,0.09,0.05,STATIONARY
4274,-0.0045,0.07,0.05,STATIONARY
4275,-0.0029,0.06,0.05,STATIONARY
4277,-0.0032,0.05,0.05,STATIONARY
4279,-0.0089,0.03,0.05,STATIONARY
4282,-0.0024,0.02,0.05,STATIONARY
4283,0.0007,0.02,0.04,STATIONARY
4286,-0.0022,0.02,0.04,STATIONARY
4287,-0.0042,0.01,0.04,STATIONARY
4289,-0.0027,0.00,0.04,STATIONARY
4291,-0.0003,0.00,0.04,STATIONARY
4293,0.0004,0.00,0.03,STATIONARY
4296,0.0079,0.02,0.03,STATIONARY
4297,0.0113,0.04,0.03,STATIONARY
4299,0.0112,0.05,0.04,STATIONARY
4302,0.0048,0.06,0.04,STATIONARY
4303,0.0017,0.06,0.04,STATIONARY
4305,-0.0032,0.05,0.04,STATIONARY
4307,0.0032,0.05,0.04,STATIONARY
4309,0.0141,0.07,0.04,STATIONARY
4311,0.0170,0.10,0.04,STATIONARY
4313,0.0005,0.09,0.05,STATIONARY
4315,-0.0013,0.08,0.05,STATIONARY
4317,-0.0018,0.07,0.05,STATIONARY
4319,0.0057,0.08,0.05,STATIONARY
4321,0.0126,0.09,0.05,STATIONARY
4323,0.0048,0.09,0.06,STATIONARY
4325,-0.0005,0.09,0.06,STATIONARY
4327,-0.0016,0.08,0.06,STATIONARY
4329,0.0037,0.08,0.06,STATIONARY
4331,0.0095,0.09,0.06,STATIONARY
4333,0.0029,0.09,0.06,STATIONARY
4335,-0.0004,0.08,0.06,STATIONARY
4337,-0.0019,0.07,0.06,STATIONARY
4339,-0.0066,0.05,0.06,STATIONARY
4341,-0.0015,0.04,0.06,STATIONARY
4344,0.0021,0.04,0.06,STATIONARY
4345,0.0134,0.07,0.06,STATIONARY
4348,0.0131,0.08,0.06,STATIONARY
4349,0.0140,0.10,0.07,STATIONARY
4351,0.0159,0.12,0.07,STATIONARY
4353,0.0165,0.14,0.07,STATIONARY
4355,0.0082,0.15,0.08,STATIONARY
4357,0.0001,0.14,0.08,STATIONARY
4359,0.0101,0.14,0.08,STATIONARY
4361,-0.0015,0.13,0.09,STATIONARY
4363,-0.0016,0.12,0.09,STATIONARY
4365,0.0083,0.12,0.09,STATIONARY
4367,0.0094,0.13,0.09,STATIONARY
4369,0.0107,0.14,0.10,STATIONARY
4371,0.0176,0.16,0.10,STATIONARY
4373,0.0178,0.18,0.10,STATIONARY
4376,0.0217,0.21,0.11,STATIONARY
4377,0.0113,0.21,0.12,STATIONARY
4379,0.0115,0.21,0.12,STATIONARY
4381,0.0073,0.21,0.13,STATIONARY
4383,0.0028,0.20,0.13,STATIONARY
4385,-0.0026,0.18,0.13,STATIONARY
4388,-0.0073,0.15,0.14,STATIONARY
4389,-0.0055,0.13,0.14,STATIONARY
4392,0.0007,0.12,0.13,STATIONARY
4393,0.0006,0.11,0.13,STATIONARY
4395,-0.0008,0.10,0.13,STATIONARY
4397,-0.0009,0.09,0.13,STATIONARY
4399,-0.0110,0.06,0.12,STATIONARY
4401,-0.0093,0.04,0.12,STATIONARY
4404,-0.0044,0.03,0.11,STATIONARY
4405,-0.0067,0.02,0.11,STATIONARY
4407,-0.0025,0.01,0.10,STATIONARY
4409,0.0087,0.02,0.10,STATIONARY
4411,0.0050,0.03,0.09,STATIONARY
4413,0.0039,0.04,0.09,STATIONARY
4415,0.0020,0.04,0.09,STATIONARY
4417,0.0078,0.05,0.09,STATIONARY
4419,0.0077,0.06,0.08,STATIONARY
4421,0.0013,0.06,0.08,STATIONARY
4423,0.0018,0.06,0.08,STATIONARY
4425,0.0045,0.06,0.08,STATIONARY
4427,0.0150,0.08,0.08,STATIONARY
4430,0.0067,0.09,0.08,STATIONARY
4431,-0.0001,0.08,0.08,STATIONARY
4433,0.0029,0.08,0.08,STATIONARY
4435,0.0015,0.08,0.08,STATIONARY
4437,0.0012,0.07,0.08,STATIONARY
4439,0.0017,0.07,0.08,STATIONARY
4442,0.0073,0.08,0.08,STATIONARY
4443,0.0118,0.09,0.08,STATIONARY
4445,0.0089,0.10,0.08,STATIONARY
4447,0.0028,0.10,0.08,STATIONARY
4449,0.0032,0.10,0.08,STATIONARY
4452,0.0056,0.10,0.08,STATIONARY
4453,0.0065,0.10,0.08,STATIONARY
4455,0.0029,0.10,0.09,STATIONARY
4457,0.0038,0.10,0.09,STATIONARY
4459,0.0005,0.09,0.09,STATIONARY
4462,-0.0033,0.08,0.09,STATIONARY
4464,0.0012,0.07,0.09,STATIONARY
4465,-0.0023,0.06,0.08,STATIONARY
4467,-0.0036,0.05,0.08,STATIONARY
4469,-0.0041,0.04,0.08,STATIONARY
4471,0.0050,0.05,0.08,STATIONARY
4473,0.0131,0.07,0.08,STATIONARY
4476,0.0090,0.08,0.08,STATIONARY
4477,0.0180,0.10,0.08,STATIONARY
4479,0.0177,0.13,0.08,STATIONARY
4481,0.0111,0.14,0.09,STATIONARY
4483,0.0035,0.13,0.09,STATIONARY
4485,0.0043,0.13,0.09,STATIONARY
4487,0.0077,0.14,0.09,STATIONARY
4489,0.0127,0.15,0.10,STATIONARY
4491,0.0154,0.16,0.10,STATIONARY
4493,-0.0001,0.15,0.10,STATIONARY
4495,0.0026,0.14,0.11,STATIONARY
4497,0.0153,0.16,0.11,STATIONARY
4500,0.0095,0.17,0.11,STATIONARY
4501,0.0050,0.16,0.12,STATIONARY
4503,0.0013,0.15,0.12,STATIONARY
4505,-0.0021,0.14,0.12,STATIONARY
4507,0.0005,0.13,0.12,STATIONARY
4509,0.0096,0.13,0.12,STATIONARY
4511,0.0170,0.15,0.12,STATIONARY
4513,0.0207,0.18,0.13,STATIONARY
4515,0.0183,0.20,0.13,STATIONARY
4518,0.0091,0.20,0.13,STATIONARY
4519,-0.0008,0.18,0.14,STATIONARY
4522,-0.0099,0.15,0.14,STATIONARY
4523,-0.0020,0.13,0.14,STATIONARY
4525,0.0072,0.14,0.14,STATIONARY
4527,0.0003,0.13,0.14,STATIONARY
4529,-0.0008,0.11,0.14,STATIONARY
4531,0.0009,0.11,0.13,STATIONARY
4533,-0.0016,0.10,0.13,STATIONARY
4535,0.0023,0.09,0.13,STATIONARY
4537,0.0021,0.09,0.13,STATIONARY
4539,0.0053,0.09,0.12,STATIONARY
4541,0.0124,0.11,0.12,STATIONARY
4543,0.0104,0.12,0.12,STATIONARY
4545,0.0064,0.12,0.12,STATIONARY
4548,0.0021,0.11,0.12,STATIONARY
4549,0.0020,0.11,0.12,STATIONARY
4551,0.0095,0.12,0.12,STATIONARY
4554,0.0037,0.11,0.12,STATIONARY
4555,0.0000,0.11,0.12,STATIONARY
4557,0.0098,0.12,0.12,STATIONARY
4560,0.0114,0.13,0.12,STATIONARY
4561,0.0145,0.14,0.12,STATIONARY
4563,0.0160,0.16,0.12,STATIONARY
4565,0.0222,0.19,0.13,STATIONARY
4567,0.0159,0.20,0.13,STATIONARY
4569,0.0088,0.20,0.14,STATIONARY
4571,0.0153,0.22,0.14,STATIONARY
4573,0.0151,0.23,0.15,STATIONARY
4576,0.0036,0.21,0.15,STATIONARY
4577,0.0022,0.20,0.15,STATIONARY
4579,0.0036,0.19,0.16,STATIONARY
4581,0.0041,0.18,0.16,STATIONARY
4583,-0.0011,0.17,0.16,STATIONARY
4586,0.0046,0.16,0.16,STATIONARY
4587,0.0030,0.15,0.16,STATIONARY
4589,0.0017,0.15,0.16,STATIONARY
4591,-0.0010,0.13,0.16,STATIONARY
4593,-0.0005,0.12,0.15,STATIONARY
4595,0.0026,0.12,0.15,STATIONARY
4598,0.0089,0.12,0.15,STATIONARY
4599,0.0134,0.14,0.15,STATIONARY
4602,0.0139,0.15,0.15,STATIONARY
4603,0.0156,0.17,0.15,STATIONARY
4605,0.0189,0.19,0.15,STATIONARY
4607,0.0118,0.20,0.16,STATIONARY
4609,0.0104,0.20,0.16,STATIONARY
4611,0.0043,0.19,0.16,STATIONARY
4613,0.0065,0.19,0.16,STATIONARY
4615,0.0138,0.20,0.16,STATIONARY
4617,0.0155,0.21,0.17,STATIONARY
4619,0.0046,0.20,0.17,STATIONARY
4621,0.0084,0.20,0.17,STATIONARY
4624,0.0067,0.20,0.17,STATIONARY
4626,0.0005,0.18,0.17,STATIONARY
4627,-0.0066,0.16,0.17,STATIONARY
4629,0.0069,0.16,0.17,STATIONARY
4631,0.0066,0.16,0.17,STATIONARY
4633,0.0045,0.15,0.17,STATIONARY
4635,0.0043,0.15,0.17,STATIONARY
4637,-0.0027,0.13,0.17,STATIONARY
4639,-0.0092,0.10,0.16,STATIONARY
4641,-0.0140,0.07,0.16,STATIONARY
4643,-0.0042,0.06,0.15,STATIONARY
4646,0.0036,0.06,0.15,STATIONARY
4647,0.0144,0.08,0.14,STATIONARY
4649,0.0102,0.09,0.14,STATIONARY
4651,0.0093,0.10,0.14,STATIONARY
4653,0.0053,0.10,0.13,STATIONARY
4655,0.0057,0.11,0.13,STATIONARY
4657,0.0041,0.10,0.13,STATIONARY
4659,-0.0017,0.09,0.13,STATIONARY
4662,-0.0045,0.08,0.13,STATIONARY
4663,0.0016,0.07,0.12,STATIONARY
4665,0.0010,0.07,0.12,STATIONARY
4667,0.0002,0.06,0.12,STATIONARY
4669,0.0057,0.07,0.11,STATIONARY
4671,0.0021,0.07,0.11,STATIONARY
4673,0.0079,0.08,0.11,STATIONARY
4676,0.0144,0.10,0.11,STATIONARY
4678,0.0031,0.10,0.11,STATIONARY
4679,-0.0021,0.08,0.11,STATIONARY
4681,-0.0020,0.07,0.10,STATIONARY
4683,0.0045,0.08,0.10,STATIONARY
4685,0.0025,0.07,0.10,STATIONARY
4687,-0.0038,0.06,0.10,STATIONARY
4689,-0.0034,0.05,0.10,STATIONARY
4691,-0.0014,0.04,0.09,STATIONARY
4694,0.0080,0.06,0.09,STATIONARY
4695,0.0073,0.06,0.09,STATIONARY
4697,0.0083,0.07,0.09,STATIONARY
4699,0.0082,0.08,0.09,STATIONARY
4701,0.0072,0.09,0.09,STATIONARY
4703,0.0057,0.09,0.09,STATIONARY
4705,0.0023,0.09,0.09,STATIONARY
4707,0.0055,0.09,0.09,STATIONARY
4709,0.0042,0.09,0.09,STATIONARY
4711,0.0060,0.10,0.09,STATIONARY
4713,0.0027,0.09,0.09,STATIONARY
4715,0.0047,0.10,0.09,STATIONARY
4717,0.0004,0.09,0.09,STATIONARY
4719,-0.0097,0.06,0.09,STATIONARY
4721,-0.0048,0.05,0.09,STATIONARY
4723,-0.0057,0.04,0.08,STATIONARY
4726,-0.0002,0.03,0.08,STATIONARY
4727,0.0041,0.04,0.08,STATIONARY
4729,0.0009,0.04,0.08,STATIONARY
4732,0.0075,0.05,0.07,STATIONARY
4733,0.0098,0.06,0.07,STATIONARY
4735,0.0051,0.07,0.07,STATIONARY
4737,0.0098,0.08,0.07,STATIONARY
4739,0.0062,0.08,0.07,STATIONARY
4742,0.0126,0.10,0.07,STATIONARY
4743,0.0112,0.11,0.08,STATIONARY
4745,0.0043,0.11,0.08,STATIONARY
4747,0.0017,0.11,0.08,STATIONARY
4749,0.0024,0.10,0.08,STATIONARY
4751,0.0122,0.12,0.08,STATIONARY
4753,0.0092,0.12,0.09,STATIONARY
4755,0.0057,0.12,0.09,STATIONARY
4757,0.0075,0.13,0.09,STATIONARY
4759,0.0116,0.14,0.09,STATIONARY
4761,0.0067,0.14,0.10,STATIONARY
4764,0.0017,0.13,0.10,STATIONARY
4765,-0.0016,0.12,0.10,STATIONARY
4767,0.0061,0.12,0.10,STATIONARY
4770,0.0011,0.11,0.10,STATIONARY
4771,-0.0007,0.10,0.10,STATIONARY
4773,0.0115,0.12,0.10,STATIONARY
4775,0.0148,0.13,0.10,STATIONARY
4777,0.0046,0.13,0.11,STATIONARY
4779,-0.0045,0.11,0.11,STATIONARY
4781,0.0001,0.10,0.11,STATIONARY
4783,0.0062,0.11,0.11,STATIONARY
4786,0.0009,0.10,0.11,STATIONARY
4787,-0.0032,0.09,0.10,STATIONARY
4790,-0.0051,0.07,0.10,STATIONARY
4791,0.0027,0.07,0.10,STATIONARY
4793,0.0046,0.07,0.10,STATIONARY
4795,0.0014,0.07,0.10,STATIONARY
4797,-0.0033,0.06,0.09,STATIONARY
4799,-0.0024,0.05,0.09,STATIONARY
4801,0.0073,0.06,0.09,STATIONARY
4803,0.0174,0.09,0.09,STATIONARY
4805,0.0171,0.11,0.09,STATIONARY
4807,0.0157,0.13,0.09,STATIONARY
4809,0.0121,0.14,0.10,STATIONARY
4812,0.0080,0.15,0.10,STATIONARY
4813,-0.0029,0.13,0.10,STATIONARY
4815,-0.0072,0.11,0.10,STATIONARY
4817,-0.0025,0.09,0.10,STATIONARY
4819,-0.0002,0.08,0.10,STATIONARY
4821,-0.0063,0.07,0.10,STATIONARY
4823,0.0049,0.07,0.10,STATIONARY
4825,0.0081,0.08,0.10,STATIONARY
4827,0.0110,0.09,0.09,STATIONARY
4829,0.0129,0.11,0.10,STATIONARY
4831,0.0117,0.12,0.10,STATIONARY
4833,0.0054,0.12,0.10,STATIONARY
4835,0.0015,0.12,0.10,STATIONARY
4837,0.0042,0.11,0.10,STATIONARY
4839,-0.0001,0.10,0.10,STATIONARY
4841,-0.0036,0.09,0.10,STATIONARY
4844,0.0010,0.08,0.10,STATIONARY
4845,-0.0014,0.08,0.10,STATIONARY
4847,-0.0069,0.06,0.10,STATIONARY
4850,-0.0006,0.05,0.09,STATIONARY
4851,0.0011,0.05,0.09,STATIONARY
4853,0.0033,0.05,0.09,STATIONARY
4856,0.0063,0.06,0.09,STATIONARY
4857,0.0047,0.06,0.08,STATIONARY
4860,0.0119,0.08,0.08,STATIONARY
4861,0.0110,0.09,0.08,STATIONARY
4864,0.0075,0.10,0.09,STATIONARY
4865,0.0065,0.10,0.09,STATIONARY
4868,0.0088,0.11,0.09,STATIONARY
4869,0.0019,0.11,0.09,STATIONARY
4872,0.0012,0.10,0.09,STATIONARY
4873,-0.0011,0.09,0.09,STATIONARY
4876,0.0081,0.10,0.09,STATIONARY
4877,0.0176,0.12,0.09,STATIONARY
4879,0.0117,0.13,0.09,STATIONARY
4882,0.0031,0.13,0.10,STATIONARY
4884,0.0068,0.13,0.10,STATIONARY
4885,0.0005,0.12,0.10,STATIONARY
4888,0.0049,0.12,0.10,STATIONARY
4889,0.0050,0.12,0.10,STATIONARY
4891,0.0001,0.11,0.10,STATIONARY
4893,-0.0025,0.10,0.10,STATIONARY
4895,-0.0036,0.08,0.10,STATIONARY
4898,-0.0006,0.08,0.10,STATIONARY
4899,-0.0058,0.06,0.10,STATIONARY
4901,-0.0049,0.04,0.09,STATIONARY
4904,-0.0086,0.03,0.09,STATIONARY
4905,-0.0012,0.02,0.09,STATIONARY
4907,0.0115,0.04,0.08,STATIONARY
4909,0.0112,0.06,0.08,STATIONARY
4911,0.0136,0.08,0.08,STATIONARY
4913,0.0109,0.09,0.08,STATIONARY
4915,0.0124,0.11,0.08,STATIONARY
4917,0.0107,0.12,0.09,STATIONARY
4919,0.0167,0.14,0.09,STATIONARY
4921,0.0110,0.15,0.09,STATIONARY
4924,0.0078,0.15,0.10,STATIONARY
4925,-0.0007,0.14,0.10,STATIONARY
4927,-0.0006,0.13,0.10,STATIONARY
4930,-0.0010,0.11,0.10,STATIONARY
4931,-0.0003,0.10,0.10,STATIONARY
4933,0.0022,0.10,0.10,STATIONARY
4935,0.0186,0.13,0.10,STATIONARY
4937,0.0218,0.16,0.11,STATIONARY
4939,0.0154,0.17,0.11,STATIONARY
4942,0.0086,0.17,0.11,STATIONARY
4943,0.0132,0.18,0.12,STATIONARY
4946,0.0129,0.19,0.12,STATIONARY
4947,0.0102,0.20,0.13,STATIONARY
4949,0.0081,0.20,0.13,STATIONARY
4951,0.0133,0.20,0.14,STATIONARY
4953,0.0122,0.21,0.14,STATIONARY
4955,0.0017,0.20,0.14,STATIONARY
4957,-0.0015,0.18,0.15,STATIONARY
4959,0.0016,0.17,0.15,STATIONARY
4961,0.0001,0.15,0.15,STATIONARY
4963,0.0012,0.14,0.15,STATIONARY
4965,0.0012,0.13,0.15,STATIONARY
4967,-0.0064,0.11,0.14,STATIONARY
4969,-0.0093,0.09,0.14,STATIONARY
4971,0.0046,0.09,0.14,STATIONARY
4973,0.0151,0.11,0.14,STATIONARY
4975,0.0160,0.13,0.14,STATIONARY
4977,0.0076,0.13,0.14,STATIONARY
4979,0.0055,0.13,0.14,STATIONARY
4981,0.0045,0.13,0.13,STATIONARY
4984,0.0142,0.15,0.14,STATIONARY
4986,0.0144,0.16,0.14,STATIONARY
4987,0.0112,0.17,0.14,STATIONARY
4989,0.0097,0.17,0.14,STATIONARY
4992,0.0092,0.18,0.14,STATIONARY
4993,0.0022,0.17,0.14,STATIONARY
4995,-0.0043,0.14,0.14,STATIONARY
4998,-0.0095,0.12,0.14,STATIONARY
4999,-0.0036,0.10,0.14,STATIONARY
5001,-0.0031,0.09,0.14,STATIONARY
5003,0.0034,0.09,0.13,STATIONARY
5005,0.0136,0.10,0.13,STATIONARY
5007,0.0200,0.13,0.13,STATIONARY
5009,0.0154,0.15,0.13,STATIONARY
5011,0.0030,0.14,0.13,STATIONARY
5013,0.0044,0.14,0.13,STATIONARY
5015,-0.0011,0.13,0.13,STATIONARY
5018,0.0057,0.13,0.13,STATIONARY
5019,0.0058,0.13,0.13,STATIONARY
5022,0.0002,0.12,0.13,STATIONARY
5023,-0.0004,0.11,0.13,STATIONARY
5025,-0.0024,0.09,0.13,STATIONARY
5028,0.0018,0.09,0.13,STATIONARY
5029,0.0069,0.10,0.12,STATIONARY
5031,0.0119,0.11,0.12,STATIONARY
5033,0.0045,0.11,0.12,STATIONARY
5035,0.0067,0.11,0.12,STATIONARY
5037,0.0044,0.11,0.12,STATIONARY
5039,0.0105,0.12,0.12,STATIONARY
5041,0.0111,0.13,0.12,STATIONARY
5044,0.0012,0.12,0.12,STATIONARY
5046,-0.0064,0.10,0.12,STATIONARY
5047,0.0028,0.10,0.12,STATIONARY
5049,0.0070,0.10,0.12,STATIONARY
5051,0.0125,0.12,0.12,STATIONARY
5054,0.0086,0.13,0.12,STATIONARY
5055,-0.0034,0.11,0.12,STATIONARY
5057,0.0028,0.11,0.12,STATIONARY
5060,0.0058,0.11,0.12,STATIONARY
5061,0.0081,0.11,0.12,STATIONARY
5063,0.0104,0.12,0.12,STATIONARY
5065,0.0085,0.13,0.12,STATIONARY
5067,0.0179,0.15,0.12,STATIONARY
5070,0.0086,0.16,0.12,STATIONARY
5071,0.0106,0.16,0.13,STATIONARY
5073,0.0018,0.15,0.13,STATIONARY
5076,0.0036,0.15,0.13,STATIONARY
5078,0.0128,0.16,0.13,STATIONARY
5079,0.0193,0.18,0.13,STATIONARY
5081,0.0111,0.19,0.14,STATIONARY
5083,0.0019,0.18,0.14,STATIONARY
5085,-0.0011,0.16,0.14,STATIONARY
5087,-0.0001,0.15,0.14,STATIONARY
5090,0.0017,0.14,0.14,STATIONARY
5092,0.0056,0.14,0.14,STATIONARY
5093,0.0120,0.15,0.14,STATIONARY
5095,0.0127,0.16,0.14,STATIONARY
5097,0.0127,0.17,0.14,STATIONARY
5099,0.0030,0.16,0.14,STATIONARY
5101,-0.0005,0.15,0.14,STATIONARY
5103,0.0043,0.14,0.14,STATIONARY
5105,-0.0041,0.13,0.14,STATIONARY
5108,-0.0056,0.11,0.14,STATIONARY
5109,0.0007,0.10,0.14,STATIONARY
5111,-0.0075,0.08,0.14,STATIONARY
5114,-0.0127,0.05,0.13,STATIONARY
5115,-0.0088,0.03,0.12,STATIONARY
5117,-0.0068,0.01,0.12,STATIONARY
5119,-0.0023,0.01,0.11,STATIONARY
5121,0.0094,0.02,0.11,STATIONARY
5124,0.0095,0.04,0.10,STATIONARY
5125,-0.0040,0.03,0.10,STATIONARY
5127,-0.0108,0.01,0.09,STATIONARY
5130,-0.0059,-0.00,0.09,STATIONARY
5131,-0.0045,-0.01,0.08,STATIONARY
5133,-0.0034,-0.02,0.07,STATIONARY
5135,-0.0013,-0.02,0.07,STATIONARY
5137,0.0093,-0.00,0.06,STATIONARY
5139,0.0087,0.02,0.06,STATIONARY
5141,0.0030,0.02,0.06,STATIONARY
5143,0.0030,0.02,0.06,STATIONARY
5145,0.0052,0.03,0.06,STATIONARY
5147,0.0010,0.03,0.05,STATIONARY
5149,-0.0061,0.02,0.05,STATIONARY
5152,-0.0009,0.01,0.05,STATIONARY
5153,0.0078,0.03,0.05,STATIONARY
5155,-0.0012,0.02,0.05,STATIONARY
5157,0.0048,0.03,0.05,STATIONARY
5159,0.0111,0.05,0.05,STATIONARY
5162,0.0082,0.06,0.05,STATIONARY
5163,0.0074,0.07,0.05,STATIONARY
5165,0.0050,0.07,0.05,STATIONARY
5167,-0.0027,0.06,0.05,STATIONARY
5169,0.0053,0.07,0.05,STATIONARY
5171,0.0089,0.08,0.05,STATIONARY
5173,0.0165,0.10,0.06,STATIONARY
5175,0.0146,0.12,0.06,STATIONARY
5178,0.0110,0.13,0.06,STATIONARY
5179,0.0078,0.13,0.07,STATIONARY
5181,0.0164,0.15,0.07,STATIONARY
5184,0.0106,0.16,0.08,STATIONARY
5185,-0.0008,0.15,0.08,STATIONARY
5188,0.0062,0.15,0.09,STATIONARY
5189,0.0038,0.14,0.09,STATIONARY
5191,0.0117,0.15,0.09,STATIONARY
5194,0.0047,0.15,0.10,STATIONARY
5196,0.0032,0.14,0.10,STATIONARY
5197,0.0050,0.14,0.10,STATIONARY
5199,0.0021,0.13,0.10,STATIONARY
5201,-0.0010,0.12,0.10,STATIONARY
5203,0.0012,0.11,0.10,STATIONARY
5205,0.0016,0.11,0.10,STATIONARY
5207,-0.0022,0.09,0.10,STATIONARY
5209,-0.0096,0.07,0.10,STATIONARY
5211,-0.0077,0.05,0.10,STATIONARY
5213,-0.0023,0.04,0.10,STATIONARY
5215,0.0100,0.06,0.09,STATIONARY
5217,0.0068,0.06,0.09,STATIONARY
5219,0.0028,0.06,0.09,STATIONARY
5221,-0.0064,0.05,0.09,STATIONARY
5223,-0.0100,0.03,0.08,STATIONARY
5225,-0.0143,-0.00,0.08,STATIONARY
5227,-0.0078,-0.02,0.07,STATIONARY
5229,-0.0015,-0.02,0.07,STATIONARY
5231,0.0066,-0.00,0.06,STATIONARY
5233,0.0106,0.02,0.06,STATIONARY
5235,0.0095,0.03,0.06,STATIONARY
5237,0.0128,0.05,0.06,STATIONARY
5239,0.0082,0.06,0.06,STATIONARY
5242,0.0068,0.07,0.06,STATIONARY
5243,0.0163,0.10,0.06,STATIONARY
5245,0.0140,0.11,0.06,STATIONARY
5247,0.0040,0.11,0.07,STATIONARY
5249,-0.0001,0.10,0.07,STATIONARY
5251,-0.0030,0.09,0.07,STATIONARY
5253,-0.0074,0.07,0.07,STATIONARY
5255,-0.0140,0.04,0.07,STATIONARY
5257,-0.0138,0.01,0.06,STATIONARY
5259,-0.0105,-0.01,0.06,STATIONARY
5261,-0.0029,-0.02,0.06,STATIONARY
5264,0.0065,-0.00,0.05,STATIONARY
5265,0.0178,0.03,0.05,STATIONARY
5267,0.0149,0.06,0.05,STATIONARY
5269,0.0062,0.06,0.05,STATIONARY
5271,-0.0025,0.05,0.05,STATIONARY
5273,-0.0066,0.04,0.05,STATIONARY
5275,0.0019,0.04,0.05,STATIONARY
5277,0.0089,0.05,0.05,STATIONARY
5280,0.0028,0.05,0.05,STATIONARY
5282,0.0014,0.05,0.05,STATIONARY
5283,0.0161,0.08,0.05,STATIONARY
5286,0.0124,0.09,0.05,STATIONARY
5287,0.0063,0.10,0.06,STATIONARY
5289,0.0040,0.10,0.06,STATIONARY
5291,0.0058,0.10,0.06,STATIONARY
5293,0.0001,0.09,0.06,STATIONARY
5296,-0.0021,0.08,0.06,STATIONARY
5297,0.0040,0.08,0.07,STATIONARY
5299,-0.0033,0.07,0.07,STATIONARY
5302,-0.0054,0.05,0.06,STATIONARY
5303,0.0004,0.05,0.06,STATIONARY
5305,0.0068,0.06,0.06,STATIONARY
5307,0.0010,0.06,0.06,STATIONARY
5309,-0.0037,0.04,0.06,STATIONARY
5312,-0.0073,0.03,0.06,STATIONARY
5313,-0.0053,0.02,0.06,STATIONARY
5316,-0.0096,-0.00,0.05,STATIONARY
5317,-0.0083,-0.02,0.05,STATIONARY
5319,-0.0020,-0.02,0.05,STATIONARY
5321,0.0089,-0.00,0.04,STATIONARY
5323,0.0148,0.02,0.04,STATIONARY
5325,0.0070,0.04,0.04,STATIONARY
5327,0.0048,0.04,0.04,STATIONARY
5329,0.0102,0.06,0.04,STATIONARY
5331,0.0068,0.06,0.04,STATIONARY
5333,0.0106,0.08,0.05,STATIONARY
5336,0.0012,0.08,0.05,STATIONARY
5337,-0.0044,0.06,0.05,STATIONARY
5339,0.0034,0.06,0.05,STATIONARY
5341,0.0093,0.07,0.05,STATIONARY
5343,0.0118,0.09,0.05,STATIONARY
5345,0.0167,0.11,0.06,STATIONARY
5347,0.0161,0.13,0.06,STATIONARY
5349,0.0104,0.14,0.07,STATIONARY
5351,-0.0017,0.13,0.07,STATIONARY
5353,0.0022,0.12,0.07,STATIONARY
5355,0.0075,0.13,0.08,STATIONARY
5357,-0.0040,0.11,0.08,STATIONARY
5359,-0.0020,0.10,0.08,STATIONARY
5361,0.0010,0.09,0.08,STATIONARY
5363,0.0022,0.09,0.08,STATIONARY
5366,-0.0004,0.08,0.08,STATIONARY
5367,0.0060,0.08,0.08,STATIONARY
5369,0.0089,0.09,0.08,STATIONARY
5371,0.0035,0.09,0.08,STATIONARY
5373,0.0018,0.09,0.08,STATIONARY
5375,-0.0001,0.08,0.08,STATIONARY
5377,0.0029,0.08,0.08,STATIONARY
5379,0.0014,0.08,0.08,STATIONARY
5382,-0.0026,0.07,0.08,STATIONARY
5384,-0.0114,0.04,0.08,STATIONARY
5385,-0.0129,0.01,0.07,STATIONARY
5387,-0.0033,0.00,0.07,STATIONARY
5389,-0.0026,-0.00,0.07,STATIONARY
5392,0.0036,0.01,0.06,STATIONARY
5393,0.0104,0.03,0.06,STATIONARY
5396,-0.0041,0.02,0.06,STATIONARY
5398,0.0047,0.02,0.06,STATIONARY
5399,0.0120,0.04,0.05,STATIONARY
5401,0.0114,0.06,0.06,STATIONARY
5403,0.0112,0.08,0.06,STATIONARY
5405,0.0038,0.08,0.06,STATIONARY
5407,0.0065,0.08,0.06,STATIONARY
5409,0.0025,0.08,0.06,STATIONARY
5411,0.0044,0.08,0.06,STATIONARY
5414,0.0037,0.08,0.06,STATIONARY
5415,-0.0033,0.07,0.06,STATIONARY
5417,0.0024,0.07,0.06,STATIONARY
5419,0.0089,0.08,0.06,STATIONARY
5421,0.0032,0.08,0.07,STATIONARY
5423,0.0002,0.07,0.07,STATIONARY
5425,-0.0031,0.06,0.07,STATIONARY
5427,-0.0012,0.05,0.07,STATIONARY
5429,-0.0075,0.04,0.06,STATIONARY
5431,-0.0009,0.03,0.06,STATIONARY
5433,0.0037,0.04,0.06,STATIONARY
5435,-0.0002,0.03,0.06,STATIONARY
5437,-0.0021,0.03,0.06,STATIONARY
5439,-0.0058,0.01,0.05,STATIONARY
5442,0.0019,0.02,0.05,STATIONARY
5443,0.0124,0.04,0.05,STATIONARY
5446,0.0045,0.04,0.05,STATIONARY
5447,0.0066,0.05,0.05,STATIONARY
5449,0.0049,0.06,0.05,STATIONARY
5451,-0.0052,0.04,0.05,STATIONARY
5453,-0.0060,0.03,0.05,STATIONARY
5455,0.0075,0.04,0.05,STATIONARY
5458,0.0099,0.05,0.05,STATIONARY
5459,0.0108,0.07,0.05,STATIONARY
5462,0.0187,0.10,0.05,STATIONARY
5463,0.0019,0.09,0.06,STATIONARY
5465,-0.0068,0.07,0.06,STATIONARY
5467,-0.0122,0.05,0.06,STATIONARY
5469,-0.0088,0.03,0.05,STATIONARY
5471,-0.0059,0.01,0.05,STATIONARY
5474,-0.0020,0.01,0.05,STATIONARY
5475,-0.0008,0.01,0.05,STATIONARY
5477,0.0035,0.01,0.04,STATIONARY
5479,0.0096,0.03,0.04,STATIONARY
5481,0.0074,0.04,0.04,STATIONARY
5484,0.0131,0.06,0.04,STATIONARY
5485,0.0186,0.09,0.05,STATIONARY
5487,0.0088,0.10,0.05,STATIONARY
5489,0.0167,0.12,0.05,STATIONARY
5491,0.0189,0.15,0.06,STATIONARY
5493,0.0072,0.15,0.07,STATIONARY
5495,0.0091,0.15,0.07,STATIONARY
5497,0.0195,0.18,0.08,STATIONARY
5499,0.0124,0.19,0.08,STATIONARY
5501,0.0000,0.17,0.09,STATIONARY
5503,0.0007,0.16,0.09,STATIONARY
5506,0.0024,0.15,0.10,STATIONARY
5507,0.0046,0.15,0.10,STATIONARY
5509,-0.0020,0.13,0.10,STATIONARY
5511,-0.0061,0.11,0.10,STATIONARY
5513,-0.0199,0.06,0.10,STATIONARY
5515,-0.0137,0.03,0.10,STATIONARY
5518,-0.0036,0.02,0.09,STATIONARY
5519,0.0063,0.03,0.09,STATIONARY
5521,0.0056,0.04,0.09,STATIONARY
5523,-0.0035,0.03,0.08,STATIONARY
5525,-0.0016,0.03,0.08,STATIONARY
5528,-0.0025,0.02,0.08,STATIONARY
5529,0.0083,0.03,0.07,STATIONARY
5531,0.0047,0.04,0.07,STATIONARY
5533,0.0008,0.04,0.07,STATIONARY
5535,-0.0073,0.02,0.07,STATIONARY
5537,-0.0074,0.01,0.06,STATIONARY
5539,-0.0068,-0.01,0.06,STATIONARY
5541,-0.0064,-0.02,0.05,STATIONARY
5544,-0.0061,-0.03,0.05,STATIONARY
5545,-0.0036,-0.03,0.04,STATIONARY
5548,-0.0053,-0.04,0.04,STATIONARY
5549,0.0010,-0.03,0.03,STATIONARY
5551,-0.0001,-0.03,0.03,STATIONARY
5554,0.0002,-0.03,0.03,STATIONARY
5555,-0.0031,-0.03,0.02,STATIONARY
5557,-0.0048,-0.04,0.02,STATIONARY
5560,-0.0036,-0.04,0.02,STATIONARY
5561,-0.0036,-0.05,0.01,STATIONARY
5563,0.0049,-0.03,0.01,STATIONARY
5565,0.0086,-0.01,0.01,STATIONARY
5567,0.0034,-0.01,0.01,STATIONARY
5569,0.0041,0.00,0.01,STATIONARY
5571,0.0017,0.00,0.01,STATIONARY
5573,-0.0013,0.00,0.01,STATIONARY
5575,-0.0065,-0.01,0.01,STATIONARY
5577,-0.0130,-0.03,0.00,STATIONARY
5579,-0.0133,-0.06,-0.00,STATIONARY
5581,-0.0031,-0.06,-0.00,STATIONARY
5583,0.0001,-0.05,-0.01,STATIONARY
5586,0.0060,-0.04,-0.01,STATIONARY
5587,0.0039,-0.03,-0.01,STATIONARY
5590,0.0053,-0.01,-0.01,STATIONARY
5592,0.0132,0.01,-0.01,STATIONARY
5593,0.0043,0.02,-0.01,STATIONARY
5595,0.0003,0.02,-0.01,STATIONARY
5597,-0.0070,0.00,-0.01,STATIONARY
5599,-0.0146,-0.02,-0.01,STATIONARY
5602,-0.0034,-0.03,-0.01,STATIONARY
5603,0.0009,-0.02,-0.01,STATIONARY
5605,0.0088,-0.01,-0.01,STATIONARY
5608,0.0147,0.02,-0.01,STATIONARY
5609,0.0078,0.03,-0.00,STATIONARY
5611,0.0063,0.04,-0.00,STATIONARY
5614,-0.0015,0.04,0.00,STATIONARY
5615,-0.0073,0.02,0.00,STATIONARY
5617,-0.0080,0.00,0.00,STATIONARY
5619,0.0033,0.01,0.00,STATIONARY
5621,-0.0005,0.01,0.00,STATIONARY
5623,-0.0005,0.01,0.00,STATIONARY
5625,0.0017,0.01,0.00,STATIONARY
5627,-0.0000,0.01,0.00,STATIONARY
5629,-0.0039,0.00,0.00,STATIONARY
5631,-0.0029,-0.01,0.00,STATIONARY
5633,-0.0006,-0.01,0.00,STATIONARY
5635,-0.0009,-0.01,0.00,STATIONARY
5638,-0.0004,-0.01,0.00,STATIONARY
5640,-0.0040,-0.01,0.00,STATIONARY
5641,0.0004,-0.01,-0.00,STATIONARY
5643,-0.0007,-0.01,-0.00,STATIONARY
5645,-0.0032,-0.02,-0.00,STATIONARY
5647,-0.0000,-0.02,-0.00,STATIONARY
5649,0.0022,-0.01,-0.00,STATIONARY
5651,0.0080,0.00,-0.00,STATIONARY
5653,0.0079,0.02,-0.00,STATIONARY
5655,0.0134,0.04,0.00,STATIONARY
5657,0.0137,0.06,0.00,STATIONARY
5659,0.0111,0.08,0.01,STATIONARY
5662,0.0081,0.09,0.01,STATIONARY
5664,0.0111,0.10,0.02,STATIONARY
5665,0.0131,0.12,0.02,STATIONARY
5667,0.0105,0.13,0.03,STATIONARY
5669,0.0110,0.14,0.04,STATIONARY
5672,0.0076,0.14,0.04,STATIONARY
5673,0.0155,0.16,0.05,STATIONARY
5675,0.0113,0.17,0.06,STATIONARY
5677,0.0048,0.16,0.06,STATIONARY
5679,-0.0006,0.15,0.07,STATIONARY
5681,-0.0020,0.13,0.07,STATIONARY
5683,0.0093,0.14,0.08,STATIONARY
5685,0.0072,0.14,0.08,STATIONARY
5687,0.0058,0.14,0.08,STATIONARY
5689,0.0115,0.15,0.09,STATIONARY
5691,0.0101,0.16,0.09,STATIONARY
5694,0.0224,0.19,0.10,STATIONARY
5696,0.0160,0.20,0.10,STATIONARY
5697,0.0116,0.21,0.11,STATIONARY
5700,0.0132,0.21,0.12,STATIONARY
5701,0.0077,0.21,0.12,STATIONARY
5703,0.0054,0.20,0.13,STATIONARY
5705,0.0078,0.20,0.13,STATIONARY
5707,0.0021,0.19,0.13,STATIONARY
5709,-0.0021,0.17,0.14,STATIONARY
5711,0.0053,0.17,0.14,STATIONARY
5713,0.0152,0.18,0.14,STATIONARY
5715,0.0124,0.19,0.14,STATIONARY
5717,0.0115,0.20,0.15,STATIONARY
5720,0.0055,0.19,0.15,STATIONARY
5721,0.0046,0.18,0.15,STATIONARY
5724,0.0093,0.19,0.15,STATIONARY
5726,0.0156,0.20,0.16,STATIONARY
5727,0.0135,0.21,0.16,STATIONARY
5729,0.0096,0.21,0.16,STATIONARY
5731,0.0049,0.20,0.16,STATIONARY
5733,0.0066,0.20,0.17,STATIONARY
5735,-0.0005,0.18,0.17,STATIONARY
5737,-0.0089,0.15,0.17,STATIONARY
5739,-0.0083,0.12,0.16,STATIONARY
5742,0.0066,0.13,0.16,STATIONARY
5743,0.0201,0.15,0.16,STATIONARY
5745,0.0193,0.18,0.16,STATIONARY
5748,0.0142,0.19,0.16,STATIONARY
5749,0.0116,0.19,0.16,STATIONARY
5751,-0.0043,0.17,0.17,STATIONARY
5753,-0.0098,0.14,0.16,STATIONARY
5755,-0.0114,0.11,0.16,STATIONARY
5757,-0.0085,0.08,0.16,STATIONARY
5759,-0.0075,0.06,0.15,STATIONARY
5761,-0.0098,0.04,0.14,STATIONARY
5764,-0.0128,0.01,0.14,STATIONARY
5765,-0.0096,-0.01,0.13,STATIONARY
5767,-0.0063,-0.02,0.12,STATIONARY
5770,-0.0135,-0.04,0.11,STATIONARY
5771,-0.0162,-0.07,0.10,STATIONARY
5773,-0.0065,-0.07,0.09,STATIONARY
5775,-0.0026,-0.07,0.08,STATIONARY
5777,-0.0140,-0.09,0.07,STATIONARY
5779,-0.0124,-0.11,0.06,STATIONARY
5781,-0.0056,-0.11,0.05,STATIONARY
5783,-0.0010,-0.10,0.04,STATIONARY
5786,0.0101,-0.08,0.03,STATIONARY
5787,0.0073,-0.06,0.03,STATIONARY
5790,0.0033,-0.05,0.02,STATIONARY
5791,0.0028,-0.04,0.02,STATIONARY
5793,0.0004,-0.03,0.02,STATIONARY
5796,0.0040,-0.02,0.01,STATIONARY
5797,0.0111,-0.00,0.01,STATIONARY
5799,0.0097,0.02,0.01,STATIONARY
5802,0.0064,0.03,0.01,STATIONARY
5803,0.0005,0.03,0.02,STATIONARY
5806,-0.0035,0.02,0.02,STATIONARY
5807,-0.0061,0.01,0.01,STATIONARY
5809,-0.0037,-0.00,0.01,STATIONARY
5812,-0.0023,-0.01,0.01,STATIONARY
5813,0.0078,0.01,0.01,STATIONARY
5815,0.0121,0.03,0.01,STATIONARY
5817,0.0117,0.05,0.02,STATIONARY
5819,0.0075,0.06,0.02,STATIONARY
5821,0.0094,0.07,0.02,STATIONARY
5823,0.0080,0.08,0.02,STATIONARY
5825,-0.0028,0.07,0.03,STATIONARY
5827,0.0045,0.07,0.03,STATIONARY
5829,0.0130,0.09,0.03,STATIONARY
5831,-0.0016,0.08,0.04,STATIONARY
5833,-0.0020,0.07,0.04,STATIONARY
5835,0.0030,0.07,0.04,STATIONARY
5837,0.0036,0.07,0.04,STATIONARY
5839,0.0019,0.07,0.04,STATIONARY
5841,0.0117,0.08,0.05,STATIONARY
5843,0.0209,0.12,0.05,STATIONARY
5845,0.0121,0.13,0.05,STATIONARY
5847,0.0072,0.13,0.06,STATIONARY
5849,0.0070,0.13,0.06,STATIONARY
5851,0.0082,0.14,0.07,STATIONARY
5853,0.0137,0.15,0.07,STATIONARY
5856,0.0059,0.15,0.08,STATIONARY
5857,-0.0047,0.13,0.08,STATIONARY
5860,-0.0104,0.10,0.08,STATIONARY
5861,-0.0084,0.08,0.08,STATIONARY
5863,0.0059,0.08,0.08,STATIONARY
5866,0.0041,0.08,0.08,STATIONARY
5867,-0.0004,0.08,0.08,STATIONARY
5869,-0.0038,0.06,0.08,STATIONARY
5872,-0.0053,0.05,0.08,STATIONARY
5873,-0.0041,0.04,0.08,STATIONARY
5875,-0.0007,0.03,0.07,STATIONARY
5877,0.0075,0.04,0.07,STATIONARY
5879,-0.0002,0.04,0.07,STATIONARY
5882,0.0041,0.04,0.07,STATIONARY
5883,0.0071,0.05,0.07,STATIONARY
5885,0.0039,0.06,0.07,STATIONARY
5888,0.0010,0.05,0.07,STATIONARY
5889,0.0075,0.06,0.07,STATIONARY
5891,-0.0039,0.05,0.07,STATIONARY
5893,-0.0088,0.03,0.06,STATIONARY
5895,-0.0082,0.01,0.06,STATIONARY
5898,-0.0080,-0.00,0.06,STATIONARY
5899,-0.0148,-0.03,0.05,STATIONARY
5901,-0.0110,-0.05,0.05,STATIONARY
5904,-0.0024,-0.05,0.04,STATIONARY
5905,-0.0022,-0.05,0.03,STATIONARY
5907,-0.0112,-0.07,0.03,STATIONARY
5909,-0.0095,-0.08,0.02,STATIONARY
5911,-0.0063,-0.08,0.02,STATIONARY
5913,0.0055,-0.07,0.01,STATIONARY
5915,0.0102,-0.04,0.01,STATIONARY
5917,0.0107,-0.02,0.01,STATIONARY
5919,0.0021,-0.01,0.01,STATIONARY
5921,-0.0032,-0.02,0.00,STATIONARY
5923,0.0019,-0.01,0.00,STATIONARY
5925,0.0028,-0.01,0.00,STATIONARY
5927,0.0026,-0.00,0.00,STATIONARY
5930,-0.0048,-0.01,0.00,STATIONARY
5931,-0.0039,-0.02,0.00,STATIONARY
5933,0.0039,-0.01,-0.00,STATIONARY
5935,-0.0029,-0.01,-0.00,STATIONARY
5937,-0.0065,-0.02,-0.00,STATIONARY
5940,0.0059,-0.01,-0.00,STATIONARY
5942,0.0060,0.00,-0.00,STATIONARY
5944,0.0035,0.01,-0.00,STATIONARY
5945,0.0023,0.01,-0.00,STATIONARY
5947,-0.0008,0.01,-0.00,STATIONARY
5949,-0.0006,0.01,-0.00,STATIONARY
5952,0.0001,0.01,0.00,STATIONARY
5953,0.0017,0.01,0.00,STATIONARY
5955,0.0042,0.02,0.00,STATIONARY
5957,0.0042,0.02,0.00,STATIONARY
5959,0.0049,0.03,0.00,STATIONARY
5961,0.0140,0.05,0.01,STATIONARY
5963,0.0127,0.07,0.01,STATIONARY
5965,0.0168,0.10,0.02,STATIONARY
5968,0.0082,0.10,0.02,STATIONARY
5969,0.0106,0.12,0.03,STATIONARY
5971,0.0227,0.15,0.03,STATIONARY
5974,0.0118,0.16,0.04,STATIONARY
5975,0.0124,0.17,0.05,STATIONARY
5977,0.0136,0.18,0.06,STATIONARY
5979,0.0114,0.19,0.06,STATIONARY
5981,0.0039,0.18,0.07,STATIONARY
5984,0.0053,0.17,0.08,STATIONARY
5985,0.0019,0.16,0.08,STATIONARY
5987,0.0103,0.17,0.09,STATIONARY
5990,0.0112,0.18,0.09,STATIONARY
5991,0.0047,0.17,0.10,STATIONARY
5993,0.0053,0.17,0.10,STATIONARY
5995,0.0088,0.17,0.11,STATIONARY
5997,0.0098,0.17,0.11,STATIONARY
6000,-0.0051,0.15,0.11,STATIONARY
6001,-0.0155,0.11,0.11,STATIONARY
6003,-0.0109,0.08,0.11,STATIONARY
6005,0.0005,0.08,0.11,STATIONARY
6007,-0.0063,0.06,0.11,STATIONARY
6009,-0.0029,0.05,0.10,STATIONARY
6011,0.0018,0.05,0.10,STATIONARY
6013,-0.0048,0.04,0.10,STATIONARY
6015,-0.0048,0.02,0.09,STATIONARY
6018,-0.0095,0.00,0.09,STATIONARY
6019,-0.0141,-0.02,0.08,STATIONARY
6021,-0.0073,-0.03,0.07,STATIONARY
6023,-0.0012,-0.03,0.07,STATIONARY
6025,0.0035,-0.02,0.06,STATIONARY
6027,-0.0003,-0.02,0.06,STATIONARY
6029,0.0014,-0.02,0.05,STATIONARY
6031,0.0064,-0.01,0.05,STATIONARY
6033,0.0131,0.02,0.05,STATIONARY
6035,0.0096,0.04,0.05,STATIONARY
6037,0.0082,0.05,0.05,STATIONARY
6039,0.0001,0.04,0.05,STATIONARY
6041,-0.0052,0.03,0.05,STATIONARY
6044,-0.0117,0.01,0.04,STATIONARY
6045,-0.0113,-0.01,0.04,STATIONARY
6048,-0.0135,-0.04,0.03,STATIONARY
6049,-0.0095,-0.05,0.03,STATIONARY
6051,-0.0008,-0.05,0.02,STATIONARY
6054,-0.0004,-0.05,0.02,STATIONARY
6055,-0.0086,-0.06,0.02,STATIONARY
6057,-0.0024,-0.06,0.01,STATIONARY
6060,0.0028,-0.05,0.01,STATIONARY
6061,0.0033,-0.04,0.01,STATIONARY
6063,0.0032,-0.03,0.00,STATIONARY
6065,-0.0011,-0.03,0.00,STATIONARY
6067,0.0057,-0.02,0.00,STATIONARY
6069,-0.0012,-0.02,-0.00,STATIONARY
6071,0.0024,-0.01,-0.00,STATIONARY
6073,0.0016,-0.01,-0.00,STATIONARY
6076,-0.0031,-0.01,-0.00,STATIONARY
6077,-0.0077,-0.03,-0.00,STATIONARY
6079,-0.0067,-0.04,-0.01,STATIONARY
6081,-0.0087,-0.05,-0.01,STATIONARY
6083,-0.0070,-0.06,-0.01,STATIONARY
6086,0.0060,-0.04,-0.01,STATIONARY
6087,0.0015,-0.04,-0.01,STATIONARY
6089,0.0007,-0.03,-0.02,STATIONARY
6091,0.0037,-0.02,-0.02,STATIONARY
6094,0.0099,-0.00,-0.02,STATIONARY
6095,0.0134,0.02,-0.01,STATIONARY
6097,0.0167,0.05,-0.01,STATIONARY
6099,0.0129,0.07,-0.00,STATIONARY
6102,0.0088,0.08,0.00,STATIONARY
6103,0.0109,0.09,0.01,STATIONARY
6105,0.0111,0.11,0.01,STATIONARY
6107,0.0105,0.12,0.02,STATIONARY
6109,0.0056,0.12,0.02,STATIONARY
6111,0.0136,0.13,0.03,STATIONARY
6113,0.0150,0.15,0.04,STATIONARY
6115,0.0073,0.15,0.04,STATIONARY
6117,0.0030,0.15,0.05,STATIONARY
6119,0.0070,0.15,0.06,STATIONARY
6121,0.0042,0.14,0.06,STATIONARY
6124,-0.0027,0.13,0.07,STATIONARY
6125,0.0026,0.12,0.07,STATIONARY
6127,0.0012,0.11,0.07,STATIONARY
6129,-0.0082,0.09,0.07,STATIONARY
6131,-0.0059,0.07,0.07,STATIONARY
6133,-0.0013,0.06,0.07,STATIONARY
6135,0.0090,0.08,0.07,STATIONARY
6137,0.0003,0.07,0.07,STATIONARY
6139,-0.0044,0.06,0.07,STATIONARY
6141,-0.0084,0.04,0.07,STATIONARY
6143,-0.0121,0.01,0.07,STATIONARY
6146,-0.0036,0.00,0.06,STATIONARY
6147,-0.0061,-0.01,0.06,STATIONARY
6149,-0.0052,-0.02,0.05,STATIONARY
6151,0.0009,-0.01,0.05,STATIONARY
6153,0.0003,-0.01,0.05,STATIONARY
6155,0.0005,-0.01,0.04,STATIONARY
6157,0.0027,-0.00,0.04,STATIONARY
6159,-0.0013,-0.01,0.04,STATIONARY
6161,-0.0087,-0.02,0.03,STATIONARY
6163,-0.0041,-0.03,0.03,STATIONARY
6165,0.0034,-0.02,0.03,STATIONARY
6167,0.0035,-0.01,0.02,STATIONARY
6169,-0.0032,-0.02,0.02,STATIONARY
6171,0.0080,-0.00,0.02,STATIONARY
6173,0.0140,0.03,0.02,STATIONARY
6175,0.0100,0.04,0.02,STATIONARY
6177,0.0067,0.05,0.02,STATIONARY
6179,-0.0005,0.05,0.03,STATIONARY
6181,-0.0040,0.03,0.03,STATIONARY
6183,0.0056,0.04,0.03,STATIONARY
6185,0.0024,0.04,0.03,STATIONARY
6188,0.0084,0.06,0.03,STATIONARY
6189,0.0062,0.06,0.03,STATIONARY
6191,-0.0000,0.06,0.03,STATIONARY
6194,0.0103,0.07,0.04,STATIONARY
6196,0.0063,0.08,0.04,STATIONARY
6197,-0.0029,0.07,0.04,STATIONARY
6200,-0.0074,0.05,0.04,STATIONARY
6201,-0.0075,0.03,0.04,STATIONARY
6203,0.0051,0.04,0.04,STATIONARY
6205,0.0120,0.06,0.04,STATIONARY
6207,0.0110,0.07,0.04,STATIONARY
6209,0.0064,0.08,0.04,STATIONARY
6211,0.0074,0.09,0.05,STATIONARY
6213,0.0059,0.09,0.05,STATIONARY
6216,0.0038,0.09,0.05,STATIONARY
6217,0.0005,0.08,0.05,STATIONARY
6219,-0.0023,0.07,0.05,STATIONARY
6221,-0.0071,0.05,0.05,STATIONARY
6223,-0.0100,0.03,0.05,STATIONARY
6225,0.0022,0.03,0.05,STATIONARY
6227,-0.0016,0.03,0.05,STATIONARY
6229,-0.0030,0.02,0.05,STATIONARY
6232,0.0037,0.02,0.05,STATIONARY
6233,-0.0055,0.01,0.04,STATIONARY
6235,-0.0024,0.01,0.04,STATIONARY
6237,-0.0056,-0.00,0.04,STATIONARY
6239,-0.0134,-0.03,0.04,STATIONARY
6241,0.0032,-0.02,0.03,STATIONARY
6243,0.0085,-0.00,0.03,STATIONARY
6245,-0.0002,-0.00,0.03,STATIONARY
6247,-0.0011,-0.00,0.03,STATIONARY
6249,0.0023,-0.00,0.02,STATIONARY
6251,-0.0065,-0.01,0.02,STATIONARY
6253,-0.0095,-0.03,0.02,STATIONARY
6255,-0.0021,-0.03,0.02,STATIONARY
6257,-0.0005,-0.03,0.01,STATIONARY
6259,0.0024,-0.02,0.01,STATIONARY
6261,-0.0087,-0.04,0.01,STATIONARY
6264,-0.0120,-0.06,0.01,STATIONARY
6265,-0.0100,-0.07,0.00,STATIONARY
6267,-0.0092,-0.08,-0.00,STATIONARY
6269,0.0067,-0.06,-0.01,STATIONARY
6271,0.0072,-0.04,-0.01,STATIONARY
6273,0.0054,-0.03,-0.01,STATIONARY
6275,0.0123,-0.01,-0.01,STATIONARY
6278,0.0209,0.03,-0.01,STATIONARY
6279,0.0167,0.06,-0.00,STATIONARY
6281,0.0149,0.08,0.00,STATIONARY
6283,0.0101,0.10,0.01,STATIONARY
6285,0.0058,0.10,0.01,STATIONARY
6287,-0.0061,0.08,0.02,STATIONARY
6289,-0.0149,0.05,0.02,STATIONARY
6291,-0.0101,0.02,0.02,STATIONARY
6293,-0.0056,0.01,0.02,STATIONARY
6295,0.0038,0.02,0.02,STATIONARY
6297,0.0082,0.03,0.02,STATIONARY
6299,0.0105,0.05,0.02,STATIONARY
6301,0.0145,0.07,0.02,STATIONARY
6303,0.0037,0.07,0.03,STATIONARY
6305,-0.0042,0.06,0.03,STATIONARY
6307,-0.0044,0.05,0.03,STATIONARY
6309,-0.0049,0.03,0.03,STATIONARY
6311,0.0004,0.03,0.03,STATIONARY
6313,-0.0047,0.02,0.03,STATIONARY
6315,-0.0068,0.01,0.03,STATIONARY
6317,-0.0044,-0.00,0.03,STATIONARY
6319,-0.0043,-0.01,0.02,STATIONARY
6321,-0.0079,-0.02,0.02,STATIONARY
6323,-0.0026,-0.03,0.02,STATIONARY
6325,0.0083,-0.01,0.02,STATIONARY
6327,0.0066,0.00,0.02,STATIONARY
6329,0.0020,0.01,0.02,STATIONARY
6331,-0.0021,0.00,0.01,STATIONARY
6333,0.0064,0.01,0.01,STATIONARY
6335,0.0056,0.02,0.01,STATIONARY
6337,0.0059,0.03,0.02,STATIONARY
6340,0.0050,0.04,0.02,STATIONARY
6341,-0.0030,0.03,0.02,STATIONARY
6343,-0.0081,0.01,0.02,STATIONARY
6345,-0.0025,0.01,0.02,STATIONARY
6347,0.0039,0.01,0.02,STATIONARY
6349,-0.0014,0.01,0.02,STATIONARY
6351,-0.0088,-0.01,0.02,STATIONARY
6353,-0.0121,-0.03,0.01,STATIONARY
6355,-0.0072,-0.04,0.01,STATIONARY
6357,-0.0084,-0.05,0.01,STATIONARY
6359,-0.0103,-0.07,0.00,STATIONARY
6361,-0.0037,-0.07,-0.00,STATIONARY
6363,0.0077,-0.05,-0.01,STATIONARY
6365,0.0134,-0.02,-0.01,STATIONARY
6367,0.0140,0.01,-0.01,STATIONARY
6369,0.0077,0.02,-0.00,STATIONARY
6371,0.0127,0.04,-0.00,STATIONARY
6373,0.0147,0.07,0.00,STATIONARY
6375,0.0155,0.09,0.01,STATIONARY
6377,0.0130,0.11,0.01,STATIONARY
6379,0.0056,0.11,0.02,STATIONARY
6381,0.0026,0.10,0.02,STATIONARY
6383,0.0085,0.11,0.03,STATIONARY
6386,0.0049,0.11,0.03,STATIONARY
6388,-0.0021,0.10,0.04,STATIONARY
6389,0.0025,0.10,0.04,STATIONARY
6391,0.0042,0.10,0.04,STATIONARY
6393,-0.0019,0.08,0.05,STATIONARY
6396,-0.0024,0.07,0.05,STATIONARY
6397,0.0007,0.07,0.05,STATIONARY
6399,0.0114,0.08,0.05,STATIONARY
6401,0.0021,0.08,0.05,STATIONARY
6403,0.0048,0.08,0.06,STATIONARY
6405,0.0005,0.08,0.06,STATIONARY
6407,0.0049,0.08,0.06,STATIONARY
6409,0.0073,0.09,0.06,STATIONARY
6411,0.0170,0.11,0.06,STATIONARY
6413,0.0125,0.13,0.07,STATIONARY
6415,0.0090,0.13,0.07,STATIONARY
6417,-0.0039,0.11,0.07,STATIONARY
6419,-0.0026,0.10,0.07,STATIONARY
6421,0.0070,0.11,0.08,STATIONARY
6423,0.0089,0.11,0.08,STATIONARY
6425,0.0118,0.13,0.08,STATIONARY
6427,0.0169,0.15,0.09,STATIONARY
6429,0.0120,0.16,0.09,STATIONARY
6431,0.0074,0.16,0.09,STATIONARY
6433,0.0086,0.16,0.10,STATIONARY
6435,-0.0036,0.14,0.10,STATIONARY
6437,0.0029,0.14,0.10,STATIONARY
6439,0.0146,0.15,0.11,STATIONARY
6441,0.0065,0.15,0.11,STATIONARY
6443,0.0061,0.15,0.11,STATIONARY
6445,0.0064,0.15,0.11,STATIONARY
6447,0.0021,0.14,0.11,STATIONARY
6449,0.0006,0.13,0.12,STATIONARY
6451,0.0036,0.13,0.12,STATIONARY
6453,0.0027,0.12,0.12,STATIONARY
6455,0.0039,0.12,0.12,STATIONARY
6457,-0.0042,0.10,0.12,STATIONARY
6459,-0.0041,0.09,0.11,STATIONARY
6461,-0.0124,0.06,0.11,STATIONARY
6463,-0.0178,0.02,0.11,STATIONARY
6465,-0.0198,-0.02,0.10,STATIONARY
6467,-0.0124,-0.04,0.09,STATIONARY
6469,-0.0045,-0.04,0.08,STATIONARY
6471,0.0040,-0.03,0.08,STATIONARY
6473,0.0067,-0.02,0.07,STATIONARY
6475,0.0126,0.01,0.07,STATIONARY
6477,0.0145,0.03,0.06,STATIONARY
6479,0.0122,0.05,0.06,STATIONARY
6481,0.0073,0.06,0.06,STATIONARY
6483,-0.0069,0.04,0.06,STATIONARY
6485,-0.0100,0.02,0.06,STATIONARY
6487,-0.0039,0.01,0.06,STATIONARY
6489,-0.0048,0.00,0.05,STATIONARY
6491,-0.0093,-0.01,0.05,STATIONARY
6493,-0.0051,-0.02,0.05,STATIONARY
6495,-0.0011,-0.02,0.04,STATIONARY
6497,0.0032,-0.02,0.04,STATIONARY
6499,0.0030,-0.01,0.04,STATIONARY
6501,0.0027,-0.00,0.03,STATIONARY
6503,0.0146,0.02,0.03,STATIONARY
6505,0.0141,0.05,0.03,STATIONARY
6508,0.0060,0.06,0.03,STATIONARY
6509,-0.0007,0.05,0.04,STATIONARY
6511,-0.0154,0.02,0.03,STATIONARY
6513,-0.0178,-0.02,0.03,STATIONARY
6515,-0.0092,-0.03,0.03,STATIONARY
6518,-0.0041,-0.04,0.02,STATIONARY
6519,-0.0099,-0.05,0.02,STATIONARY
6521,-0.0152,-0.08,0.01,STATIONARY
6523,-0.0101,-0.09,0.01,STATIONARY
6525,-0.0247,-0.13,-0.00,STATIONARY
6527,-0.0184,-0.15,-0.01,STATIONARY
6529,-0.0137,-0.16,-0.02,STATIONARY
6531,-0.0032,-0.16,-0.03,STATIONARY
6533,-0.0016,-0.15,-0.03,STATIONARY
6535,-0.0045,-0.14,-0.04,STATIONARY
6537,0.0006,-0.13,-0.05,STATIONARY
6539,0.0133,-0.10,-0.05,STATIONARY
6541,0.0066,-0.08,-0.05,STATIONARY
6543,0.0043,-0.06,-0.05,STATIONARY
6546,0.0049,-0.05,-0.05,STATIONARY
6547,0.0087,-0.03,-0.05,STATIONARY
6549,0.0074,-0.01,-0.05,STATIONARY
6551,0.0061,-0.00,-0.04,STATIONARY
6554,0.0068,0.01,-0.04,STATIONARY
6555,0.0118,0.03,-0.04,STATIONARY
6557,0.0042,0.04,-0.03,STATIONARY
6559,0.0042,0.04,-0.03,STATIONARY
6561,0.0044,0.05,-0.02,STATIONARY
6563,0.0075,0.06,-0.02,STATIONARY
6565,0.0050,0.06,-0.01,STATIONARY
6567,-0.0038,0.05,-0.01,STATIONARY
6569,-0.0113,0.03,-0.01,STATIONARY
6571,-0.0119,0.00,-0.01,STATIONARY
6573,-0.0122,-0.02,-0.01,STATIONARY
6575,0.0028,-0.01,-0.01,STATIONARY
6577,0.0098,0.00,-0.01,STATIONARY
6579,0.0041,0.01,-0.01,STATIONARY
6581,-0.0056,0.00,-0.01,STATIONARY
6583,-0.0076,-0.01,-0.01,STATIONARY
6586,-0.0083,-0.03,-0.01,STATIONARY
6587,-0.0084,-0.04,-0.01,STATIONARY
6590,-0.0071,-0.05,-0.01,STATIONARY
6591,0.0010,-0.04,-0.01,STATIONARY
6593,0.0072,-0.03,-0.01,STATIONARY
6595,-0.0014,-0.03,-0.02,STATIONARY
6597,-0.0022,-0.03,-0.02,STATIONARY
6599,0.0040,-0.02,-0.02,STATIONARY
6601,0.0122,0.00,-0.02,STATIONARY
6603,0.0230,0.05,-0.01,STATIONARY
6605,0.0083,0.06,-0.01,STATIONARY
6607,0.0086,0.07,-0.00,STATIONARY
6609,0.0072,0.08,0.00,STATIONARY
6611,0.0034,0.08,0.01,STATIONARY
6613,0.0064,0.08,0.01,STATIONARY
6615,-0.0006,0.07,0.01,STATIONARY
6617,0.0103,0.09,0.02,STATIONARY
6619,0.0109,0.10,0.02,STATIONARY
6621,0.0012,0.09,0.03,STATIONARY
6623,-0.0013,0.08,0.03,STATIONARY
6625,0.0009,0.08,0.03,STATIONARY
6627,0.0074,0.09,0.04,STATIONARY
6629,0.0119,0.10,0.04,STATIONARY
6631,0.0152,0.12,0.05,STATIONARY
6633,0.0112,0.13,0.05,STATIONARY
6635,-0.0022,0.12,0.05,STATIONARY
6637,-0.0023,0.10,0.06,STATIONARY
6639,0.0034,0.10,0.06,STATIONARY
6641,0.0091,0.11,0.06,STATIONARY
6643,0.0015,0.10,0.07,STATIONARY
6645,0.0066,0.11,0.07,STATIONARY
6647,0.0073,0.11,0.07,STATIONARY
6649,0.0099,0.12,0.07,STATIONARY
6651,0.0027,0.12,0.08,STATIONARY
6653,0.0015,0.11,0.08,STATIONARY
6655,0.0051,0.11,0.08,STATIONARY
6657,0.0142,0.13,0.08,STATIONARY
6659,0.0135,0.14,0.09,STATIONARY
6661,0.0103,0.15,0.09,STATIONARY
6663,0.0056,0.15,0.09,STATIONARY
6665,0.0041,0.14,0.10,STATIONARY
6667,-0.0002,0.13,0.10,STATIONARY
6669,-0.0027,0.12,0.10,STATIONARY
6671,-0.0080,0.09,0.10,STATIONARY
6673,-0.0067,0.07,0.10,STATIONARY
6675,-0.0023,0.06,0.10,STATIONARY
6677,-0.0017,0.05,0.09,STATIONARY
6679,0.0008,0.05,0.09,STATIONARY
6681,-0.0006,0.05,0.09,STATIONARY
6683,0.0005,0.04,0.09,STATIONARY
6685,0.0023,0.04,0.08,STATIONARY
6687,0.0045,0.05,0.08,STATIONARY
6689,-0.0024,0.04,0.08,STATIONARY
6691,-0.0037,0.03,0.08,STATIONARY
6693,0.0012,0.03,0.07,STATIONARY
6695,-0.0123,0.01,0.07,STATIONARY
6697,-0.0158,-0.02,0.06,STATIONARY
6699,-0.0147,-0.05,0.06,STATIONARY
6701,-0.0042,-0.05,0.05,STATIONARY
6703,-0.0041,-0.06,0.04,STATIONARY
6705,0.0035,-0.05,0.04,STATIONARY
6707,0.0033,-0.04,0.03,STATIONARY
6709,-0.0008,-0.03,0.03,STATIONARY
6711,-0.0073,-0.05,0.03,STATIONARY
6713,-0.0053,-0.05,0.02,STATIONARY
6715,-0.0025,-0.05,0.02,STATIONARY
6717,0.0026,-0.04,0.01,STATIONARY
6719,0.0119,-0.02,0.01,STATIONARY
6721,0.0049,-0.01,0.01,STATIONARY
6723,0.0000,-0.01,0.01,STATIONARY
6725,0.0016,-0.00,0.01,STATIONARY
6727,0.0101,0.02,0.01,STATIONARY
6729,0.0141,0.04,0.01,STATIONARY
6731,0.0112,0.06,0.01,STATIONARY
6733,0.0159,0.08,0.02,STATIONARY
6735,0.0166,0.11,0.02,STATIONARY
6738,0.0114,0.12,0.03,STATIONARY
6739,0.0101,0.13,0.03,STATIONARY
6741,0.0052,0.13,0.04,STATIONARY
6743,0.0057,0.13,0.05,STATIONARY
6745,0.0014,0.12,0.05,STATIONARY
6747,0.0109,0.13,0.05,STATIONARY
6749,0.0173,0.15,0.06,STATIONARY
6751,0.0195,0.18,0.07,STATIONARY
6753,0.0182,0.20,0.07,STATIONARY
6755,0.0123,0.20,0.08,STATIONARY
6758,0.0125,0.21,0.09,STATIONARY
6759,0.0062,0.20,0.10,STATIONARY
6761,-0.0009,0.19,0.10,STATIONARY
6764,-0.0105,0.15,0.10,STATIONARY
6765,-0.0026,0.13,0.11,STATIONARY
6767,-0.0005,0.12,0.11,STATIONARY
6769,-0.0052,0.10,0.11,STATIONARY
6771,-0.0002,0.09,0.11,STATIONARY
6773,0.0127,0.11,0.11,STATIONARY
6775,0.0216,0.14,0.11,STATIONARY
6777,0.0151,0.16,0.11,STATIONARY
6779,0.0108,0.16,0.11,STATIONARY
6781,0.0045,0.16,0.12,STATIONARY
6784,0.0026,0.15,0.12,STATIONARY
6786,0.0057,0.15,0.12,STATIONARY
6787,0.0020,0.14,0.12,STATIONARY
6789,0.0016,0.13,0.12,STATIONARY
6791,0.0059,0.13,0.12,STATIONARY
6793,0.0090,0.14,0.12,STATIONARY
6796,0.0062,0.14,0.13,STATIONARY
6797,0.0026,0.13,0.13,STATIONARY
6799,0.0066,0.13,0.13,STATIONARY
6802,-0.0038,0.12,0.13,STATIONARY
6803,-0.0097,0.09,0.12,STATIONARY
6806,0.0046,0.09,0.12,STATIONARY
6807,0.0023,0.09,0.12,STATIONARY
6809,-0.0043,0.07,0.12,STATIONARY
6812,0.0077,0.08,0.12,STATIONARY
6813,0.0075,0.09,0.11,STATIONARY
6815,0.0074,0.10,0.11,STATIONARY
6817,0.0104,0.11,0.11,STATIONARY
6819,0.0137,0.12,0.11,STATIONARY
6821,0.0071,0.13,0.11,STATIONARY
6823,0.0088,0.13,0.11,STATIONARY
6825,0.0001,0.12,0.12,STATIONARY
6827,-0.0005,0.11,0.12,STATIONARY
6829,-0.0002,0.10,0.11,STATIONARY
6831,-0.0113,0.07,0.11,STATIONARY
6833,-0.0090,0.05,0.11,STATIONARY
6835,-0.0069,0.03,0.10,STATIONARY
6837,-0.0023,0.03,0.10,STATIONARY
6839,0.0056,0.04,0.10,STATIONARY
6841,0.0136,0.06,0.09,STATIONARY
6844,0.0050,0.06,0.09,STATIONARY
6845,-0.0027,0.05,0.09,STATIONARY
6847,-0.0014,0.05,0.09,STATIONARY
6849,0.0032,0.05,0.08,STATIONARY
6851,0.0088,0.06,0.08,STATIONARY
6853,0.0051,0.06,0.08,STATIONARY
6855,-0.0020,0.06,0.08,STATIONARY
6857,-0.0028,0.05,0.08,STATIONARY
6859,-0.0028,0.04,0.08,STATIONARY
6861,-0.0064,0.02,0.07,STATIONARY
6863,-0.0028,0.02,0.07,STATIONARY
6866,-0.0016,0.01,0.07,STATIONARY
6867,-0.0025,0.01,0.06,STATIONARY
6869,-0.0056,-0.00,0.06,STATIONARY
6872,-0.0037,-0.01,0.05,STATIONARY
6873,0.0000,-0.01,0.05,STATIONARY
6875,-0.0023,-0.01,0.05,STATIONARY
6877,-0.0036,-0.02,0.04,STATIONARY
6879,-0.0137,-0.04,0.04,STATIONARY
6882,-0.0139,-0.07,0.03,STATIONARY
6883,-0.0149,-0.09,0.02,STATIONARY
6885,-0.0092,-0.10,0.02,STATIONARY
6888,-0.0093,-0.11,0.01,STATIONARY
6889,-0.0136,-0.12,0.00,STATIONARY
6891,0.0021,-0.11,-0.00,STATIONARY
6893,0.0029,-0.10,-0.01,STATIONARY
6895,0.0054,-0.08,-0.01,STATIONARY
6897,0.0061,-0.06,-0.02,STATIONARY
6899,0.0082,-0.04,-0.02,STATIONARY
6901,0.0025,-0.03,-0.02,STATIONARY
6904,0.0029,-0.02,-0.02,STATIONARY
6905,0.0021,-0.02,-0.02,STATIONARY
6907,0.0027,-0.01,-0.02,STATIONARY
6909,0.0090,0.01,-0.02,STATIONARY
6911,0.0069,0.02,-0.02,STATIONARY
6913,0.0045,0.02,-0.01,STATIONARY
6915,0.0060,0.03,-0.01,STATIONARY
6917,0.0069,0.04,-0.01,STATIONARY
6919,0.0056,0.05,-0.00,STATIONARY
6921,0.0141,0.07,0.00,STATIONARY
6924,0.0067,0.08,0.01,STATIONARY
6925,0.0006,0.07,0.01,STATIONARY
6927,0.0027,0.07,0.01,STATIONARY
6929,0.0011,0.07,0.02,STATIONARY
6931,-0.0043,0.06,0.02,STATIONARY
6933,0.0054,0.06,0.02,STATIONARY
6935,0.0015,0.06,0.02,STATIONARY
6937,0.0031,0.06,0.03,STATIONARY
6939,0.0055,0.07,0.03,STATIONARY
6942,0.0056,0.07,0.03,STATIONARY
6943,0.0051,0.07,0.03,STATIONARY
6945,0.0032,0.07,0.04,STATIONARY
6947,0.0011,0.07,0.04,STATIONARY
6949,0.0079,0.08,0.04,STATIONARY
6951,0.0039,0.08,0.04,STATIONARY
6953,0.0021,0.08,0.04,STATIONARY
6955,-0.0017,0.07,0.05,STATIONARY
6958,-0.0054,0.05,0.05,STATIONARY
6959,-0.0046,0.04,0.05,STATIONARY
6961,-0.0118,0.01,0.04,STATIONARY
6963,-0.0007,0.01,0.04,STATIONARY
6965,0.0054,0.02,0.04,STATIONARY
6967,0.0040,0.03,0.04,STATIONARY
6969,0.0028,0.03,0.04,STATIONARY
6971,0.0039,0.03,0.04,STATIONARY
6974,0.0016,0.03,0.04,STATIONARY
6975,0.0041,0.04,0.04,STATIONARY
6977,0.0144,0.06,0.04,STATIONARY
6979,0.0037,0.06,0.04,STATIONARY
6981,-0.0067,0.05,0.04,STATIONARY
6984,-0.0034,0.04,0.04,STATIONARY
6986,-0.0034,0.03,0.04,STATIONARY
6987,-0.0007,0.02,0.04,STATIONARY
6990,0.0027,0.03,0.04,STATIONARY
6991,-0.0026,0.02,0.04,STATIONARY
6994,-0.0030,0.01,0.04,STATIONARY
6995,0.0087,0.03,0.04,STATIONARY
6997,0.0161,0.06,0.04,STATIONARY
7000,0.0100,0.07,0.04,STATIONARY
7001,0.0015,0.07,0.04,STATIONARY
7003,-0.0033,0.05,0.04,STATIONARY
7006,-0.0096,0.03,0.04,STATIONARY
7007,-0.0179,-0.00,0.04,STATIONARY
7009,-0.0123,-0.03,0.03,STATIONARY
7011,-0.0073,-0.04,0.03,STATIONARY
7013,0.0023,-0.03,0.03,STATIONARY
7015,0.0083,-0.01,0.02,STATIONARY
7018,-0.0025,-0.02,0.02,STATIONARY
7019,-0.0022,-0.02,0.02,STATIONARY
7022,0.0074,-0.00,0.02,STATIONARY
7023,0.0060,0.01,0.02,STATIONARY
7025,0.0073,0.02,0.02,STATIONARY
7027,-0.0012,0.02,0.02,STATIONARY
7029,0.0046,0.02,0.02,STATIONARY
7031,0.0056,0.03,0.02,STATIONARY
7033,0.0021,0.03,0.02,STATIONARY
7035,0.0015,0.03,0.02,STATIONARY
7037,0.0092,0.05,0.02,STATIONARY
7039,0.0027,0.05,0.02,STATIONARY
7041,0.0011,0.05,0.03,STATIONARY
7044,-0.0049,0.03,0.03,STATIONARY
7045,-0.0082,0.02,0.03,STATIONARY
7047,0.0003,0.02,0.02,STATIONARY
7049,0.0023,0.02,0.02,STATIONARY
7051,0.0033,0.02,0.02,STATIONARY
7054,-0.0001,0.02,0.02,STATIONARY
7055,-0.0028,0.01,0.02,STATIONARY
7057,-0.0052,0.00,0.02,STATIONARY
7060,0.0047,0.01,0.02,STATIONARY
7061,0.0063,0.02,0.02,STATIONARY
7064,0.0110,0.04,0.02,STATIONARY
7065,0.0091,0.05,0.02,STATIONARY
7067,0.0086,0.07,0.03,STATIONARY
7070,0.0167,0.09,0.03,STATIONARY
7071,0.0121,0.11,0.04,STATIONARY
7073,0.0021,0.10,0.04,STATIONARY
7076,0.0000,0.09,0.04,STATIONARY
7077,0.0112,0.11,0.05,STATIONARY
7079,-0.0007,0.10,0.05,STATIONARY
7081,-0.0065,0.08,0.05,STATIONARY
7083,-0.0078,0.06,0.05,STATIONARY
7086,-0.0006,0.05,0.05,STATIONARY
7087,-0.0068,0.03,0.05,STATIONARY
7089,-0.0095,0.01,0.05,STATIONARY
7092,-0.0031,0.01,0.05,STATIONARY
7094,-0.0009,0.00,0.04,STATIONARY
7095,-0.0033,-0.00,0.04,STATIONARY
7097,-0.0042,-0.01,0.04,STATIONARY
7099,-0.0041,-0.02,0.03,STATIONARY
7102,0.0017,-0.01,0.03,STATIONARY
7103,0.0004,-0.01,0.03,STATIONARY
7105,-0.0004,-0.01,0.03,STATIONARY
7108,0.0035,-0.00,0.03,STATIONARY
7109,0.0010,-0.00,0.02,STATIONARY
7111,-0.0034,-0.01,0.02,STATIONARY
7114,0.0016,-0.00,0.02,STATIONARY
7115,0.0113,0.02,0.02,STATIONARY
7117,0.0091,0.03,0.02,STATIONARY
7119,0.0071,0.04,0.02,STATIONARY
7121,0.0083,0.06,0.02,STATIONARY
7124,0.0129,0.07,0.03,STATIONARY
7125,0.0031,0.07,0.03,STATIONARY
7127,-0.0083,0.05,0.03,STATIONARY
7130,-0.0062,0.04,0.03,STATIONARY
7131,0.0016,0.04,0.03,STATIONARY
7134,-0.0032,0.03,0.03,STATIONARY
7135,-0.0090,0.01,0.03,STATIONARY
7137,-0.0123,-0.01,0.03,STATIONARY
7140,-0.0081,-0.03,0.02,STATIONARY
7141,-0.0072,-0.04,0.02,STATIONARY
7143,-0.0076,-0.05,0.02,STATIONARY
7146,-0.0002,-0.05,0.01,STATIONARY
7147,-0.0028,-0.05,0.01,STATIONARY
7150,0.0036,-0.04,0.01,STATIONARY
7151,0.0086,-0.02,0.01,STATIONARY
7154,0.0079,-0.00,0.00,STATIONARY
7156,0.0064,0.01,0.01,STATIONARY
7157,0.0055,0.02,0.01,STATIONARY
7159,0.0126,0.04,0.01,STATIONARY
7162,0.0148,0.06,0.01,STATIONARY
7164,0.0074,0.07,0.02,STATIONARY
7165,0.0086,0.08,0.02,STATIONARY
7167,0.0049,0.09,0.02,STATIONARY
7169,0.0058,0.09,0.03,STATIONARY
7172,-0.0017,0.08,0.03,STATIONARY
7173,-0.0053,0.06,0.03,STATIONARY
7175,-0.0104,0.04,0.03,STATIONARY
7178,-0.0071,0.02,0.03,STATIONARY
7179,-0.0118,-0.00,0.03,STATIONARY
7181,-0.0109,-0.02,0.03,STATIONARY
7183,-0.0082,-0.03,0.02,STATIONARY
7186,-0.0071,-0.04,0.02,STATIONARY
7188,-0.0055,-0.05,0.02,STATIONARY
7189,-0.0038,-0.05,0.01,STATIONARY
7192,0.0055,-0.04,0.01,STATIONARY
7194,0.0039,-0.03,0.01,STATIONARY
7196,0.0018,-0.02,0.00,STATIONARY
7197,0.0045,-0.01,0.00,STATIONARY
7200,-0.0030,-0.02,0.00,STATIONARY
7201,-0.0042,-0.02,0.00,STATIONARY
7204,0.0044,-0.01,-0.00,STATIONARY
7205,0.0048,-0.00,-0.00,STATIONARY
7207,0.0116,0.02,0.00,STATIONARY
7209,0.0126,0.04,0.00,STATIONARY
7211,0.0141,0.06,0.01,STATIONARY
7213,0.0110,0.08,0.01,STATIONARY
7216,-0.0004,0.07,0.01,STATIONARY
7218,-0.0032,0.06,0.02,STATIONARY
7219,0.0005,0.06,0.02,STATIONARY
7221,-0.0076,0.04,0.02,STATIONARY
7224,-0.0060,0.02,0.02,STATIONARY
7226,-0.0095,0.00,0.02,STATIONARY
7227,-0.0085,-0.01,0.02,STATIONARY
7229,-0.0070,-0.02,0.01,STATIONARY
7232,-0.0047,-0.03,0.01,STATIONARY
7233,-0.0000,-0.03,0.01,STATIONARY
7235,0.0123,-0.00,0.01,STATIONARY
7237,0.0119,0.02,0.01,STATIONARY
7239,0.0059,0.03,0.01,STATIONARY
7241,0.0039,0.03,0.01,STATIONARY
7243,-0.0001,0.03,0.01,STATIONARY
7245,-0.0094,0.01,0.01,STATIONARY
7248,-0.0066,-0.00,0.01,STATIONARY
7249,-0.0007,-0.00,0.01,STATIONARY
7251,-0.0024,-0.01,0.01,STATIONARY
7253,-0.0087,-0.02,0.01,STATIONARY
7255,-0.0098,-0.04,0.01,STATIONARY
7257,-0.0076,-0.05,0.00,STATIONARY
7259,-0.0101,-0.06,-0.00,STATIONARY
7261,0.0016,-0.06,-0.01,STATIONARY
7264,-0.0015,-0.05,-0.01,STATIONARY
7265,-0.0011,-0.05,-0.01,STATIONARY
7267,-0.0085,-0.06,-0.01,STATIONARY
7269,-0.0023,-0.06,-0.02,STATIONARY
7271,0.0008,-0.06,-0.02,STATIONARY
7273,0.0046,-0.04,-0.02,STATIONARY
7276,-0.0063,-0.05,-0.02,STATIONARY
7277,-0.0055,-0.06,-0.02,STATIONARY
7279,-0.0123,-0.08,-0.03,STATIONARY
7281,-0.0076,-0.08,-0.03,STATIONARY
7283,-0.0008,-0.08,-0.03,STATIONARY
7286,0.0053,-0.06,-0.04,STATIONARY
7287,0.0137,-0.03,-0.04,STATIONARY
7289,0.0105,-0.01,-0.03,STATIONARY
7291,0.0104,0.01,-0.03,STATIONARY
7293,0.0137,0.03,-0.03,STATIONARY
7295,0.0111,0.05,-0.02,STATIONARY
7297,0.0101,0.07,-0.02,STATIONARY
7299,0.0059,0.07,-0.01,STATIONARY
7302,0.0022,0.07,-0.01,STATIONARY
7304,-0.0012,0.06,-0.00,STATIONARY
7305,0.0121,0.08,0.00,STATIONARY
7307,0.0111,0.09,0.01,STATIONARY
7309,0.0132,0.11,0.01,STATIONARY
7311,0.0106,0.12,0.02,STATIONARY
7313,0.0075,0.13,0.03,STATIONARY
7315,0.0094,0.13,0.03,STATIONARY
7317,-0.0011,0.12,0.04,STATIONARY
7319,-0.0096,0.09,0.04,STATIONARY
7321,-0.0051,0.08,0.04,STATIONARY
7323,-0.0088,0.05,0.04,STATIONARY
7325,-0.0086,0.03,0.04,STATIONARY
7327,0.0001,0.03,0.04,STATIONARY
7329,0.0027,0.03,0.04,STATIONARY
7331,0.0011,0.03,0.04,STATIONARY
7333,-0.0025,0.03,0.04,STATIONARY
7335,-0.0079,0.01,0.04,STATIONARY
7337,-0.0116,-0.01,0.04,STATIONARY
7339,-0.0092,-0.03,0.03,STATIONARY
7341,-0.0115,-0.05,0.03,STATIONARY
7344,-0.0096,-0.06,0.02,STATIONARY
7345,-0.0085,-0.07,0.02,STATIONARY
7347,-0.0034,-0.07,0.01,STATIONARY
7349,-0.0067,-0.08,0.01,STATIONARY
7351,-0.0084,-0.09,-0.00,STATIONARY
7353,-0.0054,-0.09,-0.01,STATIONARY
7355,-0.0002,-0.08,-0.01,STATIONARY
7357,0.0021,-0.07,-0.01,STATIONARY
7359,0.0058,-0.06,-0.02,STATIONARY
7361,0.0012,-0.05,-0.02,STATIONARY
7363,-0.0062,-0.06,-0.02,STATIONARY
7365,-0.0073,-0.07,-0.02,STATIONARY
7367,-0.0039,-0.07,-0.03,STATIONARY
7369,-0.0015,-0.07,-0.03,STATIONARY
7371,0.0088,-0.04,-0.03,STATIONARY
7373,0.0107,-0.02,-0.03,STATIONARY
7375,-0.0007,-0.02,-0.03,STATIONARY
7377,-0.0069,-0.03,-0.03,STATIONARY
7379,-0.0159,-0.06,-0.03,STATIONARY
7381,-0.0123,-0.08,-0.03,STATIONARY
7383,-0.0035,-0.08,-0.04,STATIONARY
7386,0.0029,-0.07,-0.04,STATIONARY
7388,0.0055,-0.05,-0.04,STATIONARY
7389,0.0089,-0.03,-0.04,STATIONARY
7391,0.0116,-0.01,-0.04,STATIONARY
7394,0.0114,0.02,-0.03,STATIONARY
7395,0.0070,0.03,-0.03,STATIONARY
7397,-0.0018,0.02,-0.03,STATIONARY
7399,-0.0001,0.02,-0.02,STATIONARY
7401,-0.0032,0.01,-0.02,STATIONARY
7404,-0.0007,0.01,-0.02,STATIONARY
7405,-0.0052,-0.00,-0.02,STATIONARY
7408,-0.0018,-0.00,-0.02,STATIONARY
7409,-0.0049,-0.01,-0.02,STATIONARY
7411,-0.0061,-0.02,-0.02,STATIONARY
7413,-0.0058,-0.03,-0.02,STATIONARY
7415,-0.0045,-0.04,-0.02,STATIONARY
7417,-0.0090,-0.05,-0.02,STATIONARY
7419,-0.0099,-0.06,-0.02,STATIONARY
7421,-0.0043,-0.07,-0.03,STATIONARY
7423,-0.0074,-0.08,-0.03,STATIONARY
7425,-0.0041,-0.08,-0.03,STATIONARY
7427,0.0033,-0.07,-0.03,STATIONARY
7429,0.0047,-0.05,-0.04,STATIONARY
7431,0.0096,-0.03,-0.03,STATIONARY
7433,0.0186,0.01,-0.03,STATIONARY
7435,0.0158,0.04,-0.03,STATIONARY
7437,0.0021,0.04,-0.02,STATIONARY
7439,0.0012,0.04,-0.02,STATIONARY
7441,-0.0030,0.03,-0.02,STATIONARY
7444,-0.0005,0.02,-0.02,STATIONARY
7445,0.0051,0.03,-0.01,STATIONARY
7447,0.0102,0.05,-0.01,STATIONARY
7449,0.0140,0.07,-0.00,STATIONARY
7451,0.0136,0.09,0.00,STATIONARY
7453,0.0097,0.10,0.01,STATIONARY
7455,0.0030,0.10,0.01,STATIONARY
7457,0.0024,0.09,0.02,STATIONARY
7459,-0.0013,0.08,0.02,STATIONARY
7461,-0.0016,0.07,0.02,STATIONARY
7463,0.0014,0.07,0.03,STATIONARY
7465,0.0026,0.07,0.03,STATIONARY
7467,0.0008,0.07,0.03,STATIONARY
7469,-0.0080,0.05,0.03,STATIONARY
7471,-0.0049,0.03,0.03,STATIONARY
7473,0.0012,0.03,0.03,STATIONARY
7475,0.0070,0.04,0.03,STATIONARY
7477,0.0078,0.05,0.03,STATIONARY
7479,0.0005,0.05,0.04,STATIONARY
7481,0.0038,0.05,0.04,STATIONARY
7484,0.0041,0.06,0.04,STATIONARY
7485,-0.0046,0.04,0.04,STATIONARY
7487,-0.0059,0.03,0.04,STATIONARY
7489,-0.0049,0.02,0.04,STATIONARY
7491,-0.0039,0.01,0.03,STATIONARY
7493,0.0006,0.01,0.03,STATIONARY
7495,0.0038,0.02,0.03,STATIONARY
7497,0.0083,0.03,0.03,STATIONARY
7500,0.0141,0.05,0.03,STATIONARY
7501,0.0098,0.07,0.04,STATIONARY
7503,0.0034,0.07,0.04,STATIONARY
7506,-0.0006,0.06,0.04,STATIONARY
7507,0.0073,0.07,0.04,STATIONARY
7509,0.0109,0.08,0.04,STATIONARY
7511,0.0149,0.11,0.05,STATIONARY
7513,0.0127,0.12,0.05,STATIONARY
7515,0.0190,0.15,0.06,STATIONARY
7518,0.0098,0.15,0.06,STATIONARY
7519,0.0058,0.15,0.07,STATIONARY
7521,0.0063,0.15,0.07,STATIONARY
7523,0.0046,0.15,0.08,STATIONARY
7525,0.0017,0.14,0.08,STATIONARY
7528,0.0060,0.14,0.08,STATIONARY
7529,0.0096,0.14,0.09,STATIONARY
7531,0.0069,0.15,0.09,STATIONARY
7533,-0.0020,0.13,0.09,STATIONARY
7535,-0.0076,0.11,0.09,STATIONARY
7537,-0.0033,0.09,0.09,STATIONARY
7539,0.0074,0.10,0.09,STATIONARY
7541,0.0150,0.12,0.10,STATIONARY
7544,0.0101,0.13,0.10,STATIONARY
7545,0.0198,0.15,0.10,STATIONARY
7547,0.0141,0.17,0.10,STATIONARY
7549,0.0090,0.17,0.11,STATIONARY
7551,0.0043,0.16,0.11,STATIONARY
7554,-0.0026,0.15,0.11,STATIONARY
7555,-0.0094,0.12,0.11,STATIONARY
7557,0.0017,0.11,0.11,STATIONARY
7560,0.0087,0.12,0.11,STATIONARY
7561,0.0078,0.12,0.11,STATIONARY
7563,0.0111,0.13,0.12,STATIONARY
7565,0.0141,0.15,0.12,STATIONARY
7567,0.0105,0.16,0.12,STATIONARY
7569,0.0059,0.15,0.12,STATIONARY
7571,0.0087,0.16,0.12,STATIONARY
7573,0.0123,0.17,0.13,STATIONARY
7575,0.0083,0.17,0.13,STATIONARY
7577,0.0037,0.16,0.13,STATIONARY
7579,0.0028,0.16,0.13,STATIONARY
7581,0.0154,0.17,0.14,STATIONARY
7583,0.0142,0.18,0.14,STATIONARY
7586,0.0109,0.19,0.14,STATIONARY
7587,0.0158,0.20,0.14,STATIONARY
7590,0.0186,0.22,0.15,STATIONARY
7591,0.0128,0.23,0.15,STATIONARY
7593,0.0126,0.23,0.16,STATIONARY
7595,0.0082,0.23,0.16,STATIONARY
7597,-0.0048,0.20,0.16,STATIONARY
7599,0.0026,0.19,0.17,STATIONARY
7601,0.0065,0.19,0.17,STATIONARY
7603,0.0135,0.20,0.17,STATIONARY
7605,0.0092,0.20,0.17,STATIONARY
7607,0.0140,0.21,0.17,STATIONARY
7609,0.0098,0.21,0.18,STATIONARY
7611,0.0040,0.20,0.18,STATIONARY
7613,0.0108,0.20,0.18,STATIONARY
7615,0.0196,0.22,0.18,STATIONARY
7617,0.0136,0.23,0.18,STATIONARY
7619,0.0152,0.24,0.19,STATIONARY
7621,0.0172,0.25,0.19,STATIONARY
7624,0.0061,0.24,0.19,STATIONARY
7625,0.0006,0.23,0.20,STATIONARY
7627,0.0106,0.23,0.20,STATIONARY
7630,0.0128,0.23,0.20,STATIONARY
7631,0.0039,0.22,0.20,STATIONARY
7633,0.0031,0.21,0.20,STATIONARY
7635,-0.0043,0.18,0.20,STATIONARY
7637,0.0043,0.18,0.20,STATIONARY
7639,0.0106,0.18,0.20,STATIONARY
7641,0.0131,0.19,0.20,STATIONARY
7643,0.0115,0.20,0.20,STATIONARY
7646,0.0152,0.21,0.20,STATIONARY
7647,0.0155,0.22,0.20,STATIONARY
7649,0.0116,0.23,0.20,STATIONARY
7651,0.0174,0.24,0.20,STATIONARY
7653,0.0172,0.25,0.21,STATIONARY
7655,0.0157,0.26,0.21,STATIONARY
7657,0.0068,0.25,0.21,STATIONARY
7659,0.0055,0.24,0.21,STATIONARY
7661,0.0077,0.24,0.22,STATIONARY
7664,0.0142,0.24,0.22,STATIONARY
7665,0.0024,0.23,0.22,STATIONARY
7667,-0.0037,0.20,0.22,STATIONARY
7669,0.0027,0.19,0.22,STATIONARY
7671,0.0080,0.19,0.21,STATIONARY
7673,0.0222,0.22,0.21,STATIONARY
7675,0.0249,0.25,0.22,STATIONARY
7677,0.0190,0.26,0.22,STATIONARY
7679,0.0262,0.29,0.22,STATIONARY
7681,0.0229,0.31,0.23,STATIONARY
7683,0.0177,0.32,0.23,STATIONARY
7685,0.0127,0.31,0.24,STATIONARY
7688,0.0214,0.33,0.24,STATIONARY
7689,0.0208,0.34,0.25,STATIONARY
7692,0.0189,0.35,0.25,STATIONARY
7694,0.0175,0.35,0.26,STATIONARY
7695,0.0213,0.36,0.27,STATIONARY
7697,0.0202,0.37,0.27,STATIONARY
7700,0.0227,0.38,0.28,STATIONARY
7701,0.0254,0.40,0.29,STATIONARY
7703,0.0248,0.41,0.29,STATIONARY
7706,0.0259,0.43,0.30,STATIONARY
7707,0.0304,0.45,0.31,STATIONARY
7709,0.0392,0.49,0.32,STATIONARY
7711,0.0330,0.51,0.33,STATIONARY
7713,0.0277,0.52,0.34,STATIONARY
7715,0.0241,0.52,0.35,STATIONARY
7717,0.0273,0.53,0.36,STATIONARY
7720,0.0310,0.54,0.37,STATIONARY
7721,0.0103,0.52,0.38,STATIONARY
7723,0.0077,0.49,0.39,STATIONARY
7725,0.0176,0.49,0.40,STATIONARY
7727,0.0216,0.49,0.40,STATIONARY
7729,0.0250,0.49,0.41,STATIONARY
7732,0.0207,0.49,0.41,STATIONARY
7733,0.0184,0.49,0.42,STATIONARY
7735,0.0138,0.47,0.42,STATIONARY
7737,0.0114,0.46,0.42,STATIONARY
7739,0.0194,0.46,0.42,STATIONARY
7741,0.0239,0.46,0.43,STATIONARY
7743,0.0277,0.48,0.43,STATIONARY
7745,0.0247,0.48,0.43,STATIONARY
7747,0.0122,0.47,0.43,STATIONARY
7749,0.0204,0.47,0.44,STATIONARY
7751,0.0266,0.48,0.44,STATIONARY
7753,0.0360,0.51,0.44,STATIONARY
7755,0.0380,0.54,0.45,STATIONARY
7757,0.0310,0.55,0.45,STATIONARY
7759,0.0285,0.56,0.46,STATIONARY
7761,0.0213,0.55,0.47,STATIONARY
7763,0.0185,0.54,0.47,STATIONARY
7765,0.0102,0.52,0.47,STATIONARY
7767,0.0067,0.49,0.47,STATIONARY
7769,0.0216,0.49,0.48,STATIONARY
7771,0.0254,0.50,0.48,STATIONARY
7773,0.0295,0.51,0.48,STATIONARY
7775,0.0206,0.51,0.48,STATIONARY
7777,0.0209,0.51,0.48,STATIONARY
7779,0.0254,0.51,0.48,STATIONARY
7781,0.0279,0.52,0.49,STATIONARY
7784,0.0286,0.53,0.49,STATIONARY
7786,0.0336,0.55,0.49,STATIONARY
7787,0.0341,0.57,0.50,STATIONARY
7789,0.0411,0.60,0.50,STATIONARY
7791,0.0382,0.62,0.51,STATIONARY
7793,0.0372,0.64,0.52,STATIONARY
7796,0.0323,0.65,0.53,STATIONARY
7797,0.0283,0.65,0.53,STATIONARY
7799,0.0383,0.67,0.54,STATIONARY
7802,0.0395,0.69,0.55,STATIONARY
7803,0.0436,0.71,0.56,STATIONARY
7805,0.0374,0.73,0.57,STATIONARY
7807,0.0320,0.73,0.58,STATIONARY
7809,0.0306,0.72,0.59,STATIONARY
7811,0.0315,0.72,0.60,STATIONARY
7813,0.0310,0.72,0.60,STATIONARY
7815,0.0276,0.72,0.61,STATIONARY
7817,0.0306,0.72,0.62,STATIONARY
7819,0.0342,0.72,0.62,STATIONARY
7821,0.0334,0.72,0.63,STATIONARY
7824,0.0323,0.73,0.63,STATIONARY
7825,0.0338,0.73,0.64,STATIONARY
7828,0.0307,0.73,0.65,STATIONARY
7829,0.0407,0.74,0.65,STATIONARY
7831,0.0364,0.75,0.66,STATIONARY
7833,0.0378,0.76,0.66,STATIONARY
7835,0.0351,0.77,0.67,STATIONARY
7837,0.0354,0.77,0.68,STATIONARY
7839,0.0326,0.77,0.68,STATIONARY
7841,0.0315,0.76,0.69,STATIONARY
7844,0.0344,0.77,0.69,STATIONARY
7845,0.0388,0.78,0.70,STATIONARY
7847,0.0386,0.79,0.70,STATIONARY
7849,0.0449,0.81,0.71,STATIONARY
7851,0.0423,0.82,0.71,STATIONARY
7853,0.0406,0.83,0.72,STATIONARY
7855,0.0381,0.83,0.73,STATIONARY
7857,0.0362,0.83,0.73,STATIONARY
7859,0.0160,0.79,0.74,STATIONARY
7861,0.0169,0.76,0.74,STATIONARY
7863,0.0299,0.76,0.74,STATIONARY
7865,0.0366,0.76,0.74,STATIONARY
7867,0.0425,0.78,0.74,STATIONARY
7869,0.0371,0.79,0.75,STATIONARY
7872,0.0319,0.78,0.75,STATIONARY
7873,0.0407,0.79,0.75,STATIONARY
7875,0.0401,0.80,0.75,STATIONARY
7877,0.0358,0.81,0.76,STATIONARY
7879,0.0340,0.80,0.76,STATIONARY
7881,0.0376,0.81,0.76,STATIONARY
7883,0.0322,0.80,0.76,STATIONARY
7885,0.0324,0.80,0.77,STATIONARY
7887,0.0338,0.80,0.77,STATIONARY
7889,0.0396,0.81,0.77,STATIONARY
7891,0.0444,0.82,0.77,STATIONARY
7893,0.0387,0.83,0.78,STATIONARY
7895,0.0308,0.82,0.78,STATIONARY
7897,0.0404,0.83,0.78,STATIONARY
7899,0.0437,0.84,0.79,STATIONARY
7901,0.0448,0.86,0.79,STATIONARY
7904,0.0481,0.88,0.80,STATIONARY
7905,0.0408,0.88,0.80,STATIONARY
7907,0.0378,0.88,0.81,STATIONARY
7909,0.0427,0.89,0.81,STATIONARY
7911,0.0408,0.89,0.82,STATIONARY
7913,0.0448,0.90,0.82,STATIONARY
7915,0.0387,0.90,0.83,STATIONARY
7917,0.0293,0.88,0.83,STATIONARY
7919,0.0331,0.87,0.83,STATIONARY
7921,0.0338,0.87,0.83,STATIONARY
7923,0.0340,0.86,0.84,STATIONARY
7925,0.0334,0.85,0.84,STATIONARY
7927,0.0387,0.86,0.84,STATIONARY
7929,0.0388,0.86,0.84,STATIONARY
7931,0.0401,0.86,0.84,STATIONARY
7933,0.0378,0.86,0.84,STATIONARY
7935,0.0325,0.85,0.84,STATIONARY
7937,0.0222,0.83,0.84,STATIONARY
7939,0.0329,0.82,0.84,STATIONARY
7941,0.0444,0.84,0.84,STATIONARY
7944,0.0397,0.84,0.84,STATIONARY
7945,0.0347,0.84,0.84,STATIONARY
7947,0.0393,0.85,0.84,STATIONARY
7949,0.0446,0.86,0.84,STATIONARY
7951,0.0374,0.86,0.84,STATIONARY
7953,0.0420,0.87,0.84,STATIONARY
7955,0.0403,0.87,0.85,STATIONARY
7958,0.0326,0.86,0.85,STATIONARY
7959,0.0371,0.86,0.85,STATIONARY
7961,0.0438,0.87,0.85,STATIONARY
7963,0.0429,0.88,0.85,STATIONARY
7965,0.0429,0.89,0.85,STATIONARY
7967,0.0414,0.90,0.86,STATIONARY
7969,0.0370,0.89,0.86,STATIONARY
7971,0.0378,0.89,0.86,STATIONARY
7973,0.0266,0.87,0.86,STATIONARY
7975,0.0357,0.86,0.86,STATIONARY
7977,0.0456,0.88,0.86,STATIONARY
7979,0.0460,0.89,0.86,STATIONARY
7981,0.0438,0.90,0.87,STATIONARY
7984,0.0486,0.92,0.87,STATIONARY
7986,0.0514,0.94,0.87,STATIONARY
7987,0.0337,0.93,0.88,STATIONARY
7989,0.0306,0.91,0.88,STATIONARY
7991,0.0285,0.89,0.88,STATIONARY
7994,0.0351,0.88,0.88,STATIONARY
7996,0.0435,0.89,0.88,STATIONARY
7997,0.0409,0.90,0.88,STATIONARY
8000,0.0433,0.90,0.88,STATIONARY
8001,0.0401,0.91,0.88,STATIONARY
8003,0.0431,0.91,0.89,STATIONARY
8006,0.0473,0.93,0.89,STATIONARY
8007,0.0432,0.93,0.89,STATIONARY
8009,0.0417,0.93,0.89,STATIONARY
8011,0.0478,0.95,0.90,STATIONARY
8013,0.0528,0.97,0.90,STATIONARY
8015,0.0525,0.99,0.91,STATIONARY
8018,0.0531,1.01,0.91,STATIONARY
8019,0.0598,1.04,0.92,STATIONARY
8021,0.0523,1.05,0.93,STATIONARY
8023,0.0404,1.04,0.93,STATIONARY
8025,0.0305,1.01,0.94,STATIONARY
8027,0.0308,0.99,0.94,STATIONARY
8029,0.0377,0.98,0.94,STATIONARY
8031,0.0405,0.97,0.95,STATIONARY
8033,0.0373,0.97,0.95,STATIONARY
8035,0.0357,0.95,0.95,STATIONARY
8037,0.0305,0.93,0.95,STATIONARY
8039,0.0324,0.92,0.94,STATIONARY
8041,0.0325,0.90,0.94,STATIONARY
8044,0.0305,0.89,0.94,STATIONARY
8045,0.0313,0.88,0.94,STATIONARY
8047,0.0422,0.88,0.93,STATIONARY
8049,0.0424,0.89,0.93,STATIONARY
8051,0.0461,0.90,0.93,STATIONARY
8054,0.0427,0.91,0.93,STATIONARY
8055,0.0461,0.92,0.93,STATIONARY
8057,0.0491,0.94,0.93,STATIONARY
8060,0.0514,0.96,0.93,STATIONARY
8061,0.0384,0.95,0.93,STATIONARY
8064,0.0369,0.94,0.93,STATIONARY
8065,0.0427,0.95,0.93,STATIONARY
8067,0.0446,0.95,0.93,STATIONARY
8069,0.0451,0.96,0.94,STATIONARY
8071,0.0380,0.95,0.94,STATIONARY
8073,0.0368,0.94,0.94,STATIONARY
8075,0.0377,0.94,0.94,STATIONARY
8077,0.0430,0.94,0.94,STATIONARY
8079,0.0482,0.96,0.94,STATIONARY
8081,0.0445,0.96,0.94,STATIONARY
8083,0.0380,0.95,0.94,STATIONARY
8085,0.0416,0.95,0.94,STATIONARY
8087,0.0417,0.95,0.94,STATIONARY
8089,0.0468,0.96,0.94,STATIONARY
8091,0.0488,0.98,0.95,STATIONARY
8094,0.0496,0.99,0.95,STATIONARY
8095,0.0499,1.00,0.95,STATIONARY
8097,0.0567,1.03,0.96,STATIONARY
8099,0.0598,1.05,0.96,STATIONARY
8102,0.0600,1.08,0.97,STATIONARY
8103,0.0532,1.09,0.98,STATIONARY
8105,0.0394,1.08,0.98,STATIONARY
8107,0.0377,1.06,0.99,STATIONARY
8109,0.0397,1.05,0.99,STATIONARY
8111,0.0361,1.03,0.99,STATIONARY
8113,0.0337,1.01,0.99,STATIONARY
8115,0.0357,1.00,0.99,STATIONARY
8117,0.0414,0.99,0.99,STATIONARY
8119,0.0447,0.99,0.99,STATIONARY
8121,0.0437,1.00,0.99,STATIONARY
8123,0.0497,1.01,0.99,STATIONARY
8125,0.0486,1.02,1.00,STATIONARY
8127,0.0440,1.02,1.00,STATIONARY
8130,0.0347,1.00,1.00,STATIONARY
8131,0.0423,1.00,1.00,STATIONARY
8133,0.0436,1.00,1.00,STATIONARY
8135,0.0395,0.99,1.00,STATIONARY
8137,0.0423,0.99,1.00,STATIONARY
8139,0.0386,0.98,1.00,STATIONARY
8141,0.0240,0.95,0.99,STATIONARY
8143,0.0241,0.91,0.99,STATIONARY
8145,0.0311,0.90,0.98,STATIONARY
8147,0.0317,0.89,0.98,STATIONARY
8149,0.0390,0.89,0.97,STATIONARY
8151,0.0332,0.88,0.97,STATIONARY
8153,0.0321,0.87,0.96,STATIONARY
8155,0.0283,0.85,0.95,STATIONARY
8157,0.0242,0.82,0.95,STATIONARY
8159,0.0256,0.81,0.94,STATIONARY
8162,0.0350,0.81,0.93,STATIONARY
8163,0.0325,0.80,0.92,STATIONARY
8165,0.0297,0.79,0.91,STATIONARY
8167,0.0248,0.77,0.91,STATIONARY
8169,0.0260,0.76,0.90,STATIONARY
8171,0.0348,0.76,0.89,STATIONARY
8173,0.0336,0.76,0.88,STATIONARY
8175,0.0295,0.76,0.87,STATIONARY
8177,0.0370,0.76,0.87,STATIONARY
8179,0.0416,0.78,0.86,STATIONARY
8181,0.0344,0.78,0.86,STATIONARY
8183,0.0340,0.78,0.85,STATIONARY
8185,0.0397,0.79,0.85,STATIONARY
8188,0.0448,0.81,0.85,STATIONARY
8189,0.0359,0.81,0.85,STATIONARY
8191,0.0306,0.80,0.84,STATIONARY
8194,0.0312,0.80,0.84,STATIONARY
8195,0.0356,0.80,0.84,STATIONARY
8197,0.0344,0.80,0.84,STATIONARY
8200,0.0309,0.79,0.83,STATIONARY
8201,0.0311,0.78,0.83,STATIONARY
8203,0.0347,0.79,0.83,STATIONARY
8205,0.0336,0.78,0.82,STATIONARY
8207,0.0326,0.78,0.82,STATIONARY
8209,0.0348,0.78,0.82,STATIONARY
8211,0.0314,0.78,0.82,STATIONARY
8213,0.0354,0.78,0.82,STATIONARY
8215,0.0331,0.78,0.81,STATIONARY
8217,0.0255,0.76,0.81,STATIONARY
8220,0.0258,0.75,0.81,STATIONARY
8221,0.0245,0.74,0.80,STATIONARY
8223,0.0257,0.72,0.80,STATIONARY
8225,0.0272,0.72,0.79,STATIONARY
8227,0.0266,0.71,0.79,STATIONARY
8229,0.0287,0.70,0.78,STATIONARY
8232,0.0378,0.72,0.78,STATIONARY
8233,0.0395,0.73,0.78,STATIONARY
8235,0.0362,0.74,0.77,STATIONARY
8237,0.0289,0.73,0.77,STATIONARY
8239,0.0402,0.75,0.77,STATIONARY
8241,0.0402,0.76,0.77,STATIONARY
8243,0.0341,0.77,0.77,STATIONARY
8245,0.0255,0.75,0.77,STATIONARY
8247,0.0242,0.74,0.77,STATIONARY
8249,0.0237,0.72,0.76,STATIONARY
8251,0.0291,0.72,0.76,STATIONARY
8253,0.0450,0.74,0.76,STATIONARY
8255,0.0448,0.76,0.76,STATIONARY
8257,0.0419,0.78,0.76,STATIONARY
8259,0.0309,0.77,0.76,STATIONARY
8261,0.0401,0.79,0.76,STATIONARY
8264,0.0481,0.81,0.77,STATIONARY
8265,0.0459,0.83,0.77,STATIONARY
8267,0.0367,0.83,0.77,STATIONARY
8269,0.0298,0.82,0.78,STATIONARY
8271,0.0307,0.81,0.78,STATIONARY
8274,0.0267,0.80,0.78,STATIONARY
8275,0.0261,0.78,0.78,STATIONARY
8277,0.0288,0.77,0.78,STATIONARY
8279,0.0319,0.77,0.78,STATIONARY
8281,0.0361,0.77,0.78,STATIONARY
8283,0.0400,0.78,0.78,STATIONARY
8286,0.0305,0.78,0.78,STATIONARY
8287,0.0418,0.79,0.78,STATIONARY
8289,0.0440,0.81,0.78,STATIONARY
8291,0.0452,0.83,0.78,STATIONARY
8293,0.0398,0.84,0.79,STATIONARY
8295,0.0333,0.83,0.79,STATIONARY
8297,0.0306,0.82,0.79,STATIONARY
8299,0.0418,0.83,0.79,STATIONARY
8302,0.0458,0.85,0.80,STATIONARY
8303,0.0378,0.85,0.80,STATIONARY
8306,0.0280,0.83,0.80,STATIONARY
8307,0.0253,0.81,0.80,STATIONARY
8309,0.0345,0.81,0.80,STATIONARY
8311,0.0257,0.79,0.80,STATIONARY
8313,0.0195,0.77,0.80,STATIONARY
8315,0.0196,0.74,0.80,STATIONARY
8317,0.0280,0.73,0.79,STATIONARY
8319,0.0318,0.73,0.79,STATIONARY
8321,0.0367,0.74,0.79,STATIONARY
8323,0.0264,0.73,0.78,STATIONARY
8325,0.0293,0.73,0.78,STATIONARY
8327,0.0472,0.76,0.78,STATIONARY
8329,0.0366,0.76,0.78,STATIONARY
8331,0.0362,0.77,0.78,STATIONARY
8333,0.0291,0.76,0.78,STATIONARY
8335,0.0162,0.73,0.77,STATIONARY
8337,0.0274,0.72,0.77,STATIONARY
8339,0.0346,0.73,0.77,STATIONARY
8341,0.0378,0.74,0.77,STATIONARY
8344,0.0369,0.75,0.77,STATIONARY
8345,0.0364,0.75,0.76,STATIONARY
8347,0.0312,0.75,0.76,STATIONARY
8349,0.0290,0.74,0.76,STATIONARY
8351,0.0312,0.74,0.76,STATIONARY
8353,0.0356,0.75,0.76,STATIONARY
8355,0.0275,0.74,0.76,STATIONARY
8357,0.0258,0.73,0.76,STATIONARY
8359,0.0359,0.74,0.76,STATIONARY
8361,0.0387,0.75,0.76,STATIONARY
8363,0.0341,0.75,0.76,STATIONARY
8366,0.0304,0.75,0.75,STATIONARY
8367,0.0323,0.75,0.75,STATIONARY
8369,0.0328,0.75,0.75,STATIONARY
8372,0.0375,0.76,0.75,STATIONARY
8373,0.0320,0.75,0.75,STATIONARY
8375,0.0305,0.75,0.75,STATIONARY
8377,0.0280,0.74,0.75,STATIONARY
8379,0.0348,0.75,0.75,STATIONARY
8381,0.0396,0.76,0.75,STATIONARY
8383,0.0373,0.77,0.75,STATIONARY
8386,0.0266,0.76,0.75,STATIONARY
8387,0.0255,0.74,0.75,STATIONARY
8389,0.0323,0.74,0.75,STATIONARY
8391,0.0331,0.74,0.75,STATIONARY
8393,0.0284,0.74,0.75,STATIONARY
8396,0.0408,0.75,0.75,STATIONARY
8398,0.0349,0.76,0.75,STATIONARY
8399,0.0290,0.75,0.75,STATIONARY
8401,0.0423,0.77,0.75,STATIONARY
8404,0.0372,0.77,0.75,STATIONARY
8405,0.0362,0.78,0.76,STATIONARY
8407,0.0397,0.79,0.76,STATIONARY
8409,0.0362,0.79,0.76,STATIONARY
8411,0.0293,0.78,0.76,STATIONARY
8413,0.0247,0.77,0.76,STATIONARY
8415,0.0248,0.75,0.76,STATIONARY
8417,0.0271,0.74,0.76,STATIONARY
8419,0.0364,0.75,0.76,STATIONARY
8421,0.0264,0.74,0.76,STATIONARY
8423,0.0236,0.72,0.76,STATIONARY
8425,0.0228,0.71,0.75,STATIONARY
8427,0.0228,0.69,0.75,STATIONARY
8429,0.0243,0.68,0.74,STATIONARY
8431,0.0214,0.67,0.74,STATIONARY
8433,0.0244,0.66,0.73,STATIONARY
8435,0.0234,0.65,0.73,STATIONARY
8438,0.0228,0.64,0.72,STATIONARY
8439,0.0264,0.64,0.72,STATIONARY
8441,0.0263,0.63,0.71,STATIONARY
8444,0.0336,0.64,0.71,STATIONARY
8445,0.0284,0.64,0.71,STATIONARY
8447,0.0228,0.64,0.70,STATIONARY
8449,0.0213,0.62,0.70,STATIONARY
8451,0.0274,0.62,0.69,STATIONARY
8453,0.0326,0.63,0.69,STATIONARY
8455,0.0248,0.63,0.69,STATIONARY
8458,0.0273,0.63,0.68,STATIONARY
8459,0.0294,0.63,0.68,STATIONARY
8461,0.0262,0.63,0.68,STATIONARY
8463,0.0300,0.63,0.67,STATIONARY
8466,0.0371,0.65,0.67,STATIONARY
8467,0.0289,0.65,0.67,STATIONARY
8469,0.0242,0.65,0.67,STATIONARY
8471,0.0229,0.64,0.67,STATIONARY
8473,0.0244,0.63,0.67,STATIONARY
8475,0.0332,0.64,0.66,STATIONARY
8477,0.0403,0.66,0.66,STATIONARY
8479,0.0385,0.68,0.67,STATIONARY
8481,0.0365,0.69,0.67,STATIONARY
8483,0.0293,0.69,0.67,STATIONARY
8485,0.0317,0.70,0.67,STATIONARY
8487,0.0351,0.70,0.67,STATIONARY
8490,0.0352,0.71,0.67,STATIONARY
8491,0.0265,0.70,0.68,STATIONARY
8493,0.0224,0.69,0.68,STATIONARY
8495,0.0186,0.67,0.68,STATIONARY
8497,0.0181,0.65,0.67,STATIONARY
8500,0.0211,0.64,0.67,STATIONARY
8501,0.0266,0.63,0.67,STATIONARY
8503,0.0358,0.65,0.67,STATIONARY
8506,0.0240,0.64,0.67,STATIONARY
8507,0.0281,0.64,0.67,STATIONARY
8509,0.0294,0.64,0.66,STATIONARY
8511,0.0352,0.66,0.66,STATIONARY
8513,0.0364,0.67,0.66,STATIONARY
8515,0.0300,0.67,0.67,STATIONARY
8518,0.0204,0.66,0.66,STATIONARY
8519,0.0204,0.64,0.66,STATIONARY
8522,0.0262,0.64,0.66,STATIONARY
8523,0.0332,0.65,0.66,STATIONARY
8525,0.0295,0.65,0.66,STATIONARY
8527,0.0297,0.65,0.66,STATIONARY
8529,0.0325,0.66,0.66,STATIONARY
8531,0.0358,0.67,0.66,STATIONARY
8533,0.0338,0.68,0.66,STATIONARY
8535,0.0277,0.68,0.66,STATIONARY
8537,0.0182,0.66,0.66,STATIONARY
8539,0.0123,0.63,0.66,STATIONARY
8541,0.0191,0.61,0.66,STATIONARY
8544,0.0210,0.60,0.65,STATIONARY
8545,0.0255,0.60,0.65,STATIONARY
8547,0.0343,0.62,0.65,STATIONARY
8549,0.0326,0.63,0.65,STATIONARY
8551,0.0279,0.63,0.65,STATIONARY
8554,0.0267,0.63,0.65,STATIONARY
8555,0.0295,0.63,0.64,STATIONARY
8557,0.0251,0.63,0.64,STATIONARY
8560,0.0203,0.61,0.64,STATIONARY
8561,0.0214,0.60,0.64,STATIONARY
8563,0.0244,0.60,0.64,STATIONARY
8565,0.0271,0.60,0.64,STATIONARY
8567,0.0249,0.60,0.63,STATIONARY
8569,0.0190,0.59,0.63,STATIONARY
8571,0.0252,0.59,0.63,STATIONARY
8573,0.0247,0.58,0.63,STATIONARY
8575,0.0332,0.60,0.62,STATIONARY
8577,0.0286,0.60,0.62,STATIONARY
8579,0.0216,0.60,0.62,STATIONARY
8581,0.0227,0.59,0.62,STATIONARY
8584,0.0209,0.58,0.62,STATIONARY
8585,0.0168,0.57,0.61,STATIONARY
8587,0.0200,0.56,0.61,STATIONARY
8589,0.0283,0.56,0.61,STATIONARY
8591,0.0250,0.56,0.61,STATIONARY
8593,0.0275,0.57,0.60,STATIONARY
8596,0.0206,0.56,0.60,STATIONARY
8597,0.0061,0.53,0.60,STATIONARY
8599,0.0040,0.49,0.59,STATIONARY
8602,0.0061,0.47,0.58,STATIONARY
8603,0.0058,0.44,0.57,STATIONARY
8605,0.0056,0.41,0.57,STATIONARY
8607,0.0074,0.40,0.56,STATIONARY
8609,0.0121,0.39,0.55,STATIONARY
8611,0.0052,0.36,0.53,STATIONARY
8613,0.0178,0.37,0.52,STATIONARY
8615,0.0163,0.37,0.52,STATIONARY
8617,0.0165,0.37,0.51,STATIONARY
8619,0.0179,0.37,0.50,STATIONARY
8621,0.0169,0.37,0.49,STATIONARY
8624,0.0113,0.37,0.48,STATIONARY
8625,0.0144,0.36,0.48,STATIONARY
8627,0.0124,0.36,0.47,STATIONARY
8630,0.0213,0.37,0.46,STATIONARY
8631,0.0192,0.37,0.46,STATIONARY
8633,0.0140,0.37,0.45,STATIONARY
8635,0.0221,0.38,0.45,STATIONARY
8637,0.0254,0.40,0.45,STATIONARY
8639,0.0099,0.38,0.44,STATIONARY
8641,0.0056,0.36,0.44,STATIONARY
8643,0.0096,0.35,0.43,STATIONARY
8646,0.0049,0.33,0.43,STATIONARY
8647,0.0124,0.33,0.42,STATIONARY
8649,0.0113,0.32,0.41,STATIONARY
8651,0.0039,0.30,0.41,STATIONARY
8653,0.0090,0.30,0.40,STATIONARY
8655,0.0116,0.29,0.40,STATIONARY
8657,0.0155,0.30,0.39,STATIONARY
8659,0.0137,0.30,0.38,STATIONARY
8661,0.0024,0.28,0.38,STATIONARY
8663,0.0042,0.27,0.37,STATIONARY
8665,0.0049,0.25,0.36,STATIONARY
8667,0.0146,0.26,0.36,STATIONARY
8669,0.0146,0.27,0.35,STATIONARY
8671,0.0222,0.29,0.35,STATIONARY
8673,0.0197,0.30,0.35,STATIONARY
8675,0.0185,0.31,0.34,STATIONARY
8677,0.0098,0.30,0.34,STATIONARY
8679,0.0115,0.30,0.34,STATIONARY
8681,0.0153,0.30,0.34,STATIONARY
8683,0.0134,0.30,0.33,STATIONARY
8685,0.0190,0.31,0.33,STATIONARY
8687,0.0293,0.34,0.33,STATIONARY
8689,0.0344,0.38,0.34,STATIONARY
8691,0.0217,0.39,0.34,STATIONARY
8693,0.0210,0.40,0.34,STATIONARY
8695,0.0186,0.40,0.35,STATIONARY
8697,0.0229,0.41,0.35,STATIONARY
8700,0.0236,0.42,0.35,STATIONARY
8701,0.0191,0.42,0.36,STATIONARY
8703,0.0123,0.41,0.36,STATIONARY
8705,0.0100,0.40,0.36,STATIONARY
8707,0.0038,0.37,0.36,STATIONARY
8709,0.0076,0.36,0.36,STATIONARY
8711,0.0111,0.35,0.36,STATIONARY
8713,0.0209,0.36,0.36,STATIONARY
8715,0.0234,0.37,0.36,STATIONARY
8717,0.0225,0.38,0.36,STATIONARY
8719,0.0137,0.38,0.36,STATIONARY
8721,0.0152,0.38,0.37,STATIONARY
8723,0.0181,0.38,0.37,STATIONARY
8726,0.0110,0.37,0.37,STATIONARY
8727,0.0191,0.37,0.37,STATIONARY
8729,0.0247,0.39,0.37,STATIONARY
8732,0.0268,0.41,0.37,STATIONARY
8733,0.0239,0.42,0.37,STATIONARY
8735,0.0168,0.42,0.38,STATIONARY
8737,0.0134,0.41,0.38,STATIONARY
8739,0.0157,0.40,0.38,STATIONARY
8741,0.0170,0.40,0.38,STATIONARY
8743,0.0159,0.40,0.38,STATIONARY
8745,0.0150,0.40,0.38,STATIONARY
8747,0.0175,0.40,0.38,STATIONARY
8749,0.0178,0.40,0.38,STATIONARY
8751,0.0205,0.40,0.39,STATIONARY
8753,0.0195,0.41,0.39,STATIONARY
8755,0.0179,0.41,0.39,STATIONARY
8757,0.0199,0.41,0.39,STATIONARY
8759,0.0253,0.43,0.39,STATIONARY
8761,0.0197,0.43,0.39,STATIONARY
8764,0.0189,0.43,0.40,STATIONARY
8765,0.0112,0.41,0.40,STATIONARY
8767,0.0075,0.40,0.40,STATIONARY
8769,0.0062,0.37,0.40,STATIONARY
8771,0.0138,0.37,0.39,STATIONARY
8773,0.0196,0.38,0.39,STATIONARY
8775,0.0231,0.39,0.39,STATIONARY
8777,0.0201,0.40,0.39,STATIONARY
8779,0.0264,0.41,0.39,STATIONARY
8781,0.0251,0.43,0.40,STATIONARY
8783,0.0208,0.43,0.40,STATIONARY
8786,0.0215,0.44,0.40,STATIONARY
8787,0.0135,0.42,0.40,STATIONARY
8789,0.0047,0.40,0.40,STATIONARY
8791,0.0093,0.38,0.40,STATIONARY
8793,0.0139,0.38,0.40,STATIONARY
8796,0.0172,0.38,0.40,STATIONARY
8797,0.0103,0.37,0.40,STATIONARY
8799,0.0125,0.36,0.39,STATIONARY
8802,0.0047,0.34,0.39,STATIONARY
8803,0.0024,0.32,0.39,STATIONARY
8806,0.0084,0.31,0.38,STATIONARY
8807,0.0103,0.30,0.38,STATIONARY
8809,0.0213,0.32,0.37,STATIONARY
8811,0.0210,0.33,0.37,STATIONARY
8813,0.0066,0.32,0.37,STATIONARY
8815,0.0002,0.29,0.36,STATIONARY
8817,0.0073,0.28,0.36,STATIONARY
8819,0.0090,0.28,0.35,STATIONARY
8822,0.0122,0.28,0.35,STATIONARY
8823,0.0191,0.29,0.35,STATIONARY
8825,0.0082,0.28,0.34,STATIONARY
8827,-0.0032,0.25,0.34,STATIONARY
8829,0.0014,0.24,0.33,STATIONARY
8831,0.0039,0.22,0.32,STATIONARY
8833,0.0067,0.22,0.32,STATIONARY
8835,0.0071,0.21,0.31,STATIONARY
8837,0.0117,0.22,0.31,STATIONARY
8839,0.0094,0.22,0.30,STATIONARY
8841,0.0093,0.22,0.30,STATIONARY
8844,0.0082,0.22,0.29,STATIONARY
8845,0.0127,0.22,0.29,STATIONARY
8847,0.0172,0.24,0.28,STATIONARY
8849,0.0210,0.26,0.28,STATIONARY
8851,0.0151,0.26,0.28,STATIONARY
8853,0.0143,0.27,0.28,STATIONARY
8855,0.0128,0.27,0.28,STATIONARY
8857,0.0141,0.27,0.28,STATIONARY
8859,0.0159,0.28,0.28,STATIONARY
8861,0.0096,0.28,0.28,STATIONARY
8863,0.0017,0.26,0.28,STATIONARY
8865,-0.0021,0.23,0.28,STATIONARY
8867,-0.0018,0.21,0.27,STATIONARY
8869,-0.0013,0.19,0.27,STATIONARY
8872,-0.0004,0.18,0.26,STATIONARY
8873,0.0019,0.17,0.26,STATIONARY
8875,0.0137,0.18,0.25,STATIONARY
8877,0.0192,0.20,0.25,STATIONARY
8879,0.0146,0.21,0.25,STATIONARY
8881,0.0035,0.20,0.24,STATIONARY
8883,0.0042,0.19,0.24,STATIONARY
8885,-0.0006,0.17,0.24,STATIONARY
8888,0.0013,0.16,0.23,STATIONARY
8889,0.0046,0.16,0.23,STATIONARY
8891,0.0057,0.16,0.22,STATIONARY
8893,0.0007,0.15,0.22,STATIONARY
8895,-0.0007,0.13,0.21,STATIONARY
8897,-0.0060,0.11,0.21,STATIONARY
8899,-0.0025,0.10,0.20,STATIONARY
8901,-0.0061,0.08,0.19,STATIONARY
8904,-0.0155,0.04,0.18,STATIONARY
8905,-0.0011,0.04,0.18,STATIONARY
8907,0.0021,0.04,0.17,STATIONARY
8909,0.0030,0.04,0.16,STATIONARY
8911,0.0090,0.05,0.15,STATIONARY
8913,0.0124,0.07,0.15,STATIONARY
8915,0.0047,0.08,0.15,STATIONARY
8917,0.0002,0.07,0.14,STATIONARY
8920,0.0117,0.09,0.14,STATIONARY
8921,0.0112,0.10,0.14,STATIONARY
8923,0.0067,0.10,0.13,STATIONARY
8925,0.0048,0.10,0.13,STATIONARY
8927,0.0032,0.10,0.13,STATIONARY
8929,0.0018,0.10,0.13,STATIONARY
8931,0.0031,0.10,0.13,STATIONARY
8933,-0.0011,0.09,0.12,STATIONARY
8935,-0.0027,0.07,0.12,STATIONARY
8937,0.0042,0.08,0.12,STATIONARY
8939,0.0103,0.09,0.12,STATIONARY
8941,0.0110,0.10,0.12,STATIONARY
8943,0.0070,0.11,0.11,STATIONARY
8945,0.0110,0.12,0.11,STATIONARY
8947,0.0019,0.11,0.11,STATIONARY
8949,0.0078,0.12,0.11,STATIONARY
8951,0.0189,0.14,0.12,STATIONARY
8953,0.0175,0.16,0.12,STATIONARY
8955,0.0152,0.18,0.12,STATIONARY
8958,0.0203,0.20,0.13,STATIONARY
8959,0.0188,0.22,0.13,STATIONARY
8961,0.0193,0.24,0.14,STATIONARY
8963,0.0137,0.24,0.15,STATIONARY
8965,0.0169,0.26,0.15,STATIONARY
8967,0.0100,0.25,0.16,STATIONARY
8969,0.0102,0.25,0.16,STATIONARY
8971,0.0065,0.24,0.17,STATIONARY
8973,0.0033,0.23,0.17,STATIONARY
8975,0.0022,0.22,0.17,STATIONARY
8977,0.0013,0.20,0.18,STATIONARY
8979,0.0019,0.19,0.18,STATIONARY
8981,-0.0003,0.17,0.18,STATIONARY
8984,-0.0001,0.16,0.18,STATIONARY
8986,0.0088,0.16,0.17,STATIONARY
8987,0.0114,0.17,0.17,STATIONARY
8990,0.0074,0.17,0.17,STATIONARY
8991,0.0091,0.17,0.17,STATIONARY
8993,0.0051,0.17,0.17,STATIONARY
8996,-0.0012,0.15,0.17,STATIONARY
8997,0.0000,0.14,0.17,STATIONARY
9000,0.0031,0.14,0.17,STATIONARY
9001,0.0034,0.13,0.17,STATIONARY
9003,-0.0042,0.11,0.16,STATIONARY
9006,-0.0037,0.10,0.16,STATIONARY
9007,0.0037,0.10,0.16,STATIONARY
9009,0.0013,0.09,0.15,STATIONARY
9011,-0.0012,0.08,0.15,STATIONARY
9013,-0.0010,0.07,0.14,STATIONARY
9015,-0.0052,0.06,0.14,STATIONARY
9018,-0.0014,0.05,0.13,STATIONARY
9019,0.0105,0.07,0.13,STATIONARY
9022,0.0075,0.07,0.13,STATIONARY
9023,0.0075,0.08,0.12,STATIONARY
9025,0.0143,0.10,0.12,STATIONARY
9027,0.0050,0.10,0.12,STATIONARY
9029,0.0055,0.10,0.12,STATIONARY
9031,-0.0002,0.10,0.12,STATIONARY
9033,0.0033,0.09,0.12,STATIONARY
9035,0.0014,0.09,0.12,STATIONARY
9037,-0.0009,0.08,0.11,STATIONARY
9039,0.0014,0.08,0.11,STATIONARY
9041,0.0033,0.08,0.11,STATIONARY
9044,-0.0059,0.06,0.11,STATIONARY
9045,-0.0002,0.05,0.10,STATIONARY
9047,-0.0012,0.05,0.10,STATIONARY
9049,0.0068,0.06,0.10,STATIONARY
9051,0.0069,0.06,0.10,STATIONARY
9054,0.0103,0.08,0.09,STATIONARY
9055,0.0007,0.07,0.09,STATIONARY
9057,-0.0038,0.06,0.09,STATIONARY
9060,-0.0123,0.03,0.09,STATIONARY
9061,-0.0135,0.01,0.08,STATIONARY
9064,-0.0148,-0.02,0.08,STATIONARY
9065,-0.0148,-0.05,0.07,STATIONARY
9067,-0.0148,-0.07,0.06,STATIONARY
9069,-0.0094,-0.08,0.05,STATIONARY
9071,-0.0033,-0.08,0.04,STATIONARY
9073,-0.0055,-0.09,0.04,STATIONARY
9075,-0.0092,-0.10,0.03,STATIONARY
9077,-0.0016,-0.09,0.02,STATIONARY
9079,0.0029,-0.08,0.02,STATIONARY
9081,0.0026,-0.07,0.01,STATIONARY
9083,0.0082,-0.05,0.01,STATIONARY
9086,0.0076,-0.03,0.01,STATIONARY
9087,0.0068,-0.01,0.00,STATIONARY
9089,0.0062,-0.00,0.00,STATIONARY
9091,0.0144,0.02,0.01,STATIONARY
9094,0.0140,0.05,0.01,STATIONARY
9095,0.0260,0.09,0.01,STATIONARY
9097,0.0318,0.14,0.02,STATIONARY
9099,0.0221,0.17,0.03,STATIONARY
9102,0.0135,0.18,0.04,STATIONARY
9103,0.0071,0.18,0.05,STATIONARY
9105,0.0166,0.20,0.06,STATIONARY
9107,0.0121,0.20,0.06,STATIONARY
9109,0.0033,0.19,0.07,STATIONARY
9111,-0.0047,0.17,0.08,STATIONARY
9113,0.0067,0.17,0.08,STATIONARY
9115,0.0168,0.19,0.09,STATIONARY
9117,0.0210,0.21,0.10,STATIONARY
9119,0.0097,0.21,0.10,STATIONARY
9121,0.0054,0.20,0.11,STATIONARY
9124,0.0031,0.19,0.11,STATIONARY
9125,-0.0013,0.18,0.12,STATIONARY
9127,-0.0010,0.16,0.12,STATIONARY
9130,0.0058,0.16,0.12,STATIONARY
9131,-0.0073,0.13,0.12,STATIONARY
9133,-0.0107,0.10,0.12,STATIONARY
9135,-0.0023,0.09,0.12,STATIONARY
9137,0.0011,0.08,0.12,STATIONARY
9139,0.0021,0.08,0.12,STATIONARY
9141,0.0089,0.09,0.11,STATIONARY
9143,0.0022,0.09,0.11,STATIONARY
9146,-0.0035,0.07,0.11,STATIONARY
9147,-0.0101,0.05,0.11,STATIONARY
9149,-0.0222,0.00,0.10,STATIONARY
9151,-0.0140,-0.02,0.09,STATIONARY
9153,-0.0062,-0.03,0.09,STATIONARY
9156,0.0000,-0.03,0.08,STATIONARY
9157,0.0075,-0.01,0.07,STATIONARY
9159,0.0082,0.00,0.07,STATIONARY
9162,0.0063,0.02,0.07,STATIONARY
9163,-0.0057,0.00,0.06,STATIONARY
9165,-0.0083,-0.01,0.06,STATIONARY
9167,-0.0075,-0.02,0.05,STATIONARY
9169,-0.0077,-0.04,0.05,STATIONARY
9171,-0.0002,-0.03,0.04,STATIONARY
9173,0.0033,-0.03,0.04,STATIONARY
9175,0.0058,-0.01,0.04,STATIONARY
9177,0.0012,-0.01,0.03,STATIONARY
9179,0.0012,-0.01,0.03,STATIONARY
9181,-0.0015,-0.01,0.03,STATIONARY
9183,0.0048,0.00,0.03,STATIONARY
9186,0.0061,0.01,0.03,STATIONARY
9187,0.0094,0.03,0.03,STATIONARY
9189,0.0056,0.04,0.03,STATIONARY
9191,-0.0013,0.03,0.03,STATIONARY
9194,-0.0072,0.02,0.03,STATIONARY
9196,-0.0037,0.01,0.03,STATIONARY
9197,-0.0010,0.00,0.02,STATIONARY
9199,-0.0008,0.00,0.02,STATIONARY
9201,-0.0095,-0.01,0.02,STATIONARY
9203,-0.0124,-0.04,0.02,STATIONARY
9205,-0.0082,-0.05,0.01,STATIONARY
9207,-0.0090,-0.06,0.01,STATIONARY
9209,-0.0034,-0.06,0.00,STATIONARY
9211,0.0053,-0.05,0.00,STATIONARY
9213,0.0009,-0.04,-0.00,STATIONARY
9216,0.0047,-0.03,-0.00,STATIONARY
9218,0.0073,-0.01,-0.00,STATIONARY
9220,0.0059,-0.00,-0.00,STATIONARY
9221,0.0044,0.01,-0.00,STATIONARY
9223,0.0051,0.01,-0.00,STATIONARY
9225,0.0035,0.02,-0.00,STATIONARY
9227,0.0134,0.04,0.00,STATIONARY
9229,0.0148,0.07,0.01,STATIONARY
9232,0.0064,0.07,0.01,STATIONARY
9233,-0.0033,0.06,0.01,STATIONARY
9235,-0.0064,0.04,0.01,STATIONARY
9237,0.0006,0.04,0.02,STATIONARY
9239,-0.0053,0.03,0.02,STATIONARY
9242,-0.0197,-0.01,0.02,STATIONARY
9243,-0.0093,-0.03,0.01,STATIONARY
9245,0.0032,-0.02,0.01,STATIONARY
9247,-0.0004,-0.02,0.01,STATIONARY
9249,-0.0071,-0.03,0.01,STATIONARY
9251,-0.0060,-0.04,0.00,STATIONARY
9253,-0.0026,-0.04,0.00,STATIONARY
9255,-0.0015,-0.04,-0.00,STATIONARY
9257,-0.0037,-0.04,-0.00,STATIONARY
9259,-0.0085,-0.05,-0.01,STATIONARY
9261,-0.0134,-0.08,-0.01,STATIONARY
9264,-0.0094,-0.09,-0.01,STATIONARY
9265,-0.0095,-0.10,-0.02,STATIONARY
9267,-0.0117,-0.11,-0.02,STATIONARY
9269,-0.0204,-0.14,-0.03,STATIONARY
9272,-0.0177,-0.16,-0.04,STATIONARY
9273,-0.0155,-0.18,-0.05,STATIONARY
9275,-0.0055,-0.17,-0.05,STATIONARY
9277,-0.0001,-0.16,-0.06,STATIONARY
9279,0.0006,-0.15,-0.07,STATIONARY
9281,0.0018,-0.13,-0.07,STATIONARY
9283,-0.0031,-0.13,-0.07,STATIONARY
9286,-0.0103,-0.13,-0.08,STATIONARY
9287,-0.0077,-0.14,-0.08,STATIONARY
9289,-0.0041,-0.13,-0.08,STATIONARY
9291,0.0004,-0.12,-0.09,STATIONARY
9293,0.0117,-0.09,-0.09,STATIONARY
9295,0.0067,-0.07,-0.09,STATIONARY
9297,0.0143,-0.04,-0.08,STATIONARY
9299,0.0114,-0.02,-0.08,STATIONARY
9302,0.0052,-0.00,-0.07,STATIONARY
9303,0.0023,-0.00,-0.07,STATIONARY
9305,0.0029,0.01,-0.07,STATIONARY
9307,0.0006,0.01,-0.06,STATIONARY
9309,-0.0015,0.00,-0.06,STATIONARY
9311,-0.0062,-0.01,-0.05,STATIONARY
9313,-0.0005,-0.01,-0.05,STATIONARY
9315,-0.0031,-0.01,-0.05,STATIONARY
9317,-0.0031,-0.02,-0.05,STATIONARY
9319,-0.0028,-0.02,-0.05,STATIONARY
9321,-0.0071,-0.03,-0.05,STATIONARY
9323,-0.0151,-0.06,-0.05,STATIONARY
9325,-0.0237,-0.10,-0.05,STATIONARY
9327,-0.0132,-0.11,-0.05,STATIONARY
9329,-0.0090,-0.12,-0.06,STATIONARY
9331,-0.0118,-0.13,-0.06,STATIONARY
9333,-0.0106,-0.14,-0.07,STATIONARY
9335,-0.0082,-0.15,-0.07,STATIONARY
9337,-0.0015,-0.14,-0.08,STATIONARY
9339,-0.0023,-0.13,-0.08,STATIONARY
9341,0.0015,-0.12,-0.08,STATIONARY
9344,-0.0058,-0.12,-0.08,STATIONARY
9345,-0.0042,-0.12,-0.08,STATIONARY
9347,-0.0016,-0.11,-0.09,STATIONARY
9349,-0.0047,-0.11,-0.09,STATIONARY
9351,-0.0069,-0.11,-0.09,STATIONARY
9353,-0.0077,-0.12,-0.09,STATIONARY
9355,-0.0042,-0.12,-0.09,STATIONARY
9357,-0.0091,-0.12,-0.09,STATIONARY
9359,-0.0184,-0.15,-0.10,STATIONARY
9361,-0.0084,-0.15,-0.10,STATIONARY
9363,-0.0047,-0.15,-0.10,STATIONARY
9365,0.0051,-0.13,-0.11,STATIONARY
9367,0.0110,-0.10,-0.10,STATIONARY
9369,0.0061,-0.08,-0.10,STATIONARY
9372,-0.0018,-0.07,-0.10,STATIONARY
9373,-0.0046,-0.08,-0.10,STATIONARY
9375,0.0019,-0.07,-0.10,STATIONARY
9377,0.0020,-0.06,-0.10,STATIONARY
9379,-0.0110,-0.07,-0.09,STATIONARY
9382,-0.0150,-0.10,-0.09,STATIONARY
9383,-0.0042,-0.10,-0.09,STATIONARY
9386,0.0034,-0.08,-0.09,STATIONARY
9388,0.0075,-0.06,-0.09,STATIONARY
9389,0.0076,-0.04,-0.09,STATIONARY
9392,-0.0055,-0.05,-0.09,STATIONARY
9393,-0.0070,-0.06,-0.09,STATIONARY
9395,0.0045,-0.05,-0.08,STATIONARY
9398,0.0128,-0.02,-0.08,STATIONARY
9399,0.0119,0.01,-0.07,STATIONARY
9401,0.0080,0.02,-0.07,STATIONARY
9403,0.0076,0.03,-0.06,STATIONARY
9405,0.0039,0.04,-0.06,STATIONARY
9407,0.0008,0.04,-0.05,STATIONARY
9409,-0.0076,0.02,-0.05,STATIONARY
9411,-0.0068,0.00,-0.04,STATIONARY
9413,-0.0036,-0.00,-0.04,STATIONARY
9415,-0.0011,-0.00,-0.04,STATIONARY
9417,-0.0036,-0.01,-0.04,STATIONARY
9419,-0.0056,-0.02,-0.04,STATIONARY
9421,0.0023,-0.01,-0.04,STATIONARY
9423,0.0013,-0.01,-0.03,STATIONARY
9425,-0.0052,-0.02,-0.03,STATIONARY
9427,-0.0114,-0.04,-0.03,STATIONARY
9429,-0.0110,-0.06,-0.03,STATIONARY
9431,-0.0239,-0.10,-0.04,STATIONARY
9433,-0.0199,-0.12,-0.04,STATIONARY
9435,-0.0130,-0.14,-0.05,STATIONARY
9437,-0.0084,-0.14,-0.05,STATIONARY
9439,-0.0013,-0.13,-0.06,STATIONARY
9441,0.0055,-0.11,-0.06,STATIONARY
9444,-0.0038,-0.11,-0.07,STATIONARY
9445,-0.0129,-0.13,-0.07,STATIONARY
9447,-0.0103,-0.13,-0.07,STATIONARY
9449,-0.0114,-0.15,-0.08,STATIONARY
9451,-0.0093,-0.15,-0.08,STATIONARY
9453,-0.0149,-0.17,-0.09,STATIONARY
9455,-0.0140,-0.18,-0.09,STATIONARY
9457,-0.0146,-0.19,-0.10,STATIONARY
9459,-0.0151,-0.20,-0.10,STATIONARY
9462,-0.0164,-0.22,-0.11,STATIONARY
9464,-0.0094,-0.22,-0.12,STATIONARY
9465,-0.0095,-0.22,-0.12,STATIONARY
9467,-0.0114,-0.22,-0.13,STATIONARY
9469,0.0031,-0.20,-0.13,STATIONARY
9471,0.0053,-0.17,-0.14,STATIONARY
9474,-0.0069,-0.17,-0.14,STATIONARY
9475,-0.0140,-0.18,-0.14,STATIONARY
9477,-0.0086,-0.18,-0.14,STATIONARY
9479,-0.0014,-0.17,-0.14,STATIONARY
9481,0.0047,-0.15,-0.14,STATIONARY
9483,0.0079,-0.12,-0.14,STATIONARY
9485,0.0033,-0.11,-0.14,STATIONARY
9487,0.0033,-0.09,-0.14,STATIONARY
9490,0.0052,-0.08,-0.13,STATIONARY
9491,0.0077,-0.06,-0.13,STATIONARY
9493,-0.0008,-0.05,-0.13,STATIONARY
9495,-0.0060,-0.06,-0.12,STATIONARY
9497,-0.0075,-0.07,-0.12,STATIONARY
9500,-0.0045,-0.07,-0.12,STATIONARY
9501,0.0060,-0.05,-0.11,STATIONARY
9504,-0.0011,-0.05,-0.11,STATIONARY
9506,-0.0101,-0.07,-0.11,STATIONARY
9507,-0.0118,-0.08,-0.10,STATIONARY
9509,-0.0036,-0.08,-0.10,STATIONARY
9511,-0.0025,-0.08,-0.10,STATIONARY
9513,-0.0123,-0.10,-0.10,STATIONARY
9515,-0.0031,-0.10,-0.10,STATIONARY
9518,0.0074,-0.07,-0.10,STATIONARY
9519,-0.0031,-0.07,-0.10,STATIONARY
9522,-0.0131,-0.09,-0.10,STATIONARY
9523,-0.0032,-0.09,-0.10,STATIONARY
9525,0.0044,-0.07,-0.10,STATIONARY
9527,-0.0031,-0.07,-0.09,STATIONARY
9529,-0.0121,-0.09,-0.09,STATIONARY
9531,-0.0048,-0.09,-0.09,STATIONARY
9533,-0.0025,-0.09,-0.09,STATIONARY
9535,-0.0096,-0.10,-0.09,STATIONARY
9537,-0.0135,-0.12,-0.10,STATIONARY
9539,-0.0119,-0.13,-0.10,STATIONARY
9541,-0.0163,-0.15,-0.10,STATIONARY
9544,-0.0243,-0.18,-0.11,STATIONARY
9545,-0.0135,-0.19,-0.11,STATIONARY
9547,-0.0055,-0.19,-0.12,STATIONARY
9549,0.0049,-0.16,-0.12,STATIONARY
9551,-0.0030,-0.16,-0.12,STATIONARY
9554,-0.0017,-0.15,-0.12,STATIONARY
9555,-0.0051,-0.14,-0.12,STATIONARY
9557,-0.0149,-0.16,-0.13,STATIONARY
9560,-0.0074,-0.16,-0.13,STATIONARY
9561,-0.0063,-0.16,-0.13,STATIONARY
9563,-0.0133,-0.17,-0.13,STATIONARY
9565,-0.0187,-0.19,-0.14,STATIONARY
9567,-0.0140,-0.20,-0.14,STATIONARY
9570,-0.0138,-0.21,-0.14,STATIONARY
9571,-0.0165,-0.22,-0.15,STATIONARY
9573,-0.0126,-0.23,-0.15,STATIONARY
9575,-0.0001,-0.21,-0.16,STATIONARY
9577,-0.0030,-0.20,-0.16,STATIONARY
9579,-0.0118,-0.21,-0.16,STATIONARY
9581,-0.0054,-0.20,-0.16,STATIONARY
9583,0.0012,-0.18,-0.17,STATIONARY
9586,-0.0010,-0.17,-0.17,STATIONARY
9587,-0.0034,-0.16,-0.17,STATIONARY
9589,-0.0051,-0.16,-0.16,STATIONARY
9591,-0.0032,-0.15,-0.16,STATIONARY
9593,-0.0053,-0.15,-0.16,STATIONARY
9595,-0.0001,-0.14,-0.16,STATIONARY
9597,-0.0108,-0.15,-0.16,STATIONARY
9599,-0.0261,-0.18,-0.16,STATIONARY
9602,-0.0148,-0.20,-0.16,STATIONARY
9603,0.0008,-0.18,-0.16,STATIONARY
9605,-0.0072,-0.18,-0.17,STATIONARY
9607,-0.0074,-0.18,-0.17,STATIONARY
9609,0.0058,-0.15,-0.17,STATIONARY
9611,-0.0033,-0.15,-0.16,STATIONARY
9613,-0.0123,-0.16,-0.16,STATIONARY
9615,-0.0175,-0.18,-0.16,STATIONARY
9617,-0.0182,-0.20,-0.17,STATIONARY
9619,-0.0091,-0.20,-0.17,STATIONARY
9621,-0.0036,-0.19,-0.17,STATIONARY
9624,-0.0070,-0.19,-0.17,STATIONARY
9625,-0.0105,-0.19,-0.17,STATIONARY
9627,-0.0117,-0.20,-0.17,STATIONARY
9630,-0.0194,-0.22,-0.18,STATIONARY
9631,-0.0153,-0.23,-0.18,STATIONARY
9633,-0.0092,-0.23,-0.18,STATIONARY
9635,0.0008,-0.21,-0.18,STATIONARY
9637,0.0014,-0.19,-0.18,STATIONARY
9639,0.0054,-0.16,-0.18,STATIONARY
9641,0.0066,-0.14,-0.18,STATIONARY
9643,0.0009,-0.12,-0.18,STATIONARY
9646,-0.0104,-0.13,-0.17,STATIONARY
9647,-0.0099,-0.14,-0.17,STATIONARY
9649,-0.0123,-0.15,-0.17,STATIONARY
9651,-0.0194,-0.18,-0.17,STATIONARY
9653,-0.0140,-0.19,-0.17,STATIONARY
9655,-0.0131,-0.20,-0.17,STATIONARY
9657,-0.0171,-0.21,-0.18,STATIONARY
9659,-0.0118,-0.22,-0.18,STATIONARY
9662,-0.0090,-0.22,-0.18,STATIONARY
9663,-0.0022,-0.20,-0.18,STATIONARY
9665,0.0006,-0.19,-0.18,STATIONARY
9667,-0.0139,-0.20,-0.18,STATIONARY
9669,-0.0117,-0.20,-0.18,STATIONARY
9671,-0.0110,-0.21,-0.19,STATIONARY
9673,-0.0166,-0.22,-0.19,STATIONARY
9675,-0.0098,-0.22,-0.19,STATIONARY
9677,-0.0132,-0.23,-0.19,STATIONARY
9679,-0.0084,-0.22,-0.19,STATIONARY
9681,-0.0058,-0.22,-0.19,STATIONARY
9683,-0.0050,-0.21,-0.20,STATIONARY
9685,-0.0042,-0.20,-0.20,STATIONARY
9687,-0.0044,-0.19,-0.20,STATIONARY
9689,-0.0004,-0.18,-0.19,STATIONARY
9691,0.0033,-0.16,-0.19,STATIONARY
9693,-0.0028,-0.15,-0.19,STATIONARY
9695,-0.0045,-0.15,-0.19,STATIONARY
9697,-0.0019,-0.14,-0.18,STATIONARY
9699,0.0046,-0.12,-0.18,STATIONARY
9701,0.0037,-0.10,-0.18,STATIONARY
9703,-0.0087,-0.11,-0.17,STATIONARY
9705,-0.0160,-0.13,-0.17,STATIONARY
9707,-0.0110,-0.14,-0.17,STATIONARY
9709,-0.0106,-0.15,-0.17,STATIONARY
9711,-0.0151,-0.16,-0.17,STATIONARY
9713,-0.0149,-0.18,-0.17,STATIONARY
9715,-0.0061,-0.18,-0.17,STATIONARY
9717,-0.0063,-0.17,-0.17,STATIONARY
9720,-0.0090,-0.18,-0.17,STATIONARY
9721,-0.0115,-0.18,-0.17,STATIONARY
9723,-0.0120,-0.19,-0.17,STATIONARY
9725,-0.0085,-0.19,-0.17,STATIONARY
9727,-0.0028,-0.18,-0.17,STATIONARY
9729,0.0060,-0.16,-0.17,STATIONARY
9732,0.0026,-0.14,-0.17,STATIONARY
9733,-0.0102,-0.15,-0.17,STATIONARY
9735,-0.0159,-0.16,-0.17,STATIONARY
9737,-0.0072,-0.16,-0.17,STATIONARY
9739,-0.0028,-0.16,-0.17,STATIONARY
9741,-0.0049,-0.15,-0.17,STATIONARY
9743,-0.0048,-0.15,-0.17,STATIONARY
9745,-0.0066,-0.15,-0.16,STATIONARY
9747,-0.0043,-0.15,-0.16,STATIONARY
9749,-0.0123,-0.16,-0.16,STATIONARY
9751,-0.0081,-0.16,-0.16,STATIONARY
9753,-0.0060,-0.16,-0.16,STATIONARY
9755,0.0026,-0.14,-0.16,STATIONARY
9757,0.0141,-0.10,-0.16,STATIONARY
9759,0.0061,-0.08,-0.15,STATIONARY
9761,0.0077,-0.06,-0.15,STATIONARY
9764,0.0088,-0.04,-0.14,STATIONARY
9765,0.0033,-0.03,-0.13,STATIONARY
9767,-0.0013,-0.03,-0.13,STATIONARY
9769,0.0089,-0.01,-0.12,STATIONARY
9771,0.0114,0.01,-0.11,STATIONARY
9773,0.0058,0.02,-0.11,STATIONARY
9775,-0.0024,0.01,-0.10,STATIONARY
9777,-0.0066,0.00,-0.09,STATIONARY
9779,0.0017,0.00,-0.09,STATIONARY
9781,0.0055,0.01,-0.08,STATIONARY
9783,0.0036,0.02,-0.08,STATIONARY
9786,-0.0028,0.01,-0.07,STATIONARY
9787,-0.0019,0.01,-0.07,STATIONARY
9789,-0.0070,-0.01,-0.06,STATIONARY
9791,-0.0130,-0.03,-0.06,STATIONARY
9793,-0.0092,-0.04,-0.06,STATIONARY
9796,0.0044,-0.03,-0.06,STATIONARY
9797,0.0046,-0.02,-0.06,STATIONARY
9799,0.0010,-0.02,-0.05,STATIONARY
9802,0.0010,-0.01,-0.05,STATIONARY
9803,0.0042,-0.01,-0.05,STATIONARY
9806,0.0057,0.01,-0.05,STATIONARY
9807,0.0066,0.02,-0.04,STATIONARY
9809,0.0057,0.03,-0.04,STATIONARY
9811,-0.0003,0.02,-0.03,STATIONARY
9813,-0.0001,0.02,-0.03,STATIONARY
9815,-0.0052,0.01,-0.03,STATIONARY
9817,-0.0020,0.01,-0.03,STATIONARY
9819,-0.0030,-0.00,-0.02,STATIONARY
9821,-0.0093,-0.02,-0.02,STATIONARY
9823,-0.0108,-0.04,-0.02,STATIONARY
9825,-0.0072,-0.05,-0.03,STATIONARY
9827,0.0032,-0.04,-0.03,STATIONARY
9829,0.0058,-0.02,-0.03,STATIONARY
9831,0.0005,-0.02,-0.03,STATIONARY
9833,-0.0010,-0.02,-0.03,STATIONARY
9835,-0.0018,-0.02,-0.03,STATIONARY
9837,0.0019,-0.02,-0.03,STATIONARY
9839,-0.0005,-0.02,-0.02,STATIONARY
9841,-0.0055,-0.03,-0.02,STATIONARY
9843,-0.0056,-0.03,-0.03,STATIONARY
9845,-0.0005,-0.03,-0.03,STATIONARY
9847,-0.0017,-0.03,-0.03,STATIONARY
9849,-0.0097,-0.05,-0.03,STATIONARY
9851,-0.0042,-0.05,-0.03,STATIONARY
9853,-0.0037,-0.05,-0.03,STATIONARY
9855,-0.0070,-0.06,-0.03,STATIONARY
9857,-0.0032,-0.06,-0.03,STATIONARY
9860,0.0018,-0.06,-0.04,STATIONARY
9861,-0.0000,-0.05,-0.04,STATIONARY
9863,-0.0021,-0.05,-0.04,STATIONARY
9865,0.0019,-0.04,-0.04,STATIONARY
9867,0.0018,-0.04,-0.04,STATIONARY
9869,0.0076,-0.02,-0.04,STATIONARY
9872,-0.0019,-0.02,-0.04,STATIONARY
9873,-0.0102,-0.04,-0.04,STATIONARY
9875,-0.0194,-0.07,-0.04,STATIONARY
9877,-0.0137,-0.09,-0.04,STATIONARY
9879,-0.0130,-0.11,-0.04,STATIONARY
9881,-0.0208,-0.14,-0.05,STATIONARY
9884,-0.0144,-0.15,-0.06,STATIONARY
9885,-0.0137,-0.17,-0.06,STATIONARY
9887,-0.0115,-0.17,-0.07,STATIONARY
9889,-0.0057,-0.17,-0.08,STATIONARY
9892,-0.0042,-0.16,-0.08,STATIONARY
9893,-0.0045,-0.16,-0.09,STATIONARY
9895,-0.0013,-0.15,-0.09,STATIONARY
9897,-0.0120,-0.16,-0.09,STATIONARY
9899,-0.0130,-0.17,-0.10,STATIONARY
9902,-0.0100,-0.18,-0.10,STATIONARY
9903,-0.0119,-0.18,-0.11,STATIONARY
9905,-0.0081,-0.18,-0.11,STATIONARY
9907,0.0070,-0.16,-0.11,STATIONARY
9909,0.0111,-0.12,-0.11,STATIONARY
9911,0.0026,-0.11,-0.11,STATIONARY
9913,-0.0001,-0.10,-0.11,STATIONARY
9915,-0.0008,-0.09,-0.11,STATIONARY
9917,-0.0094,-0.10,-0.11,STATIONARY
9920,-0.0111,-0.12,-0.11,STATIONARY
9921,-0.0047,-0.11,-0.11,STATIONARY
9923,0.0026,-0.10,-0.11,STATIONARY
9925,-0.0007,-0.09,-0.11,STATIONARY
9927,0.0021,-0.08,-0.11,STATIONARY
9929,0.0026,-0.07,-0.11,STATIONARY
9931,-0.0057,-0.08,-0.10,STATIONARY
9933,-0.0082,-0.09,-0.10,STATIONARY
9935,-0.0067,-0.09,-0.10,STATIONARY
9937,-0.0069,-0.10,-0.10,STATIONARY
9939,-0.0093,-0.11,-0.10,STATIONARY
9941,-0.0144,-0.12,-0.10,STATIONARY
9943,-0.0150,-0.14,-0.11,STATIONARY
9945,-0.0067,-0.14,-0.11,STATIONARY
9947,-0.0007,-0.13,-0.11,STATIONARY
9949,-0.0018,-0.12,-0.11,STATIONARY
9951,-0.0065,-0.13,-0.11,STATIONARY
9953,-0.0095,-0.13,-0.11,STATIONARY
9955,-0.0019,-0.13,-0.11,STATIONARY
9957,0.0025,-0.11,-0.11,STATIONARY
9959,-0.0010,-0.11,-0.11,STATIONARY
9962,-0.0040,-0.10,-0.11,STATIONARY
9964,-0.0108,-0.12,-0.11,STATIONARY
9965,-0.0155,-0.13,-0.11,STATIONARY
9967,-0.0174,-0.16,-0.12,STATIONARY
9969,0.0017,-0.14,-0.12,STATIONARY
9971,0.0117,-0.11,-0.12,STATIONARY
9974,0.0001,-0.10,-0.12,STATIONARY
9975,-0.0111,-0.11,-0.12,STATIONARY
9977,-0.0104,-0.12,-0.12,STATIONARY
9979,-0.0096,-0.13,-0.12,STATIONARY
9981,-0.0113,-0.14,-0.12,STATIONARY
9984,-0.0200,-0.17,-0.12,STATIONARY
9985,-0.0275,-0.20,-0.13,STATIONARY
9987,-0.0164,-0.22,-0.13,STATIONARY
9990,-0.0026,-0.20,-0.14,STATIONARY
9991,-0.0052,-0.20,-0.14,STATIONARY
9994,-0.0081,-0.20,-0.14,STATIONARY
9995,-0.0102,-0.20,-0.15,STATIONARY
9997,-0.0099,-0.20,-0.15,STATIONARY
10000,-0.0184,-0.22,-0.15,STATIONARY
10001,-0.0119,-0.22,-0.16,STATIONARY
10003,0.0063,-0.19,-0.16,STATIONARY
10006,0.0095,-0.16,-0.16,STATIONARY
10007,0.0030,-0.14,-0.16,STATIONARY
10009,0.0018,-0.13,-0.16,STATIONARY
10011,0.0056,-0.11,-0.15,STATIONARY
10013,-0.0067,-0.11,-0.15,STATIONARY
10015,-0.0062,-0.11,-0.15,STATIONARY
10018,-0.0028,-0.11,-0.15,STATIONARY
10019,-0.0062,-0.11,-0.15,STATIONARY
10022,-0.0025,-0.11,-0.14,STATIONARY
10024,-0.0008,-0.10,-0.14,STATIONARY
10025,0.0072,-0.08,-0.14,STATIONARY
10027,-0.0032,-0.08,-0.13,STATIONARY
10029,-0.0081,-0.09,-0.13,STATIONARY
10031,-0.0055,-0.09,-0.13,STATIONARY
10033,-0.0057,-0.09,-0.13,STATIONARY
10035,-0.0076,-0.10,-0.12,STATIONARY
10037,-0.0105,-0.11,-0.12,STATIONARY
10039,-0.0163,-0.13,-0.12,STATIONARY
10041,-0.0087,-0.14,-0.13,STATIONARY
10044,-0.0079,-0.14,-0.13,STATIONARY
10045,-0.0021,-0.13,-0.13,STATIONARY
10047,-0.0023,-0.13,-0.13,STATIONARY
10049,-0.0068,-0.13,-0.13,STATIONARY
10051,-0.0153,-0.15,-0.13,STATIONARY
10054,-0.0257,-0.18,-0.13,STATIONARY
10055,-0.0166,-0.20,-0.14,STATIONARY
10057,-0.0185,-0.22,-0.14,STATIONARY
10060,-0.0208,-0.24,-0.15,STATIONARY
10061,-0.0205,-0.26,-0.15,STATIONARY
10064,-0.0169,-0.27,-0.16,STATIONARY
10065,-0.0198,-0.28,-0.17,STATIONARY
10067,-0.0140,-0.29,-0.17,STATIONARY
10069,-0.0074,-0.28,-0.18,STATIONARY
10071,-0.0064,-0.27,-0.18,STATIONARY
10073,-0.0019,-0.25,-0.19,STATIONARY
10075,0.0022,-0.22,-0.19,STATIONARY
10077,0.0017,-0.20,-0.19,STATIONARY
10079,-0.0064,-0.20,-0.19,STATIONARY
10081,-0.0109,-0.20,-0.19,STATIONARY
10083,-0.0152,-0.21,-0.19,STATIONARY
10086,-0.0121,-0.22,-0.20,STATIONARY
10087,-0.0189,-0.24,-0.20,STATIONARY
10089,-0.0156,-0.25,-0.20,STATIONARY
10091,-0.0038,-0.23,-0.20,STATIONARY
10093,-0.0100,-0.23,-0.20,STATIONARY
10095,-0.0108,-0.23,-0.21,STATIONARY
10097,-0.0043,-0.22,-0.21,STATIONARY
10099,-0.0045,-0.21,-0.21,STATIONARY
10101,-0.0102,-0.22,-0.21,STATIONARY
10103,-0.0153,-0.23,-0.21,STATIONARY
10105,-0.0104,-0.23,-0.21,STATIONARY
10107,-0.0098,-0.23,-0.21,STATIONARY
10109,-0.0038,-0.22,-0.21,STATIONARY
10111,-0.0078,-0.21,-0.21,STATIONARY
10113,-0.0085,-0.21,-0.21,STATIONARY
10115,-0.0074,-0.21,-0.21,STATIONARY
10117,-0.0081,-0.21,-0.21,STATIONARY
10119,-0.0112,-0.21,-0.21,STATIONARY
10121,-0.0119,-0.22,-0.21,STATIONARY
10124,-0.0024,-0.20,-0.21,STATIONARY
10125,0.0045,-0.18,-0.21,STATIONARY
10127,0.0160,-0.13,-0.20,STATIONARY
10130,0.0059,-0.11,-0.20,STATIONARY
10131,-0.0028,-0.11,-0.19,STATIONARY
10133,-0.0033,-0.11,-0.19,STATIONARY
10135,0.0029,-0.09,-0.18,STATIONARY
10137,0.0033,-0.08,-0.18,STATIONARY
10139,0.0089,-0.06,-0.17,STATIONARY
10142,0.0092,-0.04,-0.16,STATIONARY
10143,0.0021,-0.03,-0.15,STATIONARY
10146,0.0035,-0.02,-0.15,STATIONARY
10147,-0.0106,-0.04,-0.14,STATIONARY
10149,-0.0116,-0.06,-0.13,STATIONARY
10151,-0.0060,-0.06,-0.13,STATIONARY
10153,-0.0133,-0.08,-0.13,STATIONARY
10155,-0.0113,-0.10,-0.13,STATIONARY
10157,-0.0189,-0.12,-0.13,STATIONARY
10159,-0.0166,-0.14,-0.13,STATIONARY
10162,-0.0100,-0.15,-0.13,STATIONARY
10163,-0.0040,-0.15,-0.13,STATIONARY
10165,0.0026,-0.13,-0.13,STATIONARY
10167,-0.0063,-0.13,-0.13,STATIONARY
10169,-0.0149,-0.15,-0.13,STATIONARY
10171,-0.0089,-0.15,-0.13,STATIONARY
10173,-0.0070,-0.15,-0.13,STATIONARY
10175,-0.0160,-0.17,-0.14,STATIONARY
10177,-0.0229,-0.20,-0.14,STATIONARY
10179,-0.0197,-0.22,-0.14,STATIONARY
10182,-0.0270,-0.25,-0.15,STATIONARY
10183,-0.0237,-0.28,-0.16,STATIONARY
10186,-0.0113,-0.27,-0.16,STATIONARY
10187,-0.0055,-0.26,-0.17,STATIONARY
10189,-0.0025,-0.25,-0.17,STATIONARY
10191,-0.0040,-0.23,-0.18,STATIONARY
10193,-0.0010,-0.22,-0.18,STATIONARY
10195,-0.0000,-0.20,-0.18,STATIONARY
10197,0.0008,-0.18,-0.18,STATIONARY
10199,-0.0081,-0.18,-0.18,STATIONARY
10201,-0.0091,-0.18,-0.18,STATIONARY
10203,-0.0115,-0.19,-0.18,STATIONARY
10205,-0.0069,-0.19,-0.18,STATIONARY
10207,-0.0047,-0.18,-0.18,STATIONARY
10209,-0.0045,-0.18,-0.18,STATIONARY
10211,0.0019,-0.16,-0.18,STATIONARY
10213,0.0016,-0.14,-0.18,STATIONARY
10215,-0.0049,-0.14,-0.18,STATIONARY
10217,-0.0106,-0.15,-0.17,STATIONARY
10220,-0.0053,-0.15,-0.17,STATIONARY
10221,-0.0058,-0.15,-0.17,STATIONARY
10224,-0.0075,-0.15,-0.17,STATIONARY
10226,-0.0058,-0.15,-0.17,STATIONARY
10227,-0.0095,-0.15,-0.17,STATIONARY
10229,-0.0175,-0.17,-0.17,STATIONARY
10232,-0.0100,-0.18,-0.17,STATIONARY
10233,-0.0066,-0.17,-0.17,STATIONARY
10235,-0.0069,-0.17,-0.17,STATIONARY
10237,-0.0010,-0.16,-0.17,STATIONARY
10239,-0.0026,-0.15,-0.17,STATIONARY
10242,0.0004,-0.14,-0.17,STATIONARY
10243,0.0007,-0.13,-0.16,STATIONARY
10245,0.0052,-0.11,-0.16,STATIONARY
10247,-0.0026,-0.10,-0.16,STATIONARY
10249,-0.0107,-0.12,-0.15,STATIONARY
10251,-0.0126,-0.13,-0.15,STATIONARY
10253,-0.0116,-0.14,-0.15,STATIONARY
10255,-0.0130,-0.15,-0.15,STATIONARY
10257,-0.0056,-0.15,-0.15,STATIONARY
10259,-0.0019,-0.14,-0.15,STATIONARY
10261,-0.0087,-0.15,-0.15,STATIONARY
10264,-0.0036,-0.14,-0.15,STATIONARY
10265,-0.0083,-0.15,-0.15,STATIONARY
10267,-0.0089,-0.15,-0.15,STATIONARY
10270,-0.0032,-0.14,-0.15,STATIONARY
10271,-0.0046,-0.14,-0.15,STATIONARY
10273,-0.0066,-0.14,-0.15,STATIONARY
10275,-0.0026,-0.14,-0.15,STATIONARY
10277,-0.0003,-0.13,-0.15,STATIONARY
10279,-0.0077,-0.13,-0.15,STATIONARY
10281,-0.0089,-0.14,-0.15,STATIONARY
10283,-0.0067,-0.14,-0.15,STATIONARY
10285,-0.0056,-0.14,-0.14,STATIONARY
10287,-0.0063,-0.14,-0.14,STATIONARY
10289,-0.0078,-0.14,-0.14,STATIONARY
10291,-0.0153,-0.16,-0.14,STATIONARY
10293,-0.0137,-0.17,-0.15,STATIONARY
10295,-0.0082,-0.17,-0.15,STATIONARY
10297,-0.0016,-0.16,-0.15,STATIONARY
10299,0.0045,-0.14,-0.15,STATIONARY
10302,0.0013,-0.13,-0.15,STATIONARY
10303,0.0046,-0.11,-0.14,STATIONARY
10306,-0.0013,-0.10,-0.14,STATIONARY
10307,-0.0067,-0.11,-0.14,STATIONARY
10309,-0.0003,-0.10,-0.14,STATIONARY
10311,0.0003,-0.09,-0.13,STATIONARY
10313,-0.0031,-0.09,-0.13,STATIONARY
10315,-0.0079,-0.10,-0.13,STATIONARY
10317,-0.0086,-0.10,-0.13,STATIONARY
10319,-0.0091,-0.11,-0.13,STATIONARY
10321,-0.0133,-0.13,-0.13,STATIONARY
10323,-0.0161,-0.15,-0.13,STATIONARY
10325,-0.0090,-0.15,-0.13,STATIONARY
10327,-0.0119,-0.16,-0.13,STATIONARY
10329,-0.0087,-0.16,-0.13,STATIONARY
10331,-0.0113,-0.17,-0.14,STATIONARY
10333,-0.0061,-0.17,-0.14,STATIONARY
10335,-0.0006,-0.16,-0.14,STATIONARY
10338,-0.0034,-0.15,-0.14,STATIONARY
10339,0.0002,-0.14,-0.14,STATIONARY
10341,-0.0013,-0.13,-0.14,STATIONARY
10344,0.0047,-0.11,-0.14,STATIONARY
10345,0.0073,-0.09,-0.13,STATIONARY
10347,0.0075,-0.07,-0.13,STATIONARY
10350,-0.0007,-0.06,-0.13,STATIONARY
10351,-0.0086,-0.07,-0.12,STATIONARY
10353,-0.0115,-0.09,-0.12,STATIONARY
10355,-0.0187,-0.12,-0.12,STATIONARY
10357,-0.0173,-0.14,-0.12,STATIONARY
10360,-0.0108,-0.15,-0.12,STATIONARY
10361,-0.0055,-0.15,-0.13,STATIONARY
10363,-0.0003,-0.13,-0.13,STATIONARY
10366,-0.0023,-0.13,-0.13,STATIONARY
10367,-0.0063,-0.13,-0.13,STATIONARY
10369,-0.0133,-0.14,-0.13,STATIONARY
10371,-0.0244,-0.18,-0.13,STATIONARY
10373,-0.0221,-0.20,-0.13,STATIONARY
10376,-0.0272,-0.24,-0.14,STATIONARY
10377,-0.0190,-0.25,-0.15,STATIONARY
10379,-0.0143,-0.26,-0.15,STATIONARY
10382,-0.0084,-0.25,-0.16,STATIONARY
10383,-0.0030,-0.24,-0.16,STATIONARY
10386,-0.0064,-0.23,-0.17,STATIONARY
10388,-0.0213,-0.25,-0.17,STATIONARY
10389,-0.0188,-0.27,-0.18,STATIONARY
10392,-0.0124,-0.27,-0.18,STATIONARY
10393,-0.0014,-0.25,-0.19,STATIONARY
10395,0.0049,-0.22,-0.19,STATIONARY
10398,0.0023,-0.20,-0.19,STATIONARY
10399,0.0011,-0.18,-0.19,STATIONARY
10401,-0.0015,-0.17,-0.19,STATIONARY
10404,0.0017,-0.15,-0.19,STATIONARY
10406,-0.0037,-0.15,-0.18,STATIONARY
10408,-0.0079,-0.15,-0.18,STATIONARY
10409,-0.0039,-0.14,-0.18,STATIONARY
10411,-0.0023,-0.14,-0.18,STATIONARY
10414,-0.0017,-0.13,-0.17,STATIONARY
10415,-0.0029,-0.12,-0.17,STATIONARY
10417,-0.0083,-0.13,-0.17,STATIONARY
10420,-0.0092,-0.14,-0.17,STATIONARY
10421,-0.0115,-0.15,-0.17,STATIONARY
10423,-0.0076,-0.15,-0.17,STATIONARY
10425,-0.0104,-0.16,-0.16,STATIONARY
10427,-0.0096,-0.16,-0.16,STATIONARY
10429,-0.0169,-0.18,-0.17,STATIONARY
10431,-0.0084,-0.18,-0.17,STATIONARY
10433,0.0004,-0.17,-0.17,STATIONARY
10435,0.0022,-0.15,-0.17,STATIONARY
10437,0.0028,-0.13,-0.16,STATIONARY
10439,0.0040,-0.11,-0.16,STATIONARY
10441,0.0039,-0.10,-0.16,STATIONARY
10444,-0.0054,-0.10,-0.15,STATIONARY
10445,0.0040,-0.08,-0.15,STATIONARY
10447,0.0001,-0.08,-0.14,STATIONARY
10449,-0.0099,-0.09,-0.14,STATIONARY
10451,-0.0177,-0.11,-0.14,STATIONARY
10453,-0.0136,-0.13,-0.14,STATIONARY
10455,-0.0001,-0.12,-0.14,STATIONARY
10457,0.0019,-0.11,-0.14,STATIONARY
10459,-0.0020,-0.10,-0.13,STATIONARY
10462,-0.0036,-0.10,-0.13,STATIONARY
10463,-0.0094,-0.11,-0.13,STATIONARY
10465,-0.0113,-0.12,-0.13,STATIONARY
10468,-0.0040,-0.12,-0.13,STATIONARY
10469,-0.0007,-0.11,-0.13,STATIONARY
10471,-0.0088,-0.12,-0.13,STATIONARY
10473,-0.0079,-0.12,-0.13,STATIONARY
10475,-0.0114,-0.13,-0.13,STATIONARY
10477,-0.0045,-0.13,-0.13,STATIONARY
10479,0.0013,-0.12,-0.13,STATIONARY
10481,-0.0065,-0.12,-0.13,STATIONARY
10484,-0.0030,-0.12,-0.13,STATIONARY
10485,0.0018,-0.10,-0.13,STATIONARY
10487,0.0076,-0.08,-0.12,STATIONARY
10490,0.0028,-0.07,-0.12,STATIONARY
10491,-0.0073,-0.08,-0.12,STATIONARY
10493,-0.0162,-0.10,-0.12,STATIONARY
10495,-0.0126,-0.12,-0.12,STATIONARY
10497,-0.0239,-0.15,-0.12,STATIONARY
10500,-0.0201,-0.18,-0.12,STATIONARY
10501,-0.0070,-0.18,-0.13,STATIONARY
10503,-0.0026,-0.17,-0.13,STATIONARY
10506,-0.0098,-0.17,-0.13,STATIONARY
10507,-0.0100,-0.18,-0.13,STATIONARY
10509,-0.0155,-0.19,-0.14,STATIONARY
10511,-0.0109,-0.19,-0.14,STATIONARY
10513,-0.0047,-0.19,-0.14,STATIONARY
10515,-0.0114,-0.19,-0.15,STATIONARY
10518,-0.0152,-0.21,-0.15,STATIONARY
10519,-0.0207,-0.23,-0.15,STATIONARY
10521,-0.0162,-0.24,-0.16,STATIONARY
10524,-0.0092,-0.24,-0.16,STATIONARY
10525,-0.0020,-0.22,-0.17,STATIONARY
10527,-0.0039,-0.21,-0.17,STATIONARY
10529,0.0045,-0.19,-0.17,STATIONARY
10531,0.0064,-0.16,-0.17,STATIONARY
10533,0.0118,-0.12,-0.17,STATIONARY
10535,0.0076,-0.10,-0.16,STATIONARY
10537,0.0077,-0.08,-0.16,STATIONARY
10539,0.0059,-0.06,-0.15,STATIONARY
10541,-0.0069,-0.07,-0.15,STATIONARY
10544,-0.0137,-0.09,-0.14,STATIONARY
10545,-0.0098,-0.10,-0.14,STATIONARY
10547,-0.0011,-0.09,-0.14,STATIONARY
10549,-0.0026,-0.09,-0.14,STATIONARY
10551,-0.0032,-0.09,-0.13,STATIONARY
10554,-0.0003,-0.08,-0.13,STATIONARY
10555,0.0012,-0.07,-0.13,STATIONARY
10557,0.0022,-0.06,-0.12,STATIONARY
10560,-0.0008,-0.06,-0.12,STATIONARY
10561,-0.0116,-0.08,-0.12,STATIONARY
10564,-0.0129,-0.09,-0.12,STATIONARY
10565,-0.0082,-0.10,-0.11,STATIONARY
10567,-0.0136,-0.12,-0.12,STATIONARY
10569,-0.0064,-0.12,-0.12,STATIONARY
10571,0.0019,-0.11,-0.12,STATIONARY
10573,0.0041,-0.09,-0.11,STATIONARY
10575,0.0014,-0.08,-0.11,STATIONARY
10577,-0.0069,-0.09,-0.11,STATIONARY
10579,-0.0032,-0.09,-0.11,STATIONARY
10582,-0.0078,-0.09,-0.11,STATIONARY
10583,-0.0105,-0.11,-0.11,STATIONARY
10586,-0.0062,-0.11,-0.11,STATIONARY
10587,0.0023,-0.10,-0.11,STATIONARY
10589,-0.0000,-0.09,-0.11,STATIONARY
10592,-0.0046,-0.09,-0.11,STATIONARY
10593,-0.0020,-0.09,-0.10,STATIONARY
10595,-0.0091,-0.10,-0.10,STATIONARY
10597,-0.0066,-0.10,-0.10,STATIONARY
10599,-0.0058,-0.10,-0.10,STATIONARY
10602,-0.0065,-0.11,-0.10,STATIONARY
10603,-0.0100,-0.12,-0.10,STATIONARY
10605,-0.0078,-0.12,-0.11,STATIONARY
10607,-0.0094,-0.13,-0.11,STATIONARY
10609,-0.0131,-0.14,-0.11,STATIONARY
10611,-0.0070,-0.14,-0.11,STATIONARY
10613,-0.0019,-0.14,-0.11,STATIONARY
10615,-0.0099,-0.14,-0.11,STATIONARY
10617,-0.0106,-0.15,-0.12,STATIONARY
10619,-0.0134,-0.16,-0.12,STATIONARY
10621,-0.0109,-0.17,-0.12,STATIONARY
10623,-0.0093,-0.17,-0.13,STATIONARY
10625,-0.0080,-0.18,-0.13,STATIONARY
10627,-0.0154,-0.19,-0.13,STATIONARY
10629,-0.0193,-0.21,-0.14,STATIONARY
10631,-0.0043,-0.20,-0.14,STATIONARY
10633,-0.0050,-0.19,-0.14,STATIONARY
10635,-0.0113,-0.20,-0.15,STATIONARY
10637,-0.0146,-0.21,-0.15,STATIONARY
10639,-0.0179,-0.23,-0.16,STATIONARY
10641,-0.0081,-0.22,-0.16,STATIONARY
10643,0.0003,-0.20,-0.16,STATIONARY
10646,0.0043,-0.18,-0.16,STATIONARY
10647,-0.0065,-0.18,-0.16,STATIONARY
10650,-0.0158,-0.19,-0.17,STATIONARY
10651,-0.0191,-0.21,-0.17,STATIONARY
10653,-0.0202,-0.23,-0.17,STATIONARY
10655,-0.0240,-0.26,-0.18,STATIONARY
10657,-0.0163,-0.27,-0.18,STATIONARY
10659,-0.0037,-0.25,-0.19,STATIONARY
10662,-0.0060,-0.24,-0.19,STATIONARY
10663,-0.0149,-0.25,-0.19,STATIONARY
10665,-0.0137,-0.26,-0.20,STATIONARY
10667,-0.0095,-0.25,-0.20,STATIONARY
10669,-0.0020,-0.24,-0.20,STATIONARY
10671,-0.0132,-0.24,-0.21,STATIONARY
10673,-0.0149,-0.25,-0.21,STATIONARY
10675,-0.0046,-0.24,-0.21,STATIONARY
10677,-0.0071,-0.23,-0.21,STATIONARY
10679,-0.0135,-0.24,-0.21,STATIONARY
10681,-0.0087,-0.24,-0.21,STATIONARY
10683,-0.0139,-0.24,-0.22,STATIONARY
10685,-0.0075,-0.24,-0.22,STATIONARY
10687,-0.0022,-0.22,-0.22,STATIONARY
10689,-0.0027,-0.21,-0.22,STATIONARY
10691,0.0007,-0.19,-0.22,STATIONARY
10694,0.0003,-0.18,-0.21,STATIONARY
10695,-0.0049,-0.17,-0.21,STATIONARY
10697,-0.0085,-0.17,-0.21,STATIONARY
10699,-0.0090,-0.17,-0.21,STATIONARY
10701,-0.0056,-0.17,-0.20,STATIONARY
10703,-0.0027,-0.16,-0.20,STATIONARY
10705,0.0026,-0.14,-0.20,STATIONARY
10707,-0.0047,-0.14,-0.19,STATIONARY
10709,-0.0004,-0.13,-0.19,STATIONARY
10711,-0.0012,-0.12,-0.19,STATIONARY
10713,-0.0035,-0.12,-0.18,STATIONARY
10715,0.0007,-0.11,-0.18,STATIONARY
10717,0.0024,-0.10,-0.17,STATIONARY
10720,-0.0039,-0.10,-0.17,STATIONARY
10721,-0.0032,-0.09,-0.16,STATIONARY
10723,-0.0017,-0.09,-0.16,STATIONARY
10725,-0.0003,-0.08,-0.16,STATIONARY
10727,-0.0037,-0.08,-0.15,STATIONARY
10729,0.0044,-0.07,-0.15,STATIONARY
10732,-0.0004,-0.06,-0.14,STATIONARY
10733,-0.0026,-0.06,-0.14,STATIONARY
10735,-0.0088,-0.07,-0.13,STATIONARY
10737,-0.0025,-0.07,-0.13,STATIONARY
10739,-0.0111,-0.09,-0.13,STATIONARY
10741,-0.0130,-0.10,-0.13,STATIONARY
10743,-0.0145,-0.12,-0.13,STATIONARY
10745,-0.0126,-0.14,-0.13,STATIONARY
10747,-0.0054,-0.14,-0.13,STATIONARY
10749,-0.0132,-0.15,-0.13,STATIONARY
10751,-0.0165,-0.17,-0.13,STATIONARY
10753,-0.0083,-0.17,-0.13,STATIONARY
10755,-0.0030,-0.16,-0.13,STATIONARY
10757,-0.0113,-0.17,-0.14,STATIONARY
10759,-0.0107,-0.18,-0.14,STATIONARY
10761,-0.0106,-0.18,-0.14,STATIONARY
10764,-0.0065,-0.18,-0.14,STATIONARY
10765,-0.0189,-0.20,-0.15,STATIONARY
10767,-0.0253,-0.23,-0.15,STATIONARY
10769,-0.0188,-0.25,-0.16,STATIONARY
10771,-0.0248,-0.27,-0.16,STATIONARY
10773,-0.0151,-0.28,-0.17,STATIONARY
10775,-0.0132,-0.28,-0.18,STATIONARY
10777,-0.0085,-0.27,-0.18,STATIONARY
10779,0.0001,-0.25,-0.19,STATIONARY
10782,-0.0036,-0.24,-0.19,STATIONARY
10783,-0.0065,-0.23,-0.19,STATIONARY
10785,-0.0020,-0.22,-0.19,STATIONARY
10787,-0.0084,-0.21,-0.19,STATIONARY
10789,-0.0133,-0.22,-0.20,STATIONARY
10791,-0.0215,-0.24,-0.20,STATIONARY
10793,-0.0164,-0.25,-0.20,STATIONARY
10795,-0.0087,-0.25,-0.21,STATIONARY
10797,-0.0132,-0.25,-0.21,STATIONARY
10799,-0.0227,-0.28,-0.21,STATIONARY
10802,-0.0221,-0.29,-0.22,STATIONARY
10803,-0.0115,-0.29,-0.22,STATIONARY
10805,-0.0067,-0.28,-0.22,STATIONARY
10807,-0.0033,-0.26,-0.23,STATIONARY
10809,0.0040,-0.24,-0.23,STATIONARY
10811,0.0056,-0.21,-0.23,STATIONARY
10813,0.0058,-0.18,-0.22,STATIONARY
10815,0.0067,-0.15,-0.22,STATIONARY
10817,0.0036,-0.13,-0.21,STATIONARY
10819,0.0032,-0.12,-0.21,STATIONARY
10821,-0.0028,-0.11,-0.20,STATIONARY
10823,-0.0010,-0.11,-0.20,STATIONARY
10825,-0.0061,-0.11,-0.19,STATIONARY
10827,-0.0015,-0.10,-0.19,STATIONARY
10829,-0.0001,-0.09,-0.18,STATIONARY
10831,-0.0080,-0.10,-0.18,STATIONARY
10833,-0.0059,-0.10,-0.17,STATIONARY
10835,-0.0053,-0.11,-0.17,STATIONARY
10837,-0.0064,-0.11,-0.16,STATIONARY
10839,-0.0074,-0.11,-0.16,STATIONARY
10841,-0.0107,-0.12,-0.16,STATIONARY
10844,-0.0054,-0.12,-0.16,STATIONARY
10845,0.0002,-0.11,-0.15,STATIONARY
10847,-0.0081,-0.12,-0.15,STATIONARY
10849,-0.0145,-0.14,-0.15,STATIONARY
10851,-0.0229,-0.17,-0.15,STATIONARY
10853,-0.0175,-0.19,-0.15,STATIONARY
10855,-0.0146,-0.20,-0.16,STATIONARY
10857,-0.0037,-0.19,-0.16,STATIONARY
10859,-0.0047,-0.18,-0.16,STATIONARY
10861,-0.0066,-0.18,-0.16,STATIONARY
10864,-0.0089,-0.18,-0.16,STATIONARY
10865,-0.0129,-0.19,-0.16,STATIONARY
10867,-0.0172,-0.21,-0.17,STATIONARY
10869,-0.0113,-0.21,-0.17,STATIONARY
10871,-0.0073,-0.21,-0.17,STATIONARY
10873,0.0010,-0.19,-0.17,STATIONARY
10875,0.0020,-0.17,-0.17,STATIONARY
10877,-0.0008,-0.16,-0.17,STATIONARY
10879,0.0045,-0.14,-0.17,STATIONARY
10881,0.0067,-0.11,-0.17,STATIONARY
10883,0.0073,-0.09,-0.16,STATIONARY
10885,-0.0031,-0.09,-0.16,STATIONARY
10887,-0.0093,-0.10,-0.15,STATIONARY
10889,-0.0192,-0.13,-0.15,STATIONARY
10891,-0.0124,-0.14,-0.15,STATIONARY
10893,-0.0037,-0.14,-0.15,STATIONARY
10895,-0.0129,-0.15,-0.15,STATIONARY
10897,-0.0130,-0.16,-0.15,STATIONARY
10899,-0.0163,-0.18,-0.15,STATIONARY
10901,-0.0142,-0.19,-0.16,STATIONARY
10904,-0.0174,-0.21,-0.16,STATIONARY
10905,-0.0189,-0.22,-0.16,STATIONARY
10907,-0.0103,-0.23,-0.17,STATIONARY
10909,-0.0119,-0.23,-0.17,STATIONARY
10911,-0.0115,-0.23,-0.17,STATIONARY
10913,-0.0182,-0.25,-0.18,STATIONARY
10915,-0.0142,-0.25,-0.18,STATIONARY
10917,-0.0105,-0.25,-0.19,STATIONARY
10919,-0.0134,-0.26,-0.19,STATIONARY
10921,-0.0190,-0.27,-0.20,STATIONARY
10923,-0.0117,-0.27,-0.20,STATIONARY
10925,-0.0038,-0.26,-0.20,STATIONARY
10927,-0.0021,-0.24,-0.21,STATIONARY
10929,-0.0045,-0.23,-0.21,STATIONARY
10931,-0.0059,-0.22,-0.21,STATIONARY
10933,-0.0050,-0.21,-0.21,STATIONARY
10935,-0.0189,-0.23,-0.21,STATIONARY
10937,-0.0246,-0.26,-0.21,STATIONARY
10939,-0.0218,-0.28,-0.22,STATIONARY
10941,-0.0157,-0.28,-0.22,STATIONARY
10943,-0.0176,-0.29,-0.22,STATIONARY
10946,-0.0200,-0.31,-0.23,STATIONARY
10947,-0.0175,-0.31,-0.23,STATIONARY
10949,-0.0092,-0.31,-0.24,STATIONARY
10951,-0.0078,-0.30,-0.24,STATIONARY
10953,-0.0148,-0.30,-0.25,STATIONARY
10955,-0.0111,-0.30,-0.25,STATIONARY
10957,-0.0021,-0.28,-0.25,STATIONARY
10959,-0.0071,-0.27,-0.25,STATIONARY
10961,-0.0172,-0.28,-0.25,STATIONARY
10963,-0.0134,-0.28,-0.25,STATIONARY
10965,-0.0119,-0.28,-0.26,STATIONARY
10967,-0.0116,-0.28,-0.26,STATIONARY
10969,-0.0080,-0.27,-0.26,STATIONARY
10971,-0.0086,-0.26,-0.26,STATIONARY
10973,-0.0127,-0.27,-0.26,STATIONARY
10975,-0.0156,-0.27,-0.26,STATIONARY
10977,-0.0147,-0.28,-0.26,STATIONARY
10979,-0.0113,-0.28,-0.26,STATIONARY
10982,-0.0164,-0.29,-0.26,STATIONARY
10984,-0.0164,-0.29,-0.27,STATIONARY
10986,-0.0135,-0.29,-0.27,STATIONARY
10987,-0.0102,-0.29,-0.27,STATIONARY
10989,-0.0150,-0.29,-0.27,STATIONARY
10991,-0.0134,-0.30,-0.27,STATIONARY
10993,-0.0035,-0.28,-0.27,STATIONARY
10995,-0.0006,-0.26,-0.27,STATIONARY
10997,0.0020,-0.23,-0.27,STATIONARY
11000,-0.0025,-0.22,-0.27,STATIONARY
11001,-0.0069,-0.21,-0.26,STATIONARY
11004,-0.0117,-0.22,-0.26,STATIONARY
11006,-0.0099,-0.22,-0.26,STATIONARY
11007,-0.0140,-0.23,-0.26,STATIONARY
11009,-0.0179,-0.24,-0.25,STATIONARY
11011,-0.0137,-0.25,-0.25,STATIONARY
11013,-0.0047,-0.24,-0.25,STATIONARY
11015,0.0046,-0.21,-0.25,STATIONARY
11018,0.0043,-0.18,-0.25,STATIONARY
11019,-0.0079,-0.18,-0.24,STATIONARY
11021,-0.0159,-0.20,-0.24,STATIONARY
11023,-0.0121,-0.21,-0.24,STATIONARY
11025,-0.0049,-0.20,-0.24,STATIONARY
11027,-0.0161,-0.21,-0.23,STATIONARY
11029,-0.0147,-0.22,-0.23,STATIONARY
11031,-0.0174,-0.24,-0.23,STATIONARY
11033,-0.0210,-0.26,-0.24,STATIONARY
11035,-0.0264,-0.28,-0.24,STATIONARY
11037,-0.0261,-0.31,-0.24,STATIONARY
11039,-0.0126,-0.31,-0.25,STATIONARY
11041,-0.0094,-0.30,-0.25,STATIONARY
11044,-0.0210,-0.31,-0.25,STATIONARY
11045,-0.0214,-0.33,-0.26,STATIONARY
11047,-0.0219,-0.34,-0.26,STATIONARY
11049,-0.0120,-0.34,-0.27,STATIONARY
11051,-0.0051,-0.32,-0.27,STATIONARY
11054,-0.0122,-0.32,-0.27,STATIONARY
11055,-0.0168,-0.32,-0.28,STATIONARY
11057,-0.0118,-0.32,-0.28,STATIONARY
11060,-0.0173,-0.32,-0.28,STATIONARY
11061,-0.0186,-0.33,-0.28,STATIONARY
11064,-0.0208,-0.34,-0.29,STATIONARY
11065,-0.0213,-0.36,-0.29,STATIONARY
11067,-0.0182,-0.36,-0.30,STATIONARY
11069,-0.0293,-0.39,-0.30,STATIONARY
11071,-0.0281,-0.41,-0.31,STATIONARY
11073,-0.0317,-0.43,-0.32,STATIONARY
11075,-0.0347,-0.46,-0.32,STATIONARY
11077,-0.0248,-0.47,-0.33,STATIONARY
11079,-0.0269,-0.48,-0.34,STATIONARY
11082,-0.0174,-0.48,-0.35,STATIONARY
11083,-0.0114,-0.46,-0.36,STATIONARY
11085,-0.0161,-0.45,-0.36,STATIONARY
11087,-0.0322,-0.48,-0.37,STATIONARY
11089,-0.0216,-0.48,-0.37,STATIONARY
11091,-0.0074,-0.45,-0.38,STATIONARY
11093,-0.0153,-0.44,-0.38,STATIONARY
11095,-0.0165,-0.44,-0.39,STATIONARY
11097,-0.0142,-0.43,-0.39,STATIONARY
11099,-0.0152,-0.42,-0.39,STATIONARY
11102,-0.0170,-0.42,-0.39,STATIONARY
11103,-0.0177,-0.42,-0.39,STATIONARY
11105,-0.0212,-0.43,-0.40,STATIONARY
11107,-0.0188,-0.43,-0.40,STATIONARY
11109,-0.0219,-0.43,-0.40,STATIONARY
11111,-0.0112,-0.42,-0.40,STATIONARY
11113,-0.0025,-0.39,-0.40,STATIONARY
11115,-0.0084,-0.37,-0.40,STATIONARY
11117,-0.0165,-0.37,-0.40,STATIONARY
11119,-0.0149,-0.37,-0.40,STATIONARY
11121,-0.0107,-0.36,-0.39,STATIONARY
11124,-0.0119,-0.35,-0.39,STATIONARY
11125,-0.0132,-0.35,-0.39,STATIONARY
11127,-0.0204,-0.36,-0.39,STATIONARY
11130,-0.0135,-0.36,-0.39,STATIONARY
11131,-0.0079,-0.34,-0.38,STATIONARY
11133,-0.0130,-0.34,-0.38,STATIONARY
11135,-0.0114,-0.33,-0.38,STATIONARY
11137,-0.0117,-0.33,-0.37,STATIONARY
11139,-0.0022,-0.31,-0.37,STATIONARY
11141,-0.0044,-0.29,-0.37,STATIONARY
11143,-0.0114,-0.29,-0.36,STATIONARY
11146,-0.0166,-0.29,-0.36,STATIONARY
11147,-0.0123,-0.29,-0.35,STATIONARY
11149,-0.0170,-0.30,-0.35,STATIONARY
11151,-0.0049,-0.29,-0.35,STATIONARY
11153,-0.0110,-0.28,-0.34,STATIONARY
11155,-0.0084,-0.28,-0.34,STATIONARY
11157,-0.0130,-0.28,-0.34,STATIONARY
11159,-0.0063,-0.27,-0.33,STATIONARY
11162,-0.0119,-0.27,-0.33,STATIONARY
11163,-0.0150,-0.27,-0.32,STATIONARY
11165,-0.0149,-0.28,-0.32,STATIONARY
11167,-0.0161,-0.29,-0.32,STATIONARY
11169,-0.0211,-0.30,-0.32,STATIONARY
11171,-0.0134,-0.30,-0.32,STATIONARY
11173,-0.0179,-0.31,-0.32,STATIONARY
11175,-0.0144,-0.31,-0.32,STATIONARY
11177,-0.0208,-0.33,-0.32,STATIONARY
11179,-0.0322,-0.36,-0.32,STATIONARY
11182,-0.0321,-0.39,-0.32,STATIONARY
11183,-0.0186,-0.39,-0.33,STATIONARY
11186,-0.0184,-0.40,-0.33,STATIONARY
11187,-0.0111,-0.38,-0.34,STATIONARY
11189,-0.0132,-0.38,-0.34,STATIONARY
11192,-0.0168,-0.38,-0.34,STATIONARY
11193,-0.0213,-0.39,-0.34,STATIONARY
11195,-0.0177,-0.39,-0.35,STATIONARY
11197,-0.0119,-0.38,-0.35,STATIONARY
11199,-0.0084,-0.36,-0.35,STATIONARY
11201,-0.0081,-0.35,-0.35,STATIONARY
11203,-0.0088,-0.34,-0.35,STATIONARY
11205,-0.0109,-0.33,-0.35,STATIONARY
11207,-0.0196,-0.34,-0.35,STATIONARY
11209,-0.0098,-0.33,-0.35,STATIONARY
11211,-0.0062,-0.32,-0.34,STATIONARY
11213,-0.0080,-0.31,-0.34,STATIONARY
11215,-0.0138,-0.31,-0.34,STATIONARY
11217,-0.0113,-0.30,-0.34,STATIONARY
11220,-0.0100,-0.30,-0.34,STATIONARY
11221,0.0001,-0.27,-0.33,STATIONARY
11224,-0.0026,-0.26,-0.33,STATIONARY
11225,-0.0068,-0.25,-0.32,STATIONARY
11227,-0.0031,-0.23,-0.32,STATIONARY
11229,-0.0096,-0.23,-0.31,STATIONARY
11232,-0.0164,-0.24,-0.31,STATIONARY
11233,-0.0134,-0.25,-0.30,STATIONARY
11235,-0.0077,-0.24,-0.30,STATIONARY
11237,-0.0122,-0.25,-0.30,STATIONARY
11239,-0.0154,-0.26,-0.30,STATIONARY
11241,-0.0172,-0.27,-0.29,STATIONARY
11243,-0.0159,-0.27,-0.29,STATIONARY
11245,-0.0172,-0.28,-0.29,STATIONARY
11247,-0.0184,-0.30,-0.29,STATIONARY
11249,-0.0126,-0.30,-0.29,STATIONARY
11251,-0.0185,-0.31,-0.29,STATIONARY
11253,-0.0275,-0.33,-0.30,STATIONARY
11255,-0.0219,-0.35,-0.30,STATIONARY
11257,-0.0061,-0.33,-0.30,STATIONARY
11259,-0.0062,-0.31,-0.30,STATIONARY
11261,-0.0083,-0.30,-0.30,STATIONARY
11264,-0.0099,-0.30,-0.30,STATIONARY
11265,-0.0115,-0.30,-0.30,STATIONARY
11268,-0.0068,-0.28,-0.30,STATIONARY
11269,-0.0019,-0.27,-0.30,STATIONARY
11271,-0.0048,-0.25,-0.30,STATIONARY
11273,-0.0119,-0.25,-0.29,STATIONARY
11275,-0.0149,-0.26,-0.29,STATIONARY
11277,-0.0156,-0.27,-0.29,STATIONARY
11279,-0.0085,-0.26,-0.29,STATIONARY
11281,-0.0107,-0.26,-0.29,STATIONARY
11284,-0.0194,-0.28,-0.29,STATIONARY
11285,-0.0257,-0.30,-0.29,STATIONARY
11287,-0.0113,-0.30,-0.29,STATIONARY
11289,-0.0145,-0.30,-0.29,STATIONARY
11291,-0.0168,-0.31,-0.29,STATIONARY
11293,-0.0027,-0.29,-0.29,STATIONARY
11295,0.0012,-0.26,-0.29,STATIONARY
11297,0.0036,-0.24,-0.28,STATIONARY
11299,0.0019,-0.21,-0.28,STATIONARY
11302,-0.0086,-0.21,-0.28,STATIONARY
11303,-0.0115,-0.22,-0.27,STATIONARY
11306,-0.0117,-0.22,-0.27,STATIONARY
11307,-0.0236,-0.25,-0.27,STATIONARY
11309,-0.0200,-0.26,-0.27,STATIONARY
11311,-0.0153,-0.27,-0.27,STATIONARY
11313,-0.0152,-0.28,-0.27,STATIONARY
11315,-0.0078,-0.27,-0.27,STATIONARY
11317,-0.0061,-0.26,-0.27,STATIONARY
11319,-0.0032,-0.24,-0.27,STATIONARY
11322,-0.0022,-0.23,-0.26,STATIONARY
11323,-0.0022,-0.21,-0.26,STATIONARY
11325,-0.0150,-0.22,-0.26,STATIONARY
11327,-0.0097,-0.22,-0.26,STATIONARY
11329,-0.0032,-0.21,-0.25,STATIONARY
11331,0.0045,-0.19,-0.25,STATIONARY
11334,0.0001,-0.17,-0.25,STATIONARY
11335,-0.0080,-0.17,-0.24,STATIONARY
11337,-0.0123,-0.18,-0.24,STATIONARY
11340,-0.0267,-0.22,-0.24,STATIONARY
11341,-0.0220,-0.24,-0.24,STATIONARY
11344,-0.0136,-0.25,-0.24,STATIONARY
11345,-0.0240,-0.27,-0.24,STATIONARY
11347,-0.0240,-0.29,-0.24,STATIONARY
11349,-0.0178,-0.30,-0.25,STATIONARY
11351,-0.0107,-0.30,-0.25,STATIONARY
11353,-0.0047,-0.28,-0.25,STATIONARY
11355,-0.0183,-0.29,-0.25,STATIONARY
11357,-0.0320,-0.33,-0.26,STATIONARY
11359,-0.0271,-0.35,-0.26,STATIONARY
11361,-0.0301,-0.38,-0.27,STATIONARY
11363,-0.0323,-0.41,-0.28,STATIONARY
11366,-0.0316,-0.43,-0.29,STATIONARY
11367,-0.0299,-0.45,-0.30,STATIONARY
11369,-0.0273,-0.47,-0.31,STATIONARY
11371,-0.0153,-0.46,-0.32,STATIONARY
11373,-0.0036,-0.43,-0.32,STATIONARY
11375,-0.0039,-0.40,-0.33,STATIONARY
11377,0.0026,-0.36,-0.33,STATIONARY
11379,0.0006,-0.33,-0.33,STATIONARY
11382,-0.0023,-0.31,-0.33,STATIONARY
11383,-0.0077,-0.30,-0.33,STATIONARY
11386,-0.0150,-0.30,-0.33,STATIONARY
11388,-0.0228,-0.32,-0.33,STATIONARY
11389,-0.0160,-0.33,-0.33,STATIONARY
11392,-0.0124,-0.32,-0.33,STATIONARY
11393,-0.0138,-0.32,-0.33,STATIONARY
11395,-0.0083,-0.31,-0.32,STATIONARY
11397,-0.0013,-0.29,-0.32,STATIONARY
11399,-0.0025,-0.27,-0.32,STATIONARY
11401,0.0066,-0.24,-0.31,STATIONARY
11404,0.0112,-0.20,-0.31,STATIONARY
11405,0.0052,-0.17,-0.30,STATIONARY
11407,-0.0008,-0.16,-0.29,STATIONARY
11409,0.0053,-0.14,-0.28,STATIONARY
11411,-0.0058,-0.14,-0.27,STATIONARY
11413,-0.0125,-0.15,-0.27,STATIONARY
11415,-0.0134,-0.16,-0.26,STATIONARY
11417,-0.0078,-0.16,-0.25,STATIONARY
11420,-0.0069,-0.16,-0.25,STATIONARY
11421,0.0011,-0.15,-0.24,STATIONARY
11423,0.0058,-0.13,-0.24,STATIONARY
11425,0.0019,-0.11,-0.23,STATIONARY
11427,-0.0017,-0.11,-0.22,STATIONARY
11429,-0.0112,-0.12,-0.22,STATIONARY
11431,-0.0125,-0.13,-0.21,STATIONARY
11433,-0.0108,-0.14,-0.21,STATIONARY
11435,-0.0153,-0.16,-0.20,STATIONARY
11437,-0.0106,-0.16,-0.20,STATIONARY
11439,-0.0000,-0.15,-0.20,STATIONARY
11441,0.0044,-0.13,-0.19,STATIONARY
11444,-0.0019,-0.12,-0.19,STATIONARY
11445,-0.0002,-0.11,-0.19,STATIONARY
11447,-0.0109,-0.13,-0.18,STATIONARY
11449,-0.0238,-0.16,-0.18,STATIONARY
11451,-0.0242,-0.19,-0.18,STATIONARY
11453,-0.0217,-0.22,-0.18,STATIONARY
11455,-0.0238,-0.24,-0.19,STATIONARY
11457,-0.0238,-0.27,-0.19,STATIONARY
11459,-0.0227,-0.29,-0.20,STATIONARY
11461,-0.0176,-0.30,-0.20,STATIONARY
11463,-0.0004,-0.27,-0.21,STATIONARY
11465,0.0042,-0.24,-0.21,STATIONARY
11467,0.0057,-0.21,-0.21,STATIONARY
11469,0.0010,-0.19,-0.21,STATIONARY
11471,-0.0016,-0.18,-0.21,STATIONARY
11473,-0.0023,-0.17,-0.21,STATIONARY
11475,-0.0078,-0.17,-0.20,STATIONARY
11477,-0.0135,-0.18,-0.20,STATIONARY
11479,-0.0131,-0.19,-0.20,STATIONARY
11481,0.0025,-0.17,-0.20,STATIONARY
11484,0.0007,-0.16,-0.20,STATIONARY
11485,-0.0101,-0.16,-0.20,STATIONARY
11487,-0.0045,-0.16,-0.19,STATIONARY
11490,0.0041,-0.14,-0.19,STATIONARY
11491,0.0109,-0.11,-0.19,STATIONARY
11493,0.0110,-0.08,-0.18,STATIONARY
11495,0.0051,-0.06,-0.17,STATIONARY
11497,-0.0020,-0.06,-0.17,STATIONARY
11500,-0.0113,-0.08,-0.16,STATIONARY
11501,-0.0215,-0.11,-0.16,STATIONARY
11503,-0.0282,-0.15,-0.16,STATIONARY
11506,-0.0272,-0.19,-0.16,STATIONARY
11507,-0.0111,-0.20,-0.16,STATIONARY
11509,0.0011,-0.18,-0.16,STATIONARY
11511,-0.0036,-0.17,-0.16,STATIONARY
11513,-0.0034,-0.16,-0.16,STATIONARY
11515,0.0046,-0.14,-0.16,STATIONARY
11518,0.0086,-0.12,-0.16,STATIONARY
11519,0.0028,-0.10,-0.16,STATIONARY
11521,-0.0092,-0.11,-0.15,STATIONARY
11523,-0.0146,-0.13,-0.15,STATIONARY
11525,-0.0172,-0.15,-0.15,STATIONARY
11527,-0.0178,-0.17,-0.15,STATIONARY
11529,-0.0219,-0.20,-0.16,STATIONARY
11531,-0.0277,-0.23,-0.16,STATIONARY
11533,-0.0147,-0.24,-0.16,STATIONARY
11535,-0.0028,-0.23,-0.17,STATIONARY
11537,-0.0115,-0.23,-0.17,STATIONARY
11539,-0.0164,-0.24,-0.18,STATIONARY
11541,-0.0154,-0.25,-0.18,STATIONARY
11543,-0.0093,-0.25,-0.18,STATIONARY
11545,-0.0080,-0.24,-0.19,STATIONARY
11547,-0.0053,-0.23,-0.19,STATIONARY
11549,-0.0096,-0.23,-0.19,STATIONARY
11551,-0.0153,-0.24,-0.20,STATIONARY
11554,-0.0166,-0.25,-0.20,STATIONARY
11555,-0.0200,-0.27,-0.20,STATIONARY
11557,-0.0154,-0.28,-0.21,STATIONARY
11560,-0.0088,-0.27,-0.21,STATIONARY
11561,-0.0014,-0.25,-0.21,STATIONARY
11564,-0.0167,-0.26,-0.22,STATIONARY
11565,-0.0199,-0.28,-0.22,STATIONARY
11567,-0.0125,-0.28,-0.22,STATIONARY
11569,-0.0089,-0.27,-0.23,STATIONARY
11571,-0.0011,-0.25,-0.23,STATIONARY
11573,-0.0059,-0.24,-0.23,STATIONARY
11575,0.0012,-0.22,-0.23,STATIONARY
11577,0.0094,-0.19,-0.23,STATIONARY
11579,0.0101,-0.15,-0.22,STATIONARY
11582,0.0103,-0.12,-0.22,STATIONARY
11583,0.0080,-0.10,-0.21,STATIONARY
11586,0.0021,-0.09,-0.20,STATIONARY
11587,-0.0003,-0.08,-0.19,STATIONARY
11589,0.0035,-0.07,-0.19,STATIONARY
11592,0.0019,-0.06,-0.18,STATIONARY
11593,0.0046,-0.04,-0.17,STATIONARY
11595,0.0142,-0.02,-0.16,STATIONARY
11597,0.0234,0.03,-0.15,STATIONARY
11599,0.0364,0.09,-0.14,STATIONARY
11602,0.0461,0.17,-0.12,STATIONARY
11603,0.0622,0.27,-0.09,STATIONARY
11605,0.0722,0.38,-0.07,STATIONARY
11608,0.0759,0.49,-0.03,STATIONARY
11609,0.0672,0.58,0.00,STATIONARY
11611,0.0633,0.65,0.04,STATIONARY
11613,0.0674,0.72,0.08,STATIONARY
11615,0.0764,0.80,0.12,STATIONARY
11617,0.0908,0.91,0.17,STATIONARY
11619,0.0943,1.01,0.22,STATIONARY
11621,0.0983,1.11,0.27,STATIONARY
11623,0.0953,1.19,0.33,STATIONARY
11625,0.0928,1.27,0.38,STATIONARY
11627,0.0891,1.33,0.44,STATIONARY
11629,0.0927,1.40,0.49,STATIONARY
11631,0.0868,1.44,0.55,STATIONARY
11633,0.0797,1.47,0.61,STATIONARY
11635,0.0877,1.52,0.66,STATIONARY
11637,0.0828,1.55,0.71,STATIONARY
11639,0.0668,1.55,0.76,STATIONARY
11641,0.0706,1.55,0.81,STATIONARY
11643,0.0800,1.58,0.85,STATIONARY
11645,0.0841,1.61,0.90,STATIONARY
11647,0.0883,1.64,0.94,STATIONARY
11649,0.0954,1.68,0.99,STATIONARY
11651,0.0994,1.73,1.03,STATIONARY
11653,0.1041,1.94,1.08,STATIONARY
11656,0.1090,2.16,1.15,STATIONARY
11657,0.1000,2.17,1.21,STATIONARY
11659,0.1013,2.37,1.28,STATIONARY
11662,0.1024,2.58,1.35,STATIONARY
11663,0.0991,2.55,1.42,STATIONARY
11666,0.0933,2.52,1.49,STATIONARY
11667,0.0867,2.48,1.55,STATIONARY
11669,0.0890,2.44,1.60,STATIONARY
11672,0.0842,2.40,1.65,STATIONARY
11673,0.0904,2.38,1.69,STATIONARY
11675,0.1108,2.60,1.74,STATIONARY
11678,0.1263,2.85,1.81,STATIONARY
11679,0.1500,3.15,1.89,STATIONARY
11681,0.1681,3.49,1.98,STATIONARY
11683,0.1897,3.87,2.10,STATIONARY
11685,0.2091,4.29,2.22,STATIONARY
11688,0.2365,4.76,2.37,STATIONARY
11689,0.2533,5.26,2.55,STATIONARY
11691,0.2609,5.79,2.74,STATIONARY
11693,0.2751,6.34,2.95,STATIONARY
11695,0.2872,6.91,3.18,STATIONARY
11697,0.2868,7.48,3.44,STATIONARY
11699,0.2876,8.06,3.71,STATIONARY
11701,0.2847,8.63,4.00,STATIONARY
11703,0.2852,9.20,4.31,STATIONARY
11705,0.2794,9.76,4.63,STATIONARY
11707,0.2734,10.31,4.97,STATIONARY
11709,0.2615,10.83,5.31,STATIONARY
11711,0.2490,11.33,5.67,STATIONARY
11713,0.2392,11.80,6.03,STATIONARY
11716,0.2165,12.24,6.40,STATIONARY
11717,0.1901,12.62,6.77,STATIONARY
11720,0.1690,12.96,7.13,STATIONARY
11721,0.1460,13.25,7.49,STATIONARY
11723,0.1381,13.52,7.85,STATIONARY
11726,0.1432,13.81,8.20,STATIONARY
11727,0.1458,14.10,8.55,STATIONARY
11729,0.1570,14.42,8.90,STATIONARY
11732,0.1572,14.73,9.24,STATIONARY
11733,0.1507,15.03,9.59,STATIONARY
11735,0.1382,15.31,9.92,STATIONARY
11737,0.1388,15.59,10.26,STATIONARY
11739,0.1400,15.87,10.59,STATIONARY
11741,0.1262,16.12,10.92,STATIONARY
11743,0.1231,16.36,11.24,STATIONARY
11745,0.1132,16.59,11.56,STATIONARY
11748,0.1032,16.80,11.87,STATIONARY
11749,0.0974,15.63,12.09,STATIONARY
11752,0.1007,15.83,12.31,STATIONARY
11753,0.1032,16.04,12.53,STATIONARY
11755,0.0857,14.92,12.67,STATIONARY
11757,0.0762,13.86,12.74,STATIONARY
11759,0.0643,12.87,12.75,STATIONARY
11761,0.0523,11.94,12.70,STATIONARY
11764,0.0432,11.06,12.60,STATIONARY
11765,0.0287,10.23,12.46,STATIONARY
11767,0.0158,9.44,12.29,STATIONARY
11769,0.0031,8.69,12.07,STATIONARY
11771,0.0034,8.00,11.83,STATIONARY
11774,-0.0125,7.34,11.57,STATIONARY
11775,-0.0234,6.71,11.28,STATIONARY
11777,-0.0169,6.14,10.98,STATIONARY
11780,-0.0181,5.62,10.66,STATIONARY
11782,-0.0216,5.13,10.33,STATIONARY
11783,-0.0167,4.69,10.00,STATIONARY
11786,-0.0136,4.29,9.65,STATIONARY
11787,-0.0152,3.92,9.32,STATIONARY
11790,-0.0207,3.56,8.98,STATIONARY
11791,-0.0142,3.25,8.64,STATIONARY
11793,-0.0016,2.99,8.31,STATIONARY
11796,-0.0073,2.74,7.98,STATIONARY
11797,-0.0132,2.49,7.65,STATIONARY
11799,-0.0234,2.25,7.34,STATIONARY
11802,-0.0277,2.02,7.02,STATIONARY
11803,-0.0313,1.80,6.71,STATIONARY
11806,-0.0469,1.57,6.41,STATIONARY
11807,-0.0536,1.35,6.11,STATIONARY
11809,-0.0539,1.14,5.82,STATIONARY
11812,-0.0514,0.95,5.53,STATIONARY
11813,-0.0549,0.78,5.25,STATIONARY
11815,-0.0464,0.63,4.97,STATIONARY
11818,-0.0342,0.52,4.71,STATIONARY
11819,-0.0316,0.42,4.46,STATIONARY
11822,-0.0483,0.29,4.21,STATIONARY
11823,-0.0389,0.20,3.97,STATIONARY
11825,-0.0320,0.12,3.75,STATIONARY
11828,-0.0472,0.03,3.53,STATIONARY
11829,-0.0515,-0.07,3.31,STATIONARY
11831,-0.0434,-0.14,3.11,STATIONARY
11833,-0.0392,-0.20,2.91,STATIONARY
11835,-0.0410,-0.26,2.73,STATIONARY
11837,-0.0381,-0.31,2.55,STATIONARY
11839,-0.0275,-0.34,2.38,STATIONARY
11841,-0.0112,-0.33,2.22,STATIONARY
11844,-0.0082,-0.32,2.07,STATIONARY
11845,-0.0019,-0.30,1.93,STATIONARY
11847,0.0025,-0.27,1.80,STATIONARY
11849,-0.0062,-0.26,1.67,STATIONARY
11851,-0.0127,-0.26,1.56,STATIONARY
11853,-0.0146,-0.27,1.45,STATIONARY
11855,-0.0189,-0.28,1.35,STATIONARY
11857,-0.0194,-0.29,1.25,STATIONARY
11860,-0.0118,-0.29,1.16,STATIONARY
11861,-0.0063,-0.28,1.08,STATIONARY
11863,-0.0010,-0.26,1.00,STATIONARY
11865,0.0002,-0.24,0.92,STATIONARY
11867,0.0144,-0.19,0.86,STATIONARY
11869,0.0188,-0.14,0.80,STATIONARY
11871,0.0267,-0.08,0.75,STATIONARY
11873,0.0370,-0.01,0.70,STATIONARY
11875,0.0462,0.08,0.67,STATIONARY
11877,0.0488,0.16,0.64,STATIONARY
11879,0.0532,0.25,0.61,STATIONARY
11881,0.0588,0.33,0.60,STATIONARY
11883,0.0593,0.42,0.59,STATIONARY
11885,0.0629,0.50,0.58,STATIONARY
11888,0.0648,0.58,0.58,STATIONARY
11889,0.0742,0.67,0.59,STATIONARY
11892,0.0716,0.75,0.60,STATIONARY
11893,0.0750,0.83,0.61,STATIONARY
11895,0.0839,0.91,0.63,STATIONARY
11897,0.0815,0.99,0.65,STATIONARY
11899,0.0814,1.06,0.67,STATIONARY
11901,0.0865,1.14,0.70,STATIONARY
11904,0.0896,1.21,0.73,STATIONARY
11905,0.0878,1.27,0.76,STATIONARY
11907,0.0915,1.34,0.80,STATIONARY
11909,0.1078,1.56,0.84,STATIONARY
11911,0.1131,1.78,0.90,STATIONARY
11913,0.1174,2.02,0.96,STATIONARY
11915,0.1219,2.26,1.04,STATIONARY
11917,0.1132,2.49,1.13,STATIONARY
11920,0.1146,2.72,1.22,STATIONARY
11921,0.1197,2.96,1.32,STATIONARY
11923,0.1158,3.19,1.43,STATIONARY
11925,0.1088,3.41,1.55,STATIONARY
11927,0.1051,3.62,1.67,STATIONARY
11929,0.1076,3.83,1.80,STATIONARY
11931,0.1157,4.06,1.93,STATIONARY
11933,0.1289,4.32,2.07,STATIONARY
11935,0.1456,4.61,2.22,STATIONARY
11937,0.1569,4.92,2.38,STATIONARY
11939,0.1562,5.24,2.55,STATIONARY
11941,0.1559,5.55,2.73,STATIONARY
11943,0.1422,5.83,2.91,STATIONARY
11945,0.1456,6.12,3.10,STATIONARY
11947,0.1396,6.40,3.30,STATIONARY
11949,0.1428,6.69,3.50,STATIONARY
11951,0.1442,6.98,3.70,STATIONARY
11953,0.1399,7.26,3.91,STATIONARY
11955,0.1388,7.54,4.13,STATIONARY
11957,0.1299,7.80,4.34,STATIONARY
11959,0.1365,8.07,4.57,STATIONARY
11961,0.1394,8.35,4.79,STATIONARY
11964,0.1377,8.62,5.02,STATIONARY
11965,0.1332,8.89,5.24,STATIONARY
11968,0.1308,9.15,5.48,STATIONARY
11969,0.1370,9.42,5.71,STATIONARY
11971,0.1426,9.71,5.95,STATIONARY
11973,0.1370,9.98,6.18,STATIONARY
11975,0.1345,10.25,6.42,STATIONARY
11977,0.1377,10.53,6.67,STATIONARY
11979,0.1360,10.80,6.91,STATIONARY
11982,0.1407,11.08,7.16,STATIONARY
11984,0.1353,11.35,7.41,STATIONARY
11985,0.1232,11.60,7.65,STATIONARY
11987,0.1153,11.83,7.90,STATIONARY
11990,0.1092,12.05,8.15,STATIONARY
11991,0.1008,12.25,8.39,STATIONARY
11993,0.0869,11.43,8.57,STATIONARY
11995,0.0867,10.67,8.69,STATIONARY
11997,0.0932,9.99,8.77,STATIONARY
12000,0.0885,9.36,8.80,STATIONARY
12001,0.0896,8.77,8.80,STATIONARY
12003,0.0874,8.23,8.77,STATIONARY
12006,0.0756,7.71,8.71,STATIONARY
12007,0.0626,7.21,8.62,STATIONARY
12009,0.0577,6.74,8.51,STATIONARY
12011,0.0585,6.31,8.38,STATIONARY
12013,0.0532,5.90,8.23,STATIONARY
12016,0.0429,5.51,8.07,STATIONARY
12018,0.0439,5.15,7.90,STATIONARY
12019,0.0304,4.79,7.71,STATIONARY
12022,0.0282,4.46,7.52,STATIONARY
12023,0.0282,4.16,7.32,STATIONARY
12025,0.0295,3.88,7.12,STATIONARY
12027,0.0377,3.64,6.91,STATIONARY
12029,0.0338,3.41,6.71,STATIONARY
12032,0.0342,3.20,6.50,STATIONARY
12033,0.0406,3.02,6.29,STATIONARY
12035,0.0343,2.84,6.09,STATIONARY
12038,0.0298,2.67,5.89,STATIONARY
12039,0.0190,2.49,5.68,STATIONARY
12041,0.0139,2.31,5.49,STATIONARY
12043,0.0163,2.16,5.29,STATIONARY
12045,0.0234,2.03,5.10,STATIONARY
12048,0.0229,1.91,4.91,STATIONARY
12049,0.0211,1.80,4.72,STATIONARY
12051,0.0180,1.68,4.54,STATIONARY
12054,0.0098,1.57,4.37,STATIONARY
12055,0.0068,1.46,4.20,STATIONARY
12057,0.0014,1.34,4.03,STATIONARY
12060,-0.0071,1.22,3.86,STATIONARY
12061,-0.0067,1.11,3.70,STATIONARY
12064,-0.0063,1.01,3.54,STATIONARY
12065,-0.0049,0.92,3.39,STATIONARY
12067,-0.0010,0.85,3.23,STATIONARY
12070,-0.0043,0.77,3.09,STATIONARY
12071,0.0041,0.72,2.95,STATIONARY
12073,0.0213,0.70,2.82,STATIONARY
12076,0.0113,0.66,2.69,STATIONARY
12077,0.0133,0.63,2.57,STATIONARY
12080,0.0159,0.61,2.45,STATIONARY
12082,0.0207,0.60,2.34,STATIONARY
12083,0.0218,0.59,2.24,STATIONARY
12086,0.0329,0.61,2.14,STATIONARY
12087,0.0434,0.64,2.05,STATIONARY
12089,0.0482,0.68,1.97,STATIONARY
12092,0.0461,0.71,1.90,STATIONARY
12093,0.0385,0.72,1.83,STATIONARY
12095,0.0386,0.73,1.76,STATIONARY
12097,0.0462,0.76,1.70,STATIONARY
12099,0.0480,0.79,1.65,STATIONARY
12102,0.0500,0.82,1.60,STATIONARY
12103,0.0512,0.85,1.56,STATIONARY
12105,0.0466,0.86,1.51,STATIONARY
12107,0.0452,0.88,1.48,STATIONARY
12109,0.0517,0.90,1.44,STATIONARY
12111,0.0527,0.93,1.41,STATIONARY
12113,0.0561,0.96,1.39,STATIONARY
12115,0.0672,1.00,1.36,STATIONARY
12118,0.0634,1.04,1.34,STATIONARY
12119,0.0581,1.06,1.33,STATIONARY
12121,0.0463,1.06,1.31,STATIONARY
12124,0.0409,1.05,1.30,STATIONARY
12125,0.0512,1.06,1.28,STATIONARY
12127,0.0568,1.08,1.27,STATIONARY
12129,0.0732,1.13,1.26,STATIONARY
12131,0.0913,1.21,1.26,STATIONARY
12133,0.0911,1.28,1.26,STATIONARY
12135,0.0939,1.35,1.27,STATIONARY
12137,0.1055,1.56,1.28,STATIONARY
12139,0.1103,1.78,1.31,STATIONARY
12141,0.1104,2.00,1.35,STATIONARY
12143,0.1047,2.21,1.40,STATIONARY
12146,0.0963,2.21,1.45,STATIONARY
12147,0.0945,2.21,1.50,STATIONARY
12150,0.0925,2.20,1.54,STATIONARY
12151,0.0816,2.18,1.58,STATIONARY
12153,0.0780,2.15,1.61,STATIONARY
12155,0.0841,2.13,1.64,STATIONARY
12157,0.0938,2.13,1.67,STATIONARY
12159,0.0991,2.14,1.70,STATIONARY
12161,0.0916,2.14,1.72,STATIONARY
12164,0.0950,2.14,1.75,STATIONARY
12165,0.0899,2.14,1.77,STATIONARY
12167,0.0910,2.13,1.79,STATIONARY
12169,0.0905,2.13,1.81,STATIONARY
12171,0.0888,2.12,1.83,STATIONARY
12173,0.0973,2.13,1.85,STATIONARY
12175,0.0946,2.14,1.87,STATIONARY
12177,0.0937,2.14,1.88,STATIONARY
12179,0.1061,2.35,1.91,STATIONARY
12182,0.1140,2.58,1.95,STATIONARY
12183,0.1165,2.81,2.00,STATIONARY
12185,0.1101,3.03,2.06,STATIONARY
12187,0.1034,3.24,2.13,STATIONARY
12189,0.1074,3.45,2.21,STATIONARY
12191,0.1121,3.68,2.30,STATIONARY
12193,0.1132,3.90,2.39,STATIONARY
12195,0.1092,4.12,2.49,STATIONARY
12197,0.1134,4.35,2.60,STATIONARY
12199,0.1179,4.58,2.72,STATIONARY
12201,0.1130,4.81,2.84,STATIONARY
12203,0.1103,5.03,2.97,STATIONARY
12205,0.1122,5.25,3.11,STATIONARY
12207,0.1054,5.47,3.25,STATIONARY
12209,0.1059,5.68,3.39,STATIONARY
12211,0.1078,5.89,3.54,STATIONARY
12213,0.1180,6.13,3.69,STATIONARY
12216,0.1036,6.34,3.85,STATIONARY
12217,0.1020,6.54,4.01,STATIONARY
12219,0.1051,6.75,4.17,STATIONARY
12221,0.1085,6.97,4.33,STATIONARY
12224,0.1080,7.18,4.50,STATIONARY
12225,0.1145,7.41,4.68,STATIONARY
12227,0.1045,7.62,4.85,STATIONARY
12229,0.0927,7.18,4.99,STATIONARY
12232,0.0927,6.78,5.09,STATIONARY
12233,0.0937,6.41,5.17,STATIONARY
12235,0.0912,6.06,5.22,STATIONARY
12237,0.0949,5.75,5.25,STATIONARY
12239,0.0912,5.46,5.27,STATIONARY
12241,0.0987,5.21,5.26,STATIONARY
12243,0.1009,5.41,5.27,STATIONARY
12245,0.1012,5.61,5.29,STATIONARY
12247,0.1099,5.83,5.32,STATIONARY
12249,0.1098,6.05,5.37,STATIONARY
12251,0.1052,6.26,5.42,STATIONARY
12253,0.0990,5.94,5.45,STATIONARY
12255,0.0850,5.62,5.46,STATIONARY
12257,0.0738,5.31,5.45,STATIONARY
12259,0.0729,5.02,5.43,STATIONARY
12261,0.0710,4.75,5.39,STATIONARY
12264,0.0701,4.50,5.33,STATIONARY
12266,0.0775,4.28,5.27,STATIONARY
12267,0.0806,4.08,5.20,STATIONARY
12269,0.0840,3.91,5.12,STATIONARY
12271,0.0680,3.72,5.04,STATIONARY
12274,0.0598,3.54,4.95,STATIONARY
12275,0.0644,3.37,4.86,STATIONARY
12277,0.0684,3.23,4.76,STATIONARY
12280,0.0643,3.09,4.66,STATIONARY
12281,0.0638,2.96,4.56,STATIONARY
12283,0.0703,2.85,4.46,STATIONARY
12285,0.0774,2.77,4.36,STATIONARY
12287,0.0832,2.70,4.26,STATIONARY
12289,0.0794,2.63,4.17,STATIONARY
12291,0.0774,2.56,4.07,STATIONARY
12293,0.0834,2.51,3.98,STATIONARY
12295,0.0746,2.45,3.89,STATIONARY
12297,0.0736,2.39,3.80,STATIONARY
12299,0.0806,2.34,3.71,STATIONARY
12302,0.0795,2.30,3.63,STATIONARY
12304,0.0763,2.26,3.55,STATIONARY
12306,0.0786,2.22,3.47,STATIONARY
12307,0.0751,2.18,3.39,STATIONARY
12309,0.0825,2.16,3.32,STATIONARY
12311,0.0895,2.15,3.25,STATIONARY
12313,0.0991,2.16,3.19,STATIONARY
12315,0.1014,2.36,3.14,STATIONARY
12317,0.1003,2.56,3.11,STATIONARY
12319,0.0983,2.54,3.07,STATIONARY
12322,0.1028,2.75,3.05,STATIONARY
12323,0.1047,2.96,3.05,STATIONARY
12325,0.1155,3.19,3.05,STATIONARY
12327,0.1227,3.43,3.08,STATIONARY
12329,0.1243,3.68,3.11,STATIONARY
12331,0.1214,3.92,3.16,STATIONARY
12333,0.1221,4.17,3.22,STATIONARY
12335,0.1315,4.43,3.29,STATIONARY
12337,0.1460,4.72,3.38,STATIONARY
12339,0.1484,5.02,3.47,STATIONARY
12341,0.1479,5.31,3.58,STATIONARY
12344,0.1507,5.62,3.70,STATIONARY
12345,0.1563,5.93,3.83,STATIONARY
12347,0.1647,6.26,3.98,STATIONARY
12349,0.1681,6.59,4.13,STATIONARY
12351,0.1756,6.95,4.30,STATIONARY
12353,0.1854,7.32,4.48,STATIONARY
12355,0.1859,7.69,4.67,STATIONARY
12357,0.1874,8.06,4.87,STATIONARY
12359,0.1894,8.44,5.08,STATIONARY
12361,0.1928,8.83,5.30,STATIONARY
12363,0.1890,9.21,5.53,STATIONARY
12365,0.1968,9.60,5.77,STATIONARY
12367,0.2133,10.03,6.02,STATIONARY
12369,0.2233,10.47,6.29,STATIONARY
12371,0.2266,10.93,6.56,STATIONARY
12373,0.2214,11.37,6.84,STATIONARY
12375,0.2290,11.83,7.14,STATIONARY
12377,0.2351,12.30,7.44,STATIONARY
12379,0.2453,12.79,7.76,STATIONARY
12382,0.2579,13.31,8.09,STATIONARY
12383,0.2644,13.83,8.43,STATIONARY
12386,0.2729,14.38,8.78,STATIONARY
12388,0.2792,14.94,9.14,STATIONARY
12389,0.2724,15.48,9.52,STATIONARY
12392,0.2636,16.01,9.90,STATIONARY
12393,0.2653,16.54,10.29,STATIONARY
12395,0.2694,17.08,10.69,STATIONARY
12397,0.2747,17.63,11.10,STATIONARY
12399,0.2716,18.17,11.52,STATIONARY
12401,0.2786,18.73,11.95,STATIONARY
12404,0.2859,19.30,12.38,STATIONARY
12406,0.2808,19.86,12.83,STATIONARY
12408,0.2810,20.42,13.27,STATIONARY
12409,0.2836,20.99,13.73,STATIONARY
12411,0.2869,21.56,14.19,STATIONARY
12414,0.2770,22.12,14.66,STATIONARY
12415,0.2802,22.68,15.14,STATIONARY
12418,0.2942,23.27,15.62,STATIONARY
12420,0.2915,23.85,16.10,STATIONARY
12421,0.2907,24.43,16.60,STATIONARY
12424,0.2860,25.00,17.09,STATIONARY
12425,0.2846,25.57,17.59,STATIONARY
12427,0.2863,26.14,18.10,STATIONARY
12430,0.2878,26.72,18.61,STATIONARY
12431,0.2877,27.30,19.12,STATIONARY
12433,0.2979,27.89,19.64,STATIONARY
12436,0.2970,28.49,20.16,STATIONARY
12437,0.2945,29.07,20.69,STATIONARY
12439,0.2872,29.65,21.22,STATIONARY
12441,0.2896,30.23,21.75,STATIONARY
12444,0.2866,30.80,22.29,STATIONARY
12446,0.2848,31.37,22.82,STATIONARY
12447,0.2844,31.94,23.36,STATIONARY
12449,0.2931,32.53,23.90,STATIONARY
12452,0.2893,33.10,24.45,STATIONARY
12453,0.2769,33.66,24.99,STATIONARY
12455,0.2637,34.19,25.54,STATIONARY
12457,0.2580,34.70,26.08,STATIONARY
12459,0.2566,35.21,26.62,STATIONARY
12462,0.2577,35.73,27.16,STATIONARY
12463,0.2596,36.25,27.69,STATIONARY
12466,0.2618,36.77,28.23,STATIONARY
12468,0.2571,37.29,28.77,STATIONARY
12469,0.2555,37.80,29.30,STATIONARY
12471,0.2631,38.32,29.83,STATIONARY
12474,0.2713,38.87,30.37,STATIONARY
12475,0.2559,39.38,30.90,STATIONARY
12477,0.2426,39.86,31.43,STATIONARY
12479,0.2592,40.38,31.96,STATIONARY
12481,0.2673,40.92,32.49,STATIONARY
12484,0.2683,41.45,33.02,STATIONARY
12485,0.2627,41.98,33.55,STATIONARY
12487,0.2506,42.48,34.08,STATIONARY
12490,0.2435,42.97,34.60,STATIONARY
12491,0.2519,43.47,35.13,STATIONARY
12493,0.2496,43.97,35.65,STATIONARY
12495,0.2459,44.46,36.17,STATIONARY
12497,0.2400,44.94,36.69,STATIONARY
12500,0.2409,45.42,37.21,STATIONARY
12501,0.2418,45.91,37.72,STATIONARY
12503,0.2401,46.39,38.23,STATIONARY
12506,0.2412,46.87,38.74,STATIONARY
12507,0.2349,47.34,39.25,STATIONARY
12509,0.2308,47.80,39.76,STATIONARY
12511,0.2356,48.27,40.26,STATIONARY
12513,0.2366,48.75,40.76,STATIONARY
12515,0.2472,49.24,41.26,STATIONARY
12518,0.2508,49.75,41.77,STATIONARY
12519,0.2422,50.23,42.26,STATIONARY
12521,0.2479,50.72,42.76,STATIONARY
12523,0.2519,51.23,43.26,UP
12525,0.2535,51.73,43.77,UP
12527,0.2454,52.22,44.26,UP
12529,0.2421,52.71,44.76,UP
12531,0.2371,53.18,45.26,UP
12533,0.2409,53.66,45.76,UP
12535,0.2427,54.15,46.25,UP
12537,0.2444,54.64,46.75,UP
12539,0.2495,55.14,47.25,UP
12541,0.2523,55.64,47.74,UP
12543,0.2511,56.14,48.24,UP
12545,0.2461,56.64,48.74,UP
12547,0.2448,57.13,49.23,UP
12549,0.2421,57.61,49.73,UP
12551,0.2447,58.10,50.22,UP
12554,0.2446,58.59,50.72,UP
12555,0.2567,59.10,51.21,UP
12557,0.2625,59.63,51.71,UP
12560,0.2629,60.15,52.21,UP
12561,0.2647,60.68,52.71,UP
12564,0.2710,61.22,53.21,UP
12565,0.2777,61.78,53.72,UP
12567,0.2808,62.34,54.23,UP
12570,0.2797,62.90,54.74,UP
12571,0.2827,63.47,55.26,UP
12573,0.2810,64.03,55.78,UP
12575,0.2879,64.60,56.30,UP
12577,0.2931,65.19,56.82,UP
12579,0.2939,65.78,57.35,UP
12582,0.3039,66.39,57.89,UP
12583,0.3055,67.00,58.43,UP
12586,0.3074,67.61,58.97,UP
12587,0.3127,68.24,59.52,UP
12589,0.3017,68.84,60.07,UP
12592,0.2989,69.44,60.62,UP
12593,0.3083,70.05,61.18,UP
12595,0.3058,70.67,61.74,UP
12597,0.3149,71.30,62.30,UP
12599,0.3227,71.94,62.87,UP
12602,0.3317,72.61,63.45,UP
12603,0.3299,73.26,64.03,UP
12605,0.3302,73.92,64.61,UP
12608,0.3277,74.58,65.20,UP
12609,0.3251,75.23,65.80,UP
12611,0.3193,75.87,66.39,UP
12613,0.3296,76.53,66.99,UP
12615,0.3319,77.19,67.59,UP
12617,0.3320,77.86,68.20,UP
12619,0.3279,78.51,68.81,UP
12621,0.3294,79.17,69.42,UP
12624,0.3418,79.85,70.04,UP
12625,0.3392,80.53,70.66,UP
12627,0.3367,81.21,71.28,UP
12629,0.3375,81.88,71.91,UP
12631,0.3344,82.55,72.54,UP
12633,0.3384,83.23,73.17,UP
12635,0.3415,83.91,73.81,UP
12637,0.3401,84.59,74.44,UP
12639,0.3272,85.24,75.08,UP
12641,0.3292,85.90,75.72,UP
12643,0.3263,86.56,76.36,UP
12646,0.3302,87.22,77.00,UP
12647,0.3253,87.87,77.65,UP
12649,0.3379,88.54,78.29,UP
12651,0.3460,89.23,78.94,UP
12653,0.3476,89.93,79.59,UP
12656,0.3441,90.62,80.24,UP
12657,0.3495,91.32,80.89,UP
12659,0.3499,92.02,81.55,UP
12662,0.3535,92.72,82.21,UP
12663,0.3636,93.45,82.88,UP
12665,0.3684,94.19,83.55,UP
12667,0.3752,94.94,84.22,UP
12669,0.3677,95.67,84.90,UP
12671,0.3748,96.42,85.58,UP
12673,0.3788,97.18,86.26,UP
12675,0.3866,97.95,86.95,UP
12677,0.3875,98.73,87.65,UP
12679,0.3751,99.48,88.35,UP
12681,0.3681,100.22,89.05,UP
12683,0.3612,100.94,89.75,UP
12685,0.3592,101.66,90.46,UP
12687,0.3557,102.37,91.16,UP
12689,0.3517,103.07,91.87,UP
12691,0.3492,103.77,92.57,UP
12694,0.3612,104.49,93.27,UP
12695,0.3690,105.23,93.98,UP
12697,0.3697,105.97,94.69,UP
12699,0.3690,106.71,95.40,UP
12701,0.3671,107.44,96.11,UP
12703,0.3683,108.18,96.83,UP
12705,0.3678,108.91,97.54,UP
12707,0.3745,109.66,98.26,UP
12709,0.3659,110.39,98.97,UP
12711,0.3635,111.12,99.69,UP
12713,0.3686,111.86,100.41,UP
12715,0.3764,112.61,101.13,UP
12717,0.3681,113.35,101.85,UP
12720,0.3621,114.07,102.58,UP
12721,0.3457,114.76,103.30,UP
12723,0.3415,115.45,104.02,UP
12725,0.3376,116.12,104.73,UP
12727,0.3324,116.79,105.44,UP
12729,0.3237,117.43,106.15,UP
12732,0.3242,118.08,106.86,UP
12733,0.3249,118.73,107.56,UP
12735,0.3335,119.40,108.26,UP
12737,0.3325,120.06,108.96,UP
12739,0.3346,120.73,109.65,UP
12741,0.3355,121.40,110.35,UP
12743,0.3417,122.09,111.04,UP
12745,0.3363,122.76,111.74,UP
12748,0.3291,123.42,112.43,UP
12749,0.3357,124.09,113.12,UP
12751,0.3490,124.79,113.81,UP
12753,0.3570,125.50,114.50,UP
12755,0.3476,126.20,115.19,UP
12757,0.3474,126.89,115.88,UP
12759,0.3409,127.57,116.57,UP
12761,0.3391,128.25,117.26,UP
12764,0.3440,128.94,117.95,UP
12765,0.3385,129.62,118.64,UP
12767,0.3374,130.29,119.33,UP
12769,0.3302,130.95,120.02,UP
12771,0.3300,131.61,120.70,UP
12773,0.3421,132.30,121.39,UP
12775,0.3424,132.98,122.07,UP
12777,0.3384,133.66,122.76,UP
12779,0.3383,134.33,123.44,UP
12782,0.3339,135.00,124.13,UP
12783,0.3350,135.67,124.81,UP
12785,0.3334,136.34,125.49,UP
12787,0.3323,137.00,126.17,UP
12790,0.3362,137.68,126.85,UP
12791,0.3465,138.37,127.53,UP
12793,0.3471,139.06,128.21,UP
12795,0.3565,139.78,128.90,UP
12797,0.3685,140.51,129.58,UP
12799,0.3687,141.25,130.27,UP
12802,0.3657,141.98,130.97,UP
12803,0.3634,142.71,131.66,UP
12806,0.3595,143.43,132.36,UP
12807,0.3518,144.13,133.05,UP
12809,0.3548,144.84,133.75,UP
12811,0.3486,145.54,134.45,UP
12813,0.3472,146.23,135.14,UP
12815,0.3514,146.94,135.84,UP
12817,0.3452,147.63,136.54,UP
12819,0.3466,148.32,137.23,UP
12821,0.3448,149.01,137.93,UP
12823,0.3497,149.71,138.63,UP
12825,0.3560,150.42,139.32,UP
12827,0.3557,151.13,140.02,UP
12829,0.3495,151.83,140.72,UP
12831,0.3437,152.52,141.42,UP
12833,0.3561,153.23,142.11,UP
12835,0.3538,153.94,142.81,UP
12837,0.3653,154.67,143.51,UP
12839,0.3682,155.40,144.22,UP
12841,0.3716,156.15,144.92,UP
12844,0.3799,156.91,145.63,UP
12845,0.3850,157.68,146.34,UP
12847,0.3889,158.46,147.06,UP
12849,0.3855,159.23,147.78,UP
12851,0.3891,160.00,148.50,UP
12853,0.3927,160.79,149.23,UP
12855,0.4041,161.60,149.96,UP
12857,0.3940,162.39,150.69,UP
12859,0.3969,163.18,151.43,UP
12861,0.4120,164.00,152.17,UP
12863,0.4096,164.82,152.92,UP
12865,0.4073,165.64,153.67,UP
12867,0.4160,166.47,154.43,UP
12869,0.4147,167.30,155.19,UP
12871,0.4191,168.14,155.96,UP
12873,0.4103,168.96,156.73,UP
12875,0.4071,169.77,157.50,UP
12877,0.4001,170.57,158.27,UP
12879,0.3826,171.34,159.04,UP
12881,0.3839,172.10,159.81,UP
12883,0.3820,172.87,160.59,UP
12885,0.3875,173.64,161.36,UP
12888,0.3954,174.44,162.13,UP
12889,0.4047,175.24,162.91,UP
12891,0.4195,176.08,163.69,UP
12893,0.4222,176.93,164.47,UP
12895,0.4239,177.78,165.25,UP
12897,0.4238,178.62,166.05,UP
12899,0.4165,179.46,166.84,UP
12901,0.4254,180.31,167.63,UP
12904,0.4327,181.17,168.44,UP
12905,0.4232,182.02,169.24,UP
12907,0.4289,182.88,170.04,UP
12909,0.4309,183.74,170.85,UP
12911,0.4302,184.60,171.67,UP
12913,0.4228,185.44,172.48,UP
12915,0.4188,186.28,173.30,UP
12917,0.4216,187.13,174.11,UP
12920,0.4178,187.96,174.93,UP
12921,0.4198,188.80,175.75,UP
12924,0.4172,189.64,176.57,UP
12925,0.4118,190.46,177.39,UP
12927,0.4013,191.26,178.21,UP
12929,0.4003,192.06,179.03,UP
12931,0.4054,192.87,179.85,UP
12933,0.4067,193.69,180.67,UP
12935,0.4082,194.50,181.49,UP
12937,0.3995,195.30,182.30,UP
12939,0.3911,196.08,183.12,UP
12941,0.3927,196.87,183.93,UP
12944,0.3962,197.66,184.74,UP
12946,0.3955,198.45,185.55,UP
12947,0.3926,199.24,186.36,UP
12949,0.3975,200.03,187.17,UP
12951,0.4007,200.83,187.98,UP
12954,0.4029,201.64,188.79,UP
12955,0.4107,202.46,189.59,UP
12957,0.4113,203.28,190.40,UP
12959,0.4256,204.13,191.21,UP
12961,0.4263,204.99,192.03,UP
12963,0.4211,205.83,192.84,UP
12965,0.4262,206.68,193.66,UP
12967,0.4240,207.53,194.48,UP
12969,0.4162,208.36,195.30,UP
12971,0.4107,209.18,196.12,UP
12974,0.4071,210.00,196.94,UP
12975,0.4061,210.81,197.76,UP
12977,0.3977,211.61,198.58,UP
12979,0.3887,212.38,199.40,UP
12981,0.3992,213.18,200.21,UP
12984,0.4024,213.99,201.03,UP
12986,0.4108,214.81,201.84,UP
12987,0.4176,215.64,202.66,UP
12990,0.4271,216.51,203.49,UP
12991,0.4275,217.35,204.30,UP
12994,0.4262,218.21,205.12,UP
12995,0.4262,219.06,205.94,UP
12997,0.4286,219.91,206.77,UP
13000,0.4331,220.78,207.60,UP
13001,0.4326,221.65,208.43,UP
13003,0.4257,222.50,209.26,UP
13006,0.4220,223.34,210.09,UP
13007,0.4270,224.19,210.92,UP
13009,0.4327,225.06,211.76,UP
13011,0.4264,225.91,212.60,UP
13013,0.4237,226.76,213.43,UP
13015,0.4264,227.61,214.27,UP
13018,0.4297,228.48,215.12,UP
13019,0.4388,229.35,215.95,UP
13021,0.4318,230.21,216.80,UP
13023,0.4305,231.07,217.64,UP
13025,0.4208,231.92,218.48,UP
13027,0.4116,232.74,219.33,UP
13029,0.4030,233.55,220.17,UP
13031,0.4064,234.36,221.01,UP
13033,0.4031,235.16,221.84,UP
13035,0.4037,235.97,222.68,UP
13037,0.4179,236.81,223.51,UP
13039,0.4314,237.67,224.35,UP
13041,0.4366,238.54,225.19,UP
13043,0.4377,239.42,226.03,UP
13045,0.4407,240.30,226.87,UP
13047,0.4398,241.18,227.72,UP
13049,0.4377,242.05,228.57,UP
13051,0.4332,242.92,229.42,UP
13054,0.4323,243.79,230.27,UP
13055,0.4242,244.63,231.12,UP
13057,0.4205,245.48,231.96,UP
13060,0.4222,246.32,232.81,UP
13061,0.4282,247.18,233.66,UP
13064,0.4275,248.03,234.51,UP
13065,0.4245,248.88,235.36,UP
13067,0.4264,249.73,236.21,UP
13069,0.4259,250.58,237.06,UP
13071,0.4203,251.42,237.91,UP
13073,0.4166,252.26,238.76,UP
13076,0.4159,253.09,239.61,UP
13077,0.4121,253.91,240.45,UP
13079,0.4226,254.76,241.30,UP
13082,0.4252,255.61,242.15,UP
13083,0.4290,256.47,242.99,UP
13086,0.4337,257.34,243.84,UP
13087,0.4366,258.21,244.69,UP
13089,0.4466,259.10,245.54,UP
13092,0.4479,260.00,246.39,UP
13093,0.4404,260.88,247.25,UP
13095,0.4440,261.77,248.11,UP
13097,0.4443,262.65,248.97,UP
13099,0.4489,263.55,249.83,UP
13102,0.4492,264.45,250.70,UP
13103,0.4479,265.35,251.56,UP
13105,0.4525,266.25,252.43,UP
13108,0.4476,267.15,253.30,UP
13109,0.4452,268.04,254.17,UP
13111,0.4544,268.95,255.04,UP
13113,0.4656,269.88,255.92,UP
13115,0.4733,270.82,256.80,UP
13117,0.4656,271.76,257.69,UP
13119,0.4649,272.68,258.57,UP
13121,0.4651,273.62,259.46,UP
13124,0.4605,274.54,260.35,UP
13125,0.4544,275.44,261.25,UP
13127,0.4587,276.36,262.14,UP
13129,0.4629,277.29,263.03,UP
13131,0.4661,278.22,263.93,UP
13133,0.4578,279.14,264.83,UP
13135,0.4618,280.06,265.73,UP
13137,0.4693,281.00,266.63,UP
13139,0.4701,281.94,267.54,UP
13141,0.4719,282.88,268.45,UP
13144,0.4705,283.82,269.36,UP
13145,0.4627,284.75,270.26,UP
13147,0.4462,285.64,271.17,UP
13149,0.4540,286.55,272.08,UP
13151,0.4559,287.46,272.99,UP
13153,0.4537,288.37,273.90,UP
13155,0.4544,289.28,274.81,UP
13157,0.4558,290.19,275.72,UP
13159,0.4676,291.12,276.63,UP
13162,0.4765,292.08,277.54,UP
13163,0.4785,293.03,278.46,UP
13165,0.4773,293.99,279.38,UP
13167,0.4676,294.92,280.30,UP
13169,0.4696,295.86,281.22,UP
13171,0.4714,296.81,282.14,UP
13173,0.4672,297.74,283.06,UP
13175,0.4560,298.65,283.98,UP
13177,0.4556,299.56,284.90,UP
13179,0.4651,300.49,285.82,UP
13181,0.4643,301.42,286.75,UP
13183,0.4686,302.36,287.67,UP
13185,0.4822,303.32,288.59,UP
13187,0.4767,304.28,289.52,UP
13189,0.4847,305.25,290.45,UP
13191,0.4887,306.22,291.38,UP
13194,0.4872,307.20,292.32,UP
13195,0.4823,308.16,293.26,UP
13197,0.4838,309.13,294.19,UP
13199,0.4851,310.10,295.13,UP
13201,0.4865,311.07,296.08,UP
13203,0.4845,312.04,297.02,UP
13205,0.4942,313.03,297.97,UP
13207,0.4985,314.03,298.92,UP
13209,0.4907,315.01,299.87,UP
13211,0.4850,315.98,300.82,UP
13214,0.4933,316.97,301.78,UP
13215,0.4915,317.95,302.73,UP
13217,0.4921,318.93,303.69,UP
13219,0.4854,319.90,304.65,UP
13221,0.4739,320.85,305.61,UP
13223,0.4727,321.80,306.56,UP
13226,0.4663,322.73,307.52,UP
13227,0.4673,323.66,308.47,UP
13229,0.4647,324.59,309.43,UP
13232,0.4707,325.54,310.38,UP
13233,0.4667,326.47,311.33,UP
13235,0.4720,327.41,312.28,UP
13237,0.4824,328.38,313.23,UP
13239,0.4954,329.37,314.19,UP
13241,0.4923,330.35,315.14,UP
13244,0.4858,331.33,316.10,UP
13245,0.4766,332.28,317.05,UP
13248,0.4707,333.22,318.01,UP
13249,0.4695,334.16,318.97,UP
13251,0.4741,335.11,319.92,UP
13253,0.4699,336.05,320.87,UP
13255,0.4696,336.99,321.83,UP
13257,0.4623,337.91,322.78,UP
13259,0.4584,338.83,323.72,UP
13261,0.4546,339.74,324.67,UP
13264,0.4601,340.67,325.64,UP
13265,0.4791,341.61,326.56,UP
13267,0.4732,342.56,327.51,UP
13269,0.4757,343.51,328.45,UP
13271,0.4806,344.47,329.40,UP
13273,0.4790,345.43,330.35,UP
13275,0.4917,346.41,331.30,UP
13277,0.4870,347.39,332.25,UP
13279,0.4868,348.36,333.20,UP
13281,0.4807,349.32,334.16,UP
13283,0.4781,350.28,335.11,UP
13285,0.4818,351.24,336.06,UP
13287,0.4790,352.20,337.02,UP
13289,0.4806,353.16,337.97,UP
13291,0.4934,354.15,338.93,UP
13293,0.5013,355.15,339.89,UP
13295,0.5049,356.16,340.85,UP
13297,0.5141,357.19,341.81,UP
13299,0.5180,358.23,342.78,UP
13301,0.5228,359.27,343.76,UP
13303,0.5242,360.32,344.74,UP
13305,0.5172,361.35,345.72,UP
13307,0.5221,362.40,346.71,UP
13309,0.5143,363.43,347.69,UP
13311,0.4934,364.41,348.68,UP
13313,0.4865,365.39,349.67,UP
13315,0.4794,366.35,350.66,UP
13317,0.4731,367.29,351.64,UP
13319,0.4758,368.24,352.62,UP
13321,0.4862,369.22,353.60,UP
13323,0.4922,370.20,354.58,UP
13325,0.5094,371.22,355.57,UP
13327,0.5157,372.25,356.55,UP
13329,0.5228,373.30,357.54,UP
13331,0.5300,374.36,358.54,UP
13334,0.5315,375.42,359.54,UP
13335,0.5251,376.47,360.54,UP
13337,0.5208,377.51,361.54,UP
13339,0.5133,378.54,362.54,UP
13341,0.5089,379.56,363.55,UP
13343,0.5053,380.57,364.56,UP
13345,0.5033,381.57,365.56,UP
13347,0.5076,382.59,366.57,UP
13349,0.5047,383.60,367.58,UP
13351,0.5058,384.61,368.58,UP
13353,0.5011,385.61,369.59,UP
13355,0.5090,386.63,370.60,UP
13357,0.5052,387.64,371.60,UP
13359,0.5172,388.67,372.61,UP
13361,0.5239,389.72,373.62,UP
13363,0.5220,390.77,374.64,UP
13366,0.5289,391.82,375.65,UP
13367,0.5401,392.90,376.67,UP
13369,0.5352,393.97,377.70,UP
13371,0.5204,395.01,378.72,UP
13373,0.5189,396.05,379.74,UP
13375,0.5093,397.07,380.77,UP
13377,0.5063,398.08,381.79,UP
13379,0.5137,399.11,382.82,UP
13382,0.5240,400.16,383.84,UP
13383,0.5281,401.22,384.87,UP
13386,0.5411,402.30,385.90,UP
13388,0.5482,403.39,386.93,UP
13389,0.5483,404.49,387.97,UP
13392,0.5431,405.58,389.01,UP
13394,0.5336,406.65,390.06,UP
13396,0.5229,407.70,391.10,UP
13398,0.5190,408.73,392.14,UP
13399,0.5139,409.76,393.18,UP
13401,0.5070,410.77,394.22,UP
13404,0.4984,411.77,395.26,UP
13405,0.5063,412.78,396.29,UP
13407,0.5157,413.81,397.33,UP
13409,0.5205,414.85,398.36,UP
13411,0.5265,415.90,399.40,UP
13413,0.5306,416.97,400.44,UP
13415,0.5298,418.03,401.48,UP
13417,0.5212,419.07,402.52,UP
13420,0.5200,420.11,403.56,UP
13421,0.5195,421.15,404.60,UP
13424,0.5191,422.19,405.64,UP
13425,0.5219,423.23,406.68,UP
13427,0.5191,424.27,407.72,UP
13429,0.5249,425.32,408.76,UP
13431,0.5266,426.37,409.80,UP
13433,0.5278,427.42,410.84,UP
13435,0.5324,428.49,411.89,UP
13437,0.5403,429.57,412.93,UP
13439,0.5342,430.64,413.98,UP
13441,0.5398,431.72,415.03,UP
13444,0.5399,432.80,416.08,UP
13445,0.5518,433.90,417.13,UP
13447,0.5464,434.99,418.19,UP
13449,0.5325,436.06,419.24,UP
13451,0.5234,437.11,420.30,UP
13453,0.5202,438.15,421.35,UP
13455,0.5220,439.19,422.41,UP
13457,0.5255,440.24,423.46,UP
13459,0.5303,441.30,424.52,UP
13461,0.5258,442.35,425.57,UP
13463,0.5282,443.41,426.63,UP
13465,0.5275,444.47,427.68,UP
13467,0.5260,445.52,428.74,UP
13469,0.5319,446.58,429.79,UP
13471,0.5315,447.64,430.85,UP
13474,0.5302,448.71,431.90,UP
13475,0.5245,449.75,432.96,UP
13477,0.5159,450.79,434.01,UP
13479,0.5181,451.82,435.06,UP
13481,0.5082,452.84,436.11,UP
13484,0.5015,453.84,437.16,UP
13485,0.5027,454.85,438.21,UP
13487,0.5071,455.86,439.25,UP
13490,0.5132,456.89,440.30,UP
13491,0.5281,457.94,441.34,UP
13493,0.5349,459.01,442.38,UP
13495,0.5281,460.07,443.43,UP
13497,0.5228,461.12,444.47,UP
13500,0.5352,462.19,445.52,UP
13501,0.5436,463.27,446.57,UP
13503,0.5574,464.39,447.62,UP
13506,0.5542,465.50,448.68,UP
13507,0.5605,466.62,449.74,UP
13509,0.5668,467.75,450.81,UP
13511,0.5639,468.88,451.87,UP
13513,0.5679,470.01,452.95,UP
13515,0.5798,471.17,454.02,UP
13518,0.5779,472.34,455.11,UP
13519,0.5718,473.47,456.19,UP
13521,0.5704,474.61,457.28,UP
13524,0.5742,475.76,458.37,UP
13525,0.5722,476.91,459.47,UP
13527,0.5706,478.05,460.57,UP
13529,0.5685,479.18,461.67,UP
13531,0.5669,480.32,462.77,UP
13533,0.5642,481.45,463.87,UP
13535,0.5588,482.56,464.98,UP
13537,0.5593,483.68,466.09,UP
13539,0.5604,484.80,467.19,UP
13541,0.5704,485.95,468.30,UP
13543,0.5673,487.08,469.41,UP
13545,0.5632,488.21,470.52,UP
13547,0.5653,489.34,471.63,UP
13549,0.5662,490.47,472.75,UP
13551,0.5831,491.64,473.86,UP
13554,0.5795,492.80,474.98,UP
13555,0.5778,493.95,476.10,UP
13557,0.5856,495.12,477.23,UP
13560,0.5843,496.29,478.36,UP
13561,0.6043,497.50,479.49,UP
13564,0.6085,498.72,480.62,UP
13565,0.6115,499.94,481.77,UP
13567,0.6174,501.17,482.91,UP
13569,0.6266,502.43,484.07,UP
13571,0.6350,503.70,485.23,UP
13573,0.6386,504.97,486.39,UP
13576,0.6312,506.24,487.57,UP
13577,0.6346,507.51,488.75,UP
13579,0.6316,508.77,489.93,UP
13581,0.6164,510.00,491.12,UP
13583,0.6153,511.23,492.31,UP
13585,0.6160,512.46,493.50,UP
13587,0.6146,513.69,494.69,UP
13589,0.6107,514.91,495.89,UP
13592,0.6078,516.13,497.08,UP
13593,0.5980,517.33,498.28,UP
13595,0.5869,518.50,499.48,UP
13597,0.5686,519.64,500.67,UP
13599,0.5642,520.77,501.86,UP
13602,0.5636,521.89,503.04,UP
13603,0.5732,523.04,504.22,UP
13605,0.5809,524.20,505.40,UP
13608,0.5865,525.37,506.58,UP
13609,0.5967,526.57,507.77,UP
13611,0.6006,527.77,508.95,UP
13613,0.6042,528.98,510.13,UP
13615,0.6120,530.20,511.32,UP
13617,0.6170,531.43,512.51,UP
13619,0.6186,532.67,513.70,UP
13621,0.6281,533.93,514.90,UP
13624,0.6405,535.21,516.10,UP
13625,0.6383,536.49,517.30,UP
13627,0.6353,537.76,518.51,UP
13629,0.6371,539.03,519.72,UP
13631,0.6319,540.29,520.94,UP
13633,0.6226,541.54,522.16,UP
13635,0.6088,542.76,523.37,UP
13637,0.5895,543.94,524.59,UP
13639,0.5757,545.09,525.80,UP
13641,0.5626,546.21,527.01,UP
13643,0.5485,547.31,528.21,UP
13646,0.5461,548.40,529.40,UP
13647,0.5453,549.49,530.59,UP
13649,0.5468,550.59,531.77,UP
13651,0.5415,551.67,532.95,UP
13653,0.5352,552.74,534.12,UP
13655,0.5322,553.80,535.28,UP
13657,0.5354,554.87,536.44,UP
13659,0.5360,555.95,537.59,UP
13662,0.5408,557.03,538.74,UP
13663,0.5393,558.11,539.89,UP
13665,0.5411,559.19,541.03,UP
13667,0.5588,560.31,542.17,UP
13669,0.5674,561.44,543.31,UP
13671,0.5752,562.59,544.45,UP
13673,0.5846,563.76,545.59,UP
13675,0.5920,564.95,546.73,UP
13677,0.6046,566.15,547.88,UP
13679,0.6047,567.36,549.03,UP
13681,0.6069,568.58,550.19,UP
13683,0.6157,569.81,551.35,UP
13685,0.6057,571.02,552.51,UP
13687,0.6029,572.23,553.68,UP
13689,0.5971,573.42,554.84,UP
13691,0.5943,574.61,556.01,UP
13693,0.5857,575.78,557.18,UP
13695,0.5795,576.94,558.35,UP
13697,0.5798,578.10,559.52,UP
13699,0.5864,579.27,560.68,UP
13701,0.5799,580.43,561.85,UP
13703,0.5899,581.61,563.02,UP
13705,0.5944,582.80,564.19,UP
13707,0.5833,583.97,565.36,UP
13709,0.5816,585.13,566.53,UP
13711,0.5848,586.30,567.70,UP
13713,0.5861,587.47,568.87,UP
13715,0.5861,588.64,570.03,UP
13717,0.5829,589.81,571.20,UP
13719,0.5825,590.97,572.37,UP
13721,0.5885,592.15,573.54,UP
13724,0.5911,593.33,574.71,UP
13725,0.5988,594.53,575.88,UP
13727,0.6126,595.76,577.06,UP
13729,0.6234,597.00,578.24,UP
13731,0.6354,598.27,579.42,UP
13733,0.6449,599.56,580.61,UP
13735,0.6438,600.85,581.81,UP
13737,0.6430,602.14,583.01,UP
13739,0.6446,603.43,584.22,UP
13742,0.6474,604.72,585.43,UP
13743,0.6397,606.00,586.65,UP
13745,0.6385,607.28,587.87,UP
13748,0.6280,608.54,589.09,UP
13749,0.6133,609.76,590.31,UP
13751,0.6034,610.97,591.53,UP
13753,0.6034,612.17,592.75,UP
13755,0.6111,613.40,593.97,UP
13757,0.6144,614.63,595.19,UP
13759,0.6185,615.86,596.41,UP
13761,0.6247,617.11,597.64,UP
13764,0.6201,618.35,598.86,UP
13765,0.6214,619.60,600.09,UP
13767,0.6103,620.82,601.31,UP
13769,0.6003,622.02,602.54,UP
13771,0.6015,623.22,603.76,UP
13774,0.5963,624.41,604.98,UP
13775,0.6019,625.62,606.20,UP
13777,0.5949,626.81,607.42,UP
13780,0.6081,628.02,608.64,UP
13781,0.6243,629.27,609.86,UP
13783,0.6386,630.55,611.08,UP
13786,0.6489,631.85,612.31,UP
13787,0.6619,633.17,613.54,UP
13789,0.6632,634.50,614.78,UP
13791,0.6591,635.81,616.02,UP
13794,0.6566,637.15,617.29,UP
13796,0.6459,638.44,618.54,UP
13797,0.6378,639.69,619.77,UP
13799,0.6231,640.94,621.02,UP
13801,0.6307,642.20,622.28,UP
13803,0.6382,643.48,623.53,UP
13806,0.6433,644.77,624.79,UP
13807,0.6417,646.05,626.04,UP
13809,0.6292,647.31,627.30,UP
13811,0.6112,648.53,628.55,UP
13813,0.5956,649.72,629.81,UP
13815,0.5804,650.88,631.05,UP
13818,0.5775,652.04,632.29,UP
13819,0.5775,653.19,633.53,UP
13822,0.5660,654.32,634.76,UP
13823,0.5618,655.45,635.98,UP
13825,0.5759,656.60,637.20,UP
13828,0.5927,657.78,638.42,UP
13829,0.6002,658.98,639.63,UP
13831,0.6143,660.21,640.85,UP
13834,0.6160,661.45,642.07,UP
13835,0.6155,662.68,643.28,UP
13838,0.6149,663.91,644.50,UP
13839,0.6005,665.11,645.72,UP
13841,0.5990,666.30,646.94,UP
13844,0.5886,667.48,648.15,UP
13845,0.5789,668.64,649.36,UP
13847,0.5869,669.81,650.57,UP
13849,0.5829,670.98,651.78,UP
13852,0.5793,672.14,652.98,UP
13853,0.5726,673.28,654.18,UP
13855,0.5763,674.44,655.38,UP
13857,0.5694,675.57,656.57,UP
13860,0.5522,676.68,657.76,UP
13861,0.5375,677.75,658.94,UP
13863,0.5255,678.80,660.12,UP
13865,0.5187,679.84,661.28,UP
13867,0.5104,680.86,662.44,UP
13869,0.4966,681.86,663.59,UP
13871,0.4909,682.84,664.73,UP
13873,0.4948,683.83,665.86,UP
13875,0.5040,684.84,666.98,UP
13877,0.5100,685.86,668.09,UP
13879,0.5085,686.87,669.20,UP
13881,0.5096,687.89,670.31,UP
13884,0.5246,688.94,671.41,UP
13885,0.5407,690.02,672.51,UP
13887,0.5488,691.12,673.61,UP
13889,0.5492,692.22,674.71,UP
13891,0.5378,693.29,675.81,UP
13893,0.5321,694.36,676.91,UP
13895,0.5286,695.42,678.00,UP
13898,0.5323,696.48,679.09,UP
13899,0.5332,697.55,680.18,UP
13901,0.5346,698.62,681.27,UP
13904,0.5294,699.67,682.36,UP
13905,0.5173,700.71,683.45,UP
13907,0.5107,701.73,684.53,UP
13909,0.4961,702.72,685.60,UP
13911,0.4959,703.71,686.67,UP
13913,0.4883,704.69,687.74,UP
13915,0.4859,705.66,688.80,UP
13917,0.4842,706.63,689.85,UP
13919,0.4743,707.58,690.90,UP
13921,0.4652,708.51,691.94,UP
13924,0.4571,709.42,692.98,UP
13925,0.4598,710.34,694.00,UP
13927,0.4648,711.27,695.02,UP
13929,0.4575,712.19,696.04,UP
13931,0.4595,713.11,697.05,UP
13933,0.4612,714.03,698.05,UP
13935,0.4629,714.96,699.05,UP
13937,0.4651,715.89,700.04,UP
13939,0.4734,716.83,701.04,UP
13941,0.4759,717.78,702.03,UP
13943,0.4725,718.73,703.01,UP
13946,0.4766,719.68,704.00,UP
13947,0.4663,720.61,704.98,UP
13949,0.4674,721.55,705.96,UP
13951,0.4700,722.49,706.94,UP
13953,0.4494,723.39,707.91,UP
13955,0.4338,724.26,708.88,UP
13957,0.4300,725.12,709.84,UP
13959,0.4213,725.96,710.79,UP
13962,0.4134,726.79,711.74,UP
13964,0.4071,727.60,712.67,UP
13965,0.3901,728.38,713.60,UP
13968,0.3821,729.14,714.52,UP
13969,0.3799,729.90,715.43,UP
13971,0.3727,730.65,716.33,UP
13973,0.3700,731.39,717.22,UP
13975,0.3691,732.13,718.10,UP
13978,0.3691,732.87,718.98,UP
13979,0.3617,733.59,719.84,UP
13981,0.3753,734.34,720.70,UP
13984,0.3767,735.09,721.55,UP
13986,0.3721,735.84,722.39,UP
13987,0.3815,736.60,723.23,UP
13990,0.3860,737.37,724.07,UP
13991,0.3914,738.15,724.90,UP
13994,0.3901,738.94,725.73,UP
13995,0.3910,739.72,726.56,UP
13997,0.3858,740.49,727.38,UP
14000,0.3933,741.28,728.20,UP
14001,0.3895,742.05,729.02,UP
14003,0.3962,742.85,729.84,UP
14006,0.3888,743.63,730.65,UP
14007,0.3742,744.37,731.46,UP
14009,0.3561,745.09,732.27,UP
14011,0.3516,745.79,733.07,UP
14013,0.3393,746.47,733.86,UP
14016,0.3236,747.11,734.64,UP
14018,0.3100,747.74,735.42,UP
14019,0.3096,748.35,736.18,UP
14022,0.3096,748.97,736.94,UP
14023,0.2928,749.56,737.68,UP
14025,0.2793,750.12,738.42,UP
14027,0.2779,750.67,739.14,UP
14029,0.2718,751.22,739.86,UP
14032,0.2768,751.77,740.56,UP
14033,0.2783,752.33,741.26,UP
14035,0.2734,752.87,741.94,UP
14038,0.2776,753.43,742.62,UP
14039,0.2792,753.99,743.30,UP
14041,0.2888,754.56,743.96,UP
14043,0.2995,755.16,744.62,UP
14045,0.2967,755.76,745.28,UP
14048,0.2975,756.35,745.94,UP
14049,0.3032,756.96,746.59,UP
14051,0.3091,757.58,747.24,UP
14054,0.3034,758.18,747.88,UP
14055,0.2964,758.78,748.53,UP
14057,0.2815,759.34,749.17,UP
14060,0.2665,759.87,749.80,UP
14061,0.2599,760.39,750.43,UP
14064,0.2449,760.88,751.05,UP
14065,0.2293,761.34,751.65,UP
14067,0.2268,761.79,752.25,UP
14070,0.2469,762.29,752.85,UP
14071,0.2458,762.78,753.43,UP
14073,0.2485,763.28,754.02,UP
14076,0.2558,763.79,754.60,UP
14077,0.2579,764.30,755.17,UP
14079,0.2612,764.83,755.74,UP
14081,0.2669,765.36,756.31,UP
14083,0.2801,765.92,756.88,UP
14086,0.2817,766.48,757.44,UP
14087,0.2946,767.07,758.01,UP
14089,0.2977,767.67,758.58,UP
14092,0.3019,768.27,759.16,UP
14093,0.2986,768.87,759.73,UP
14095,0.3106,769.49,760.31,UP
14097,0.3149,770.12,760.89,UP
14099,0.3101,770.74,761.47,UP
14102,0.2964,771.33,762.05,UP
14103,0.2794,771.89,762.63,UP
14105,0.2616,772.42,763.21,UP
14107,0.2415,772.90,763.79,UP
14109,0.2320,773.36,764.35,UP
14111,0.2221,773.81,764.91,UP
14113,0.2347,774.28,765.46,UP
14115,0.2446,774.76,766.01,UP
14117,0.2475,775.26,766.56,UP
14119,0.2674,775.79,767.11,UP
14121,0.2870,776.37,767.65,UP
14124,0.2912,776.95,768.20,UP
14125,0.2843,777.52,768.75,UP
14127,0.2878,778.10,769.31,UP
14129,0.2912,778.68,769.86,UP
14131,0.2933,779.26,770.42,UP
14133,0.2946,779.85,770.97,UP
14135,0.3007,780.46,771.53,UP
14137,0.3034,781.06,772.10,UP
14139,0.3107,781.68,772.66,UP
14141,0.3132,782.31,773.23,UP
14143,0.3106,782.93,773.81,UP
14146,0.3071,783.55,774.38,UP
14147,0.2846,784.11,774.96,UP
14150,0.2572,784.63,775.53,UP
14151,0.2328,785.09,776.10,UP
14153,0.2077,785.51,776.65,UP
14156,0.1924,785.90,777.20,UP
14157,0.1796,786.25,777.73,UP
14159,0.1717,786.60,778.26,UP
14162,0.1834,786.96,778.77,UP
14163,0.1934,787.35,779.28,UP
14165,0.2017,787.75,779.78,UP
14167,0.2036,788.16,780.28,UP
14169,0.2073,788.58,780.77,UP
14171,0.1997,788.98,781.25,UP
14173,0.2093,789.39,781.73,UP
14175,0.2121,789.82,782.21,UP
14178,0.2021,790.22,782.69,UP
14179,0.2098,790.64,783.16,UP
14181,0.2079,791.06,783.62,UP
14183,0.1991,791.46,784.09,UP
14186,0.1975,791.85,784.55,UP
14188,0.1830,792.22,785.00,UP
14189,0.1510,792.52,785.44,UP
14191,0.1303,792.78,785.88,UP
14194,0.1171,793.01,786.30,UP
14196,0.1034,793.22,786.71,UP
14198,0.0875,793.40,787.10,UP
14199,0.0772,793.55,787.48,UP
14201,0.0583,793.67,787.85,UP
14203,0.0413,793.75,788.20,UP
14205,0.0399,793.83,788.53,UP
14207,0.0454,793.92,788.85,UP
14209,0.0457,794.01,789.16,UP
14211,0.0498,794.11,789.45,UP
14213,0.0519,794.21,789.73,UP
14215,0.0737,794.36,790.00,UP
14217,0.0828,794.53,790.27,UP
14219,0.0950,794.72,790.53,UP
14221,0.1008,794.92,790.79,UP
14223,0.1004,795.12,791.05,UP
14226,0.0957,795.31,791.30,UP
14227,0.0889,795.49,791.55,UP
14229,0.0818,795.65,791.79,UP
14232,0.0551,795.76,792.03,UP
14233,0.0362,795.84,792.25,UP
14236,0.0233,795.88,792.47,UP
14237,0.0170,732.24,792.67,UP
14239,0.0034,673.67,789.10,UP
14241,0.0016,619.78,782.27,UP
14243,0.0062,570.21,772.67,UP
14245,0.0104,524.61,760.70,UP
14248,0.0004,482.64,746.73,UP
14249,-0.0063,444.02,731.13,UP
14251,-0.0137,408.47,714.16,UP
14253,-0.0170,375.76,696.08,UP
14255,-0.0257,345.66,677.14,UP
14257,-0.0175,317.97,657.55,UP
14259,-0.0184,292.50,637.47,UP
14262,-0.0140,269.07,616.70,UP
14263,-0.0135,247.52,596.52,UP
14265,-0.0112,227.70,575.89,UP
14267,-0.0108,209.46,555.32,UP
14269,-0.0131,192.68,534.86,UP
14271,-0.0151,177.24,514.63,UP
14273,-0.0145,163.03,494.68,UP
14275,-0.0251,149.95,475.07,UP
14277,-0.0339,149.88,455.85,UP
14279,-0.0286,149.82,437.76,UP
14281,-0.0288,137.78,420.73,UP
14283,-0.0270,126.71,404.00,UP
14285,-0.0260,116.53,387.60,UP
14287,-0.0289,107.15,371.58,UP
14290,-0.0284,98.53,355.93,UP
14291,-0.0173,90.61,340.73,UP
14293,0.0001,83.36,325.93,UP
14295,0.0129,76.72,311.60,UP
14297,0.0192,70.62,297.71,UP
14299,0.0246,65.01,284.29,UP
14301,0.0336,65.08,271.34,UP
14303,0.0467,65.17,259.14,UP
14306,0.0414,65.26,247.67,UP
14307,0.0206,65.30,236.90,UP
14309,0.0051,60.08,226.75,UP
14311,-0.0059,55.26,216.90,UP
14313,-0.0106,50.82,207.34,UP
14315,-0.0229,46.72,198.09,UP
14317,-0.0215,42.94,189.14,UP
14319,-0.0191,39.47,180.49,UP
14321,-0.0184,36.28,172.15,UP
14323,-0.0251,33.33,164.12,UP
14325,-0.0330,33.26,156.38,UP
14327,-0.0381,33.19,149.10,UP
14329,-0.0260,33.13,142.24,UP
14331,-0.0177,33.10,135.79,UP
14333,-0.0056,33.09,129.72,UP
14335,0.0076,33.10,124.01,UP
14337,0.0237,33.15,118.64,UP
14339,0.0344,33.22,113.59,UP
14341,0.0467,33.31,108.84,UP
14344,0.0450,33.40,104.38,UP
14345,0.0330,33.47,100.19,UP
14347,0.0112,33.49,96.25,UP
14350,-0.0185,33.45,92.53,UP
14351,-0.0490,33.36,89.04,UP
14353,-0.0665,33.22,85.74,UP
14355,-0.0828,33.06,82.62,UP
14357,-0.0941,32.87,79.68,UP
14359,-0.1019,32.67,76.90,UP
14361,-0.1017,32.46,74.27,UP
14363,-0.1068,32.25,71.79,UP
14365,-0.1040,32.04,69.44,UP
14367,-0.0917,31.86,67.22,UP
14369,-0.0982,31.66,65.12,UP
14371,-0.1012,31.46,63.13,UP
14373,-0.1117,31.24,61.24,UP
14375,-0.1119,31.01,59.45,UP
14377,-0.0997,30.81,57.76,UP
14379,-0.0935,30.62,56.16,UP
14382,-0.0856,30.45,54.64,UP
14383,-0.0709,30.31,53.20,UP
14385,-0.0652,30.18,51.84,UP
14387,-0.0605,30.06,50.55,UP
14389,-0.0598,29.94,49.33,UP
14391,-0.0638,29.81,48.18,UP
14393,-0.0776,29.66,47.08,UP
14396,-0.0994,29.46,46.03,UP
14398,-0.1192,29.22,45.05,UP
14399,-0.1264,28.97,44.10,UP
14401,-0.1349,28.70,43.19,UP
14404,-0.1377,28.42,42.31,UP
14405,-0.1417,28.14,41.48,UP
14407,-0.1330,27.87,40.67,UP
14409,-0.1208,27.63,39.90,UP
14411,-0.1155,27.40,39.16,UP
14413,-0.1058,27.19,38.45,UP
14415,-0.1039,26.98,37.78,UP
14417,-0.0849,26.81,37.13,UP
14420,-0.0727,26.67,36.51,UP
14421,-0.0743,26.52,35.92,UP
14423,-0.0645,26.39,35.36,UP
14425,-0.0512,26.29,34.82,UP
14427,-0.0461,26.19,34.31,UP
14429,-0.0505,26.09,33.82,UP
14431,-0.0597,25.97,33.36,UP
14433,-0.0558,25.86,32.92,UP
14436,-0.0557,25.75,32.49,UP
14437,-0.0793,25.59,32.08,UP
14439,-0.1055,25.38,31.69,UP
14441,-0.1270,25.13,31.30,UP
14444,-0.1386,24.85,30.92,UP
14445,-0.1390,24.57,30.54,UP
14447,-0.1356,24.30,30.18,UP
14449,-0.1325,24.04,29.81,UP
14451,-0.1239,23.79,29.46,UP
14453,-0.1229,23.54,29.11,UP
14455,-0.1142,23.31,28.76,UP
14457,-0.1080,23.10,28.43,UP
14459,-0.1013,22.90,28.10,UP
14461,-0.0985,22.70,27.78,UP
14463,-0.0909,22.52,27.47,UP
14465,-0.0929,22.33,27.17,UP
14467,-0.0969,22.14,26.87,UP
14469,-0.1039,21.93,26.58,UP
14471,-0.1113,21.71,26.29,UP
14473,-0.1237,21.46,26.00,UP
14475,-0.1325,21.19,25.72,UP
14477,-0.1427,20.91,25.44,UP
14479,-0.1433,20.62,25.15,UP
14481,-0.1633,20.30,24.86,UP
14484,-0.1743,19.95,24.57,UP
14485,-0.1735,19.60,24.28,UP
14487,-0.1740,19.25,23.98,UP
14490,-0.1803,18.89,23.68,UP
14491,-0.1738,18.54,23.38,UP
14493,-0.1691,18.21,23.07,UP
14496,-0.1646,17.88,22.76,UP
14497,-0.1552,17.57,22.46,UP
14500,-0.1321,17.30,22.15,UP
14501,-0.1153,17.07,21.85,UP
14503,-0.1000,16.87,21.56,UP
14506,-0.0918,16.69,21.27,UP
14507,-0.0896,16.51,20.99,UP
14509,-0.0912,16.33,20.71,UP
14511,-0.0997,16.13,20.44,UP
14513,-0.1051,15.92,20.17,UP
14515,-0.1198,15.68,19.91,UP
14518,-0.1376,15.40,19.64,UP
14519,-0.1496,15.10,19.37,UP
14521,-0.1595,14.78,19.10,UP
14523,-0.1667,14.45,18.83,UP
14525,-0.1648,14.12,18.55,UP
14527,-0.1669,13.79,18.27,UP
14529,-0.1683,13.45,17.98,UP
14531,-0.1477,13.16,17.70,UP
14533,-0.1299,12.90,17.41,UP
14535,-0.1200,12.66,17.13,UP
14537,-0.1039,12.45,16.86,UP
14539,-0.0827,12.28,16.59,UP
14541,-0.0714,12.14,16.32,UP
14543,-0.0686,12.00,16.07,UP
14545,-0.0691,11.86,15.82,UP
14547,-0.0652,11.73,15.58,UP
14549,-0.0640,11.61,15.34,UP
14551,-0.0619,11.48,15.11,UP
14554,-0.0581,11.37,14.89,UP
14555,-0.0789,11.21,14.67,UP
14557,-0.0983,11.01,14.46,UP
14560,-0.1106,10.79,14.24,UP
14561,-0.1102,10.57,14.02,UP
14564,-0.1317,10.31,13.80,UP
14565,-0.1430,10.02,13.58,UP
14567,-0.1507,9.72,13.35,UP
14569,-0.1491,9.42,13.12,UP
14571,-0.1433,9.13,12.88,UP
14573,-0.1292,8.88,12.65,UP
14575,-0.1198,8.64,12.41,UP
14577,-0.0999,8.44,12.18,UP
14579,-0.0855,8.27,11.94,UP
14581,-0.0653,8.13,11.72,UP
14584,-0.0519,8.03,11.50,UP
14586,-0.0493,7.93,11.29,UP
14587,-0.0472,7.84,11.09,UP
14589,-0.0554,7.73,10.89,UP
14592,-0.0685,7.59,10.69,UP
14593,-0.0807,7.43,10.50,UP
14596,-0.0953,7.24,10.30,UP
14597,-0.0998,7.04,10.11,UP
14600,-0.1114,6.82,9.92,UP
14602,-0.1249,6.57,9.72,UP
14603,-0.1417,6.28,9.52,UP
14605,-0.1467,5.99,9.31,UP
14607,-0.1455,5.70,9.10,UP
14609,-0.1522,5.39,8.88,UP
14611,-0.1466,5.10,8.65,UP
14613,-0.1378,4.83,8.43,UP
14615,-0.1234,4.58,8.20,UP
14617,-0.1040,4.37,7.97,UP
14619,-0.0783,4.21,7.75,UP
14621,-0.0645,4.08,7.53,UP
14624,-0.0558,3.97,7.32,UP
14625,-0.0437,3.89,7.12,UP
14627,-0.0369,3.81,6.92,UP
14629,-0.0409,3.73,6.74,UP
14631,-0.0394,3.65,6.55,UP
14633,-0.0422,3.57,6.38,UP
14635,-0.0615,3.44,6.20,UP
14637,-0.0817,3.28,6.03,UP
14639,-0.0936,3.09,5.86,UP
14641,-0.1122,2.87,5.68,UP
14643,-0.1213,2.63,5.50,UP
14646,-0.1262,2.37,5.31,UP
14647,-0.1460,2.08,5.12,UP
14649,-0.1602,1.76,4.93,UP
14651,-0.1505,1.46,4.72,UP
14653,-0.1521,1.16,4.51,UP
14655,-0.1403,0.88,4.29,UP
14657,-0.1331,0.61,4.08,UP
14659,-0.1199,0.37,3.86,UP
14662,-0.0940,0.18,3.64,UP
14663,-0.0539,0.07,3.43,UP
14666,-0.0400,-0.01,3.23,UP
14667,-0.0285,-0.06,3.03,UP
14669,-0.0081,-0.08,2.85,UP
14671,-0.0019,-0.08,2.67,UP
14673,-0.0034,-0.09,2.51,UP
14675,-0.0129,-0.12,2.36,UP
14678,-0.0158,-0.15,2.21,UP
14679,-0.0353,-0.22,2.06,UP
14681,-0.0468,-0.31,1.92,UP
14683,-0.0828,-0.48,1.78,UP
14685,-0.1092,-0.70,1.64,UP
14687,-0.1390,-0.97,1.48,UP
14689,-0.1488,-1.27,1.32,UP
14691,-0.1500,-1.57,1.15,UP
14693,-0.1523,-1.88,0.97,UP
14695,-0.1472,-2.17,0.78,UP
14697,-0.1300,-2.43,0.59,UP
14699,-0.1087,-2.65,0.40,UP
14701,-0.0879,-2.82,0.21,UP
14703,-0.0629,-2.95,0.02,UP
14705,-0.0451,-3.04,-0.16,UP
14707,-0.0307,-3.10,-0.33,UP
14709,-0.0260,-3.15,-0.50,UP
14711,-0.0215,-3.20,-0.66,UP
14713,-0.0223,-3.24,-0.81,UP
14715,-0.0364,-3.31,-0.96,UP
14717,-0.0546,-3.42,-1.10,UP
14719,-0.0710,-3.56,-1.25,UP
14721,-0.0752,-3.71,-1.39,UP
14723,-0.0957,-3.91,-1.54,UP
14726,-0.1160,-4.14,-1.70,UP
14727,-0.1321,-4.40,-1.86,UP
14729,-0.1302,-4.66,-2.02,UP
14731,-0.1385,-4.94,-2.19,UP
14733,-0.1463,-5.23,-2.37,UP
14735,-0.1514,-5.54,-2.56,UP
14737,-0.1459,-5.83,-2.75,UP
14739,-0.1357,-6.10,-2.95,UP
14742,-0.1181,-6.33,-3.15,UP
14743,-0.1106,-6.56,-3.35,UP
14745,-0.0972,-6.75,-3.55,UP
14748,-0.0822,-6.91,-3.75,UP
14749,-0.0749,-7.06,-3.95,UP
14751,-0.0726,-7.21,-4.14,UP
14753,-0.0678,-7.35,-4.33,UP
14755,-0.0656,-7.48,-4.52,UP
14758,-0.0783,-7.63,-4.70,UP
14759,-0.0808,-7.79,-4.88,UP
14761,-0.0936,-7.98,-5.07,UP
14763,-0.1116,-8.20,-5.25,UP
14765,-0.1321,-8.47,-5.44,UP
14768,-0.1518,-8.77,-5.64,UP
14769,-0.1582,-9.09,-5.84,UP
14771,-0.1704,-9.43,-6.06,UP
14774,-0.1596,-9.75,-6.27,UP
14775,-0.1548,-10.06,-6.50,UP
14777,-0.1602,-10.38,-6.73,UP
14779,-0.1494,-10.68,-6.96,UP
14781,-0.1273,-10.93,-7.20,UP
14783,-0.1095,-11.15,-7.43,UP
14786,-0.0968,-11.35,-7.66,UP
14787,-0.0769,-11.50,-7.89,UP
14789,-0.0586,-11.62,-8.11,UP
14791,-0.0552,-11.73,-8.32,UP
14794,-0.0575,-11.84,-8.53,UP
14796,-0.0640,-11.97,-8.74,UP
14797,-0.0723,-12.11,-8.93,UP
14799,-0.0830,-12.28,-9.13,UP
14801,-0.1077,-12.50,-9.33,UP
14803,-0.1189,-12.73,-9.53,UP
14805,-0.1384,-13.01,-9.74,UP
14807,-0.1449,-13.30,-9.95,UP
14809,-0.1483,-13.60,-10.16,UP
14811,-0.1576,-13.91,-10.39,UP
14813,-0.1561,-14.22,-10.61,UP
14815,-0.1469,-14.52,-10.84,UP
14817,-0.1448,-14.81,-11.08,UP
14819,-0.1361,-15.08,-11.31,UP
14822,-0.1188,-15.32,-11.55,UP
14823,-0.1085,-15.53,-11.79,UP
14825,-0.0879,-15.71,-12.02,UP
14827,-0.0705,-15.85,-12.24,UP
14829,-0.0536,-15.96,-12.46,UP
14831,-0.0330,-16.02,-12.67,UP
14833,-0.0166,-16.06,-12.87,UP
14835,-0.0162,-16.09,-13.06,UP
14837,-0.0172,-16.12,-13.25,UP
14839,-0.0193,-16.16,-13.42,UP
14841,-0.0264,-16.22,-13.58,UP
14844,-0.0467,-16.31,-13.74,UP
14845,-0.0728,-16.45,-13.90,UP
14847,-0.0922,-16.64,-14.07,UP
14850,-0.1104,-16.86,-14.23,UP
14851,-0.1245,-17.11,-14.40,UP
14853,-0.1456,-17.40,-14.58,UP
14855,-0.1478,-17.70,-14.76,UP
14857,-0.1352,-17.97,-14.95,UP
14859,-0.1158,-18.20,-15.14,UP
14861,-0.1052,-18.41,-15.34,UP
14863,-0.0921,-18.59,-15.53,UP
14866,-0.0746,-18.74,-15.72,UP
14867,-0.0501,-18.84,-15.90,UP
14869,-0.0348,-18.91,-16.08,UP
14871,-0.0330,-18.98,-16.25,UP
14873,-0.0270,-19.03,-16.42,UP
14876,-0.0240,-19.08,-16.57,UP
14877,-0.0260,-19.13,-16.73,UP
14879,-0.0281,-19.19,-16.87,UP
14881,-0.0279,-19.24,-17.01,UP
14883,-0.0444,-19.33,-17.15,UP
14885,-0.0483,-19.43,-17.28,UP
14887,-0.0626,-19.55,-17.42,UP
14889,-0.0772,-19.71,-17.55,UP
14891,-0.1007,-19.91,-17.69,UP
14893,-0.1227,-20.15,-17.84,UP
14895,-0.1348,-20.42,-17.99,UP
14897,-0.1432,-20.71,-18.15,UP
14899,-0.1387,-20.99,-18.32,UP
14901,-0.1236,-21.24,-18.49,UP
14904,-0.1077,-21.45,-18.67,UP
14905,-0.0904,-21.63,-18.84,UP
14907,-0.0761,-21.78,-19.02,UP
14909,-0.0637,-21.91,-19.19,UP
14911,-0.0437,-22.00,-19.35,UP
14913,-0.0299,-22.06,-19.51,UP
14915,-0.0188,-22.10,-19.67,UP
14917,-0.0214,-22.14,-19.81,UP
14920,-0.0251,-22.19,-19.95,UP
14921,-0.0306,-22.25,-20.09,UP
14924,-0.0440,-22.34,-20.22,UP
14925,-0.0633,-22.46,-20.35,UP
14927,-0.0845,-22.63,-20.49,UP
14929,-0.1000,-22.83,-20.63,UP
14931,-0.1123,-23.06,-20.77,UP
14933,-0.1226,-23.30,-20.92,UP
14936,-0.1434,-23.59,-21.08,UP
14937,-0.1395,-23.87,-21.24,UP
14939,-0.1324,-24.13,-21.41,UP
14941,-0.1271,-24.39,-21.59,UP
14943,-0.1258,-24.64,-21.77,UP
14945,-0.1037,-24.85,-21.95,UP
14947,-0.0822,-25.01,-22.13,UP
14949,-0.0779,-25.17,-22.31,UP
14951,-0.0608,-25.29,-22.49,UP
14953,-0.0480,-25.38,-22.66,UP
14955,-0.0380,-25.46,-22.83,UP
14957,-0.0206,-25.50,-22.98,UP
14959,-0.0220,-25.55,-23.13,UP
14961,-0.0252,-25.60,-23.28,UP
14963,-0.0358,-25.67,-23.42,UP
14965,-0.0510,-25.77,-23.56,UP
14967,-0.0731,-25.92,-23.70,UP
14969,-0.0977,-26.11,-23.84,UP
14971,-0.1140,-26.34,-23.99,UP
14973,-0.1282,-26.60,-24.14,UP
14975,-0.1404,-26.88,-24.31,UP
14977,-0.1393,-27.16,-24.47,UP
14979,-0.1394,-27.43,-24.65,UP
14981,-0.1319,-27.70,-24.83,UP
14984,-0.1146,-27.93,-25.01,UP
14986,-0.1011,-28.13,-25.20,UP
14987,-0.0992,-28.33,-25.38,UP
14990,-0.0887,-28.51,-25.57,UP
14991,-0.0762,-28.66,-25.75,UP
14994,-0.0532,-28.76,-25.93,UP
14995,-0.0442,-28.85,-26.10,UP
14997,-0.0349,-28.92,-26.27,UP
15000,-0.0269,-28.98,-26.43,UP
15001,-0.0139,-29.00,-26.58,UP
15003,-0.0161,-29.04,-26.72,UP
15006,-0.0295,-29.09,-26.86,UP
15007,-0.0363,-29.17,-27.00,UP
15009,-0.0476,-29.26,-27.13,UP
15011,-0.0641,-29.39,-27.27,UP
15013,-0.0811,-29.55,-27.40,UP
15015,-0.1062,-29.77,-27.54,UP
15018,-0.1220,-30.01,-27.69,UP
15019,-0.1363,-30.28,-27.84,UP
15022,-0.1444,-30.57,-28.00,UP
15023,-0.1356,-30.84,-28.17,UP
15025,-0.1157,-31.07,-28.34,UP
15027,-0.1036,-31.28,-28.52,UP
15029,-0.0819,-31.44,-28.69,UP
15031,-0.0650,-31.57,-28.86,UP
15033,-0.0546,-31.68,-29.03,UP
15035,-0.0424,-31.77,-29.19,UP
15038,-0.0276,-31.82,-29.34,UP
15039,-0.0201,-31.86,-29.49,UP
15041,-0.0350,-31.93,-29.64,UP
15043,-0.0374,-32.01,-29.78,UP
15045,-0.0382,-32.08,-29.91,UP
15047,-0.0447,-32.17,-30.05,UP
15049,-0.0509,-32.28,-30.18,UP
15051,-0.0580,-32.39,-30.31,UP
15054,-0.0647,-32.52,-30.44,UP
15055,-0.0728,-32.67,-30.57,UP
15057,-0.0865,-32.84,-30.71,UP
15059,-0.1046,-33.05,-30.85,UP
15061,-0.1168,-33.28,-30.99,UP
15064,-0.1172,-33.52,-31.14,UP
15065,-0.1092,-33.74,-31.29,UP
15067,-0.0965,-33.93,-31.45,UP
15069,-0.0919,-34.11,-31.61,UP
15071,-0.0886,-34.29,-31.76,UP
15073,-0.0740,-34.44,-31.92,UP
15076,-0.0474,-34.53,-32.08,UP
15077,-0.0184,-34.57,-32.22,UP
15079,-0.0067,-34.58,-32.36,UP
15081,0.0010,-34.58,-32.49,UP
15084,-0.0011,-34.58,-32.62,UP
15086,-0.0107,-34.60,-32.74,UP
15087,-0.0180,-34.64,-32.85,UP
15089,-0.0327,-34.71,-32.96,UP
15092,-0.0457,-34.80,-33.07,UP
15093,-0.0487,-34.90,-33.17,UP
15095,-0.0513,-35.00,-33.28,UP
15097,-0.0575,-35.11,-33.39,UP
15099,-0.0630,-35.24,-33.50,UP
15102,-0.0744,-35.39,-33.61,UP
15103,-0.0863,-35.56,-33.73,UP
15105,-0.0953,-35.75,-33.85,UP
15107,-0.0958,-35.94,-33.97,UP
15109,-0.0978,-36.14,-34.10,UP
15111,-0.0883,-36.31,-34.23,UP
15113,-0.0888,-36.49,-34.36,UP
15115,-0.0773,-36.65,-34.50,UP
15117,-0.0526,-36.75,-34.63,UP
15119,-0.0318,-36.82,-34.76,UP
15121,-0.0132,-36.84,-34.88,UP
15124,-0.0002,-36.84,-35.00,UP
15125,0.0207,-36.80,-35.11,UP
15127,0.0214,-36.76,-35.20,UP
15129,0.0141,-36.73,-35.29,UP
15131,-0.0176,-36.77,-35.38,UP
15133,-0.0286,-36.82,-35.47,UP
15135,-0.0460,-36.91,-35.55,UP
15137,-0.0644,-37.04,-35.64,UP
15139,-0.0682,-37.18,-35.73,UP
15141,-0.0782,-37.34,-35.83,UP
15143,-0.0822,-37.50,-35.92,UP
15146,-0.1000,-37.70,-36.03,UP
15147,-0.1103,-37.92,-36.14,UP
15149,-0.1144,-38.15,-36.26,UP
15151,-0.1074,-38.36,-36.38,UP
15153,-0.1023,-38.57,-36.51,UP
15155,-0.0941,-38.76,-36.65,UP
15157,-0.1009,-38.96,-36.78,UP
15159,-0.0945,-39.15,-36.92,UP
15162,-0.0737,-39.30,-37.06,UP
15163,-0.0565,-39.41,-37.20,UP
15165,-0.0266,-39.46,-37.34,UP
15167,-0.0072,-39.48,-37.46,UP
15169,-0.0056,-39.49,-37.58,UP
15171,-0.0093,-39.51,-37.70,UP
15173,-0.0063,-39.52,-37.80,UP
15175,-0.0169,-39.55,-37.91,UP
15178,-0.0449,-39.64,-38.01,UP
15179,-0.0706,-39.78,-38.11,UP
15182,-0.0863,-39.96,-38.22,UP
15183,-0.0958,-40.15,-38.34,UP
15186,-0.1067,-40.36,-38.46,UP
15188,-0.1143,-40.59,-38.58,UP
15189,-0.1245,-40.84,-38.72,UP
15191,-0.1156,-41.07,-38.86,UP
15194,-0.1085,-41.29,-39.00,UP
15196,-0.1032,-41.49,-39.15,UP
15197,-0.1048,-41.70,-39.30,UP
15199,-0.0978,-41.90,-39.45,UP
15201,-0.0856,-42.07,-39.61,UP
15203,-0.0794,-42.23,-39.76,UP
15205,-0.0568,-42.34,-39.91,UP
15207,-0.0414,-42.42,-40.06,UP
15209,-0.0228,-42.47,-40.20,UP
15211,-0.0106,-42.49,-40.34,UP
15213,-0.0169,-42.53,-40.47,UP
15215,-0.0246,-42.57,-40.59,UP
15218,-0.0228,-42.62,-40.71,UP
15219,-0.0252,-42.67,-40.83,UP
15221,-0.0375,-42.75,-40.94,UP
15224,-0.0492,-42.84,-41.05,UP
15225,-0.0737,-42.99,-41.17,UP
15227,-0.0948,-43.18,-41.29,UP
15229,-0.0900,-43.36,-41.41,UP
15232,-0.1089,-43.58,-41.54,UP
15233,-0.1002,-43.78,-41.67,UP
15235,-0.0947,-43.97,-41.81,UP
15237,-0.0878,-44.14,-41.95,UP
15239,-0.0776,-44.30,-42.08,UP
15241,-0.0743,-44.45,-42.22,UP
15244,-0.0650,-44.58,-42.36,UP
15245,-0.0606,-44.70,-42.50,UP
15248,-0.0441,-44.79,-42.64,UP
15249,-0.0262,-44.84,-42.77,UP
15251,-0.0189,-44.88,-42.89,UP
15253,-0.0148,-44.91,-43.01,UP
15255,-0.0100,-44.93,-43.12,UP
15257,-0.0088,-44.94,-43.23,UP
15260,-0.0110,-44.97,-43.34,UP
15261,-0.0087,-44.98,-43.43,UP
15264,-0.0051,-44.99,-43.52,UP
15265,-0.0082,-45.01,-43.61,UP
15267,-0.0201,-45.05,-43.70,UP
15269,-0.0393,-45.13,-43.78,UP
15271,-0.0678,-45.27,-43.87,UP
15273,-0.0792,-45.42,-43.96,UP
15275,-0.0871,-45.60,-44.06,UP
15277,-0.0914,-45.78,-44.16,UP
15279,-0.0844,-45.95,-44.27,UP
15281,-0.0756,-46.10,-44.37,UP
15283,-0.0619,-46.22,-44.48,UP
15285,-0.0482,-46.32,-44.59,UP
15287,-0.0391,-46.40,-44.70,UP
15289,-0.0359,-46.47,-44.80,UP
15291,-0.0282,-46.53,-44.91,UP
15293,-0.0096,-46.55,-45.00,UP
15295,-0.0032,-46.55,-45.09,UP
15297,0.0005,-46.55,-45.18,UP
15299,0.0017,-46.55,-45.26,UP
15301,0.0005,-46.55,-45.34,UP
15303,-0.0050,-46.56,-45.41,UP
15305,-0.0207,-46.60,-45.48,UP
15307,-0.0320,-46.66,-45.55,UP
15309,-0.0429,-46.75,-45.62,UP
15311,-0.0531,-46.85,-45.69,UP
15313,-0.0687,-46.99,-45.77,UP
15315,-0.0811,-47.15,-45.85,UP
15318,-0.0829,-47.32,-45.94,UP
15319,-0.0735,-47.47,-46.03,UP
15322,-0.0647,-47.60,-46.12,UP
15323,-0.0624,-47.72,-46.22,UP
15325,-0.0615,-47.84,-46.31,UP
15327,-0.0595,0.00,0.00,STATIONARY
15329,-0.0496,-0.09,-0.01,STATIONARY
15331,-0.0495,-0.18,-0.02,STATIONARY
15333,-0.0381,-0.23,-0.03,STATIONARY
15335,-0.0328,-0.27,-0.04,STATIONARY
15337,-0.0204,-0.29,-0.06,STATIONARY
15339,-0.0138,-0.29,-0.07,STATIONARY
15341,-0.0184,-0.30,-0.08,STATIONARY
15344,-0.0290,-0.33,-0.10,STATIONARY
15345,-0.0313,-0.36,-0.11,STATIONARY
15347,-0.0249,-0.38,-0.13,STATIONARY
15349,-0.0291,-0.40,-0.15,STATIONARY
15351,-0.0496,-0.46,-0.16,STATIONARY
15354,-0.0610,-0.54,-0.19,STATIONARY
15355,-0.0713,-0.62,-0.21,STATIONARY
15357,-0.0831,-0.73,-0.24,STATIONARY
15359,-0.0820,-0.82,-0.28,STATIONARY
15361,-0.0876,-0.92,-0.32,STATIONARY
15363,-0.0859,-1.00,-0.36,STATIONARY
15365,-0.0868,-1.08,-0.40,STATIONARY
15367,-0.0882,-1.16,-0.44,STATIONARY
15369,-0.0779,-1.21,-0.49,STATIONARY
15371,-0.0596,-1.22,-0.53,STATIONARY
15373,-0.0476,-1.21,-0.57,STATIONARY
15375,-0.0353,-1.18,-0.61,STATIONARY
15377,-0.0267,-1.13,-0.64,STATIONARY
15379,-0.0247,-1.09,-0.67,STATIONARY
15381,-0.0254,-1.05,-0.69,STATIONARY
15383,-0.0224,-1.00,-0.71,STATIONARY
15386,-0.0281,-0.98,-0.72,STATIONARY
15387,-0.0470,-0.98,-0.74,STATIONARY
15389,-0.0581,-1.01,-0.75,STATIONARY
15391,-0.0671,-1.05,-0.77,STATIONARY
15394,-0.0751,-1.11,-0.79,STATIONARY
15395,-0.0919,-1.19,-0.82,STATIONARY
15398,-0.0928,-1.26,-0.84,STATIONARY
15399,-0.0882,-1.33,-0.87,STATIONARY
15401,-0.0859,-1.38,-0.90,STATIONARY
15404,-0.0884,-1.43,-0.93,STATIONARY
15405,-0.0862,-1.47,-0.96,STATIONARY
15407,-0.0774,-1.50,-1.00,STATIONARY
15409,-0.0696,-1.51,-1.03,STATIONARY
15411,-0.0666,-1.51,-1.05,STATIONARY
15414,-0.0596,-1.50,-1.08,STATIONARY
15415,-0.0495,-1.47,-1.10,STATIONARY
15417,-0.0338,-1.41,-1.12,STATIONARY
15420,-0.0226,-1.34,-1.13,STATIONARY
15421,-0.0113,-1.26,-1.14,STATIONARY
15423,-0.0100,-1.17,-1.14,STATIONARY
15425,-0.0041,-1.09,-1.14,STATIONARY
15427,-0.0033,-1.01,-1.13,STATIONARY
15429,-0.0066,-0.94,-1.12,STATIONARY
15431,-0.0180,-0.90,-1.11,STATIONARY
15433,-0.0284,-0.88,-1.09,STATIONARY
15436,-0.0416,-0.88,-1.08,STATIONARY
15437,-0.0589,-0.92,-1.07,STATIONARY
15439,-0.0677,-0.97,-1.07,STATIONARY
15441,-0.0763,-1.03,-1.06,STATIONARY
15444,-0.0919,-1.12,-1.07,STATIONARY
15445,-0.1031,-1.33,-1.08,STATIONARY
15447,-0.1002,-1.53,-1.11,STATIONARY
15449,-0.0949,-1.58,-1.14,STATIONARY
15451,-0.0819,-1.60,-1.16,STATIONARY
15453,-0.0719,-1.61,-1.19,STATIONARY
15455,-0.0534,-1.58,-1.21,STATIONARY
15457,-0.0345,-1.51,-1.23,STATIONARY
15459,-0.0229,-1.44,-1.24,STATIONARY
15461,-0.0120,-1.34,-1.25,STATIONARY
15463,-0.0000,-1.24,-1.25,STATIONARY
15465,0.0105,-1.12,-1.24,STATIONARY
15468,0.0151,-1.00,-1.23,STATIONARY
15469,0.0115,-0.90,-1.21,STATIONARY
15471,0.0021,-0.82,-1.18,STATIONARY
15473,-0.0052,-0.77,-1.16,STATIONARY
15475,-0.0122,-0.73,-1.13,STATIONARY
15477,-0.0268,-0.72,-1.11,STATIONARY
15479,-0.0505,-0.75,-1.09,STATIONARY
15481,-0.0650,-0.81,-1.07,STATIONARY
15484,-0.0825,-0.90,-1.06,STATIONARY
15485,-0.0852,-0.99,-1.06,STATIONARY
15487,-0.0919,-1.08,-1.06,STATIONARY
15490,-0.0969,-1.17,-1.07,STATIONARY
15491,-0.0926,-1.24,-1.08,STATIONARY
15493,-0.0839,-1.30,-1.09,STATIONARY
15495,-0.0778,-1.34,-1.10,STATIONARY
15498,-0.0577,-1.34,-1.12,STATIONARY
15500,-0.0381,-1.30,-1.13,STATIONARY
15501,-0.0172,-1.23,-1.13,STATIONARY
15503,-0.0006,-1.13,-1.13,STATIONARY
15506,0.0104,-1.02,-1.13,STATIONARY
15507,0.0007,-0.94,-1.12,STATIONARY
15509,0.0013,-0.86,-1.10,STATIONARY
15511,0.0049,-0.78,-1.08,STATIONARY
15513,0.0011,-0.72,-1.06,STATIONARY
15515,-0.0001,-0.66,-1.04,STATIONARY
15518,-0.0201,-0.65,-1.01,STATIONARY
15519,-0.0247,-0.64,-0.99,STATIONARY
15522,-0.0206,-0.63,-0.97,STATIONARY
15523,-0.0316,-0.63,-0.95,STATIONARY
15525,-0.0429,-0.66,-0.93,STATIONARY
15527,-0.0596,-0.72,-0.92,STATIONARY
15529,-0.0683,-0.79,-0.91,STATIONARY
15531,-0.0697,-0.85,-0.91,STATIONARY
15533,-0.0587,-0.89,-0.91,STATIONARY
15535,-0.0547,-0.92,-0.91,STATIONARY
15537,-0.0551,-0.95,-0.91,STATIONARY
15539,-0.0498,-0.96,-0.91,STATIONARY
15541,-0.0286,-0.94,-0.92,STATIONARY
15543,0.0033,-0.86,-0.91,STATIONARY
15545,0.0289,-0.74,-0.90,STATIONARY
15547,0.0388,-0.61,-0.88,STATIONARY
15549,0.0501,-0.47,-0.86,STATIONARY
15551,0.0559,-0.33,-0.83,STATIONARY
15554,0.0441,-0.22,-0.79,STATIONARY
15555,0.0406,-0.13,-0.75,STATIONARY
15557,0.0321,-0.06,-0.71,STATIONARY
15559,0.0195,-0.02,-0.67,STATIONARY
15561,0.0066,-0.00,-0.63,STATIONARY
15564,-0.0057,-0.01,-0.59,STATIONARY
15565,-0.0220,-0.05,-0.56,STATIONARY
15567,-0.0302,-0.10,-0.54,STATIONARY
15569,-0.0346,-0.16,-0.51,STATIONARY
15571,-0.0507,-0.24,-0.50,STATIONARY
15573,-0.0556,-0.32,-0.49,STATIONARY
15576,-0.0626,-0.41,-0.48,STATIONARY
15577,-0.0634,-0.50,-0.48,STATIONARY
15579,-0.0516,-0.55,-0.49,STATIONARY
15581,-0.0377,-0.58,-0.49,STATIONARY
15583,-0.0209,-0.57,-0.50,STATIONARY
15586,-0.0041,-0.53,-0.50,STATIONARY
15587,0.0121,-0.47,-0.50,STATIONARY
15589,0.0257,-0.38,-0.49,STATIONARY
15592,0.0404,-0.28,-0.48,STATIONARY
15593,0.0390,-0.18,-0.46,STATIONARY
15596,0.0288,-0.11,-0.44,STATIONARY
15597,0.0175,-0.07,-0.42,STATIONARY
15600,0.0011,-0.07,-0.40,STATIONARY
15602,-0.0122,-0.08,-0.38,STATIONARY
15603,-0.0272,-0.13,-0.36,STATIONARY
15605,-0.0381,-0.19,-0.35,STATIONARY
15607,-0.0572,-0.28,-0.35,STATIONARY
15609,-0.0724,-0.39,-0.35,STATIONARY
15611,-0.0914,-0.52,-0.36,STATIONARY
15613,-0.0911,-0.65,-0.38,STATIONARY
15615,-0.0827,-0.75,-0.40,STATIONARY
15617,-0.0682,-0.82,-0.43,STATIONARY
15619,-0.0588,-0.86,-0.45,STATIONARY
15621,-0.0616,-0.90,-0.48,STATIONARY
15624,-0.0534,-0.93,-0.50,STATIONARY
15625,-0.0470,-0.94,-0.53,STATIONARY
15627,-0.0225,-0.91,-0.55,STATIONARY
15629,-0.0038,-0.84,-0.57,STATIONARY
15631,0.0069,-0.76,-0.58,STATIONARY
15633,0.0121,-0.68,-0.59,STATIONARY
15635,0.0148,-0.60,-0.59,STATIONARY
15637,0.0105,-0.53,-0.58,STATIONARY
15640,-0.0023,-0.49,-0.58,STATIONARY
15641,-0.0224,-0.49,-0.57,STATIONARY
15644,-0.0259,-0.50,-0.57,STATIONARY
15645,-0.0368,-0.53,-0.57,STATIONARY
15647,-0.0498,-0.58,-0.57,STATIONARY
15649,-0.0630,-0.65,-0.57,STATIONARY
15651,-0.0850,-0.75,-0.58,STATIONARY
15653,-0.0937,-0.87,-0.60,STATIONARY
15656,-0.0973,-0.98,-0.62,STATIONARY
15657,-0.0916,-1.07,-0.65,STATIONARY
15659,-0.0949,-1.16,-0.68,STATIONARY
15662,-0.0925,-1.23,-0.71,STATIONARY
15663,-0.0863,-1.29,-0.75,STATIONARY
15665,-0.0653,-1.31,-0.78,STATIONARY
15667,-0.0482,-1.29,-0.81,STATIONARY
15669,-0.0251,-1.24,-0.83,STATIONARY
15671,0.0008,-1.14,-0.85,STATIONARY
15673,0.0143,-1.02,-0.86,STATIONARY
15675,0.0344,-0.87,-0.86,STATIONARY
15678,0.0308,-0.75,-0.86,STATIONARY
15679,0.0268,-0.64,-0.84,STATIONARY
15681,0.0203,-0.55,-0.83,STATIONARY
15683,0.0137,-0.48,-0.81,STATIONARY
15685,0.0049,-0.43,-0.78,STATIONARY
15687,-0.0084,-0.41,-0.76,STATIONARY
15689,-0.0135,-0.41,-0.74,STATIONARY
15691,-0.0294,-0.43,-0.72,STATIONARY
15693,-0.0458,-0.48,-0.71,STATIONARY
15695,-0.0541,-0.54,-0.70,STATIONARY
15697,-0.0577,-0.60,-0.69,STATIONARY
15699,-0.0614,-0.67,-0.69,STATIONARY
15701,-0.0570,-0.72,-0.69,STATIONARY
15703,-0.0424,-0.74,-0.69,STATIONARY
15705,-0.0410,-0.76,-0.70,STATIONARY
15707,-0.0361,-0.76,-0.70,STATIONARY
15709,-0.0155,-0.73,-0.70,STATIONARY
15711,-0.0089,-0.69,-0.70,STATIONARY
15713,0.0039,-0.62,-0.70,STATIONARY
15715,0.0151,-0.55,-0.69,STATIONARY
15717,0.0289,-0.45,-0.67,STATIONARY
15719,0.0391,-0.34,-0.66,STATIONARY
15721,0.0438,-0.23,-0.63,STATIONARY
15723,0.0334,-0.15,-0.60,STATIONARY
15726,0.0287,-0.09,-0.57,STATIONARY
15727,0.0142,-0.06,-0.54,STATIONARY
15729,-0.0046,-0.06,-0.51,STATIONARY
15732,-0.0129,-0.08,-0.49,STATIONARY
15733,-0.0389,-0.14,-0.47,STATIONARY
15735,-0.0602,-0.24,-0.45,STATIONARY
15737,-0.0771,-0.37,-0.45,STATIONARY
15739,-0.0915,-0.50,-0.45,STATIONARY
15741,-0.0877,-0.63,-0.46,STATIONARY
15743,-0.0865,-0.73,-0.48,STATIONARY
15745,-0.0677,-0.80,-0.50,STATIONARY
15748,-0.0485,-0.83,-0.52,STATIONARY
15749,-0.0437,-0.84,-0.54,STATIONARY
15752,-0.0333,-0.83,-0.55,STATIONARY
15753,-0.0254,-0.81,-0.57,STATIONARY
15755,-0.0124,-0.77,-0.58,STATIONARY
15757,0.0052,-0.70,-0.59,STATIONARY
15759,0.0152,-0.62,-0.59,STATIONARY
15761,0.0329,-0.51,-0.58,STATIONARY
15764,0.0356,-0.40,-0.57,STATIONARY
15765,0.0393,-0.30,-0.56,STATIONARY
15767,0.0306,-0.22,-0.54,STATIONARY
15769,0.0193,-0.16,-0.52,STATIONARY
15771,-0.0031,-0.16,-0.49,STATIONARY
15773,-0.0325,-0.20,-0.48,STATIONARY
15775,-0.0401,-0.26,-0.46,STATIONARY
15777,-0.0436,-0.32,-0.46,STATIONARY
15779,-0.0609,-0.41,-0.45,STATIONARY
15781,-0.0769,-0.52,-0.46,STATIONARY
15783,-0.0786,-0.62,-0.47,STATIONARY
15786,-0.0781,-0.71,-0.48,STATIONARY
15787,-0.0649,-0.78,-0.50,STATIONARY
15789,-0.0535,-0.81,-0.52,STATIONARY
15791,-0.0489,-0.84,-0.54,STATIONARY
15793,-0.0378,-0.84,-0.55,STATIONARY
15796,-0.0167,-0.80,-0.57,STATIONARY
15797,0.0035,-0.73,-0.58,STATIONARY
15799,0.0206,-0.64,-0.58,STATIONARY
15801,0.0291,-0.53,-0.58,STATIONARY
15803,0.0318,-0.43,-0.57,STATIONARY
15805,0.0239,-0.35,-0.56,STATIONARY
15807,0.0238,-0.28,-0.54,STATIONARY
15809,0.0186,-0.22,-0.52,STATIONARY
15811,-0.0030,-0.21,-0.50,STATIONARY
15813,-0.0169,-0.23,-0.49,STATIONARY
15815,-0.0195,-0.24,-0.47,STATIONARY
15818,-0.0290,-0.28,-0.46,STATIONARY
15819,-0.0495,-0.35,-0.45,STATIONARY
15822,-0.0546,-0.42,-0.45,STATIONARY
15823,-0.0629,-0.50,-0.46,STATIONARY
15825,-0.0673,-0.58,-0.46,STATIONARY
15827,-0.0601,-0.65,-0.47,STATIONARY
15829,-0.0515,-0.69,-0.49,STATIONARY
15831,-0.0473,-0.72,-0.50,STATIONARY
15833,-0.0271,-0.72,-0.51,STATIONARY
15835,-0.0097,-0.68,-0.52,STATIONARY
15837,0.0113,-0.60,-0.53,STATIONARY
15839,0.0279,-0.50,-0.53,STATIONARY
15841,0.0353,-0.40,-0.52,STATIONARY
15843,0.0333,-0.30,-0.51,STATIONARY
15845,0.0344,-0.22,-0.49,STATIONARY
15847,0.0311,-0.14,-0.47,STATIONARY
15849,0.0176,-0.10,-0.45,STATIONARY
15851,0.0118,-0.07,-0.42,STATIONARY
15853,0.0020,-0.06,-0.40,STATIONARY
15855,-0.0140,-0.08,-0.38,STATIONARY
15857,-0.0220,-0.11,-0.37,STATIONARY
15859,-0.0294,-0.16,-0.36,STATIONARY
15861,-0.0505,-0.24,-0.35,STATIONARY
15863,-0.0575,-0.33,-0.35,STATIONARY
15865,-0.0573,-0.41,-0.35,STATIONARY
15867,-0.0558,-0.48,-0.36,STATIONARY
15869,-0.0643,-0.56,-0.37,STATIONARY
15871,-0.0616,-0.62,-0.38,STATIONARY
15873,-0.0659,-0.70,-0.40,STATIONARY
15875,-0.0590,-0.75,-0.42,STATIONARY
15877,-0.0312,-0.75,-0.44,STATIONARY
15879,-0.0091,-0.70,-0.46,STATIONARY
15882,0.0137,-0.62,-0.47,STATIONARY
15883,0.0168,-0.54,-0.47,STATIONARY
15885,0.0220,-0.46,-0.47,STATIONARY
15887,0.0308,-0.36,-0.46,STATIONARY
15889,0.0452,-0.25,-0.45,STATIONARY
15891,0.0378,-0.16,-0.44,STATIONARY
15893,0.0237,-0.11,-0.42,STATIONARY
15895,0.0077,-0.08,-0.40,STATIONARY
15897,-0.0147,-0.10,-0.38,STATIONARY
15899,-0.0279,-0.15,-0.36,STATIONARY
15901,-0.0434,-0.21,-0.36,STATIONARY
15904,-0.0381,-0.27,-0.35,STATIONARY
15905,-0.0468,-0.33,-0.35,STATIONARY
15907,-0.0568,-0.41,-0.35,STATIONARY
15909,-0.0501,-0.47,-0.36,STATIONARY
15911,-0.0509,-0.53,-0.37,STATIONARY
15913,-0.0522,-0.58,-0.38,STATIONARY
15915,-0.0487,-0.62,-0.40,STATIONARY
15917,-0.0346,-0.64,-0.41,STATIONARY
15920,-0.0198,-0.62,-0.42,STATIONARY
15921,-0.0137,-0.60,-0.43,STATIONARY
15924,-0.0129,-0.57,-0.44,STATIONARY
15925,0.0017,-0.52,-0.45,STATIONARY
15927,0.0194,-0.45,-0.45,STATIONARY
15929,0.0240,-0.37,-0.44,STATIONARY
15931,0.0326,-0.28,-0.43,STATIONARY
15933,0.0319,-0.20,-0.42,STATIONARY
15935,0.0233,-0.14,-0.40,STATIONARY
15937,0.0064,-0.12,-0.38,STATIONARY
15939,0.0049,-0.10,-0.37,STATIONARY
15941,-0.0008,-0.09,-0.35,STATIONARY
15943,-0.0115,-0.10,-0.34,STATIONARY
15945,-0.0138,-0.12,-0.32,STATIONARY
15947,-0.0229,-0.15,-0.31,STATIONARY
15949,-0.0319,-0.20,-0.31,STATIONARY
15951,-0.0377,-0.25,-0.30,STATIONARY
15953,-0.0416,-0.31,-0.30,STATIONARY
15955,-0.0354,-0.35,-0.31,STATIONARY
15957,-0.0143,-0.35,-0.31,STATIONARY
15959,-0.0013,-0.32,-0.31,STATIONARY
15961,0.0082,-0.28,-0.31,STATIONARY
15963,0.0065,-0.25,-0.31,STATIONARY
15965,0.0106,-0.21,-0.30,STATIONARY
15968,0.0267,-0.14,-0.29,STATIONARY
15969,0.0319,-0.07,-0.28,STATIONARY
15971,0.0350,-0.00,-0.26,STATIONARY
15973,0.0424,0.08,-0.24,STATIONARY
15975,0.0447,0.15,-0.22,STATIONARY
15977,0.0332,0.20,-0.19,STATIONARY
15979,0.0264,0.23,-0.17,STATIONARY
15981,0.0080,0.23,-0.14,STATIONARY
15984,0.0011,0.21,-0.12,STATIONARY
15986,-0.0108,0.18,-0.11,STATIONARY
15987,-0.0144,0.14,-0.09,STATIONARY
15990,-0.0179,0.09,-0.08,STATIONARY
15991,-0.0364,0.02,-0.07,STATIONARY
15994,-0.0455,-0.07,-0.07,STATIONARY
15995,-0.0440,-0.14,-0.08,STATIONARY
15997,-0.0283,-0.18,-0.08,STATIONARY
16000,-0.0067,-0.18,-0.09,STATIONARY
16001,0.0089,-0.15,-0.09,STATIONARY
16003,0.0107,-0.12,-0.10,STATIONARY
16006,0.0171,-0.08,-0.09,STATIONARY
16007,0.0231,-0.03,-0.09,STATIONARY
16009,0.0251,0.02,-0.08,STATIONARY
16011,0.0246,0.06,-0.08,STATIONARY
16013,0.0179,0.09,-0.07,STATIONARY
16015,0.0121,0.11,-0.06,STATIONARY
16018,0.0220,0.14,-0.04,STATIONARY
16019,0.0130,0.15,-0.03,STATIONARY
16022,0.0103,0.16,-0.02,STATIONARY
16023,0.0055,0.16,-0.01,STATIONARY
16025,0.0004,0.14,-0.00,STATIONARY
16027,-0.0022,0.13,0.01,STATIONARY
16029,0.0030,0.12,0.01,STATIONARY
16031,-0.0171,0.08,0.02,STATIONARY
16033,-0.0367,0.01,0.02,STATIONARY
16035,-0.0457,-0.08,0.01,STATIONARY
16037,-0.0563,-0.17,0.00,STATIONARY
16039,-0.0483,-0.25,-0.01,STATIONARY
16041,-0.0373,-0.30,-0.03,STATIONARY
16043,-0.0222,-0.31,-0.05,STATIONARY
16045,-0.0159,-0.32,-0.06,STATIONARY
16047,-0.0168,-0.32,-0.08,STATIONARY
16049,-0.0193,-0.33,-0.09,STATIONARY
16051,0.0006,-0.31,-0.11,STATIONARY
16054,0.0017,-0.28,-0.12,STATIONARY
16055,0.0055,-0.25,-0.12,STATIONARY
16057,0.0065,-0.21,-0.13,STATIONARY
16059,0.0101,-0.18,-0.13,STATIONARY
16061,0.0053,-0.15,-0.13,STATIONARY
16064,-0.0003,-0.14,-0.13,STATIONARY
16065,-0.0077,-0.15,-0.14,STATIONARY
16067,-0.0221,-0.17,-0.14,STATIONARY
16069,-0.0238,-0.20,-0.14,STATIONARY
16071,-0.0378,-0.26,-0.15,STATIONARY
16073,-0.0568,-0.34,-0.16,STATIONARY
16075,-0.0636,-0.43,-0.18,STATIONARY
16077,-0.0697,-0.52,-0.20,STATIONARY
16079,-0.0723,-0.62,-0.22,STATIONARY
16081,-0.0663,-0.69,-0.25,STATIONARY
16083,-0.0539,-0.73,-0.28,STATIONARY
16086,-0.0417,-0.75,-0.31,STATIONARY
16087,-0.0339,-0.75,-0.33,STATIONARY
16089,-0.0206,-0.73,-0.36,STATIONARY
16091,-0.0079,-0.69,-0.38,STATIONARY
16093,0.0005,-0.63,-0.39,STATIONARY
16095,0.0067,-0.57,-0.40,STATIONARY
16097,0.0202,-0.49,-0.41,STATIONARY
16099,0.0246,-0.40,-0.41,STATIONARY
16102,0.0281,-0.32,-0.40,STATIONARY
16103,0.0231,-0.25,-0.39,STATIONARY
16105,0.0269,-0.18,-0.38,STATIONARY
16108,0.0237,-0.12,-0.36,STATIONARY
16109,0.0286,-0.06,-0.35,STATIONARY
16111,0.0275,-0.00,-0.33,STATIONARY
16113,0.0242,0.04,-0.30,STATIONARY
16115,0.0003,0.04,-0.28,STATIONARY
16117,-0.0070,0.02,-0.27,STATIONARY
16119,-0.0051,0.01,-0.25,STATIONARY
16121,-0.0123,-0.01,-0.24,STATIONARY
16124,-0.0182,-0.05,-0.22,STATIONARY
16125,-0.0202,-0.08,-0.22,STATIONARY
16127,-0.0176,-0.10,-0.21,STATIONARY
16129,-0.0089,-0.11,-0.20,STATIONARY
16131,0.0003,-0.10,-0.20,STATIONARY
16133,-0.0038,-0.10,-0.19,STATIONARY
16135,0.0067,-0.08,-0.19,STATIONARY
16137,0.0263,-0.03,-0.18,STATIONARY
16139,0.0358,0.04,-0.16,STATIONARY
16141,0.0470,0.12,-0.15,STATIONARY
16143,0.0534,0.21,-0.12,STATIONARY
16145,0.0468,0.28,-0.10,STATIONARY
16147,0.0484,0.35,-0.07,STATIONARY
16149,0.0456,0.40,-0.05,STATIONARY
16151,0.0364,0.44,-0.02,STATIONARY
16153,0.0426,0.48,0.01,STATIONARY
16155,0.0295,0.50,0.04,STATIONARY
16157,0.0241,0.50,0.07,STATIONARY
16159,0.0182,0.50,0.09,STATIONARY
16162,0.0077,0.47,0.12,STATIONARY
16163,-0.0040,0.43,0.13,STATIONARY
16166,-0.0037,0.38,0.15,STATIONARY
16167,-0.0094,0.34,0.16,STATIONARY
16169,-0.0148,0.28,0.17,STATIONARY
16171,-0.0125,0.24,0.17,STATIONARY
16173,-0.0088,0.20,0.17,STATIONARY
16175,-0.0011,0.18,0.17,STATIONARY
16178,-0.0037,0.16,0.17,STATIONARY
16179,0.0085,0.16,0.17,STATIONARY
16182,0.0246,0.20,0.17,STATIONARY
16184,0.0411,0.26,0.18,STATIONARY
16186,0.0479,0.32,0.19,STATIONARY
16188,0.0418,0.38,0.20,STATIONARY
16189,0.0408,0.42,0.21,STATIONARY
16191,0.0366,0.45,0.23,STATIONARY
16194,0.0255,0.46,0.24,STATIONARY
16196,0.0116,0.45,0.25,STATIONARY
16197,-0.0120,0.39,0.26,STATIONARY
16199,-0.0224,0.32,0.26,STATIONARY
16201,-0.0280,0.24,0.26,STATIONARY
16203,-0.0306,0.17,0.26,STATIONARY
16205,-0.0433,0.07,0.25,STATIONARY
16207,-0.0441,-0.01,0.23,STATIONARY
16209,-0.0390,-0.08,0.21,STATIONARY
16211,-0.0382,-0.15,0.19,STATIONARY
16213,-0.0443,-0.22,0.17,STATIONARY
16215,-0.0453,-0.28,0.14,STATIONARY
16217,-0.0446,-0.34,0.11,STATIONARY
16219,-0.0353,-0.38,0.08,STATIONARY
16221,-0.0179,-0.38,0.05,STATIONARY
16223,-0.0002,-0.35,0.03,STATIONARY
16225,0.0154,-0.30,0.01,STATIONARY
16227,0.0232,-0.23,-0.00,STATIONARY
16229,0.0230,-0.17,-0.01,STATIONARY
16231,0.0284,-0.10,-0.02,STATIONARY
16233,0.0208,-0.06,-0.02,STATIONARY
16235,0.0125,-0.03,-0.02,STATIONARY
16237,-0.0035,-0.03,-0.02,STATIONARY
16239,-0.0114,-0.05,-0.02,STATIONARY
16242,-0.0297,-0.10,-0.03,STATIONARY
16243,-0.0471,-0.18,-0.04,STATIONARY
16245,-0.0604,-0.28,-0.05,STATIONARY
16248,-0.0685,-0.38,-0.07,STATIONARY
16249,-0.0719,-0.48,-0.10,STATIONARY
16251,-0.0658,-0.57,-0.12,STATIONARY
16253,-0.0554,-0.62,-0.15,STATIONARY
16255,-0.0430,-0.65,-0.18,STATIONARY
16258,-0.0402,-0.67,-0.21,STATIONARY
16259,-0.0434,-0.70,-0.24,STATIONARY
16261,-0.0430,-0.72,-0.27,STATIONARY
16264,-0.0377,-0.73,-0.30,STATIONARY
16265,-0.0321,-0.73,-0.32,STATIONARY
16267,-0.0256,-0.72,-0.35,STATIONARY
16269,-0.0089,-0.68,-0.37,STATIONARY
16271,0.0073,-0.61,-0.38,STATIONARY
16273,0.0152,-0.54,-0.39,STATIONARY
16275,0.0220,-0.45,-0.39,STATIONARY
16277,0.0244,-0.37,-0.39,STATIONARY
16279,0.0217,-0.30,-0.39,STATIONARY
16281,0.0154,-0.25,-0.38,STATIONARY
16284,0.0091,-0.21,-0.37,STATIONARY
16285,0.0075,-0.18,-0.36,STATIONARY
16287,-0.0074,-0.18,-0.35,STATIONARY
16289,-0.0352,-0.23,-0.34,STATIONARY
16291,-0.0451,-0.30,-0.34,STATIONARY
16293,-0.0458,-0.36,-0.34,STATIONARY
16295,-0.0373,-0.40,-0.34,STATIONARY
16297,-0.0317,-0.42,-0.35,STATIONARY
16299,-0.0161,-0.42,-0.35,STATIONARY
16301,-0.0207,-0.42,-0.36,STATIONARY
16304,-0.0155,-0.42,-0.36,STATIONARY
16305,0.0006,-0.38,-0.36,STATIONARY
16307,0.0174,-0.32,-0.36,STATIONARY
16309,0.0284,-0.24,-0.35,STATIONARY
16311,0.0304,-0.17,-0.34,STATIONARY
16313,0.0251,-0.11,-0.33,STATIONARY
16315,0.0196,-0.06,-0.31,STATIONARY
16317,0.0102,-0.04,-0.30,STATIONARY
16319,0.0100,-0.02,-0.28,STATIONARY
16321,0.0198,0.02,-0.26,STATIONARY
16323,0.0228,0.06,-0.24,STATIONARY
16325,0.0267,0.10,-0.22,STATIONARY
16327,0.0305,0.15,-0.20,STATIONARY
16329,0.0219,0.18,-0.18,STATIONARY
16331,0.0047,0.17,-0.16,STATIONARY
16333,-0.0082,0.15,-0.14,STATIONARY
16335,-0.0218,0.09,-0.12,STATIONARY
16337,-0.0272,0.04,-0.12,STATIONARY
16340,-0.0240,-0.01,-0.11,STATIONARY
16341,-0.0168,-0.04,-0.11,STATIONARY
16343,-0.0068,-0.05,-0.10,STATIONARY
16345,0.0129,-0.02,-0.10,STATIONARY
16347,0.0195,0.02,-0.09,STATIONARY
16349,0.0289,0.07,-0.08,STATIONARY
16351,0.0337,0.12,-0.07,STATIONARY
16354,0.0487,0.20,-0.05,STATIONARY
16355,0.0608,0.30,-0.03,STATIONARY
16357,0.0548,0.38,-0.01,STATIONARY
16359,0.0448,0.43,0.02,STATIONARY
16361,0.0339,0.46,0.04,STATIONARY
16363,0.0161,0.45,0.07,STATIONARY
16365,0.0001,0.41,0.09,STATIONARY
16367,-0.0073,0.37,0.10,STATIONARY
16369,-0.0151,0.31,0.12,STATIONARY
16371,-0.0301,0.23,0.12,STATIONARY
16373,-0.0433,0.13,0.12,STATIONARY
16375,-0.0448,0.04,0.12,STATIONARY
16377,-0.0430,-0.04,0.11,STATIONARY
16379,-0.0406,-0.11,0.10,STATIONARY
16382,-0.0372,-0.17,0.08,STATIONARY
16384,-0.0338,-0.22,0.06,STATIONARY
16386,-0.0260,-0.25,0.04,STATIONARY
16387,-0.0220,-0.27,0.02,STATIONARY
16389,-0.0203,-0.29,0.01,STATIONARY
16391,-0.0039,-0.27,-0.01,STATIONARY
16394,0.0223,-0.21,-0.02,STATIONARY
16396,0.0398,-0.12,-0.03,STATIONARY
16398,0.0554,-0.01,-0.03,STATIONARY
16399,0.0584,0.10,-0.02,STATIONARY
16401,0.0603,0.20,-0.01,STATIONARY
16404,0.0483,0.28,0.01,STATIONARY
16405,0.0361,0.32,0.03,STATIONARY
16407,0.0203,0.33,0.05,STATIONARY
16409,0.0004,0.31,0.06,STATIONARY
16411,-0.0069,0.27,0.07,STATIONARY
16413,-0.0312,0.19,0.08,STATIONARY
16415,-0.0487,0.09,0.08,STATIONARY
16417,-0.0624,-0.04,0.07,STATIONARY
16420,-0.0656,-0.15,0.06,STATIONARY
16421,-0.0525,-0.24,0.04,STATIONARY
16424,-0.0384,-0.29,0.02,STATIONARY
16425,-0.0318,-0.33,0.00,STATIONARY
16427,-0.0191,-0.33,-0.02,STATIONARY
16429,-0.0177,-0.34,-0.04,STATIONARY
16431,-0.0122,-0.34,-0.05,STATIONARY
16433,-0.0040,-0.32,-0.07,STATIONARY
16435,-0.0051,-0.30,-0.08,STATIONARY
16437,0.0104,-0.26,-0.09,STATIONARY
16439,0.0218,-0.20,-0.10,STATIONARY
16441,0.0303,-0.12,-0.10,STATIONARY
16444,0.0221,-0.07,-0.10,STATIONARY
16445,0.0190,-0.03,-0.10,STATIONARY
16447,0.0311,0.03,-0.09,STATIONARY
16449,0.0301,0.08,-0.08,STATIONARY
16451,0.0244,0.12,-0.07,STATIONARY
16453,0.0218,0.15,-0.05,STATIONARY
16455,0.0173,0.17,-0.04,STATIONARY
16457,-0.0040,0.15,-0.03,STATIONARY
16459,-0.0272,0.09,-0.02,STATIONARY
16461,-0.0267,0.03,-0.02,STATIONARY
16463,-0.0305,-0.03,-0.02,STATIONARY
16465,-0.0378,-0.10,-0.02,STATIONARY
16467,-0.0249,-0.13,-0.03,STATIONARY
16469,-0.0159,-0.15,-0.04,STATIONARY
16471,-0.0029,-0.15,-0.04,STATIONARY
16473,-0.0037,-0.14,-0.05,STATIONARY
16475,-0.0017,-0.13,-0.05,STATIONARY
16477,0.0137,-0.10,-0.06,STATIONARY
16479,0.0365,-0.02,-0.06,STATIONARY
16481,0.0492,0.07,-0.05,STATIONARY
16483,0.0491,0.16,-0.04,STATIONARY
16485,0.0509,0.24,-0.02,STATIONARY
16487,0.0552,0.32,0.00,STATIONARY
16490,0.0457,0.38,0.02,STATIONARY
16491,0.0299,0.40,0.05,STATIONARY
16493,0.0282,0.42,0.07,STATIONARY
16495,0.0153,0.42,0.09,STATIONARY
16497,0.0057,0.39,0.11,STATIONARY
16500,-0.0098,0.34,0.12,STATIONARY
16501,-0.0103,0.30,0.13,STATIONARY
16503,-0.0081,0.26,0.14,STATIONARY
16506,-0.0069,0.23,0.14,STATIONARY
16507,-0.0210,0.17,0.14,STATIONARY
16509,-0.0265,0.11,0.14,STATIONARY
16511,-0.0203,0.06,0.14,STATIONARY
16513,-0.0156,0.03,0.13,STATIONARY
16515,-0.0114,0.00,0.12,STATIONARY
16518,-0.0106,-0.02,0.12,STATIONARY
16519,-0.0072,-0.03,0.11,STATIONARY
16522,0.0053,-0.02,0.10,STATIONARY
16523,0.0201,0.02,0.10,STATIONARY
16526,0.0328,0.08,0.09,STATIONARY
16527,0.0472,0.16,0.10,STATIONARY
16529,0.0482,0.24,0.11,STATIONARY
16531,0.0395,0.29,0.12,STATIONARY
16533,0.0386,0.34,0.13,STATIONARY
16535,0.0304,0.37,0.14,STATIONARY
16537,0.0163,0.37,0.16,STATIONARY
16539,0.0026,0.34,0.17,STATIONARY
16541,-0.0069,0.30,0.18,STATIONARY
16543,-0.0141,0.25,0.18,STATIONARY
16545,-0.0310,0.18,0.18,STATIONARY
16547,-0.0456,0.08,0.17,STATIONARY
16549,-0.0493,-0.02,0.16,STATIONARY
16551,-0.0489,-0.11,0.15,STATIONARY
16554,-0.0455,-0.18,0.13,STATIONARY
16555,-0.0429,-0.25,0.11,STATIONARY
16557,-0.0261,-0.28,0.08,STATIONARY
16559,-0.0103,-0.27,0.06,STATIONARY
16561,-0.0039,-0.26,0.04,STATIONARY
16564,0.0117,-0.22,0.03,STATIONARY
16565,0.0315,-0.14,0.02,STATIONARY
16567,0.0433,-0.05,0.01,STATIONARY
16569,0.0367,0.02,0.01,STATIONARY
16571,0.0322,0.08,0.02,STATIONARY
16573,0.0230,0.12,0.02,STATIONARY
16576,0.0220,0.15,0.03,STATIONARY
16577,0.0247,0.18,0.04,STATIONARY
16579,0.0262,0.21,0.05,STATIONARY
16581,0.0234,0.24,0.06,STATIONARY
16583,0.0131,0.24,0.07,STATIONARY
16586,-0.0048,0.22,0.08,STATIONARY
16587,-0.0284,0.15,0.08,STATIONARY
16590,-0.0442,0.05,0.08,STATIONARY
16592,-0.0524,-0.05,0.08,STATIONARY
16593,-0.0607,-0.15,0.06,STATIONARY
16596,-0.0533,-0.24,0.04,STATIONARY
16597,-0.0470,-0.31,0.02,STATIONARY
16599,-0.0366,-0.35,0.00,STATIONARY
16602,-0.0205,-0.36,-0.02,STATIONARY
16603,-0.0132,-0.36,-0.04,STATIONARY
16606,-0.0045,-0.34,-0.06,STATIONARY
16608,0.0048,-0.30,-0.07,STATIONARY
16609,0.0085,-0.26,-0.08,STATIONARY
16611,0.0237,-0.20,-0.09,STATIONARY
16613,0.0305,-0.12,-0.09,STATIONARY
16615,0.0371,-0.05,-0.09,STATIONARY
16617,0.0411,0.03,-0.08,STATIONARY
16619,0.0375,0.10,-0.07,STATIONARY
16621,0.0190,0.13,-0.06,STATIONARY
16624,0.0066,0.13,-0.05,STATIONARY
16625,-0.0005,0.12,-0.04,STATIONARY
16627,0.0002,0.11,-0.03,STATIONARY
16629,-0.0004,0.10,-0.02,STATIONARY
16631,-0.0160,0.06,-0.02,STATIONARY
16633,-0.0345,-0.01,-0.02,STATIONARY
16635,-0.0328,-0.07,-0.02,STATIONARY
16637,-0.0355,-0.13,-0.03,STATIONARY
16639,-0.0258,-0.16,-0.03,STATIONARY
16641,-0.0252,-0.20,-0.04,STATIONARY
16643,-0.0201,-0.22,-0.05,STATIONARY
16645,-0.0110,-0.22,-0.06,STATIONARY
16647,-0.0025,-0.21,-0.07,STATIONARY
16649,0.0048,-0.18,-0.08,STATIONARY
16651,0.0152,-0.14,-0.08,STATIONARY
16653,0.0286,-0.08,-0.08,STATIONARY
16655,0.0289,-0.02,-0.08,STATIONARY
16657,0.0321,0.04,-0.07,STATIONARY
16659,0.0375,0.11,-0.06,STATIONARY
16662,0.0255,0.15,-0.05,STATIONARY
16663,0.0041,0.14,-0.04,STATIONARY
16665,0.0005,0.13,-0.03,STATIONARY
16667,-0.0181,0.09,-0.02,STATIONARY
16669,-0.0241,0.04,-0.02,STATIONARY
16671,-0.0383,-0.04,-0.02,STATIONARY
16673,-0.0508,-0.13,-0.02,STATIONARY
16675,-0.0514,-0.21,-0.04,STATIONARY
16678,-0.0543,-0.29,-0.05,STATIONARY
16679,-0.0495,-0.36,-0.07,STATIONARY
16681,-0.0458,-0.42,-0.09,STATIONARY
16683,-0.0368,-0.45,-0.11,STATIONARY
16685,-0.0272,-0.47,-0.13,STATIONARY
16687,-0.0137,-0.45,-0.15,STATIONARY
16689,-0.0024,-0.42,-0.17,STATIONARY
16691,0.0066,-0.38,-0.18,STATIONARY
16693,0.0342,-0.28,-0.19,STATIONARY
16695,0.0546,-0.16,-0.18,STATIONARY
16697,0.0635,-0.03,-0.17,STATIONARY
16699,0.0750,0.11,-0.16,STATIONARY
16701,0.0695,0.23,-0.14,STATIONARY
16703,0.0485,0.30,-0.11,STATIONARY
16705,0.0169,0.31,-0.08,STATIONARY
16707,-0.0058,0.27,-0.06,STATIONARY
16709,-0.0261,0.20,-0.05,STATIONARY
16711,-0.0413,0.11,-0.04,STATIONARY
16713,-0.0570,-0.00,-0.04,STATIONARY
16715,-0.0668,-0.13,-0.04,STATIONARY
16717,-0.0673,-0.24,-0.05,STATIONARY
16720,-0.0716,-0.35,-0.07,STATIONARY
16721,-0.0688,-0.45,-0.09,STATIONARY
16723,-0.0573,-0.52,-0.12,STATIONARY
16726,-0.0328,-0.54,-0.14,STATIONARY
16727,-0.0234,-0.54,-0.17,STATIONARY
16729,-0.0133,-0.52,-0.19,STATIONARY
16731,-0.0050,-0.49,-0.21,STATIONARY
16733,0.0087,-0.43,-0.22,STATIONARY
16735,0.0213,-0.36,-0.23,STATIONARY
16737,0.0384,-0.26,-0.23,STATIONARY
16739,0.0570,-0.13,-0.22,STATIONARY
16741,0.0593,-0.01,-0.21,STATIONARY
16743,0.0608,0.10,-0.19,STATIONARY
16745,0.0486,0.18,-0.17,STATIONARY
16748,0.0394,0.24,-0.15,STATIONARY
16749,0.0349,0.28,-0.12,STATIONARY
16751,0.0234,0.30,-0.10,STATIONARY
16753,0.0021,0.28,-0.07,STATIONARY
16755,-0.0296,0.21,-0.06,STATIONARY
16757,-0.0505,0.10,-0.05,STATIONARY
16759,-0.0619,-0.02,-0.05,STATIONARY
16761,-0.0642,-0.14,-0.05,STATIONARY
16764,-0.0753,-0.27,-0.07,STATIONARY
16765,-0.0662,-0.37,-0.08,STATIONARY
16767,-0.0576,-0.45,-0.10,STATIONARY
16769,-0.0411,-0.49,-0.13,STATIONARY
16771,-0.0181,-0.48,-0.15,STATIONARY
16773,-0.0024,-0.45,-0.17,STATIONARY
16775,0.0103,-0.39,-0.18,STATIONARY
16777,0.0271,-0.31,-0.19,STATIONARY
16779,0.0459,-0.20,-0.19,STATIONARY
16781,0.0611,-0.07,-0.18,STATIONARY
16783,0.0733,0.07,-0.17,STATIONARY
16786,0.0749,0.20,-0.14,STATIONARY
16787,0.0663,0.31,-0.12,STATIONARY
16789,0.0544,0.38,-0.09,STATIONARY
16791,0.0350,0.42,-0.06,STATIONARY
16793,0.0149,0.41,-0.03,STATIONARY
16796,-0.0047,0.37,-0.01,STATIONARY
16797,-0.0257,0.29,0.01,STATIONARY
16799,-0.0454,0.18,0.02,STATIONARY
16801,-0.0625,0.06,0.02,STATIONARY
16803,-0.0678,-0.07,0.02,STATIONARY
16805,-0.0680,-0.19,0.00,STATIONARY
16807,-0.0500,-0.27,-0.01,STATIONARY
16809,-0.0428,-0.33,-0.03,STATIONARY
16812,-0.0259,-0.35,-0.05,STATIONARY
16813,-0.0005,-0.32,-0.06,STATIONARY
16815,0.0167,-0.27,-0.08,STATIONARY
16817,0.0401,-0.17,-0.08,STATIONARY
16819,0.0458,-0.07,-0.08,STATIONARY
16822,0.0489,0.02,-0.08,STATIONARY
16824,0.0552,0.12,-0.06,STATIONARY
16825,0.0555,0.22,-0.05,STATIONARY
16827,0.0494,0.29,-0.03,STATIONARY
16829,0.0416,0.34,-0.01,STATIONARY
16831,0.0308,0.37,0.02,STATIONARY
16833,0.0258,0.39,0.04,STATIONARY
16835,0.0115,0.38,0.06,STATIONARY
16837,-0.0008,0.35,0.08,STATIONARY
16839,-0.0153,0.29,0.09,STATIONARY
16841,-0.0381,0.20,0.10,STATIONARY
16844,-0.0477,0.09,0.10,STATIONARY
16845,-0.0578,-0.02,0.09,STATIONARY
16847,-0.0598,-0.13,0.08,STATIONARY
16850,-0.0673,-0.24,0.06,STATIONARY
16851,-0.0615,-0.34,0.03,STATIONARY
16853,-0.0489,-0.40,0.01,STATIONARY
16855,-0.0302,-0.42,-0.02,STATIONARY
16857,-0.0082,-0.40,-0.04,STATIONARY
16859,0.0091,-0.35,-0.06,STATIONARY
16861,0.0228,-0.28,-0.07,STATIONARY
16864,0.0378,-0.19,-0.08,STATIONARY
16866,0.0524,-0.08,-0.08,STATIONARY
16867,0.0613,0.04,-0.07,STATIONARY
16869,0.0589,0.14,-0.06,STATIONARY
16871,0.0511,0.23,-0.04,STATIONARY
16873,0.0311,0.27,-0.02,STATIONARY
16875,0.0119,0.27,-0.01,STATIONARY
16877,-0.0010,0.24,0.01,STATIONARY
16879,-0.0066,0.21,0.02,STATIONARY
16881,-0.0180,0.16,0.03,STATIONARY
16883,-0.0256,0.10,0.03,STATIONARY
16885,-0.0455,0.01,0.03,STATIONARY
16887,-0.0537,-0.09,0.02,STATIONARY
16889,-0.0621,-0.20,0.01,STATIONARY
16891,-0.0599,-0.29,-0.01,STATIONARY
16893,-0.0622,-0.38,-0.03,STATIONARY
16895,-0.0562,-0.46,-0.05,STATIONARY
16897,-0.0404,-0.49,-0.08,STATIONARY
16899,-0.0272,-0.50,-0.11,STATIONARY
16901,-0.0032,-0.47,-0.13,STATIONARY
16904,0.0130,-0.41,-0.14,STATIONARY
16905,0.0254,-0.33,-0.15,STATIONARY
16907,0.0386,-0.23,-0.16,STATIONARY
16909,0.0401,-0.14,-0.16,STATIONARY
16911,0.0410,-0.05,-0.15,STATIONARY
16913,0.0393,0.02,-0.14,STATIONARY
16915,0.0259,0.07,-0.13,STATIONARY
16917,0.0144,0.09,-0.12,STATIONARY
16920,0.0027,0.09,-0.10,STATIONARY
16921,-0.0064,0.07,-0.09,STATIONARY
16924,-0.0175,0.03,-0.09,STATIONARY
16925,-0.0294,-0.02,-0.08,STATIONARY
16927,-0.0436,-0.10,-0.08,STATIONARY
16929,-0.0499,-0.19,-0.09,STATIONARY
16931,-0.0446,-0.25,-0.10,STATIONARY
16933,-0.0371,-0.30,-0.11,STATIONARY
16935,-0.0423,-0.36,-0.13,STATIONARY
16937,-0.0453,-0.41,-0.14,STATIONARY
16939,-0.0334,-0.44,-0.16,STATIONARY
16941,-0.0104,-0.42,-0.18,STATIONARY
16943,0.0078,-0.37,-0.19,STATIONARY
16945,0.0179,-0.31,-0.19,STATIONARY
16947,0.0379,-0.22,-0.20,STATIONARY
16949,0.0511,-0.11,-0.19,STATIONARY
16951,0.0518,-0.00,-0.18,STATIONARY
16953,0.0550,0.10,-0.16,STATIONARY
16955,0.0524,0.19,-0.14,STATIONARY
16957,0.0394,0.25,-0.12,STATIONARY
16959,0.0279,0.28,-0.10,STATIONARY
16961,0.0076,0.27,-0.07,STATIONARY
16963,-0.0127,0.22,-0.06,STATIONARY
16965,-0.0309,0.15,-0.04,STATIONARY
16968,-0.0363,0.07,-0.04,STATIONARY
16969,-0.0524,-0.03,-0.04,STATIONARY
16971,-0.0579,-0.14,-0.04,STATIONARY
16973,-0.0585,-0.23,-0.05,STATIONARY
16975,-0.0659,-0.34,-0.07,STATIONARY
16977,-0.0600,-0.42,-0.09,STATIONARY
16979,-0.0343,-0.45,-0.11,STATIONARY
16981,-0.0151,-0.44,-0.13,STATIONARY
16984,-0.0027,-0.41,-0.15,STATIONARY
16986,0.0123,-0.35,-0.16,STATIONARY
16987,0.0252,-0.28,-0.17,STATIONARY
16989,0.0397,-0.18,-0.17,STATIONARY
16991,0.0594,-0.06,-0.16,STATIONARY
16994,0.0665,0.07,-0.15,STATIONARY
16995,0.0599,0.17,-0.13,STATIONARY
16997,0.0513,0.25,-0.11,STATIONARY
17000,0.0482,0.32,-0.08,STATIONARY
17001,0.0327,0.36,-0.06,STATIONARY
17003,0.0209,0.37,-0.03,STATIONARY
17006,0.0096,0.35,-0.01,STATIONARY
17007,-0.0060,0.31,0.01,STATIONARY
17009,-0.0349,0.23,0.02,STATIONARY
17011,-0.0528,0.11,0.03,STATIONARY
17013,-0.0689,-0.03,0.03,STATIONARY
17016,-0.0741,-0.16,0.01,STATIONARY
17018,-0.0774,-0.29,-0.00,STATIONARY
17019,-0.0696,-0.39,-0.03,STATIONARY
17022,-0.0562,-0.47,-0.05,STATIONARY
17023,-0.0469,-0.52,-0.08,STATIONARY
17025,-0.0252,-0.52,-0.11,STATIONARY
17027,-0.0139,-0.50,-0.13,STATIONARY
17029,-0.0005,-0.46,-0.15,STATIONARY
17031,0.0096,-0.41,-0.16,STATIONARY
17033,0.0152,-0.35,-0.18,STATIONARY
17035,0.0215,-0.28,-0.18,STATIONARY
17037,0.0340,-0.20,-0.18,STATIONARY
17039,0.0418,-0.10,-0.18,STATIONARY
17041,0.0404,-0.02,-0.17,STATIONARY
17043,0.0343,0.04,-0.16,STATIONARY
17045,0.0046,0.05,-0.14,STATIONARY
17047,-0.0102,0.03,-0.13,STATIONARY
17049,-0.0272,-0.03,-0.13,STATIONARY
17051,-0.0385,-0.09,-0.13,STATIONARY
17054,-0.0463,-0.17,-0.13,STATIONARY
17055,-0.0519,-0.25,-0.14,STATIONARY
17057,-0.0517,-0.33,-0.15,STATIONARY
17059,-0.0470,-0.39,-0.16,STATIONARY
17061,-0.0362,-0.42,-0.18,STATIONARY
17064,-0.0265,-0.44,-0.19,STATIONARY
17065,-0.0142,-0.43,-0.21,STATIONARY
17067,0.0057,-0.39,-0.22,STATIONARY
17069,0.0231,-0.31,-0.22,STATIONARY
17071,0.0314,-0.23,-0.22,STATIONARY
17073,0.0423,-0.13,-0.22,STATIONARY
17076,0.0327,-0.06,-0.21,STATIONARY
17077,0.0342,0.01,-0.20,STATIONARY
17079,0.0323,0.06,-0.18,STATIONARY
17081,0.0224,0.10,-0.16,STATIONARY
17083,0.0231,0.14,-0.15,STATIONARY
17086,0.0194,0.16,-0.13,STATIONARY
17087,0.0232,0.19,-0.11,STATIONARY
17089,0.0280,0.23,-0.09,STATIONARY
17091,0.0340,0.27,-0.07,STATIONARY
17093,0.0206,0.29,-0.05,STATIONARY
17095,0.0128,0.29,-0.03,STATIONARY
17097,0.0026,0.27,-0.01,STATIONARY
17099,-0.0016,0.24,0.01,STATIONARY
17102,-0.0028,0.22,0.02,STATIONARY
17103,-0.0258,0.15,0.03,STATIONARY
17105,-0.0329,0.08,0.03,STATIONARY
17107,-0.0354,0.01,0.03,STATIONARY
17109,-0.0322,-0.05,0.02,STATIONARY
17111,-0.0245,-0.09,0.02,STATIONARY
17113,-0.0060,-0.09,0.01,STATIONARY
17115,0.0172,-0.06,0.01,STATIONARY
17117,0.0417,0.03,0.01,STATIONARY
17119,0.0540,0.12,0.01,STATIONARY
17121,0.0682,0.24,0.03,STATIONARY
17124,0.0644,0.34,0.05,STATIONARY
17125,0.0566,0.42,0.07,STATIONARY
17127,0.0402,0.46,0.09,STATIONARY
17129,0.0266,0.47,0.11,STATIONARY
17131,0.0170,0.46,0.13,STATIONARY
17133,0.0055,0.44,0.15,STATIONARY
17135,-0.0123,0.38,0.16,STATIONARY
17137,-0.0427,0.27,0.17,STATIONARY
17139,-0.0571,0.14,0.17,STATIONARY
17141,-0.0520,0.04,0.16,STATIONARY
17143,-0.0543,-0.07,0.15,STATIONARY
17145,-0.0410,-0.14,0.13,STATIONARY
17147,-0.0294,-0.18,0.11,STATIONARY
17149,-0.0257,-0.21,0.09,STATIONARY
17151,-0.0192,-0.23,0.07,STATIONARY
17153,-0.0161,-0.24,0.06,STATIONARY
17155,-0.0151,-0.25,0.04,STATIONARY
17157,-0.0211,-0.27,0.02,STATIONARY
17159,-0.0193,-0.28,0.00,STATIONARY
17162,-0.0150,-0.29,-0.02,STATIONARY
17163,-0.0018,-0.27,-0.03,STATIONARY
17165,-0.0010,-0.25,-0.04,STATIONARY
17167,0.0032,-0.22,-0.05,STATIONARY
17169,0.0015,-0.20,-0.06,STATIONARY
17171,0.0079,-0.17,-0.07,STATIONARY
17173,0.0149,-0.13,-0.07,STATIONARY
17175,0.0100,-0.10,-0.07,STATIONARY
17177,0.0095,-0.08,-0.08,STATIONARY
17179,0.0076,-0.06,-0.07,STATIONARY
17182,-0.0067,-0.06,-0.07,STATIONARY
17183,-0.0252,-0.11,-0.08,STATIONARY
17186,-0.0361,-0.16,-0.08,STATIONARY
17188,-0.0389,-0.22,-0.09,STATIONARY
17189,-0.0441,-0.29,-0.10,STATIONARY
17191,-0.0367,-0.33,-0.11,STATIONARY
17194,-0.0329,-0.36,-0.13,STATIONARY
17195,-0.0180,-0.37,-0.14,STATIONARY
17197,-0.0190,-0.37,-0.16,STATIONARY
17199,-0.0129,-0.37,-0.17,STATIONARY
17201,-0.0030,-0.34,-0.18,STATIONARY
17203,0.0215,-0.28,-0.19,STATIONARY
17205,0.0318,-0.20,-0.19,STATIONARY
17207,0.0296,-0.13,-0.18,STATIONARY
17209,0.0312,-0.06,-0.17,STATIONARY
17211,0.0242,-0.01,-0.17,STATIONARY
17213,0.0189,0.03,-0.15,STATIONARY
17215,0.0180,0.06,-0.14,STATIONARY
17218,0.0093,0.07,-0.13,STATIONARY
17219,-0.0144,0.04,-0.12,STATIONARY
17221,-0.0343,-0.03,-0.11,STATIONARY
17223,-0.0424,-0.10,-0.11,STATIONARY
17226,-0.0502,-0.19,-0.12,STATIONARY
17227,-0.0491,-0.26,-0.13,STATIONARY
17229,-0.0428,-0.32,-0.14,STATIONARY
17231,-0.0297,-0.35,-0.15,STATIONARY
17233,-0.0187,-0.36,-0.16,STATIONARY
17235,-0.0239,-0.37,-0.17,STATIONARY
17237,-0.0153,-0.37,-0.19,STATIONARY
17239,-0.0098,-0.36,-0.20,STATIONARY
17242,-0.0045,-0.34,-0.20,STATIONARY
17243,-0.0069,-0.32,-0.21,STATIONARY
17245,-0.0164,-0.33,-0.22,STATIONARY
17247,-0.0122,-0.32,-0.22,STATIONARY
17249,-0.0094,-0.32,-0.23,STATIONARY
17251,0.0019,-0.29,-0.23,STATIONARY
17253,0.0092,-0.25,-0.23,STATIONARY
17256,0.0131,-0.20,-0.23,STATIONARY
17258,0.0136,-0.16,-0.23,STATIONARY
17259,0.0103,-0.13,-0.22,STATIONARY
17261,0.0083,-0.10,-0.22,STATIONARY
17264,0.0038,-0.09,-0.21,STATIONARY
17265,-0.0113,-0.10,-0.20,STATIONARY
17267,-0.0255,-0.14,-0.20,STATIONARY
17269,-0.0341,-0.19,-0.20,STATIONARY
17271,-0.0389,-0.25,-0.20,STATIONARY
17273,-0.0436,-0.31,-0.21,STATIONARY
17275,-0.0450,-0.37,-0.22,STATIONARY
17277,-0.0507,-0.43,-0.23,STATIONARY
17280,-0.0373,-0.47,-0.24,STATIONARY
17281,-0.0191,-0.46,-0.26,STATIONARY
17283,0.0008,-0.42,-0.27,STATIONARY
17285,0.0167,-0.36,-0.27,STATIONARY
17287,0.0207,-0.29,-0.27,STATIONARY
17289,0.0255,-0.22,-0.27,STATIONARY
17291,0.0346,-0.14,-0.26,STATIONARY
17293,0.0426,-0.05,-0.25,STATIONARY
17295,0.0450,0.04,-0.23,STATIONARY
17297,0.0379,0.10,-0.21,STATIONARY
17299,0.0203,0.13,-0.19,STATIONARY
17301,0.0032,0.13,-0.17,STATIONARY
17303,0.0019,0.12,-0.16,STATIONARY
17306,-0.0080,0.10,-0.14,STATIONARY
17307,-0.0140,0.06,-0.13,STATIONARY
17309,-0.0182,0.02,-0.12,STATIONARY
17311,-0.0268,-0.03,-0.12,STATIONARY
17313,-0.0225,-0.07,-0.11,STATIONARY
17315,-0.0223,-0.10,-0.11,STATIONARY
17317,-0.0205,-0.13,-0.11,STATIONARY
17319,-0.0212,-0.16,-0.12,STATIONARY
17321,-0.0125,-0.17,-0.12,STATIONARY
17323,-0.0073,-0.17,-0.12,STATIONARY
17325,-0.0088,-0.17,-0.12,STATIONARY
17328,-0.0081,-0.17,-0.13,STATIONARY
17329,-0.0115,-0.18,-0.13,STATIONARY
17331,-0.0090,-0.18,-0.13,STATIONARY
17334,-0.0049,-0.18,-0.14,STATIONARY
17335,0.0086,-0.15,-0.14,STATIONARY
17337,0.0228,-0.09,-0.13,STATIONARY
17339,0.0319,-0.03,-0.13,STATIONARY
17341,0.0250,0.02,-0.12,STATIONARY
17344,0.0279,0.07,-0.11,STATIONARY
17345,0.0134,0.09,-0.10,STATIONARY
17347,0.0007,0.08,-0.09,STATIONARY
17350,-0.0045,0.07,-0.08,STATIONARY
17351,-0.0168,0.03,-0.07,STATIONARY
17354,-0.0344,-0.03,-0.07,STATIONARY
17355,-0.0393,-0.10,-0.07,STATIONARY
17357,-0.0435,-0.17,-0.08,STATIONARY
17360,-0.0462,-0.25,-0.09,STATIONARY
17361,-0.0411,-0.30,-0.10,STATIONARY
17363,-0.0382,-0.35,-0.11,STATIONARY
17366,-0.0287,-0.37,-0.13,STATIONARY
17367,-0.0115,-0.36,-0.14,STATIONARY
17369,-0.0043,-0.34,-0.15,STATIONARY
17371,0.0197,-0.28,-0.16,STATIONARY
17373,0.0300,-0.20,-0.16,STATIONARY
17375,0.0386,-0.11,-0.16,STATIONARY
17377,0.0541,-0.01,-0.15,STATIONARY
17379,0.0527,0.09,-0.14,STATIONARY
17382,0.0492,0.17,-0.12,STATIONARY
17383,0.0379,0.23,-0.10,STATIONARY
17386,0.0266,0.26,-0.08,STATIONARY
17387,0.0173,0.27,-0.06,STATIONARY
17389,0.0052,0.26,-0.04,STATIONARY
17391,-0.0091,0.22,-0.02,STATIONARY
17394,-0.0208,0.17,-0.01,STATIONARY
17396,-0.0265,0.10,-0.00,STATIONARY
17398,-0.0295,0.04,-0.00,STATIONARY
17399,-0.0286,-0.01,-0.00,STATIONARY
17401,-0.0275,-0.06,-0.01,STATIONARY
17403,-0.0229,-0.10,-0.01,STATIONARY
17405,-0.0196,-0.13,-0.02,STATIONARY
17407,-0.0026,-0.12,-0.03,STATIONARY
17409,0.0088,-0.10,-0.03,STATIONARY
17411,0.0111,-0.07,-0.03,STATIONARY
17413,0.0221,-0.02,-0.03,STATIONARY
17415,0.0460,0.06,-0.03,STATIONARY
17417,0.0499,0.15,-0.02,STATIONARY
17420,0.0501,0.23,-0.00,STATIONARY
17421,0.0603,0.32,0.02,STATIONARY
17424,0.0631,0.41,0.04,STATIONARY
17425,0.0487,0.47,0.07,STATIONARY
17427,0.0433,0.51,0.09,STATIONARY
17429,0.0370,0.54,0.12,STATIONARY
17431,0.0239,0.54,0.14,STATIONARY
17433,0.0064,0.51,0.17,STATIONARY
17435,-0.0009,0.47,0.18,STATIONARY
17437,-0.0182,0.40,0.20,STATIONARY
17439,-0.0361,0.30,0.20,STATIONARY
17441,-0.0454,0.19,0.20,STATIONARY
17444,-0.0540,0.07,0.19,STATIONARY
17445,-0.0498,-0.02,0.18,STATIONARY
17447,-0.0343,-0.08,0.17,STATIONARY
17449,-0.0242,-0.12,0.15,STATIONARY
17451,-0.0151,-0.14,0.13,STATIONARY
17453,-0.0057,-0.14,0.12,STATIONARY
17455,0.0139,-0.10,0.10,STATIONARY
17457,0.0368,-0.03,0.10,STATIONARY
17459,0.0502,0.07,0.09,STATIONARY
17461,0.0529,0.16,0.10,STATIONARY
17463,0.0411,0.22,0.10,STATIONARY
17465,0.0432,0.28,0.12,STATIONARY
17468,0.0327,0.32,0.13,STATIONARY
17469,0.0195,0.33,0.14,STATIONARY
17471,0.0124,0.33,0.15,STATIONARY
17473,-0.0015,0.30,0.16,STATIONARY
17475,-0.0141,0.25,0.17,STATIONARY
17477,-0.0312,0.17,0.17,STATIONARY
17479,-0.0458,0.07,0.16,STATIONARY
17481,-0.0604,-0.04,0.15,STATIONARY
17484,-0.0681,-0.16,0.13,STATIONARY
17485,-0.0677,-0.28,0.11,STATIONARY
17487,-0.0658,-0.38,0.08,STATIONARY
17490,-0.0631,-0.46,0.05,STATIONARY
17491,-0.0451,-0.51,0.01,STATIONARY
17493,-0.0332,-0.53,-0.02,STATIONARY
17495,-0.0152,-0.51,-0.05,STATIONARY
17497,0.0020,-0.47,-0.07,STATIONARY
17500,0.0220,-0.39,-0.09,STATIONARY
17501,0.0459,-0.28,-0.10,STATIONARY
17503,0.0566,-0.15,-0.11,STATIONARY
17506,0.0488,-0.05,-0.10,STATIONARY
17507,0.0399,0.03,-0.09,STATIONARY
17509,0.0254,0.07,-0.08,STATIONARY
17511,0.0136,0.09,-0.07,STATIONARY
17513,-0.0045,0.08,-0.06,STATIONARY
17515,-0.0133,0.05,-0.06,STATIONARY
17518,-0.0240,-0.00,-0.05,STATIONARY
17519,-0.0367,-0.07,-0.06,STATIONARY
17521,-0.0480,-0.15,-0.06,STATIONARY
17523,-0.0502,-0.23,-0.07,STATIONARY
17525,-0.0545,-0.31,-0.09,STATIONARY
17527,-0.0557,-0.39,-0.10,STATIONARY
17529,-0.0570,-0.46,-0.13,STATIONARY
17531,-0.0495,-0.52,-0.15,STATIONARY
17533,-0.0354,-0.54,-0.17,STATIONARY
17535,-0.0292,-0.55,-0.19,STATIONARY
17537,-0.0152,-0.54,-0.21,STATIONARY
17539,0.0043,-0.49,-0.23,STATIONARY
17541,0.0125,-0.42,-0.24,STATIONARY
17543,0.0226,-0.35,-0.25,STATIONARY
17545,0.0314,-0.26,-0.25,STATIONARY
17547,0.0384,-0.17,-0.24,STATIONARY
17549,0.0291,-0.10,-0.24,STATIONARY
17551,0.0344,-0.03,-0.22,STATIONARY
17554,0.0249,0.02,-0.21,STATIONARY
17555,0.0238,0.06,-0.19,STATIONARY
17557,0.0165,0.08,-0.18,STATIONARY
17559,0.0024,0.08,-0.16,STATIONARY
17561,-0.0209,0.04,-0.15,STATIONARY
17564,-0.0374,-0.03,-0.14,STATIONARY
17565,-0.0594,-0.14,-0.14,STATIONARY
17567,-0.0638,-0.25,-0.15,STATIONARY
17569,-0.0602,-0.34,-0.16,STATIONARY
17571,-0.0562,-0.41,-0.18,STATIONARY
17573,-0.0462,-0.47,-0.19,STATIONARY
17575,-0.0360,-0.50,-0.21,STATIONARY
17577,-0.0234,-0.50,-0.23,STATIONARY
17579,-0.0163,-0.49,-0.24,STATIONARY
17581,0.0037,-0.44,-0.25,STATIONARY
17583,0.0165,-0.38,-0.26,STATIONARY
17586,0.0211,-0.31,-0.26,STATIONARY
17587,0.0264,-0.24,-0.26,STATIONARY
17589,0.0291,-0.16,-0.26,STATIONARY
17592,0.0295,-0.10,-0.25,STATIONARY
17593,0.0233,-0.04,-0.24,STATIONARY
17596,0.0208,-0.00,-0.22,STATIONARY
17597,0.0212,0.04,-0.21,STATIONARY
17599,0.0127,0.06,-0.19,STATIONARY
17602,0.0042,0.06,-0.18,STATIONARY
17603,-0.0057,0.04,-0.16,STATIONARY
17605,-0.0236,-0.00,-0.15,STATIONARY
17608,-0.0383,-0.07,-0.15,STATIONARY
17609,-0.0509,-0.16,-0.15,STATIONARY
17611,-0.0567,-0.25,-0.16,STATIONARY
17613,-0.0517,-0.33,-0.17,STATIONARY
17615,-0.0427,-0.38,-0.18,STATIONARY
17617,-0.0314,-0.41,-0.19,STATIONARY
17619,-0.0254,-0.42,-0.21,STATIONARY
17621,-0.0235,-0.43,-0.22,STATIONARY
17624,-0.0095,-0.41,-0.23,STATIONARY
17625,0.0024,-0.38,-0.24,STATIONARY
17627,0.0215,-0.31,-0.24,STATIONARY
17629,0.0342,-0.22,-0.24,STATIONARY
17631,0.0439,-0.12,-0.23,STATIONARY
17633,0.0481,-0.02,-0.22,STATIONARY
17635,0.0504,0.07,-0.20,STATIONARY
17637,0.0517,0.16,-0.18,STATIONARY
17639,0.0490,0.24,-0.16,STATIONARY
17641,0.0471,0.31,-0.13,STATIONARY
17643,0.0319,0.34,-0.10,STATIONARY
17645,0.0091,0.33,-0.08,STATIONARY
17647,-0.0167,0.27,-0.06,STATIONARY
17650,-0.0302,0.20,-0.04,STATIONARY
17651,-0.0477,0.09,-0.03,STATIONARY
17653,-0.0537,-0.01,-0.03,STATIONARY
17655,-0.0547,-0.11,-0.04,STATIONARY
17657,-0.0454,-0.19,-0.05,STATIONARY
17659,-0.0361,-0.24,-0.06,STATIONARY
17662,-0.0250,-0.27,-0.07,STATIONARY
17663,-0.0216,-0.28,-0.08,STATIONARY
17665,-0.0049,-0.27,-0.09,STATIONARY
17667,0.0068,-0.24,-0.10,STATIONARY
17669,0.0111,-0.20,-0.11,STATIONARY
17671,0.0305,-0.13,-0.11,STATIONARY
17673,0.0374,-0.05,-0.11,STATIONARY
17675,0.0335,0.02,-0.10,STATIONARY
17677,0.0295,0.07,-0.09,STATIONARY
17679,0.0255,0.11,-0.08,STATIONARY
17681,0.0237,0.15,-0.06,STATIONARY
17683,0.0153,0.16,-0.05,STATIONARY
17685,0.0128,0.17,-0.04,STATIONARY
17687,0.0141,0.19,-0.02,STATIONARY
17689,0.0109,0.19,-0.01,STATIONARY
17691,0.0081,0.19,0.00,STATIONARY
17693,0.0022,0.18,0.01,STATIONARY
17695,-0.0007,0.16,0.02,STATIONARY
17697,-0.0030,0.15,0.03,STATIONARY
17699,-0.0131,0.11,0.03,STATIONARY
17701,-0.0163,0.07,0.04,STATIONARY
17703,-0.0210,0.03,0.03,STATIONARY
17705,-0.0233,-0.02,0.03,STATIONARY
17707,-0.0110,-0.04,0.03,STATIONARY
17709,-0.0064,-0.05,0.02,STATIONARY
17711,0.0089,-0.03,0.02,STATIONARY
17713,0.0145,0.00,0.02,STATIONARY
17715,0.0324,0.06,0.02,STATIONARY
17717,0.0432,0.14,0.03,STATIONARY
17719,0.0527,0.22,0.04,STATIONARY
17721,0.0394,0.28,0.05,STATIONARY
17723,0.0320,0.31,0.07,STATIONARY
17725,0.0216,0.33,0.08,STATIONARY
17727,0.0052,0.31,0.10,STATIONARY
17729,-0.0106,0.27,0.11,STATIONARY
17731,-0.0245,0.20,0.11,STATIONARY
17733,-0.0265,0.14,0.12,STATIONARY
17736,-0.0391,0.05,0.11,STATIONARY
17737,-0.0483,-0.04,0.10,STATIONARY
17739,-0.0486,-0.13,0.09,STATIONARY
17741,-0.0466,-0.20,0.07,STATIONARY
17743,-0.0434,-0.27,0.05,STATIONARY
17745,-0.0437,-0.32,0.03,STATIONARY
17747,-0.0423,-0.38,0.01,STATIONARY
17749,-0.0328,-0.41,-0.02,STATIONARY
17751,-0.0168,-0.41,-0.04,STATIONARY
17753,0.0044,-0.36,-0.06,STATIONARY
17755,0.0231,-0.29,-0.07,STATIONARY
17757,0.0441,-0.19,-0.08,STATIONARY
17759,0.0513,-0.08,-0.08,STATIONARY
17761,0.0587,0.04,-0.07,STATIONARY
17764,0.0450,0.12,-0.06,STATIONARY
17765,0.0384,0.18,-0.05,STATIONARY
17767,0.0335,0.22,-0.03,STATIONARY
17769,0.0294,0.26,-0.02,STATIONARY
17771,0.0205,0.28,0.00,STATIONARY
17773,0.0104,0.27,0.02,STATIONARY
17775,-0.0002,0.25,0.03,STATIONARY
17777,-0.0148,0.20,0.04,STATIONARY
17780,-0.0235,0.14,0.05,STATIONARY
17781,-0.0291,0.08,0.05,STATIONARY
17783,-0.0232,0.03,0.05,STATIONARY
17786,-0.0069,0.02,0.05,STATIONARY
17787,-0.0054,0.00,0.04,STATIONARY
17789,-0.0119,-0.02,0.04,STATIONARY
17791,-0.0137,-0.04,0.04,STATIONARY
17794,-0.0009,-0.04,0.03,STATIONARY
17796,0.0081,-0.02,0.03,STATIONARY
17797,0.0259,0.03,0.03,STATIONARY
17799,0.0481,0.11,0.03,STATIONARY
17801,0.0517,0.20,0.04,STATIONARY
17803,0.0582,0.29,0.06,STATIONARY
17805,0.0594,0.38,0.08,STATIONARY
17807,0.0503,0.44,0.10,STATIONARY
17809,0.0447,0.49,0.12,STATIONARY
17811,0.0333,0.51,0.14,STATIONARY
17813,0.0069,0.48,0.16,STATIONARY
17815,-0.0134,0.42,0.18,STATIONARY
17817,-0.0313,0.33,0.19,STATIONARY
17819,-0.0459,0.22,0.19,STATIONARY
17821,-0.0542,0.10,0.18,STATIONARY
17823,-0.0457,0.01,0.17,STATIONARY
17825,-0.0432,-0.07,0.16,STATIONARY
17827,-0.0470,-0.15,0.14,STATIONARY
17829,-0.0296,-0.20,0.12,STATIONARY
17831,-0.0284,-0.23,0.10,STATIONARY
17833,-0.0227,-0.26,0.08,STATIONARY
17835,-0.0177,-0.27,0.06,STATIONARY
17837,-0.0082,-0.26,0.04,STATIONARY
17839,0.0048,-0.23,0.02,STATIONARY
17841,0.0146,-0.19,0.01,STATIONARY
17844,0.0225,-0.13,0.00,STATIONARY
17845,0.0275,-0.07,-0.00,STATIONARY
17847,0.0367,0.00,-0.00,STATIONARY
17850,0.0266,0.05,0.00,STATIONARY
17851,0.0157,0.08,0.01,STATIONARY
17854,0.0068,0.08,0.01,STATIONARY
17855,0.0091,0.09,0.02,STATIONARY
17857,0.0064,0.10,0.02,STATIONARY
17859,-0.0055,0.08,0.02,STATIONARY
17861,-0.0220,0.03,0.02,STATIONARY
17863,-0.0245,-0.01,0.02,STATIONARY
17865,-0.0351,-0.08,0.02,STATIONARY
17867,-0.0355,-0.14,0.01,STATIONARY
17869,-0.0295,-0.18,-0.00,STATIONARY
17871,-0.0357,-0.23,-0.02,STATIONARY
17873,-0.0284,-0.27,-0.03,STATIONARY
17875,-0.0074,-0.26,-0.05,STATIONARY
17877,0.0166,-0.21,-0.05,STATIONARY
17879,0.0197,-0.15,-0.06,STATIONARY
17881,0.0314,-0.08,-0.06,STATIONARY
17883,0.0579,0.03,-0.06,STATIONARY
17885,0.0705,0.16,-0.04,STATIONARY
17887,0.0741,0.28,-0.02,STATIONARY
17889,0.0688,0.38,-0.00,STATIONARY
17891,0.0517,0.45,0.03,STATIONARY
17893,0.0385,0.48,0.05,STATIONARY
17895,0.0351,0.51,0.08,STATIONARY
17897,0.0312,0.53,0.11,STATIONARY
17899,0.0240,0.53,0.13,STATIONARY
17901,0.0089,0.50,0.15,STATIONARY
17903,-0.0081,0.45,0.17,STATIONARY
17905,-0.0139,0.39,0.18,STATIONARY
17907,-0.0260,0.31,0.19,STATIONARY
17909,-0.0344,0.22,0.19,STATIONARY
17911,-0.0323,0.14,0.19,STATIONARY
17913,-0.0227,0.09,0.18,STATIONARY
17915,-0.0171,0.05,0.18,STATIONARY
17918,-0.0123,0.02,0.17,STATIONARY
17919,-0.0095,0.00,0.16,STATIONARY
17921,0.0034,0.01,0.15,STATIONARY
17923,0.0232,0.05,0.14,STATIONARY
17925,0.0436,0.13,0.14,STATIONARY
17928,0.0551,0.22,0.15,STATIONARY
17929,0.0586,0.31,0.16,STATIONARY
17931,0.0622,0.40,0.17,STATIONARY
17933,0.0568,0.47,0.19,STATIONARY
17935,0.0480,0.52,0.21,STATIONARY
17937,0.0399,0.55,0.23,STATIONARY
17939,0.0237,0.55,0.25,STATIONARY
17941,0.0090,0.53,0.26,STATIONARY
17943,-0.0043,0.48,0.28,STATIONARY
17945,-0.0092,0.42,0.29,STATIONARY
17947,-0.0213,0.35,0.29,STATIONARY
17949,-0.0341,0.26,0.29,STATIONARY
17951,-0.0468,0.15,0.28,STATIONARY
17953,-0.0503,0.05,0.27,STATIONARY
17955,-0.0422,-0.04,0.25,STATIONARY
17957,-0.0308,-0.09,0.23,STATIONARY
17959,-0.0283,-0.13,0.21,STATIONARY
17962,-0.0178,-0.16,0.18,STATIONARY
17963,0.0039,-0.14,0.17,STATIONARY
17965,0.0192,-0.09,0.15,STATIONARY
17967,0.0309,-0.03,0.14,STATIONARY
17969,0.0370,0.04,0.13,STATIONARY
17971,0.0381,0.11,0.13,STATIONARY
17973,0.0465,0.19,0.14,STATIONARY
17975,0.0472,0.26,0.14,STATIONARY
17977,0.0272,0.29,0.15,STATIONARY
17979,0.0180,0.30,0.16,STATIONARY
17981,0.0103,0.29,0.17,STATIONARY
17984,-0.0002,0.27,0.17,STATIONARY
17986,-0.0005,0.25,0.18,STATIONARY
17987,-0.0048,0.22,0.18,STATIONARY
17989,-0.0106,0.18,0.18,STATIONARY
17991,-0.0192,0.13,0.18,STATIONARY
17994,-0.0316,0.06,0.17,STATIONARY
17995,-0.0336,-0.00,0.16,STATIONARY
17997,-0.0365,-0.07,0.15,STATIONARY
18000,-0.0361,-0.13,0.13,STATIONARY
18001,-0.0329,-0.18,0.11,STATIONARY
18003,-0.0265,-0.22,0.09,STATIONARY
18006,-0.0139,-0.22,0.07,STATIONARY
18007,0.0001,-0.21,0.06,STATIONARY
18009,0.0197,-0.15,0.05,STATIONARY
18011,0.0346,-0.08,0.04,STATIONARY
18013,0.0408,0.00,0.04,STATIONARY
18015,0.0493,0.09,0.04,STATIONARY
18018,0.0507,0.18,0.05,STATIONARY
18019,0.0394,0.24,0.06,STATIONARY
18022,0.0199,0.26,0.07,STATIONARY
18023,0.0051,0.24,0.08,STATIONARY
18026,0.0034,0.23,0.09,STATIONARY
18027,-0.0189,0.18,0.10,STATIONARY
18029,-0.0344,0.10,0.10,STATIONARY
18031,-0.0424,0.01,0.09,STATIONARY
18033,-0.0541,-0.09,0.08,STATIONARY
18035,-0.0601,-0.19,0.06,STATIONARY
18037,-0.0594,-0.28,0.04,STATIONARY
18039,-0.0497,-0.35,0.02,STATIONARY
18041,-0.0319,-0.38,-0.00,STATIONARY
18043,-0.0194,-0.39,-0.03,STATIONARY
18045,-0.0079,-0.37,-0.05,STATIONARY
18047,0.0020,-0.34,-0.06,STATIONARY
18049,-0.0008,-0.31,-0.08,STATIONARY
18051,0.0055,-0.28,-0.09,STATIONARY
18054,0.0186,-0.22,-0.10,STATIONARY
18055,0.0211,-0.16,-0.10,STATIONARY
18057,0.0206,-0.11,-0.10,STATIONARY
18059,0.0239,-0.06,-0.10,STATIONARY
18061,0.0159,-0.03,-0.10,STATIONARY
18063,0.0169,0.01,-0.09,STATIONARY
18065,0.0173,0.04,-0.08,STATIONARY
18067,0.0142,0.06,-0.07,STATIONARY
18070,-0.0000,0.06,-0.07,STATIONARY
18071,-0.0068,0.04,-0.06,STATIONARY
18073,-0.0173,0.00,-0.06,STATIONARY
18075,-0.0318,-0.05,-0.06,STATIONARY
18077,-0.0380,-0.12,-0.06,STATIONARY
18079,-0.0352,-0.18,-0.07,STATIONARY
18081,-0.0319,-0.22,-0.08,STATIONARY
18083,-0.0236,-0.25,-0.09,STATIONARY
18086,-0.0196,-0.26,-0.10,STATIONARY
18087,-0.0151,-0.27,-0.11,STATIONARY
18089,-0.0160,-0.28,-0.12,STATIONARY
18092,-0.0104,-0.27,-0.13,STATIONARY
18093,0.0054,-0.24,-0.13,STATIONARY
18095,0.0214,-0.18,-0.14,STATIONARY
18097,0.0344,-0.11,-0.13,STATIONARY
18099,0.0489,-0.01,-0.13,STATIONARY
18102,0.0644,0.11,-0.11,STATIONARY
18103,0.0671,0.23,-0.09,STATIONARY
18105,0.0589,0.32,-0.07,STATIONARY
18107,0.0464,0.38,-0.04,STATIONARY
18109,0.0382,0.42,-0.01,STATIONARY
18111,0.0224,0.43,0.01,STATIONARY
18113,0.0098,0.41,0.03,STATIONARY
18115,0.0056,0.39,0.06,STATIONARY
18117,-0.0089,0.34,0.07,STATIONARY
18119,-0.0287,0.26,0.08,STATIONARY
18121,-0.0424,0.16,0.09,STATIONARY
18124,-0.0464,0.06,0.09,STATIONARY
18125,-0.0397,-0.02,0.08,STATIONARY
18127,-0.0345,-0.08,0.07,STATIONARY
18129,-0.0187,-0.11,0.06,STATIONARY
18131,-0.0015,-0.10,0.05,STATIONARY
18133,-0.0050,-0.10,0.04,STATIONARY
18135,0.0028,-0.09,0.03,STATIONARY
18137,0.0170,-0.05,0.03,STATIONARY
18139,0.0384,0.02,0.03,STATIONARY
18141,0.0512,0.12,0.03,STATIONARY
18143,0.0534,0.21,0.04,STATIONARY
18145,0.0504,0.28,0.06,STATIONARY
18147,0.0280,0.31,0.07,STATIONARY
18149,0.0156,0.31,0.09,STATIONARY
18151,0.0093,0.31,0.10,STATIONARY
18153,0.0078,0.30,0.11,STATIONARY
18156,0.0027,0.28,0.12,STATIONARY
18157,0.0002,0.26,0.13,STATIONARY
18159,-0.0160,0.21,0.13,STATIONARY
18162,-0.0301,0.13,0.13,STATIONARY
18163,-0.0458,0.04,0.13,STATIONARY
18165,-0.0452,-0.05,0.12,STATIONARY
18167,-0.0424,-0.12,0.10,STATIONARY
18169,-0.0388,-0.18,0.09,STATIONARY
18171,-0.0219,-0.21,0.07,STATIONARY
18173,-0.0125,-0.21,0.05,STATIONARY
18175,-0.0008,-0.20,0.04,STATIONARY
18178,0.0128,-0.16,0.03,STATIONARY
18179,0.0282,-0.09,0.02,STATIONARY
18182,0.0414,-0.01,0.02,STATIONARY
18183,0.0564,0.09,0.02,STATIONARY
18186,0.0659,0.21,0.03,STATIONARY
18187,0.0715,0.32,0.05,STATIONARY
18189,0.0553,0.40,0.07,STATIONARY
18191,0.0411,0.44,0.09,STATIONARY
18194,0.0334,0.47,0.11,STATIONARY
18196,0.0215,0.47,0.14,STATIONARY
18198,0.0167,0.46,0.16,STATIONARY
18199,0.0042,0.43,0.17,STATIONARY
18201,-0.0018,0.40,0.18,STATIONARY
18203,-0.0156,0.34,0.19,STATIONARY
18205,-0.0303,0.25,0.20,STATIONARY
18207,-0.0382,0.16,0.20,STATIONARY
18209,-0.0317,0.09,0.19,STATIONARY
18211,-0.0328,0.02,0.18,STATIONARY
18213,-0.0286,-0.03,0.17,STATIONARY
18215,-0.0266,-0.08,0.15,STATIONARY
18217,-0.0199,-0.11,0.14,STATIONARY
18219,-0.0092,-0.12,0.12,STATIONARY
18221,0.0053,-0.10,0.11,STATIONARY
18223,0.0212,-0.05,0.10,STATIONARY
18225,0.0361,0.02,0.10,STATIONARY
18227,0.0422,0.10,0.10,STATIONARY
18229,0.0348,0.15,0.10,STATIONARY
18231,0.0244,0.19,0.10,STATIONARY
18233,0.0174,0.20,0.11,STATIONARY
18235,0.0151,0.21,0.12,STATIONARY
18237,0.0207,0.24,0.12,STATIONARY
18239,0.0204,0.25,0.13,STATIONARY
18241,0.0102,0.25,0.14,STATIONARY
18243,-0.0103,0.21,0.14,STATIONARY
18245,-0.0281,0.14,0.14,STATIONARY
18247,-0.0328,0.07,0.14,STATIONARY
18249,-0.0473,-0.02,0.13,STATIONARY
18251,-0.0593,-0.13,0.11,STATIONARY
18254,-0.0685,-0.25,0.09,STATIONARY
18255,-0.0710,-0.35,0.07,STATIONARY
18257,-0.0556,-0.43,0.04,STATIONARY
18259,-0.0446,-0.48,0.01,STATIONARY
18261,-0.0334,-0.50,-0.02,STATIONARY
18264,-0.0175,-0.49,-0.05,STATIONARY
18265,-0.0032,-0.46,-0.08,STATIONARY
18267,0.0077,-0.41,-0.09,STATIONARY
18269,0.0199,-0.34,-0.11,STATIONARY
18271,0.0244,-0.27,-0.12,STATIONARY
18273,0.0239,-0.20,-0.12,STATIONARY
18275,0.0244,-0.14,-0.12,STATIONARY
18277,0.0264,-0.08,-0.12,STATIONARY
18280,0.0182,-0.04,-0.12,STATIONARY
18281,0.0082,-0.02,-0.11,STATIONARY
18284,0.0066,-0.01,-0.11,STATIONARY
18285,-0.0123,-0.03,-0.10,STATIONARY
18287,-0.0296,-0.08,-0.10,STATIONARY
18289,-0.0559,-0.18,-0.10,STATIONARY
18291,-0.0551,-0.27,-0.11,STATIONARY
18293,-0.0496,-0.34,-0.13,STATIONARY
18295,-0.0380,-0.38,-0.14,STATIONARY
18297,-0.0237,-0.39,-0.16,STATIONARY
18299,-0.0074,-0.37,-0.17,STATIONARY
18301,0.0053,-0.33,-0.18,STATIONARY
18303,0.0092,-0.29,-0.19,STATIONARY
18305,0.0254,-0.22,-0.19,STATIONARY
18307,0.0253,-0.16,-0.19,STATIONARY
18309,0.0292,-0.09,-0.18,STATIONARY
18311,0.0336,-0.02,-0.17,STATIONARY
18313,0.0457,0.06,-0.16,STATIONARY
18315,0.0493,0.15,-0.14,STATIONARY
18317,0.0568,0.24,-0.12,STATIONARY
18319,0.0574,0.33,-0.09,STATIONARY
18321,0.0440,0.38,-0.06,STATIONARY
18323,0.0281,0.40,-0.03,STATIONARY
18325,0.0194,0.41,-0.01,STATIONARY
18327,0.0140,0.40,0.02,STATIONARY
18329,0.0003,0.37,0.04,STATIONARY
18331,-0.0126,0.32,0.05,STATIONARY
18334,-0.0279,0.24,0.06,STATIONARY
18335,-0.0375,0.15,0.07,STATIONARY
18337,-0.0308,0.08,0.07,STATIONARY
18339,-0.0303,0.02,0.07,STATIONARY
18341,-0.0259,-0.03,0.06,STATIONARY
18344,-0.0160,-0.06,0.05,STATIONARY
18345,-0.0163,-0.08,0.05,STATIONARY
18347,0.0026,-0.07,0.04,STATIONARY
18350,0.0127,-0.04,0.03,STATIONARY
18351,0.0286,0.01,0.03,STATIONARY
18354,0.0554,0.12,0.04,STATIONARY
18355,0.0655,0.23,0.05,STATIONARY
18357,0.0679,0.33,0.07,STATIONARY
18359,0.0682,0.43,0.09,STATIONARY
18361,0.0741,0.53,0.11,STATIONARY
18363,0.0678,0.62,0.14,STATIONARY
18366,0.0668,0.69,0.18,STATIONARY
18367,0.0563,0.74,0.21,STATIONARY
18369,0.0282,0.73,0.24,STATIONARY
18371,0.0141,0.70,0.27,STATIONARY
18373,0.0083,0.66,0.29,STATIONARY
18375,-0.0102,0.59,0.31,STATIONARY
18377,-0.0267,0.49,0.32,STATIONARY
18379,-0.0394,0.38,0.32,STATIONARY
18382,-0.0294,0.29,0.32,STATIONARY
18383,-0.0265,0.22,0.31,STATIONARY
18386,-0.0107,0.18,0.31,STATIONARY
18387,-0.0031,0.16,0.30,STATIONARY
18389,0.0021,0.15,0.29,STATIONARY
18391,0.0077,0.16,0.28,STATIONARY
18393,0.0287,0.20,0.28,STATIONARY
18395,0.0301,0.24,0.27,STATIONARY
18398,0.0366,0.28,0.28,STATIONARY
18399,0.0360,0.33,0.28,STATIONARY
18401,0.0421,0.38,0.28,STATIONARY
18403,0.0389,0.42,0.29,STATIONARY
18405,0.0337,0.45,0.30,STATIONARY
18407,0.0289,0.47,0.31,STATIONARY
18409,0.0207,0.47,0.32,STATIONARY
18411,0.0071,0.44,0.33,STATIONARY
18413,-0.0083,0.39,0.33,STATIONARY
18415,-0.0169,0.33,0.33,STATIONARY
18417,-0.0261,0.26,0.33,STATIONARY
18420,-0.0432,0.16,0.32,STATIONARY
18421,-0.0406,0.07,0.30,STATIONARY
18423,-0.0299,0.01,0.28,STATIONARY
18425,-0.0213,-0.03,0.27,STATIONARY
18427,-0.0132,-0.05,0.25,STATIONARY
18429,-0.0134,-0.07,0.23,STATIONARY
18431,-0.0008,-0.07,0.21,STATIONARY
18433,0.0088,-0.05,0.20,STATIONARY
18435,0.0136,-0.02,0.18,STATIONARY
18437,0.0288,0.04,0.17,STATIONARY
18439,0.0270,0.08,0.17,STATIONARY
18441,0.0269,0.13,0.17,STATIONARY
18444,0.0293,0.17,0.17,STATIONARY
18446,0.0257,0.20,0.17,STATIONARY
18447,0.0245,0.23,0.17,STATIONARY
18449,0.0165,0.24,0.18,STATIONARY
18452,0.0134,0.25,0.18,STATIONARY
18453,0.0000,0.23,0.18,STATIONARY
18455,-0.0152,0.18,0.18,STATIONARY
18457,-0.0290,0.11,0.18,STATIONARY
18459,-0.0438,0.02,0.17,STATIONARY
18461,-0.0580,-0.08,0.16,STATIONARY
18463,-0.0618,-0.19,0.13,STATIONARY
18465,-0.0567,-0.28,0.11,STATIONARY
18468,-0.0459,-0.34,0.08,STATIONARY
18469,-0.0353,-0.38,0.06,STATIONARY
18471,-0.0300,-0.40,0.03,STATIONARY
18473,-0.0230,-0.41,0.00,STATIONARY
18475,-0.0142,-0.41,-0.02,STATIONARY
18477,-0.0023,-0.38,-0.04,STATIONARY
18479,0.0033,-0.34,-0.06,STATIONARY
18481,0.0147,-0.29,-0.07,STATIONARY
18484,0.0301,-0.21,-0.08,STATIONARY
18485,0.0307,-0.14,-0.09,STATIONARY
18487,0.0246,-0.08,-0.08,STATIONARY
18490,0.0267,-0.02,-0.08,STATIONARY
18491,0.0143,0.00,-0.08,STATIONARY
18493,0.0158,0.03,-0.07,STATIONARY
18495,0.0058,0.04,-0.06,STATIONARY
18497,-0.0157,0.01,-0.06,STATIONARY
18500,-0.0336,-0.05,-0.06,STATIONARY
18501,-0.0455,-0.13,-0.06,STATIONARY
18503,-0.0535,-0.22,-0.07,STATIONARY
18506,-0.0571,-0.31,-0.09,STATIONARY
18507,-0.0490,-0.37,-0.10,STATIONARY
18509,-0.0406,-0.42,-0.12,STATIONARY
18511,-0.0442,-0.47,-0.14,STATIONARY
18513,-0.0273,-0.48,-0.16,STATIONARY
18515,-0.0233,-0.48,-0.18,STATIONARY
18518,-0.0159,-0.47,-0.20,STATIONARY
18519,-0.0122,-0.46,-0.21,STATIONARY
18522,-0.0090,-0.44,-0.23,STATIONARY
18523,0.0032,-0.40,-0.24,STATIONARY
18525,0.0142,-0.34,-0.24,STATIONARY
18527,0.0205,-0.28,-0.25,STATIONARY
18529,0.0161,-0.22,-0.24,STATIONARY
18531,0.0096,-0.19,-0.24,STATIONARY
18533,0.0088,-0.16,-0.24,STATIONARY
18535,0.0112,-0.12,-0.23,STATIONARY
18537,0.0039,-0.11,-0.22,STATIONARY
18539,0.0001,-0.10,-0.21,STATIONARY
18541,-0.0045,-0.10,-0.21,STATIONARY
18543,-0.0006,-0.09,-0.20,STATIONARY
18545,-0.0074,-0.10,-0.19,STATIONARY
18547,-0.0309,-0.15,-0.19,STATIONARY
18549,-0.0380,-0.21,-0.19,STATIONARY
18551,-0.0474,-0.28,-0.20,STATIONARY
18554,-0.0454,-0.34,-0.21,STATIONARY
18555,-0.0422,-0.39,-0.22,STATIONARY
18557,-0.0341,-0.42,-0.23,STATIONARY
18559,-0.0216,-0.43,-0.24,STATIONARY
18561,0.0085,-0.38,-0.25,STATIONARY
18564,0.0131,-0.32,-0.25,STATIONARY
18565,0.0234,-0.25,-0.25,STATIONARY
18567,0.0407,-0.16,-0.25,STATIONARY
18569,0.0482,-0.06,-0.24,STATIONARY
18571,0.0335,0.01,-0.22,STATIONARY
18573,0.0260,0.06,-0.20,STATIONARY
18575,0.0230,0.09,-0.19,STATIONARY
18577,0.0170,0.12,-0.17,STATIONARY
18579,0.0022,0.11,-0.15,STATIONARY
18581,-0.0194,0.07,-0.14,STATIONARY
18584,-0.0271,0.01,-0.13,STATIONARY
18586,-0.0336,-0.05,-0.13,STATIONARY
18587,-0.0381,-0.12,-0.13,STATIONARY
18589,-0.0401,-0.18,-0.13,STATIONARY
18591,-0.0309,-0.22,-0.13,STATIONARY
18593,-0.0278,-0.26,-0.14,STATIONARY
18596,-0.0287,-0.29,-0.15,STATIONARY
18598,-0.0211,-0.30,-0.16,STATIONARY
18599,-0.0025,-0.28,-0.17,STATIONARY
18602,-0.0030,-0.27,-0.17,STATIONARY
18603,0.0137,-0.22,-0.18,STATIONARY
18605,0.0343,-0.14,-0.17,STATIONARY
18608,0.0430,-0.05,-0.17,STATIONARY
18609,0.0535,0.05,-0.15,STATIONARY
18611,0.0575,0.15,-0.13,STATIONARY
18613,0.0554,0.24,-0.11,STATIONARY
18615,0.0430,0.30,-0.09,STATIONARY
18617,0.0358,0.34,-0.06,STATIONARY
18619,0.0292,0.37,-0.04,STATIONARY
18621,0.0163,0.37,-0.01,STATIONARY
18624,0.0091,0.36,0.01,STATIONARY
18625,0.0082,0.34,0.03,STATIONARY
18627,-0.0055,0.31,0.05,STATIONARY
18629,-0.0226,0.24,0.06,STATIONARY
18631,-0.0351,0.16,0.06,STATIONARY
18633,-0.0368,0.08,0.06,STATIONARY
18635,-0.0367,0.00,0.06,STATIONARY
18637,-0.0377,-0.07,0.05,STATIONARY
18639,-0.0341,-0.12,0.04,STATIONARY
18641,-0.0254,-0.16,0.03,STATIONARY
18643,-0.0188,-0.18,0.02,STATIONARY
18645,-0.0086,-0.18,0.01,STATIONARY
18647,0.0060,-0.16,-0.00,STATIONARY
18649,0.0205,-0.11,-0.01,STATIONARY
18651,0.0376,-0.03,-0.01,STATIONARY
18653,0.0491,0.06,-0.01,STATIONARY
18655,0.0511,0.15,0.00,STATIONARY
18657,0.0506,0.23,0.02,STATIONARY
18659,0.0524,0.31,0.03,STATIONARY
18662,0.0326,0.35,0.05,STATIONARY
18663,0.0118,0.34,0.07,STATIONARY
18665,0.0087,0.33,0.08,STATIONARY
18667,0.0013,0.30,0.10,STATIONARY
18669,-0.0116,0.26,0.11,STATIONARY
18671,-0.0260,0.19,0.11,STATIONARY
18673,-0.0391,0.10,0.11,STATIONARY
18675,-0.0414,0.02,0.11,STATIONARY
18677,-0.0419,-0.06,0.10,STATIONARY
18679,-0.0374,-0.12,0.08,STATIONARY
18681,-0.0225,-0.16,0.07,STATIONARY
18683,-0.0118,-0.16,0.06,STATIONARY
18685,-0.0061,-0.16,0.04,STATIONARY
18687,-0.0089,-0.17,0.03,STATIONARY
18689,-0.0018,-0.16,0.02,STATIONARY
18691,0.0170,-0.11,0.01,STATIONARY
18693,0.0254,-0.06,0.01,STATIONARY
18695,0.0371,0.02,0.01,STATIONARY
18697,0.0360,0.08,0.01,STATIONARY
18699,0.0313,0.13,0.02,STATIONARY
18701,0.0362,0.19,0.03,STATIONARY
18703,0.0446,0.26,0.04,STATIONARY
18705,0.0425,0.31,0.06,STATIONARY
18707,0.0319,0.35,0.08,STATIONARY
18709,0.0239,0.36,0.09,STATIONARY
18711,0.0049,0.34,0.11,STATIONARY
18713,-0.0180,0.28,0.12,STATIONARY
18715,-0.0248,0.21,0.12,STATIONARY
18717,-0.0340,0.13,0.12,STATIONARY
18720,-0.0400,0.05,0.12,STATIONARY
18721,-0.0392,-0.03,0.11,STATIONARY
18723,-0.0405,-0.10,0.10,STATIONARY
18726,-0.0392,-0.16,0.08,STATIONARY
18727,-0.0341,-0.21,0.07,STATIONARY
18729,-0.0223,-0.24,0.05,STATIONARY
18731,-0.0042,-0.23,0.03,STATIONARY
18733,0.0143,-0.18,0.02,STATIONARY
18735,0.0277,-0.12,0.01,STATIONARY
18737,0.0367,-0.04,0.01,STATIONARY
18739,0.0484,0.05,0.01,STATIONARY
18741,0.0348,0.11,0.02,STATIONARY
18743,0.0245,0.15,0.02,STATIONARY
18745,0.0203,0.17,0.03,STATIONARY
18747,0.0281,0.21,0.04,STATIONARY
18749,0.0259,0.24,0.06,STATIONARY
18751,0.0134,0.25,0.07,STATIONARY
18753,0.0064,0.24,0.08,STATIONARY
18755,0.0046,0.23,0.09,STATIONARY
18757,-0.0102,0.19,0.09,STATIONARY
18759,-0.0184,0.14,0.10,STATIONARY
18761,-0.0156,0.10,0.10,STATIONARY
18764,-0.0156,0.07,0.09,STATIONARY
18765,-0.0140,0.03,0.09,STATIONARY
18767,-0.0235,-0.01,0.08,STATIONARY
18769,-0.0280,-0.06,0.08,STATIONARY
18771,-0.0228,-0.10,0.07,STATIONARY
18773,-0.0217,-0.13,0.05,STATIONARY
18775,-0.0121,-0.14,0.04,STATIONARY
18777,-0.0037,-0.14,0.03,STATIONARY
18780,0.0116,-0.11,0.02,STATIONARY
18781,0.0192,-0.06,0.02,STATIONARY
18783,0.0244,-0.01,0.02,STATIONARY
18786,0.0280,0.04,0.02,STATIONARY
18787,0.0230,0.08,0.02,STATIONARY
18789,0.0205,0.11,0.03,STATIONARY
18791,0.0064,0.11,0.03,STATIONARY
18794,0.0007,0.11,0.04,STATIONARY
18796,0.0001,0.10,0.04,STATIONARY
18797,-0.0158,0.06,0.04,STATIONARY
18799,-0.0348,-0.01,0.04,STATIONARY
18801,-0.0494,-0.10,0.03,STATIONARY
18803,-0.0519,-0.19,0.02,STATIONARY
18805,-0.0428,-0.25,0.00,STATIONARY
18807,-0.0382,-0.30,-0.02,STATIONARY
18809,-0.0302,-0.33,-0.03,STATIONARY
18811,-0.0155,-0.33,-0.05,STATIONARY
18813,0.0103,-0.29,-0.07,STATIONARY
18815,0.0179,-0.23,-0.08,STATIONARY
18817,0.0353,-0.15,-0.08,STATIONARY
18819,0.0420,-0.06,-0.08,STATIONARY
18821,0.0416,0.02,-0.07,STATIONARY
18823,0.0435,0.10,-0.06,STATIONARY
18825,0.0345,0.16,-0.05,STATIONARY
18827,0.0280,0.19,-0.04,STATIONARY
18829,0.0198,0.22,-0.02,STATIONARY
18831,0.0096,0.22,-0.01,STATIONARY
18833,0.0071,0.21,0.01,STATIONARY
18835,0.0010,0.20,0.02,STATIONARY
18837,-0.0071,0.17,0.03,STATIONARY
18839,-0.0164,0.12,0.03,STATIONARY
18841,-0.0181,0.08,0.04,STATIONARY
18844,-0.0267,0.03,0.03,STATIONARY
18845,-0.0317,-0.03,0.03,STATIONARY
18847,-0.0271,-0.08,0.02,STATIONARY
18850,-0.0328,-0.14,0.01,STATIONARY
18851,-0.0285,-0.18,0.00,STATIONARY
18854,-0.0184,-0.20,-0.01,STATIONARY
18855,-0.0148,-0.21,-0.02,STATIONARY
18857,0.0001,-0.19,-0.03,STATIONARY
18860,0.0205,-0.14,-0.04,STATIONARY
18861,0.0234,-0.08,-0.04,STATIONARY
18863,0.0265,-0.03,-0.04,STATIONARY
18866,0.0319,0.03,-0.04,STATIONARY
18867,0.0548,0.13,-0.03,STATIONARY
18869,0.0639,0.24,-0.01,STATIONARY
18871,0.0669,0.34,0.01,STATIONARY
18873,0.0512,0.41,0.03,STATIONARY
18875,0.0338,0.44,0.06,STATIONARY
18877,0.0306,0.46,0.08,STATIONARY
18879,0.0155,0.45,0.10,STATIONARY
18881,0.0091,0.43,0.12,STATIONARY
18883,-0.0086,0.38,0.14,STATIONARY
18885,-0.0250,0.30,0.15,STATIONARY
18887,-0.0319,0.22,0.15,STATIONARY
18889,-0.0359,0.14,0.15,STATIONARY
18891,-0.0424,0.05,0.15,STATIONARY
18893,-0.0384,-0.03,0.14,STATIONARY
18895,-0.0241,-0.07,0.12,STATIONARY
18897,-0.0111,-0.08,0.11,STATIONARY
18899,-0.0088,-0.09,0.10,STATIONARY
18901,0.0129,-0.06,0.09,STATIONARY
18903,0.0213,-0.02,0.08,STATIONARY
18905,0.0218,0.02,0.08,STATIONARY
18907,0.0295,0.08,0.08,STATIONARY
18909,0.0369,0.14,0.08,STATIONARY
18911,0.0383,0.20,0.09,STATIONARY
18913,0.0294,0.24,0.10,STATIONARY
18915,0.0124,0.24,0.11,STATIONARY
18917,0.0036,0.23,0.11,STATIONARY
18920,0.0004,0.21,0.12,STATIONARY
18921,0.0002,0.19,0.12,STATIONARY
18924,-0.0003,0.18,0.13,STATIONARY
18925,-0.0079,0.15,0.13,STATIONARY
18927,-0.0278,0.09,0.13,STATIONARY
18929,-0.0279,0.03,0.12,STATIONARY
18931,-0.0353,-0.04,0.11,STATIONARY
18933,-0.0407,-0.11,0.10,STATIONARY
18936,-0.0425,-0.18,0.08,STATIONARY
18937,-0.0409,-0.24,0.06,STATIONARY
18939,-0.0345,-0.29,0.04,STATIONARY
18941,-0.0230,-0.30,0.02,STATIONARY
18944,-0.0179,-0.31,0.00,STATIONARY
18945,-0.0121,-0.31,-0.02,STATIONARY
18947,-0.0026,-0.29,-0.03,STATIONARY
18949,0.0021,-0.26,-0.05,STATIONARY
18952,0.0118,-0.22,-0.06,STATIONARY
18953,0.0253,-0.16,-0.06,STATIONARY
18955,0.0280,-0.09,-0.06,STATIONARY
18957,0.0249,-0.04,-0.06,STATIONARY
18959,0.0146,-0.01,-0.06,STATIONARY
18962,0.0131,0.02,-0.06,STATIONARY
18963,0.0098,0.03,-0.05,STATIONARY
18965,0.0066,0.04,-0.05,STATIONARY
18967,0.0114,0.06,-0.04,STATIONARY
18969,-0.0001,0.05,-0.03,STATIONARY
18971,-0.0250,0.00,-0.03,STATIONARY
18973,-0.0254,-0.04,-0.03,STATIONARY
18975,-0.0331,-0.10,-0.04,STATIONARY
18977,-0.0387,-0.16,-0.04,STATIONARY
18979,-0.0404,-0.22,-0.05,STATIONARY
18981,-0.0330,-0.27,-0.07,STATIONARY
18984,-0.0212,-0.29,-0.08,STATIONARY
18986,-0.0025,-0.27,-0.09,STATIONARY
18987,0.0128,-0.22,-0.10,STATIONARY
18989,0.0178,-0.17,-0.10,STATIONARY
18991,0.0269,-0.11,-0.10,STATIONARY
18994,0.0313,-0.04,-0.10,STATIONARY
18996,0.0346,0.03,-0.09,STATIONARY
18997,0.0291,0.08,-0.08,STATIONARY
19000,0.0305,0.13,-0.07,STATIONARY
19001,0.0235,0.16,-0.06,STATIONARY
19003,0.0237,0.19,-0.04,STATIONARY
19005,0.0298,0.23,-0.03,STATIONARY
19007,0.0130,0.24,-0.01,STATIONARY
19009,0.0018,0.22,0.00,STATIONARY
19011,0.0050,0.21,0.02,STATIONARY
19013,0.0087,0.21,0.03,STATIONARY
19015,0.0130,0.22,0.04,STATIONARY
19018,0.0108,0.22,0.05,STATIONARY
19019,0.0061,0.21,0.06,STATIONARY
19022,0.0080,0.21,0.07,STATIONARY
19024,0.0110,0.21,0.08,STATIONARY
19025,0.0088,0.21,0.08,STATIONARY
19027,0.0055,0.21,0.09,STATIONARY
19029,-0.0018,0.19,0.10,STATIONARY
19031,-0.0042,0.16,0.10,STATIONARY
19033,0.0069,0.16,0.11,STATIONARY
19035,0.0176,0.18,0.11,STATIONARY
19037,0.0204,0.21,0.12,STATIONARY
19039,0.0215,0.23,0.12,STATIONARY
19041,0.0303,0.27,0.13,STATIONARY
19043,0.0297,0.30,0.14,STATIONARY
19045,0.0274,0.33,0.15,STATIONARY
19047,0.0197,0.34,0.16,STATIONARY
19049,0.0078,0.32,0.17,STATIONARY
19051,0.0111,0.32,0.18,STATIONARY
19054,0.0110,0.31,0.19,STATIONARY
19055,0.0021,0.29,0.19,STATIONARY
19057,-0.0061,0.26,0.20,STATIONARY
19059,-0.0181,0.20,0.20,STATIONARY
19061,-0.0121,0.16,0.20,STATIONARY
19064,-0.0196,0.12,0.19,STATIONARY
19065,-0.0176,0.07,0.18,STATIONARY
19067,-0.0271,0.02,0.18,STATIONARY
19069,-0.0358,-0.05,0.16,STATIONARY
19071,-0.0281,-0.10,0.15,STATIONARY
19073,-0.0139,-0.11,0.13,STATIONARY
19075,-0.0033,-0.11,0.12,STATIONARY
19077,0.0093,-0.09,0.10,STATIONARY
19079,0.0216,-0.04,0.10,STATIONARY
19081,0.0218,0.00,0.09,STATIONARY
19083,0.0215,0.04,0.09,STATIONARY
19086,0.0066,0.05,0.09,STATIONARY
19087,-0.0058,0.04,0.08,STATIONARY
19089,-0.0236,-0.01,0.08,STATIONARY
19091,-0.0287,-0.06,0.07,STATIONARY
19093,-0.0293,-0.11,0.06,STATIONARY
19095,-0.0390,-0.17,0.05,STATIONARY
19097,-0.0444,-0.24,0.03,STATIONARY
19099,-0.0436,-0.30,0.01,STATIONARY
19102,-0.0477,-0.37,-0.01,STATIONARY
19103,-0.0421,-0.41,-0.04,STATIONARY
19105,-0.0359,-0.45,-0.06,STATIONARY
19107,-0.0293,-0.46,-0.09,STATIONARY
19109,-0.0253,-0.47,-0.11,STATIONARY
19111,-0.0285,-0.49,-0.13,STATIONARY
19113,-0.0205,-0.49,-0.15,STATIONARY
19115,-0.0206,-0.49,-0.17,STATIONARY
19117,-0.0243,-0.49,-0.19,STATIONARY
19119,-0.0149,-0.48,-0.21,STATIONARY
19121,-0.0154,-0.47,-0.22,STATIONARY
19124,-0.0228,-0.47,-0.24,STATIONARY
19125,-0.0213,-0.48,-0.25,STATIONARY
19127,-0.0210,-0.48,-0.27,STATIONARY
19129,-0.0209,-0.48,-0.28,STATIONARY
19131,-0.0137,-0.46,-0.29,STATIONARY
19133,-0.0143,-0.45,-0.30,STATIONARY
19135,-0.0229,-0.46,-0.31,STATIONARY
19137,-0.0258,-0.47,-0.32,STATIONARY
19139,-0.0387,-0.50,-0.33,STATIONARY
19141,-0.0448,-0.55,-0.34,STATIONARY
19143,-0.0476,-0.59,-0.36,STATIONARY
19145,-0.0337,-0.60,-0.37,STATIONARY
19147,-0.0348,-0.62,-0.39,STATIONARY
19149,-0.0379,-0.64,-0.40,STATIONARY
19151,-0.0284,-0.64,-0.41,STATIONARY
19153,-0.0127,-0.61,-0.43,STATIONARY
19155,-0.0021,-0.57,-0.43,STATIONARY
19157,0.0050,-0.51,-0.44,STATIONARY
19159,0.0070,-0.46,-0.44,STATIONARY
19161,0.0068,-0.41,-0.44,STATIONARY
19163,0.0088,-0.36,-0.43,STATIONARY
19165,0.0122,-0.31,-0.43,STATIONARY
19167,0.0140,-0.26,-0.42,STATIONARY
19169,0.0193,-0.20,-0.40,STATIONARY
19171,0.0140,-0.16,-0.39,STATIONARY
19173,0.0063,-0.14,-0.37,STATIONARY
19175,0.0063,-0.11,-0.36,STATIONARY
19177,-0.0030,-0.11,-0.34,STATIONARY
19179,-0.0067,-0.11,-0.33,STATIONARY
19181,-0.0154,-0.13,-0.32,STATIONARY
19183,-0.0189,-0.16,-0.31,STATIONARY
19186,-0.0221,-0.19,-0.30,STATIONARY
19187,-0.0213,-0.21,-0.30,STATIONARY
19189,-0.0192,-0.23,-0.29,STATIONARY
19191,-0.0086,-0.23,-0.29,STATIONARY
19194,0.0026,-0.20,-0.28,STATIONARY
19196,-0.0037,-0.19,-0.28,STATIONARY
19198,0.0016,-0.18,-0.27,STATIONARY
19199,0.0098,-0.14,-0.26,STATIONARY
19201,0.0235,-0.09,-0.25,STATIONARY
19203,0.0268,-0.03,-0.24,STATIONARY
19205,0.0317,0.03,-0.23,STATIONARY
19207,0.0320,0.09,-0.21,STATIONARY
19209,0.0321,0.14,-0.19,STATIONARY
19211,0.0297,0.18,-0.16,STATIONARY
19213,0.0179,0.20,-0.14,STATIONARY
19215,0.0144,0.21,-0.12,STATIONARY
19217,0.0181,0.23,-0.10,STATIONARY
19219,0.0175,0.24,-0.08,STATIONARY
19221,0.0090,0.24,-0.06,STATIONARY
19223,-0.0013,0.22,-0.05,STATIONARY
19226,-0.0061,0.19,-0.03,STATIONARY
19227,-0.0125,0.15,-0.02,STATIONARY
19229,-0.0253,0.09,-0.01,STATIONARY
19231,-0.0371,0.02,-0.01,STATIONARY
19233,-0.0355,-0.05,-0.02,STATIONARY
19236,-0.0360,-0.11,-0.02,STATIONARY
19237,-0.0271,-0.15,-0.03,STATIONARY
19239,-0.0168,-0.17,-0.04,STATIONARY
19241,-0.0007,-0.16,-0.04,STATIONARY
19243,0.0130,-0.12,-0.05,STATIONARY
19245,0.0211,-0.07,-0.05,STATIONARY
19247,0.0409,0.01,-0.05,STATIONARY
19249,0.0457,0.09,-0.04,STATIONARY
19252,0.0377,0.15,-0.03,STATIONARY
19253,0.0336,0.20,-0.01,STATIONARY
19255,0.0181,0.22,-0.00,STATIONARY
19257,0.0201,0.24,0.01,STATIONARY
19259,0.0107,0.24,0.03,STATIONARY
19261,0.0052,0.23,0.04,STATIONARY
19264,0.0044,0.22,0.05,STATIONARY
19265,0.0072,0.22,0.06,STATIONARY
19267,0.0000,0.20,0.07,STATIONARY
19269,-0.0090,0.17,0.07,STATIONARY
19271,-0.0113,0.13,0.08,STATIONARY
19273,-0.0188,0.09,0.08,STATIONARY
19275,-0.0254,0.03,0.07,STATIONARY
19277,-0.0218,-0.01,0.07,STATIONARY
19280,-0.0241,-0.05,0.06,STATIONARY
19281,-0.0204,-0.09,0.05,STATIONARY
19284,-0.0195,-0.12,0.04,STATIONARY
19285,-0.0143,-0.13,0.03,STATIONARY
19287,-0.0125,-0.15,0.02,STATIONARY
19289,-0.0022,-0.14,0.01,STATIONARY
19291,0.0159,-0.10,0.01,STATIONARY
19293,0.0231,-0.05,0.00,STATIONARY
19295,0.0376,0.03,0.00,STATIONARY
19297,0.0395,0.10,0.01,STATIONARY
19299,0.0420,0.17,0.02,STATIONARY
19301,0.0343,0.22,0.03,STATIONARY
19303,0.0386,0.27,0.05,STATIONARY
19306,0.0366,0.32,0.06,STATIONARY
19307,0.0207,0.33,0.08,STATIONARY
19309,0.0147,0.33,0.09,STATIONARY
19311,0.0105,0.32,0.11,STATIONARY
19313,-0.0066,0.28,0.12,STATIONARY
19315,-0.0151,0.23,0.12,STATIONARY
19317,-0.0210,0.18,0.13,STATIONARY
19319,-0.0228,0.12,0.13,STATIONARY
19321,-0.0226,0.07,0.12,STATIONARY
19323,-0.0125,0.04,0.12,STATIONARY
19325,-0.0036,0.03,0.11,STATIONARY
19328,-0.0036,0.02,0.11,STATIONARY
19329,0.0023,0.02,0.10,STATIONARY
19331,0.0084,0.04,0.10,STATIONARY
19334,0.0132,0.06,0.10,STATIONARY
19335,0.0136,0.08,0.09,STATIONARY
19337,0.0115,0.09,0.09,STATIONARY
19339,0.0188,0.12,0.10,STATIONARY
19341,0.0199,0.15,0.10,STATIONARY
19343,0.0132,0.16,0.10,STATIONARY
19345,0.0044,0.16,0.11,STATIONARY
19347,0.0049,0.15,0.11,STATIONARY
19350,-0.0075,0.13,0.11,STATIONARY
19351,-0.0199,0.08,0.11,STATIONARY
19354,-0.0259,0.03,0.10,STATIONARY
19355,-0.0310,-0.03,0.10,STATIONARY
19357,-0.0315,-0.09,0.08,STATIONARY
19359,-0.0332,-0.14,0.07,STATIONARY
19361,-0.0371,-0.20,0.05,STATIONARY
19363,-0.0302,-0.24,0.04,STATIONARY
19366,-0.0270,-0.27,0.02,STATIONARY
19367,-0.0293,-0.30,0.00,STATIONARY
19369,-0.0373,-0.35,-0.02,STATIONARY
19371,-0.0341,-0.38,-0.04,STATIONARY
19373,-0.0257,-0.40,-0.06,STATIONARY
19375,-0.0232,-0.41,-0.08,STATIONARY
19377,-0.0225,-0.42,-0.10,STATIONARY
19379,-0.0122,-0.41,-0.12,STATIONARY
19382,-0.0006,-0.38,-0.14,STATIONARY
19383,-0.0047,-0.35,-0.15,STATIONARY
19385,-0.0080,-0.34,-0.16,STATIONARY
19387,-0.0303,-0.37,-0.17,STATIONARY
19389,-0.0378,-0.41,-0.19,STATIONARY
19391,-0.0416,-0.45,-0.20,STATIONARY
19393,-0.0460,-0.50,-0.22,STATIONARY
19396,-0.0661,-0.58,-0.24,STATIONARY
19397,-0.0836,-0.69,-0.27,STATIONARY
19399,-0.0812,-0.78,-0.30,STATIONARY
19401,-0.0717,-0.85,-0.33,STATIONARY
19403,-0.0615,-0.90,-0.36,STATIONARY
19405,-0.0536,-0.92,-0.40,STATIONARY
19407,-0.0493,-0.94,-0.43,STATIONARY
19409,-0.0422,-0.94,-0.46,STATIONARY
19411,-0.0389,-0.94,-0.49,STATIONARY
19413,-0.0318,-0.92,-0.51,STATIONARY
19415,-0.0160,-0.88,-0.54,STATIONARY
19417,0.0010,-0.81,-0.55,STATIONARY
19420,0.0165,-0.71,-0.56,STATIONARY
19421,0.0215,-0.62,-0.56,STATIONARY
19424,0.0211,-0.53,-0.56,STATIONARY
19425,0.0190,-0.45,-0.56,STATIONARY
19427,0.0056,-0.40,-0.55,STATIONARY
19429,0.0036,-0.36,-0.54,STATIONARY
19431,0.0004,-0.33,-0.52,STATIONARY
19433,-0.0018,-0.31,-0.51,STATIONARY
19436,-0.0056,-0.30,-0.50,STATIONARY
19437,-0.0188,-0.31,-0.49,STATIONARY
19439,-0.0271,-0.33,-0.48,STATIONARY
19441,-0.0287,-0.36,-0.47,STATIONARY
19444,-0.0326,-0.39,-0.47,STATIONARY
19446,-0.0323,-0.42,-0.46,STATIONARY
19447,-0.0158,-0.41,-0.46,STATIONARY
19449,-0.0031,-0.39,-0.46,STATIONARY
19452,0.0121,-0.33,-0.45,STATIONARY
19453,0.0222,-0.27,-0.44,STATIONARY
19455,0.0303,-0.19,-0.42,STATIONARY
19457,0.0413,-0.10,-0.40,STATIONARY
19459,0.0425,-0.01,-0.38,STATIONARY
19461,0.0480,0.08,-0.35,STATIONARY
19463,0.0563,0.17,-0.32,STATIONARY
19465,0.0594,0.27,-0.29,STATIONARY
19467,0.0609,0.36,-0.25,STATIONARY
19469,0.0549,0.43,-0.21,STATIONARY
19471,0.0407,0.47,-0.17,STATIONARY
19473,0.0366,0.50,-0.13,STATIONARY
19475,0.0302,0.52,-0.09,STATIONARY
19477,0.0146,0.50,-0.06,STATIONARY
19479,0.0029,0.47,-0.02,STATIONARY
19481,-0.0051,0.42,0.00,STATIONARY
19484,-0.0090,0.37,0.02,STATIONARY
19485,-0.0182,0.31,0.04,STATIONARY
19487,-0.0151,0.26,0.05,STATIONARY
19489,-0.0171,0.20,0.06,STATIONARY
19491,-0.0157,0.16,0.07,STATIONARY
19493,0.0012,0.15,0.07,STATIONARY
19495,0.0178,0.17,0.08,STATIONARY
19497,0.0283,0.21,0.09,STATIONARY
19500,0.0337,0.25,0.10,STATIONARY
19501,0.0355,0.30,0.11,STATIONARY
19503,0.0334,0.34,0.12,STATIONARY
19506,0.0353,0.37,0.14,STATIONARY
19507,0.0403,0.42,0.15,STATIONARY
19509,0.0209,0.42,0.17,STATIONARY
19511,0.0085,0.40,0.18,STATIONARY
19513,0.0085,0.39,0.19,STATIONARY
19515,0.0017,0.36,0.20,STATIONARY
19518,-0.0009,0.33,0.21,STATIONARY
19519,-0.0072,0.29,0.22,STATIONARY
19521,-0.0151,0.24,0.22,STATIONARY
19523,-0.0228,0.18,0.22,STATIONARY
19525,-0.0185,0.13,0.21,STATIONARY
19527,-0.0265,0.07,0.20,STATIONARY
19529,-0.0295,0.01,0.19,STATIONARY
19531,-0.0321,-0.05,0.18,STATIONARY
19533,-0.0333,-0.11,0.16,STATIONARY
19535,-0.0285,-0.15,0.14,STATIONARY
19538,-0.0258,-0.19,0.12,STATIONARY
19539,-0.0182,-0.20,0.10,STATIONARY
19541,-0.0149,-0.22,0.08,STATIONARY
19543,-0.0101,-0.22,0.07,STATIONARY
19545,-0.0136,-0.22,0.05,STATIONARY
19547,-0.0143,-0.23,0.03,STATIONARY
19549,-0.0110,-0.23,0.02,STATIONARY
19551,-0.0061,-0.23,0.00,STATIONARY
19554,-0.0008,-0.21,-0.01,STATIONARY
19555,-0.0107,-0.21,-0.02,STATIONARY
19557,-0.0197,-0.23,-0.03,STATIONARY
19559,-0.0230,-0.26,-0.05,STATIONARY
19561,-0.0231,-0.28,-0.06,STATIONARY
19563,-0.0269,-0.31,-0.08,STATIONARY
19565,-0.0325,-0.34,-0.09,STATIONARY
19567,-0.0331,-0.37,-0.11,STATIONARY
19569,-0.0241,-0.39,-0.12,STATIONARY
19571,-0.0194,-0.39,-0.14,STATIONARY
19573,-0.0233,-0.40,-0.16,STATIONARY
19575,-0.0328,-0.43,-0.17,STATIONARY
19577,-0.0311,-0.46,-0.19,STATIONARY
19579,-0.0282,-0.47,-0.21,STATIONARY
19581,-0.0299,-0.49,-0.22,STATIONARY
19583,-0.0308,-0.51,-0.24,STATIONARY
19586,-0.0193,-0.50,-0.26,STATIONARY
19587,-0.0191,-0.50,-0.27,STATIONARY
19590,-0.0165,-0.49,-0.28,STATIONARY
19592,-0.0178,-0.48,-0.29,STATIONARY
19593,-0.0218,-0.48,-0.30,STATIONARY
19596,-0.0149,-0.47,-0.31,STATIONARY
19597,-0.0062,-0.44,-0.32,STATIONARY
19599,-0.0101,-0.43,-0.33,STATIONARY
19602,-0.0123,-0.42,-0.33,STATIONARY
19603,-0.0183,-0.42,-0.34,STATIONARY
19605,-0.0242,-0.43,-0.34,STATIONARY
19608,-0.0336,-0.46,-0.35,STATIONARY
19609,-0.0301,-0.47,-0.36,STATIONARY
19611,-0.0344,-0.50,-0.37,STATIONARY
19613,-0.0446,-0.54,-0.38,STATIONARY
19615,-0.0381,-0.57,-0.39,STATIONARY
19617,-0.0403,-0.60,-0.40,STATIONARY
19619,-0.0305,-0.61,-0.41,STATIONARY
19621,-0.0195,-0.59,-0.42,STATIONARY
19624,-0.0112,-0.57,-0.43,STATIONARY
19625,-0.0104,-0.54,-0.44,STATIONARY
19627,-0.0062,-0.51,-0.44,STATIONARY
19629,-0.0097,-0.49,-0.44,STATIONARY
19631,-0.0100,-0.46,-0.45,STATIONARY
19633,-0.0066,-0.44,-0.45,STATIONARY
19635,0.0075,-0.39,-0.44,STATIONARY
19637,0.0093,-0.34,-0.44,STATIONARY
19639,0.0084,-0.30,-0.43,STATIONARY
19641,0.0066,-0.26,-0.42,STATIONARY
19643,0.0017,-0.24,-0.41,STATIONARY
19645,-0.0047,-0.23,-0.40,STATIONARY
19647,-0.0017,-0.21,-0.39,STATIONARY
19649,0.0003,-0.20,-0.38,STATIONARY
19651,-0.0151,-0.21,-0.37,STATIONARY
19653,-0.0272,-0.24,-0.36,STATIONARY
19656,-0.0193,-0.26,-0.35,STATIONARY
19657,-0.0056,-0.25,-0.35,STATIONARY
19659,0.0086,-0.21,-0.34,STATIONARY
19661,0.0147,-0.17,-0.33,STATIONARY
19664,0.0069,-0.14,-0.32,STATIONARY
19665,0.0070,-0.12,-0.31,STATIONARY
19667,0.0076,-0.09,-0.29,STATIONARY
19669,0.0070,-0.07,-0.28,STATIONARY
19671,0.0059,-0.06,-0.27,STATIONARY
19673,0.0096,-0.03,-0.25,STATIONARY
19675,0.0096,-0.01,-0.24,STATIONARY
19678,0.0181,0.02,-0.22,STATIONARY
19679,0.0272,0.07,-0.21,STATIONARY
19681,0.0297,0.12,-0.19,STATIONARY
19683,0.0284,0.16,-0.17,STATIONARY
19685,0.0247,0.19,-0.15,STATIONARY
19687,0.0188,0.21,-0.12,STATIONARY
19689,0.0267,0.24,-0.10,STATIONARY
19691,0.0239,0.27,-0.08,STATIONARY
19694,0.0118,0.27,-0.06,STATIONARY
19695,0.0121,0.27,-0.04,STATIONARY
19697,0.0040,0.26,-0.02,STATIONARY
19699,-0.0078,0.22,-0.01,STATIONARY
19701,-0.0054,0.19,0.00,STATIONARY
19703,0.0012,0.18,0.01,STATIONARY
19705,0.0044,0.17,0.02,STATIONARY
19707,0.0084,0.18,0.03,STATIONARY
19709,0.0158,0.19,0.04,STATIONARY
19711,0.0137,0.20,0.05,STATIONARY
19713,0.0243,0.23,0.06,STATIONARY
19715,0.0307,0.27,0.07,STATIONARY
19717,0.0316,0.30,0.09,STATIONARY
19719,0.0211,0.32,0.10,STATIONARY
19721,0.0179,0.33,0.11,STATIONARY
19723,0.0168,0.33,0.13,STATIONARY
19726,0.0085,0.32,0.14,STATIONARY
19727,0.0029,0.30,0.15,STATIONARY
19729,0.0049,0.28,0.16,STATIONARY
19731,0.0106,0.28,0.16,STATIONARY
19733,0.0210,0.30,0.17,STATIONARY
19735,0.0226,0.32,0.18,STATIONARY
19737,0.0088,0.31,0.19,STATIONARY
19739,0.0044,0.29,0.19,STATIONARY
19741,-0.0040,0.26,0.20,STATIONARY
19743,-0.0026,0.23,0.20,STATIONARY
19745,-0.0028,0.21,0.20,STATIONARY
19747,-0.0033,0.19,0.20,STATIONARY
19749,-0.0058,0.16,0.20,STATIONARY
19751,-0.0073,0.14,0.19,STATIONARY
19753,-0.0008,0.12,0.19,STATIONARY
19755,0.0032,0.12,0.19,STATIONARY
19757,0.0043,0.12,0.18,STATIONARY
19759,0.0125,0.13,0.18,STATIONARY
19761,0.0194,0.16,0.18,STATIONARY
19764,0.0231,0.19,0.18,STATIONARY
19765,0.0240,0.22,0.18,STATIONARY
19767,0.0189,0.23,0.18,STATIONARY
19769,0.0023,0.22,0.18,STATIONARY
19771,0.0087,0.22,0.19,STATIONARY
19773,0.0169,0.23,0.19,STATIONARY
19775,0.0141,0.24,0.19,STATIONARY
19777,0.0044,0.23,0.19,STATIONARY
19780,-0.0087,0.19,0.19,STATIONARY
19781,-0.0168,0.15,0.19,STATIONARY
19784,-0.0150,0.11,0.19,STATIONARY
19786,-0.0098,0.08,0.18,STATIONARY
19787,-0.0147,0.05,0.17,STATIONARY
19789,-0.0108,0.02,0.16,STATIONARY
19791,0.0010,0.02,0.16,STATIONARY
19793,0.0080,0.04,0.15,STATIONARY
19796,0.0101,0.05,0.14,STATIONARY
19797,0.0090,0.06,0.14,STATIONARY
19799,0.0131,0.08,0.13,STATIONARY
19801,0.0141,0.10,0.13,STATIONARY
19803,0.0127,0.12,0.13,STATIONARY
19805,0.0123,0.13,0.13,STATIONARY
19807,0.0165,0.15,0.13,STATIONARY
19809,0.0170,0.17,0.14,STATIONARY
19811,0.0064,0.17,0.14,STATIONARY
19813,0.0065,0.17,0.14,STATIONARY
19815,0.0109,0.17,0.14,STATIONARY
19817,0.0064,0.17,0.14,STATIONARY
19819,0.0042,0.17,0.14,STATIONARY
19821,-0.0019,0.15,0.14,STATIONARY
19823,-0.0092,0.12,0.14,STATIONARY
19825,-0.0208,0.07,0.14,STATIONARY
19827,-0.0316,0.01,0.13,STATIONARY
19829,-0.0377,-0.06,0.12,STATIONARY
19831,-0.0436,-0.14,0.10,STATIONARY
19833,-0.0413,-0.20,0.09,STATIONARY
19835,-0.0312,-0.24,0.07,STATIONARY
19837,-0.0321,-0.28,0.05,STATIONARY
19839,-0.0295,-0.31,0.02,STATIONARY
19841,-0.0223,-0.33,0.00,STATIONARY
19844,-0.0203,-0.34,-0.02,STATIONARY
19845,-0.0157,-0.34,-0.04,STATIONARY
19847,-0.0156,-0.34,-0.05,STATIONARY
19849,-0.0144,-0.34,-0.07,STATIONARY
19851,-0.0125,-0.34,-0.09,STATIONARY
19854,-0.0218,-0.35,-0.10,STATIONARY
19855,-0.0260,-0.37,-0.12,STATIONARY
19857,-0.0254,-0.39,-0.13,STATIONARY
19859,-0.0287,-0.41,-0.15,STATIONARY
19861,-0.0227,-0.42,-0.17,STATIONARY
19863,-0.0149,-0.41,-0.18,STATIONARY
19865,-0.0151,-0.41,-0.19,STATIONARY
19867,-0.0121,-0.40,-0.21,STATIONARY
19869,-0.0108,-0.39,-0.22,STATIONARY
19871,-0.0108,-0.37,-0.23,STATIONARY
19873,-0.0117,-0.37,-0.23,STATIONARY
19875,-0.0077,-0.35,-0.24,STATIONARY
19877,-0.0032,-0.33,-0.25,STATIONARY
19879,-0.0009,-0.30,-0.25,STATIONARY
19881,-0.0002,-0.28,-0.25,STATIONARY
19883,-0.0038,-0.26,-0.25,STATIONARY
19885,-0.0071,-0.26,-0.25,STATIONARY
19887,0.0037,-0.23,-0.25,STATIONARY
19889,0.0131,-0.19,-0.25,STATIONARY
19891,0.0147,-0.14,-0.24,STATIONARY
19893,0.0268,-0.08,-0.23,STATIONARY
19895,0.0283,-0.02,-0.22,STATIONARY
19897,0.0125,0.00,-0.21,STATIONARY
19899,-0.0007,-0.00,-0.19,STATIONARY
19901,-0.0118,-0.02,-0.18,STATIONARY
19903,-0.0207,-0.06,-0.18,STATIONARY
19905,-0.0389,-0.13,-0.17,STATIONARY
19907,-0.0411,-0.19,-0.18,STATIONARY
19909,-0.0388,-0.25,-0.18,STATIONARY
19911,-0.0366,-0.30,-0.19,STATIONARY
19913,-0.0275,-0.32,-0.19,STATIONARY
19915,-0.0113,-0.32,-0.20,STATIONARY
19917,-0.0049,-0.30,-0.21,STATIONARY
19920,-0.0090,-0.29,-0.21,STATIONARY
19921,-0.0107,-0.29,-0.22,STATIONARY
19924,-0.0102,-0.29,-0.22,STATIONARY
19925,-0.0002,-0.26,-0.22,STATIONARY
19927,0.0051,-0.23,-0.22,STATIONARY
19929,0.0033,-0.21,-0.22,STATIONARY
19931,0.0173,-0.16,-0.22,STATIONARY
19933,0.0234,-0.10,-0.21,STATIONARY
19936,0.0349,-0.03,-0.20,STATIONARY
19937,0.0357,0.04,-0.19,STATIONARY
19939,0.0244,0.08,-0.17,STATIONARY
19941,0.0263,0.12,-0.15,STATIONARY
19943,0.0154,0.14,-0.14,STATIONARY
19946,0.0047,0.14,-0.12,STATIONARY
19947,-0.0015,0.12,-0.11,STATIONARY
19949,-0.0019,0.11,-0.09,STATIONARY
19952,0.0004,0.10,-0.08,STATIONARY
19953,0.0042,0.10,-0.07,STATIONARY
19955,0.0111,0.11,-0.06,STATIONARY
19957,0.0149,0.13,-0.05,STATIONARY
19959,0.0113,0.14,-0.04,STATIONARY
19961,0.0068,0.14,-0.03,STATIONARY
19963,0.0028,0.14,-0.02,STATIONARY
19965,-0.0043,0.12,-0.01,STATIONARY
19967,-0.0066,0.10,-0.00,STATIONARY
19969,-0.0148,0.06,0.00,STATIONARY
19971,-0.0161,0.03,0.00,STATIONARY
19973,-0.0095,0.01,0.00,STATIONARY
19975,0.0012,0.01,0.00,STATIONARY
19977,0.0140,0.03,0.01,STATIONARY
19979,0.0253,0.08,0.01,STATIONARY
19981,0.0362,0.14,0.02,STATIONARY
19984,0.0443,0.21,0.03,STATIONARY
19986,0.0402,0.27,0.04,STATIONARY
19988,0.0299,0.30,0.06,STATIONARY
19989,0.0230,0.32,0.07,STATIONARY
19991,0.0143,0.32,0.09,STATIONARY
19994,0.0116,0.31,0.10,STATIONARY
19995,-0.0017,0.29,0.11,STATIONARY
19997,-0.0115,0.24,0.12,STATIONARY
20000,-0.0130,0.20,0.12,STATIONARY
20001,-0.0040,0.18,0.13,STATIONARY
20003,0.0054,0.17,0.13,STATIONARY
20006,0.0037,0.16,0.13,STATIONARY
20007,0.0070,0.16,0.13,STATIONARY
20009,0.0033,0.16,0.14,STATIONARY
20011,0.0022,0.15,0.14,STATIONARY
20013,-0.0012,0.13,0.14,STATIONARY
20015,-0.0068,0.11,0.13,STATIONARY
20018,-0.0076,0.09,0.13,STATIONARY
20019,-0.0049,0.07,0.13,STATIONARY
20022,-0.0061,0.06,0.12,STATIONARY
20023,-0.0093,0.03,0.12,STATIONARY
20025,-0.0008,0.03,0.11,STATIONARY
20027,0.0061,0.04,0.11,STATIONARY
20029,0.0154,0.06,0.11,STATIONARY
20031,0.0184,0.09,0.11,STATIONARY
20033,0.0311,0.14,0.11,STATIONARY
20035,0.0357,0.20,0.11,STATIONARY
20037,0.0219,0.22,0.12,STATIONARY
20039,0.0098,0.22,0.13,STATIONARY
20041,-0.0014,0.20,0.13,STATIONARY
20043,0.0010,0.19,0.13,STATIONARY
20045,-0.0040,0.16,0.14,STATIONARY
20047,-0.0155,0.12,0.13,STATIONARY
20049,-0.0148,0.09,0.13,STATIONARY
20051,-0.0125,0.06,0.13,STATIONARY
20054,-0.0096,0.03,0.12,STATIONARY
20055,-0.0014,0.03,0.12,STATIONARY
20057,0.0119,0.05,0.11,STATIONARY
20059,-0.0026,0.04,0.11,STATIONARY
20061,-0.0045,0.03,0.10,STATIONARY
20064,-0.0062,0.01,0.10,STATIONARY
20065,-0.0084,-0.00,0.09,STATIONARY
20067,-0.0078,-0.02,0.09,STATIONARY
20070,-0.0140,-0.04,0.08,STATIONARY
20071,-0.0108,-0.06,0.07,STATIONARY
20073,-0.0017,-0.06,0.06,STATIONARY
20075,-0.0075,-0.07,0.06,STATIONARY
20077,-0.0034,-0.07,0.05,STATIONARY
20079,-0.0127,-0.08,0.04,STATIONARY
20081,-0.0340,-0.14,0.03,STATIONARY
20083,-0.0459,-0.21,0.02,STATIONARY
20086,-0.0446,-0.28,-0.00,STATIONARY
20087,-0.0428,-0.34,-0.02,STATIONARY
20089,-0.0443,-0.39,-0.04,STATIONARY
20092,-0.0360,-0.42,-0.07,STATIONARY
20093,-0.0228,-0.43,-0.09,STATIONARY
20095,-0.0071,-0.41,-0.11,STATIONARY
20097,0.0018,-0.38,-0.12,STATIONARY
20099,0.0068,-0.33,-0.14,STATIONARY
20102,0.0040,-0.30,-0.14,STATIONARY
20103,-0.0024,-0.28,-0.15,STATIONARY
20105,0.0028,-0.25,-0.16,STATIONARY
20108,-0.0016,-0.23,-0.16,STATIONARY
20109,-0.0127,-0.24,-0.17,STATIONARY
20111,-0.0267,-0.27,-0.17,STATIONARY
20113,-0.0278,-0.30,-0.18,STATIONARY
20115,-0.0291,-0.33,-0.19,STATIONARY
20117,-0.0400,-0.38,-0.20,STATIONARY
20119,-0.0371,-0.41,-0.21,STATIONARY
20121,-0.0376,-0.45,-0.23,STATIONARY
20124,-0.0368,-0.48,-0.24,STATIONARY
20125,-0.0291,-0.50,-0.26,STATIONARY
20127,-0.0209,-0.50,-0.27,STATIONARY
20129,-0.0154,-0.48,-0.28,STATIONARY
20131,-0.0150,-0.47,-0.30,STATIONARY
20133,-0.0089,-0.45,-0.30,STATIONARY
20135,-0.0080,-0.43,-0.31,STATIONARY
20137,-0.0033,-0.40,-0.32,STATIONARY
20139,-0.0046,-0.38,-0.32,STATIONARY
20141,-0.0014,-0.35,-0.32,STATIONARY
20143,0.0132,-0.30,-0.32,STATIONARY
20145,0.0173,-0.24,-0.32,STATIONARY
20147,0.0176,-0.19,-0.31,STATIONARY
20149,0.0112,-0.15,-0.30,STATIONARY
20151,0.0025,-0.14,-0.29,STATIONARY
20153,-0.0001,-0.13,-0.28,STATIONARY
20156,-0.0007,-0.12,-0.27,STATIONARY
20157,-0.0003,-0.11,-0.26,STATIONARY
20159,0.0008,-0.10,-0.25,STATIONARY
20161,0.0062,-0.08,-0.24,STATIONARY
20163,-0.0011,-0.08,-0.23,STATIONARY
20165,-0.0269,-0.12,-0.23,STATIONARY
20167,-0.0355,-0.17,-0.22,STATIONARY
20169,-0.0303,-0.22,-0.22,STATIONARY
20171,-0.0114,-0.22,-0.22,STATIONARY
20173,0.0006,-0.20,-0.22,STATIONARY
20175,0.0005,-0.18,-0.22,STATIONARY
20177,0.0023,-0.17,-0.22,STATIONARY
20179,0.0055,-0.14,-0.21,STATIONARY
20181,0.0138,-0.11,-0.20,STATIONARY
20184,0.0234,-0.05,-0.20,STATIONARY
20186,0.0286,0.00,-0.18,STATIONARY
20188,0.0312,0.06,-0.17,STATIONARY
20189,0.0241,0.10,-0.15,STATIONARY
20191,0.0291,0.15,-0.14,STATIONARY
20194,0.0200,0.17,-0.12,STATIONARY
20195,0.0104,0.18,-0.10,STATIONARY
20197,0.0126,0.19,-0.08,STATIONARY
20199,0.0013,0.17,-0.07,STATIONARY
20201,-0.0148,0.13,-0.06,STATIONARY
20203,-0.0207,0.08,-0.05,STATIONARY
20205,-0.0206,0.04,-0.04,STATIONARY
20207,-0.0128,0.01,-0.04,STATIONARY
20210,-0.0150,-0.02,-0.04,STATIONARY
20211,0.0002,-0.02,-0.04,STATIONARY
20213,0.0024,-0.01,-0.04,STATIONARY
20215,0.0090,0.01,-0.03,STATIONARY
20217,0.0079,0.02,-0.03,STATIONARY
20220,0.0019,0.02,-0.03,STATIONARY
20221,0.0213,0.06,-0.02,STATIONARY
20223,0.0270,0.11,-0.01,STATIONARY
20225,0.0292,0.15,-0.00,STATIONARY
20227,0.0237,0.18,0.01,STATIONARY
20229,0.0251,0.21,0.02,STATIONARY
20231,0.0179,0.23,0.03,STATIONARY
20233,0.0256,0.26,0.04,STATIONARY
20235,0.0408,0.31,0.06,STATIONARY
20237,0.0381,0.36,0.08,STATIONARY
20239,0.0352,0.39,0.10,STATIONARY
20241,0.0373,0.43,0.12,STATIONARY
20243,0.0199,0.43,0.14,STATIONARY
20245,0.0005,0.40,0.15,STATIONARY
20247,-0.0124,0.34,0.16,STATIONARY
20250,-0.0200,0.28,0.17,STATIONARY
20251,-0.0265,0.21,0.17,STATIONARY
20253,-0.0218,0.15,0.17,STATIONARY
20255,-0.0154,0.11,0.17,STATIONARY
20258,-0.0037,0.10,0.16,STATIONARY
20259,0.0006,0.09,0.16,STATIONARY
20261,0.0149,0.11,0.16,STATIONARY
20264,0.0251,0.15,0.16,STATIONARY
20265,0.0347,0.20,0.16,STATIONARY
20267,0.0368,0.25,0.16,STATIONARY
20269,0.0339,0.29,0.17,STATIONARY
20271,0.0279,0.32,0.18,STATIONARY
20273,0.0166,0.33,0.19,STATIONARY
20275,0.0139,0.33,0.20,STATIONARY
20277,-0.0011,0.30,0.20,STATIONARY
20280,-0.0056,0.26,0.21,STATIONARY
20281,-0.0024,0.24,0.21,STATIONARY
20283,-0.0068,0.21,0.21,STATIONARY
20285,-0.0126,0.17,0.21,STATIONARY
20287,-0.0150,0.13,0.20,STATIONARY
20289,-0.0160,0.09,0.19,STATIONARY
20291,-0.0313,0.02,0.18,STATIONARY
20293,-0.0313,-0.04,0.17,STATIONARY
20295,-0.0194,-0.07,0.16,STATIONARY
20297,-0.0120,-0.09,0.14,STATIONARY
20299,-0.0042,-0.09,0.13,STATIONARY
20301,-0.0062,-0.09,0.12,STATIONARY
20304,-0.0117,-0.11,0.10,STATIONARY
20306,-0.0096,-0.12,0.09,STATIONARY
20307,-0.0117,-0.13,0.08,STATIONARY
20309,-0.0133,-0.14,0.06,STATIONARY
20311,-0.0130,-0.15,0.05,STATIONARY
20313,-0.0002,-0.14,0.04,STATIONARY
20315,0.0009,-0.13,0.03,STATIONARY
20317,-0.0050,-0.13,0.02,STATIONARY
20319,-0.0086,-0.13,0.01,STATIONARY
20321,-0.0133,-0.15,0.00,STATIONARY
20324,-0.0173,-0.17,-0.01,STATIONARY
20325,-0.0204,-0.19,-0.02,STATIONARY
20328,-0.0179,-0.21,-0.03,STATIONARY
20329,-0.0286,-0.25,-0.04,STATIONARY
20331,-0.0429,-0.30,-0.06,STATIONARY
20333,-0.0459,-0.36,-0.08,STATIONARY
20335,-0.0485,-0.42,-0.10,STATIONARY
20337,-0.0561,-0.49,-0.12,STATIONARY
20339,-0.0523,-0.55,-0.15,STATIONARY
20341,-0.0327,-0.57,-0.17,STATIONARY
20344,-0.0279,-0.57,-0.19,STATIONARY
20345,-0.0246,-0.57,-0.22,STATIONARY
20347,-0.0170,-0.56,-0.24,STATIONARY
20350,-0.0192,-0.55,-0.26,STATIONARY
20351,-0.0070,-0.52,-0.27,STATIONARY
20354,0.0018,-0.47,-0.28,STATIONARY
20355,0.0053,-0.43,-0.29,STATIONARY
20357,0.0153,-0.36,-0.30,STATIONARY
20359,0.0162,-0.30,-0.30,STATIONARY
20361,0.0147,-0.25,-0.29,STATIONARY
20363,0.0122,-0.21,-0.29,STATIONARY
20366,0.0109,-0.17,-0.28,STATIONARY
20367,0.0077,-0.15,-0.27,STATIONARY
20369,0.0007,-0.13,-0.27,STATIONARY
20371,-0.0018,-0.13,-0.26,STATIONARY
20373,-0.0078,-0.13,-0.25,STATIONARY
20375,-0.0218,-0.16,-0.24,STATIONARY
20377,-0.0331,-0.21,-0.24,STATIONARY
20379,-0.0389,-0.26,-0.24,STATIONARY
20382,-0.0322,-0.30,-0.25,STATIONARY
20383,-0.0206,-0.31,-0.25,STATIONARY
20386,-0.0112,-0.31,-0.25,STATIONARY
20387,-0.0070,-0.30,-0.26,STATIONARY
20389,-0.0112,-0.29,-0.26,STATIONARY
20392,0.0033,-0.27,-0.26,STATIONARY
20394,0.0145,-0.22,-0.26,STATIONARY
20396,0.0212,-0.16,-0.25,STATIONARY
20398,0.0236,-0.10,-0.24,STATIONARY
20399,0.0158,-0.07,-0.23,STATIONARY
20401,-0.0017,-0.07,-0.22,STATIONARY
20403,-0.0004,-0.06,-0.21,STATIONARY
20405,-0.0066,-0.07,-0.20,STATIONARY
20407,-0.0104,-0.08,-0.20,STATIONARY
20409,-0.0026,-0.08,-0.19,STATIONARY
20411,-0.0034,-0.08,-0.18,STATIONARY
20413,-0.0076,-0.09,-0.18,STATIONARY
20415,-0.0210,-0.12,-0.17,STATIONARY
20417,-0.0301,-0.16,-0.17,STATIONARY
20420,-0.0231,-0.19,-0.18,STATIONARY
20421,-0.0355,-0.24,-0.18,STATIONARY
20424,-0.0310,-0.28,-0.19,STATIONARY
20425,-0.0210,-0.30,-0.19,STATIONARY
20427,-0.0142,-0.30,-0.20,STATIONARY
20429,-0.0084,-0.29,-0.20,STATIONARY
20431,-0.0072,-0.28,-0.21,STATIONARY
20433,-0.0025,-0.26,-0.21,STATIONARY
20435,0.0094,-0.22,-0.21,STATIONARY
20437,0.0175,-0.17,-0.21,STATIONARY
20439,0.0265,-0.11,-0.20,STATIONARY
20441,0.0423,-0.03,-0.19,STATIONARY
20444,0.0405,0.05,-0.18,STATIONARY
20445,0.0290,0.10,-0.16,STATIONARY
20447,0.0116,0.11,-0.15,STATIONARY
20449,-0.0104,0.09,-0.13,STATIONARY
20451,-0.0136,0.05,-0.12,STATIONARY
20453,-0.0144,0.02,-0.11,STATIONARY
20456,-0.0188,-0.01,-0.11,STATIONARY
20457,-0.0263,-0.06,-0.10,STATIONARY
20459,-0.0323,-0.12,-0.11,STATIONARY
20461,-0.0262,-0.15,-0.11,STATIONARY
20463,-0.0229,-0.18,-0.11,STATIONARY
20465,-0.0268,-0.22,-0.12,STATIONARY
20468,-0.0197,-0.24,-0.13,STATIONARY
20469,-0.0176,-0.25,-0.13,STATIONARY
20471,-0.0091,-0.25,-0.14,STATIONARY
20473,0.0020,-0.22,-0.14,STATIONARY
20475,0.0111,-0.19,-0.15,STATIONARY
20477,0.0097,-0.15,-0.15,STATIONARY
20479,0.0188,-0.11,-0.15,STATIONARY
20481,0.0238,-0.05,-0.14,STATIONARY
20483,0.0283,0.00,-0.13,STATIONARY
20486,0.0279,0.05,-0.12,STATIONARY
20487,0.0231,0.09,-0.11,STATIONARY
20489,0.0127,0.11,-0.10,STATIONARY
20491,0.0154,0.13,-0.08,STATIONARY
20493,0.0134,0.14,-0.07,STATIONARY
20495,0.0064,0.14,-0.06,STATIONARY
20497,-0.0087,0.12,-0.05,STATIONARY
20500,-0.0220,0.07,-0.04,STATIONARY
20501,-0.0212,0.02,-0.04,STATIONARY
20503,-0.0231,-0.02,-0.04,STATIONARY
20505,-0.0260,-0.07,-0.04,STATIONARY
20507,-0.0188,-0.10,-0.04,STATIONARY
20509,-0.0179,-0.12,-0.05,STATIONARY
20511,-0.0134,-0.14,-0.05,STATIONARY
20513,-0.0054,-0.14,-0.06,STATIONARY
20515,-0.0011,-0.13,-0.06,STATIONARY
20518,-0.0041,-0.13,-0.06,STATIONARY
20519,-0.0060,-0.13,-0.07,STATIONARY
20522,-0.0046,-0.12,-0.07,STATIONARY
20523,-0.0088,-0.13,-0.07,STATIONARY
20525,-0.0026,-0.13,-0.08,STATIONARY
20527,0.0003,-0.11,-0.08,STATIONARY
20529,-0.0010,-0.11,-0.08,STATIONARY
20531,0.0076,-0.08,-0.08,STATIONARY
20533,0.0151,-0.05,-0.08,STATIONARY
20535,0.0150,-0.02,-0.08,STATIONARY
20537,0.0170,0.01,-0.07,STATIONARY
20539,-0.0014,0.01,-0.07,STATIONARY
20541,-0.0261,-0.04,-0.06,STATIONARY
20544,-0.0360,-0.10,-0.07,STATIONARY
20545,-0.0253,-0.14,-0.07,STATIONARY
20547,-0.0178,-0.16,-0.08,STATIONARY
20549,-0.0146,-0.18,-0.08,STATIONARY
20551,-0.0063,-0.17,-0.09,STATIONARY
20554,0.0050,-0.15,-0.09,STATIONARY
20555,0.0171,-0.11,-0.09,STATIONARY
20557,0.0250,-0.05,-0.09,STATIONARY
20559,0.0305,0.01,-0.08,STATIONARY
20561,0.0246,0.05,-0.08,STATIONARY
20564,0.0229,0.09,-0.07,STATIONARY
20565,0.0216,0.12,-0.05,STATIONARY
20567,0.0148,0.14,-0.04,STATIONARY
20569,0.0067,0.14,-0.03,STATIONARY
20571,-0.0005,0.13,-0.02,STATIONARY
20573,-0.0022,0.12,-0.01,STATIONARY
20575,0.0031,0.11,-0.01,STATIONARY
20577,0.0006,0.10,-0.00,STATIONARY
20579,0.0062,0.11,0.01,STATIONARY
20581,0.0093,0.12,0.01,STATIONARY
20583,0.0096,0.12,0.02,STATIONARY
20586,-0.0028,0.11,0.02,STATIONARY
20587,-0.0154,0.07,0.03,STATIONARY
20589,-0.0243,0.02,0.03,STATIONARY
20592,-0.0192,-0.02,0.02,STATIONARY
20593,-0.0138,-0.04,0.02,STATIONARY
20596,-0.0180,-0.07,0.02,STATIONARY
20598,-0.0163,-0.09,0.01,STATIONARY
20599,-0.0102,-0.11,0.00,STATIONARY
20602,-0.0047,-0.11,-0.00,STATIONARY
20603,0.0165,-0.07,-0.01,STATIONARY
20605,0.0177,-0.03,-0.01,STATIONARY
20608,0.0217,0.01,-0.01,STATIONARY
20609,0.0323,0.07,-0.00,STATIONARY
20611,0.0321,0.12,0.00,STATIONARY
20613,0.0208,0.15,0.01,STATIONARY
20615,0.0143,0.17,0.02,STATIONARY
20617,0.0135,0.18,0.03,STATIONARY
20619,0.0137,0.19,0.04,STATIONARY
20621,0.0068,0.19,0.05,STATIONARY
20624,0.0022,0.18,0.06,STATIONARY
20625,0.0013,0.16,0.06,STATIONARY
20628,-0.0041,0.14,0.07,STATIONARY
20629,-0.0077,0.12,0.07,STATIONARY
20631,-0.0082,0.09,0.07,STATIONARY
20633,-0.0045,0.08,0.07,STATIONARY
20635,0.0022,0.08,0.07,STATIONARY
20637,-0.0066,0.06,0.07,STATIONARY
20639,-0.0093,0.04,0.07,STATIONARY
20641,0.0006,0.03,0.07,STATIONARY
20643,0.0041,0.04,0.07,STATIONARY
20645,0.0006,0.04,0.06,STATIONARY
20647,0.0054,0.04,0.06,STATIONARY
20649,0.0182,0.07,0.06,STATIONARY
20651,0.0172,0.10,0.07,STATIONARY
20653,0.0159,0.12,0.07,STATIONARY
20655,0.0236,0.15,0.07,STATIONARY
20657,0.0111,0.16,0.08,STATIONARY
20659,0.0111,0.17,0.08,STATIONARY
20661,0.0173,0.19,0.09,STATIONARY
20663,0.0129,0.20,0.10,STATIONARY
20665,0.0030,0.19,0.10,STATIONARY
20667,-0.0086,0.16,0.11,STATIONARY
20669,-0.0099,0.13,0.11,STATIONARY
20671,-0.0197,0.08,0.11,STATIONARY
20673,-0.0306,0.02,0.10,STATIONARY
20675,-0.0296,-0.04,0.09,STATIONARY
20678,-0.0134,-0.06,0.08,STATIONARY
20679,-0.0113,-0.08,0.07,STATIONARY
20682,-0.0109,-0.09,0.06,STATIONARY
20683,0.0059,-0.07,0.06,STATIONARY
20685,0.0097,-0.05,0.05,STATIONARY
20687,0.0154,-0.02,0.05,STATIONARY
20689,0.0134,0.01,0.04,STATIONARY
20691,0.0148,0.04,0.04,STATIONARY
20693,0.0311,0.09,0.05,STATIONARY
20695,0.0355,0.15,0.05,STATIONARY
20697,0.0283,0.19,0.06,STATIONARY
20699,0.0196,0.21,0.07,STATIONARY
20702,0.0127,0.22,0.08,STATIONARY
20703,0.0047,0.21,0.09,STATIONARY
20705,-0.0050,0.18,0.09,STATIONARY
20707,-0.0041,0.16,0.09,STATIONARY
20709,-0.0080,0.13,0.10,STATIONARY
20711,-0.0125,0.10,0.10,STATIONARY
20713,-0.0163,0.06,0.10,STATIONARY
20715,-0.0309,-0.00,0.09,STATIONARY
20717,-0.0263,-0.05,0.08,STATIONARY
20720,-0.0272,-0.10,0.07,STATIONARY
20721,-0.0273,-0.14,0.06,STATIONARY
20723,-0.0156,-0.16,0.05,STATIONARY
20726,-0.0048,-0.15,0.03,STATIONARY
20727,0.0017,-0.14,0.02,STATIONARY
20729,0.0051,-0.12,0.02,STATIONARY
20731,0.0164,-0.08,0.01,STATIONARY
20733,0.0296,-0.02,0.01,STATIONARY
20735,0.0336,0.05,0.01,STATIONARY
20737,0.0410,0.12,0.02,STATIONARY
20739,0.0438,0.19,0.03,STATIONARY
20742,0.0196,0.21,0.04,STATIONARY
20743,0.0097,0.21,0.05,STATIONARY
20745,0.0001,0.19,0.06,STATIONARY
20747,-0.0006,0.18,0.06,STATIONARY
20749,-0.0039,0.16,0.07,STATIONARY
20751,0.0018,0.15,0.07,STATIONARY
20753,-0.0067,0.12,0.08,STATIONARY
20755,-0.0202,0.08,0.08,STATIONARY
20757,-0.0373,0.00,0.07,STATIONARY
20759,-0.0527,-0.10,0.06,STATIONARY
20761,-0.0597,-0.20,0.05,STATIONARY
20764,-0.0509,-0.28,0.03,STATIONARY
20765,-0.0479,-0.34,0.01,STATIONARY
20767,-0.0325,-0.37,-0.02,STATIONARY
20769,-0.0221,-0.38,-0.04,STATIONARY
20771,0.0011,-0.35,-0.06,STATIONARY
20773,0.0141,-0.30,-0.07,STATIONARY
20775,0.0281,-0.22,-0.08,STATIONARY
20777,0.0390,-0.13,-0.08,STATIONARY
20780,0.0445,-0.04,-0.08,STATIONARY
20781,0.0367,0.03,-0.07,STATIONARY
20783,0.0276,0.08,-0.06,STATIONARY
20786,0.0335,0.13,-0.05,STATIONARY
20787,0.0223,0.16,-0.04,STATIONARY
20789,0.0107,0.17,-0.03,STATIONARY
20791,0.0152,0.19,-0.01,STATIONARY
20794,0.0212,0.21,-0.00,STATIONARY
20796,0.0209,0.23,0.01,STATIONARY
20797,0.0107,0.23,0.03,STATIONARY
20799,-0.0141,0.19,0.03,STATIONARY
20801,-0.0332,0.11,0.04,STATIONARY
20803,-0.0353,0.04,0.04,STATIONARY
20805,-0.0384,-0.04,0.03,STATIONARY
20807,-0.0419,-0.11,0.03,STATIONARY
20809,-0.0285,-0.15,0.02,STATIONARY
20811,-0.0241,-0.19,0.00,STATIONARY
20813,-0.0160,-0.20,-0.01,STATIONARY
20815,-0.0080,-0.20,-0.02,STATIONARY
20817,0.0137,-0.16,-0.03,STATIONARY
20819,0.0446,-0.06,-0.03,STATIONARY
20821,0.0539,0.04,-0.03,STATIONARY
20823,0.0476,0.13,-0.02,STATIONARY
20825,0.0369,0.18,-0.00,STATIONARY
20827,0.0340,0.23,0.01,STATIONARY
20829,0.0194,0.25,0.02,STATIONARY
20831,0.0127,0.25,0.04,STATIONARY
20833,0.0161,0.26,0.05,STATIONARY
20835,0.0114,0.26,0.06,STATIONARY
20837,0.0074,0.25,0.07,STATIONARY
20839,-0.0044,0.23,0.08,STATIONARY
20841,-0.0074,0.19,0.09,STATIONARY
20844,-0.0021,0.17,0.09,STATIONARY
20845,0.0065,0.17,0.10,STATIONARY
20847,0.0132,0.18,0.10,STATIONARY
20850,0.0136,0.19,0.11,STATIONARY
20851,0.0156,0.21,0.12,STATIONARY
20853,0.0132,0.21,0.12,STATIONARY
20855,0.0027,0.20,0.13,STATIONARY
20857,0.0026,0.19,0.13,STATIONARY
20859,0.0085,0.19,0.13,STATIONARY
20861,0.0130,0.20,0.14,STATIONARY
20863,0.0214,0.22,0.14,STATIONARY
20866,0.0262,0.25,0.15,STATIONARY
20867,0.0284,0.29,0.16,STATIONARY
20869,0.0239,0.31,0.17,STATIONARY
20871,0.0122,0.30,0.17,STATIONARY
20873,0.0063,0.29,0.18,STATIONARY
20875,-0.0075,0.25,0.19,STATIONARY
20877,-0.0139,0.21,0.19,STATIONARY
20879,-0.0244,0.15,0.18,STATIONARY
20881,-0.0341,0.07,0.18,STATIONARY
20883,-0.0374,-0.00,0.17,STATIONARY
20885,-0.0429,-0.08,0.15,STATIONARY
20887,-0.0553,-0.18,0.13,STATIONARY
20889,-0.0526,-0.26,0.11,STATIONARY
20891,-0.0445,-0.32,0.08,STATIONARY
20893,-0.0422,-0.37,0.06,STATIONARY
20895,-0.0382,-0.41,0.03,STATIONARY
20897,-0.0333,-0.44,0.00,STATIONARY
20899,-0.0330,-0.47,-0.03,STATIONARY
20901,-0.0334,-0.49,-0.05,STATIONARY
20903,-0.0288,-0.50,-0.08,STATIONARY
20905,-0.0111,-0.48,-0.10,STATIONARY
20907,-0.0017,-0.45,-0.12,STATIONARY
20909,-0.0016,-0.42,-0.14,STATIONARY
20911,-0.0011,-0.38,-0.16,STATIONARY
20913,-0.0057,-0.36,-0.17,STATIONARY
20915,-0.0098,-0.35,-0.18,STATIONARY
20917,-0.0061,-0.34,-0.19,STATIONARY
20919,-0.0108,-0.33,-0.20,STATIONARY
20921,-0.0204,-0.34,-0.21,STATIONARY
20924,-0.0313,-0.37,-0.21,STATIONARY
20925,-0.0404,-0.42,-0.23,STATIONARY
20927,-0.0375,-0.45,-0.24,STATIONARY
20929,-0.0242,-0.46,-0.25,STATIONARY
20931,-0.0103,-0.44,-0.26,STATIONARY
20933,-0.0025,-0.41,-0.27,STATIONARY
20936,0.0057,-0.37,-0.28,STATIONARY
20937,0.0028,-0.33,-0.28,STATIONARY
20939,-0.0006,-0.31,-0.28,STATIONARY
20941,-0.0015,-0.29,-0.28,STATIONARY
20943,-0.0059,-0.27,-0.28,STATIONARY
20945,0.0056,-0.24,-0.28,STATIONARY
20947,0.0180,-0.19,-0.27,STATIONARY
20949,0.0318,-0.12,-0.27,STATIONARY
20952,0.0383,-0.04,-0.25,STATIONARY
20953,0.0429,0.05,-0.23,STATIONARY
20955,0.0405,0.12,-0.21,STATIONARY
20957,0.0369,0.18,-0.19,STATIONARY
20959,0.0379,0.23,-0.17,STATIONARY
20961,0.0364,0.28,-0.14,STATIONARY
20963,0.0374,0.33,-0.11,STATIONARY
20965,0.0409,0.38,-0.08,STATIONARY
20967,0.0245,0.39,-0.06,STATIONARY
20969,-0.0026,0.35,-0.03,STATIONARY
20971,-0.0132,0.30,-0.01,STATIONARY
20973,-0.0059,0.27,0.01,STATIONARY
20975,-0.0144,0.22,0.02,STATIONARY
20977,-0.0093,0.18,0.03,STATIONARY
20979,-0.0168,0.14,0.03,STATIONARY
20981,-0.0195,0.09,0.04,STATIONARY
20984,-0.0111,0.06,0.04,STATIONARY
20986,-0.0003,0.06,0.04,STATIONARY
20987,0.0099,0.07,0.04,STATIONARY
20989,0.0310,0.12,0.05,STATIONARY
20991,0.0431,0.19,0.06,STATIONARY
20994,0.0342,0.24,0.07,STATIONARY
20996,0.0287,0.27,0.08,STATIONARY
20997,0.0244,0.30,0.09,STATIONARY
21000,0.0223,0.31,0.10,STATIONARY
21001,0.0142,0.31,0.12,STATIONARY
21003,0.0059,0.30,0.13,STATIONARY
21006,0.0108,0.30,0.14,STATIONARY
21007,0.0009,0.27,0.15,STATIONARY
21009,-0.0062,0.24,0.15,STATIONARY
21011,-0.0177,0.19,0.15,STATIONARY
21013,-0.0219,0.13,0.15,STATIONARY
21015,-0.0246,0.08,0.15,STATIONARY
21018,-0.0329,0.01,0.14,STATIONARY
21019,-0.0209,-0.03,0.13,STATIONARY
21022,-0.0151,-0.05,0.12,STATIONARY
21023,-0.0089,-0.07,0.11,STATIONARY
21026,-0.0128,-0.08,0.10,STATIONARY
21027,-0.0084,-0.09,0.09,STATIONARY
21029,0.0077,-0.07,0.08,STATIONARY
21031,0.0186,-0.03,0.07,STATIONARY
21033,0.0232,0.01,0.07,STATIONARY
21035,0.0315,0.07,0.07,STATIONARY
21037,0.0287,0.12,0.07,STATIONARY
21039,0.0186,0.14,0.07,STATIONARY
21042,0.0048,0.14,0.08,STATIONARY
21043,0.0037,0.14,0.08,STATIONARY
21045,0.0135,0.15,0.09,STATIONARY
21047,0.0064,0.15,0.09,STATIONARY
21049,-0.0013,0.13,0.09,STATIONARY
21051,-0.0069,0.11,0.09,STATIONARY
21054,-0.0058,0.09,0.09,STATIONARY
21055,-0.0120,0.06,0.09,STATIONARY
21057,-0.0236,0.01,0.09,STATIONARY
21059,-0.0407,-0.06,0.08,STATIONARY
21061,-0.0385,-0.13,0.07,STATIONARY
21064,-0.0395,-0.19,0.05,STATIONARY
21065,-0.0317,-0.23,0.03,STATIONARY
21067,-0.0267,-0.26,0.02,STATIONARY
21069,-0.0207,-0.28,-0.00,STATIONARY
21071,-0.0071,-0.27,-0.02,STATIONARY
21073,0.0017,-0.25,-0.03,STATIONARY
21075,0.0134,-0.20,-0.04,STATIONARY
21077,0.0262,-0.14,-0.05,STATIONARY
21079,0.0333,-0.07,-0.05,STATIONARY
21081,0.0351,0.00,-0.04,STATIONARY
21083,0.0256,0.05,-0.04,STATIONARY
21086,0.0185,0.08,-0.03,STATIONARY
21087,0.0087,0.09,-0.02,STATIONARY
21089,0.0008,0.08,-0.02,STATIONARY
21092,-0.0118,0.06,-0.01,STATIONARY
21093,-0.0275,0.00,-0.01,STATIONARY
21095,-0.0342,-0.06,-0.02,STATIONARY
21097,-0.0464,-0.14,-0.02,STATIONARY
21099,-0.0461,-0.22,-0.03,STATIONARY
21102,-0.0515,-0.29,-0.05,STATIONARY
21103,-0.0437,-0.35,-0.07,STATIONARY
21105,-0.0309,-0.38,-0.09,STATIONARY
21108,-0.0113,-0.37,-0.10,STATIONARY
21109,0.0007,-0.34,-0.12,STATIONARY
21111,-0.0052,-0.32,-0.13,STATIONARY
21113,-0.0010,-0.30,-0.14,STATIONARY
21115,-0.0039,-0.28,-0.15,STATIONARY
21117,0.0099,-0.24,-0.15,STATIONARY
21119,0.0183,-0.19,-0.15,STATIONARY
21121,0.0218,-0.13,-0.15,STATIONARY
21124,0.0274,-0.07,-0.15,STATIONARY
21125,0.0245,-0.02,-0.14,STATIONARY
21127,0.0208,0.02,-0.13,STATIONARY
21129,0.0170,0.05,-0.12,STATIONARY
21131,0.0074,0.06,-0.11,STATIONARY
21133,-0.0014,0.05,-0.10,STATIONARY
21135,-0.0010,0.05,-0.09,STATIONARY
21137,-0.0117,0.02,-0.09,STATIONARY
21139,-0.0206,-0.02,-0.08,STATIONARY
21141,-0.0256,-0.06,-0.08,STATIONARY
21143,-0.0364,-0.13,-0.08,STATIONARY
21145,-0.0396,-0.19,-0.09,STATIONARY
21147,-0.0284,-0.23,-0.10,STATIONARY
21149,-0.0087,-0.22,-0.10,STATIONARY
21151,0.0052,-0.20,-0.11,STATIONARY
21153,0.0122,-0.16,-0.11,STATIONARY
21156,0.0219,-0.11,-0.11,STATIONARY
21157,0.0162,-0.07,-0.11,STATIONARY
21159,0.0215,-0.02,-0.10,STATIONARY
21161,0.0459,0.06,-0.09,STATIONARY
21163,0.0608,0.17,-0.08,STATIONARY
21165,0.0604,0.27,-0.06,STATIONARY
21167,0.0516,0.34,-0.03,STATIONARY
21169,0.0344,0.38,-0.01,STATIONARY
21171,0.0271,0.40,0.01,STATIONARY
21173,0.0120,0.39,0.04,STATIONARY
21175,0.0067,0.37,0.06,STATIONARY
21178,0.0035,0.35,0.07,STATIONARY
21179,-0.0013,0.32,0.09,STATIONARY
21182,-0.0117,0.27,0.10,STATIONARY
21183,-0.0168,0.22,0.10,STATIONARY
21186,-0.0213,0.16,0.11,STATIONARY
21188,-0.0173,0.12,0.11,STATIONARY
21189,-0.0043,0.10,0.11,STATIONARY
21191,0.0155,0.12,0.11,STATIONARY
21194,0.0202,0.15,0.11,STATIONARY
21195,0.0271,0.18,0.12,STATIONARY
21198,0.0314,0.23,0.12,STATIONARY
21199,0.0359,0.28,0.13,STATIONARY
21201,0.0412,0.33,0.14,STATIONARY
21203,0.0536,0.40,0.16,STATIONARY
21205,0.0567,0.47,0.18,STATIONARY
21207,0.0616,0.55,0.20,STATIONARY
21209,0.0482,0.59,0.22,STATIONARY
21211,0.0306,0.60,0.24,STATIONARY
21213,0.0256,0.60,0.27,STATIONARY
21215,0.0195,0.59,0.28,STATIONARY
21217,0.0013,0.54,0.30,STATIONARY
21219,-0.0167,0.47,0.31,STATIONARY
21221,-0.0292,0.38,0.31,STATIONARY
21223,-0.0383,0.28,0.31,STATIONARY
21225,-0.0477,0.17,0.30,STATIONARY
21227,-0.0545,0.05,0.29,STATIONARY
21229,-0.0601,-0.06,0.27,STATIONARY
21231,-0.0494,-0.15,0.24,STATIONARY
21233,-0.0366,-0.20,0.22,STATIONARY
21235,-0.0282,-0.24,0.19,STATIONARY
21237,-0.0200,-0.26,0.16,STATIONARY
21239,-0.0092,-0.25,0.14,STATIONARY
21242,-0.0052,-0.24,0.12,STATIONARY
21243,0.0071,-0.21,0.10,STATIONARY
21245,0.0141,-0.17,0.08,STATIONARY
21248,0.0221,-0.11,0.07,STATIONARY
21249,0.0348,-0.04,0.06,STATIONARY
21251,0.0293,0.02,0.06,STATIONARY
21253,0.0246,0.06,0.06,STATIONARY
21255,0.0137,0.08,0.06,STATIONARY
21258,0.0172,0.11,0.07,STATIONARY
21259,0.0022,0.10,0.07,STATIONARY
21261,-0.0070,0.08,0.07,STATIONARY
21264,-0.0241,0.03,0.07,STATIONARY
21265,-0.0314,-0.03,0.06,STATIONARY
21268,-0.0458,-0.11,0.05,STATIONARY
21269,-0.0592,-0.21,0.03,STATIONARY
21271,-0.0654,-0.32,0.01,STATIONARY
21273,-0.0686,-0.42,-0.01,STATIONARY
21275,-0.0625,-0.50,-0.04,STATIONARY
21277,-0.0465,-0.54,-0.07,STATIONARY
21280,-0.0372,-0.57,-0.10,STATIONARY
21281,-0.0333,-0.58,-0.13,STATIONARY
21283,-0.0166,-0.57,-0.15,STATIONARY
21285,-0.0117,-0.54,-0.18,STATIONARY
21287,0.0072,-0.49,-0.20,STATIONARY
21289,0.0153,-0.42,-0.21,STATIONARY
21291,0.0209,-0.35,-0.22,STATIONARY
21293,0.0190,-0.29,-0.22,STATIONARY
21296,0.0240,-0.22,-0.22,STATIONARY
21297,0.0142,-0.17,-0.22,STATIONARY
21299,-0.0023,-0.16,-0.22,STATIONARY
21301,-0.0137,-0.18,-0.21,STATIONARY
21303,-0.0203,-0.20,-0.21,STATIONARY
21305,-0.0330,-0.24,-0.21,STATIONARY
21307,-0.0239,-0.27,-0.22,STATIONARY
21309,-0.0347,-0.31,-0.22,STATIONARY
21311,-0.0548,-0.39,-0.23,STATIONARY
21313,-0.0513,-0.45,-0.25,STATIONARY
21315,-0.0464,-0.50,-0.26,STATIONARY
21317,-0.0455,-0.54,-0.28,STATIONARY
21319,-0.0418,-0.58,-0.29,STATIONARY
21321,-0.0336,-0.59,-0.31,STATIONARY
21324,-0.0248,-0.59,-0.33,STATIONARY
21325,-0.0175,-0.58,-0.34,STATIONARY
21327,-0.0023,-0.53,-0.35,STATIONARY
21329,0.0227,-0.45,-0.36,STATIONARY
21331,0.0403,-0.34,-0.36,STATIONARY
21333,0.0424,-0.23,-0.35,STATIONARY
21335,0.0480,-0.13,-0.34,STATIONARY
21337,0.0411,-0.04,-0.32,STATIONARY
21340,0.0170,-0.01,-0.30,STATIONARY
21341,0.0063,0.01,-0.28,STATIONARY
21344,-0.0056,-0.01,-0.27,STATIONARY
21345,-0.0022,-0.01,-0.25,STATIONARY
21347,-0.0098,-0.03,-0.24,STATIONARY
21350,-0.0244,-0.07,-0.23,STATIONARY
21351,-0.0326,-0.12,-0.22,STATIONARY
21354,-0.0415,-0.19,-0.22,STATIONARY
21355,-0.0463,-0.26,-0.22,STATIONARY
21357,-0.0398,-0.31,-0.23,STATIONARY
21359,-0.0389,-0.36,-0.24,STATIONARY
21361,-0.0318,-0.39,-0.25,STATIONARY
21363,-0.0143,-0.38,-0.25,STATIONARY
21366,0.0060,-0.34,-0.26,STATIONARY
21367,0.0182,-0.28,-0.26,STATIONARY
21369,0.0241,-0.21,-0.26,STATIONARY
21371,0.0264,-0.15,-0.25,STATIONARY
21373,0.0298,-0.08,-0.24,STATIONARY
21375,0.0390,-0.00,-0.23,STATIONARY
21377,0.0431,0.08,-0.21,STATIONARY
21379,0.0378,0.14,-0.19,STATIONARY
21382,0.0343,0.19,-0.17,STATIONARY
21383,0.0282,0.23,-0.14,STATIONARY
21385,0.0182,0.24,-0.12,STATIONARY
21387,0.0100,0.24,-0.10,STATIONARY
21389,0.0047,0.23,-0.08,STATIONARY
21391,-0.0084,0.20,-0.06,STATIONARY
21393,-0.0240,0.14,-0.05,STATIONARY
21396,-0.0411,0.05,-0.04,STATIONARY
21398,-0.0441,-0.03,-0.04,STATIONARY
21399,-0.0502,-0.12,-0.05,STATIONARY
21401,-0.0447,-0.20,-0.06,STATIONARY
21403,-0.0383,-0.25,-0.07,STATIONARY
21405,-0.0217,-0.27,-0.08,STATIONARY
21408,-0.0100,-0.27,-0.09,STATIONARY
21409,0.0065,-0.23,-0.10,STATIONARY
21411,0.0191,-0.18,-0.10,STATIONARY
21413,0.0327,-0.11,-0.11,STATIONARY
21415,0.0372,-0.03,-0.10,STATIONARY
21417,0.0474,0.06,-0.09,STATIONARY
21419,0.0588,0.16,-0.08,STATIONARY
21421,0.0587,0.26,-0.06,STATIONARY
21424,0.0450,0.32,-0.03,STATIONARY
21425,0.0281,0.35,-0.01,STATIONARY
21427,0.0224,0.36,0.01,STATIONARY
21429,0.0143,0.36,0.03,STATIONARY
21431,-0.0070,0.32,0.05,STATIONARY
21433,-0.0164,0.26,0.06,STATIONARY
21435,-0.0239,0.20,0.07,STATIONARY
21437,-0.0312,0.12,0.07,STATIONARY
21439,-0.0376,0.04,0.07,STATIONARY
21441,-0.0331,-0.02,0.06,STATIONARY
21444,-0.0308,-0.08,0.06,STATIONARY
21445,-0.0277,-0.12,0.05,STATIONARY
21447,-0.0084,-0.13,0.04,STATIONARY
21449,0.0114,-0.10,0.03,STATIONARY
21451,0.0138,-0.06,0.02,STATIONARY
21453,0.0187,-0.02,0.02,STATIONARY
21455,0.0229,0.02,0.02,STATIONARY
21457,0.0260,0.07,0.02,STATIONARY
21459,0.0460,0.15,0.03,STATIONARY
21462,0.0516,0.23,0.04,STATIONARY
21463,0.0493,0.30,0.06,STATIONARY
21465,0.0538,0.38,0.08,STATIONARY
21467,0.0377,0.42,0.10,STATIONARY
21469,0.0202,0.42,0.12,STATIONARY
21471,0.0013,0.39,0.13,STATIONARY
21473,-0.0033,0.35,0.14,STATIONARY
21475,-0.0131,0.30,0.15,STATIONARY
21477,-0.0228,0.23,0.16,STATIONARY
21479,-0.0348,0.15,0.16,STATIONARY
21481,-0.0347,0.07,0.15,STATIONARY
21483,-0.0360,0.00,0.14,STATIONARY
21485,-0.0435,-0.08,0.13,STATIONARY
21487,-0.0452,-0.15,0.11,STATIONARY
21489,-0.0361,-0.21,0.10,STATIONARY
21491,-0.0258,-0.24,0.08,STATIONARY
21493,-0.0305,-0.28,0.05,STATIONARY
21495,-0.0202,-0.29,0.03,STATIONARY
21497,-0.0011,-0.27,0.02,STATIONARY
21500,0.0193,-0.21,0.00,STATIONARY
21501,0.0373,-0.13,-0.01,STATIONARY
21503,0.0535,-0.02,-0.01,STATIONARY
21505,0.0630,0.10,0.00,STATIONARY
21507,0.0583,0.20,0.01,STATIONARY
21509,0.0526,0.28,0.03,STATIONARY
21511,0.0425,0.33,0.05,STATIONARY
21513,0.0234,0.35,0.06,STATIONARY
21515,0.0015,0.33,0.08,STATIONARY
21518,-0.0261,0.25,0.09,STATIONARY
21519,-0.0398,0.16,0.09,STATIONARY
21521,-0.0464,0.06,0.09,STATIONARY
21523,-0.0482,-0.03,0.08,STATIONARY
21525,-0.0356,-0.10,0.07,STATIONARY
21527,-0.0267,-0.14,0.06,STATIONARY
21529,-0.0242,-0.17,0.05,STATIONARY
21531,-0.0130,-0.18,0.03,STATIONARY
21533,-0.0114,-0.19,0.02,STATIONARY
21535,-0.0031,-0.18,0.01,STATIONARY
21537,-0.0001,-0.16,-0.00,STATIONARY
21539,0.0091,-0.13,-0.01,STATIONARY
21541,0.0171,-0.09,-0.01,STATIONARY
21543,0.0290,-0.03,-0.01,STATIONARY
21545,0.0362,0.04,-0.01,STATIONARY
21547,0.0377,0.10,-0.00,STATIONARY
21549,0.0324,0.16,0.00,STATIONARY
21551,0.0215,0.18,0.02,STATIONARY
21554,0.0116,0.19,0.03,STATIONARY
21555,-0.0029,0.17,0.03,STATIONARY
21557,-0.0063,0.14,0.04,STATIONARY
21559,-0.0084,0.12,0.04,STATIONARY
21561,-0.0269,0.06,0.05,STATIONARY
21564,-0.0275,0.00,0.04,STATIONARY
21565,-0.0356,-0.06,0.04,STATIONARY
21567,-0.0464,-0.14,0.03,STATIONARY
21569,-0.0472,-0.22,0.01,STATIONARY
21571,-0.0440,-0.28,-0.01,STATIONARY
21573,-0.0465,-0.34,-0.03,STATIONARY
21575,-0.0323,-0.38,-0.05,STATIONARY
21577,-0.0174,-0.38,-0.07,STATIONARY
21579,-0.0015,-0.35,-0.08,STATIONARY
21581,0.0012,-0.32,-0.10,STATIONARY
21584,0.0073,-0.28,-0.11,STATIONARY
21586,0.0170,-0.23,-0.11,STATIONARY
21587,0.0221,-0.17,-0.12,STATIONARY
21589,0.0243,-0.11,-0.12,STATIONARY
21592,0.0307,-0.05,-0.11,STATIONARY
21593,0.0362,0.02,-0.11,STATIONARY
21596,0.0338,0.08,-0.09,STATIONARY
21598,0.0332,0.14,-0.08,STATIONARY
21599,0.0276,0.18,-0.06,STATIONARY
21602,0.0112,0.19,-0.05,STATIONARY
21603,-0.0012,0.17,-0.04,STATIONARY
21605,-0.0221,0.11,-0.03,STATIONARY
21607,-0.0412,0.03,-0.02,STATIONARY
21609,-0.0541,-0.07,-0.03,STATIONARY
21611,-0.0576,-0.17,-0.04,STATIONARY
21613,-0.0524,-0.26,-0.05,STATIONARY
21615,-0.0377,-0.30,-0.06,STATIONARY
21617,-0.0316,-0.34,-0.08,STATIONARY
21619,-0.0257,-0.36,-0.10,STATIONARY
21621,-0.0030,-0.34,-0.11,STATIONARY
21623,0.0215,-0.27,-0.12,STATIONARY
21625,0.0389,-0.18,-0.12,STATIONARY
21627,0.0541,-0.06,-0.12,STATIONARY
21629,0.0574,0.05,-0.11,STATIONARY
21631,0.0692,0.17,-0.09,STATIONARY
21633,0.0764,0.30,-0.07,STATIONARY
21635,0.0667,0.40,-0.04,STATIONARY
21637,0.0520,0.46,-0.01,STATIONARY
21639,0.0362,0.49,0.02,STATIONARY
21641,0.0211,0.49,0.05,STATIONARY
21644,0.0112,0.47,0.07,STATIONARY
21645,-0.0124,0.41,0.09,STATIONARY
21647,-0.0203,0.34,0.11,STATIONARY
21649,-0.0282,0.26,0.11,STATIONARY
21651,-0.0288,0.19,0.12,STATIONARY
21653,-0.0291,0.12,0.12,STATIONARY
21655,-0.0277,0.06,0.12,STATIONARY
21657,-0.0180,0.02,0.11,STATIONARY
21659,-0.0134,-0.00,0.10,STATIONARY
21661,-0.0017,-0.01,0.10,STATIONARY
21663,0.0143,0.02,0.09,STATIONARY
21665,0.0176,0.05,0.09,STATIONARY
21667,0.0234,0.09,0.09,STATIONARY
21669,0.0262,0.13,0.09,STATIONARY
21671,0.0448,0.20,0.10,STATIONARY
21673,0.0532,0.28,0.11,STATIONARY
21675,0.0625,0.38,0.13,STATIONARY
21677,0.0597,0.46,0.14,STATIONARY
21679,0.0435,0.50,0.17,STATIONARY
21681,0.0299,0.51,0.19,STATIONARY
21683,0.0169,0.50,0.21,STATIONARY
21686,0.0057,0.47,0.22,STATIONARY
21688,-0.0087,0.42,0.23,STATIONARY
21689,-0.0219,0.35,0.24,STATIONARY
21691,-0.0319,0.26,0.24,STATIONARY
21693,-0.0475,0.15,0.24,STATIONARY
21695,-0.0555,0.04,0.22,STATIONARY
21697,-0.0563,-0.07,0.21,STATIONARY
21699,-0.0466,-0.15,0.19,STATIONARY
21701,-0.0260,-0.18,0.16,STATIONARY
21703,-0.0016,-0.17,0.14,STATIONARY
21705,0.0092,-0.14,0.13,STATIONARY
21707,0.0240,-0.09,0.11,STATIONARY
21709,0.0401,-0.01,0.11,STATIONARY
21711,0.0514,0.09,0.11,STATIONARY
21713,0.0463,0.17,0.11,STATIONARY
21715,0.0384,0.22,0.12,STATIONARY
21717,0.0355,0.27,0.13,STATIONARY
21719,0.0252,0.30,0.14,STATIONARY
21721,0.0126,0.30,0.15,STATIONARY
21723,0.0025,0.28,0.15,STATIONARY
21725,-0.0084,0.24,0.16,STATIONARY
21727,-0.0195,0.18,0.16,STATIONARY
21729,-0.0226,0.13,0.16,STATIONARY
21731,-0.0312,0.06,0.15,STATIONARY
21733,-0.0374,-0.01,0.14,STATIONARY
21735,-0.0400,-0.09,0.13,STATIONARY
21737,-0.0219,-0.12,0.11,STATIONARY
21739,-0.0066,-0.12,0.10,STATIONARY
21741,-0.0015,-0.11,0.09,STATIONARY
21743,-0.0070,-0.12,0.08,STATIONARY
21745,0.0069,-0.10,0.07,STATIONARY
21747,0.0140,-0.06,0.06,STATIONARY
21749,0.0175,-0.03,0.05,STATIONARY
21751,0.0237,0.02,0.05,STATIONARY
21753,0.0383,0.09,0.05,STATIONARY
21755,0.0395,0.15,0.06,STATIONARY
21757,0.0441,0.22,0.07,STATIONARY
21759,0.0504,0.30,0.08,STATIONARY
21761,0.0440,0.36,0.10,STATIONARY
21764,0.0376,0.40,0.12,STATIONARY
21765,0.0262,0.41,0.13,STATIONARY
21767,0.0106,0.40,0.15,STATIONARY
21769,-0.0068,0.35,0.16,STATIONARY
21771,-0.0202,0.29,0.17,STATIONARY
21773,-0.0412,0.19,0.17,STATIONARY
21775,-0.0568,0.07,0.16,STATIONARY
21777,-0.0626,-0.05,0.15,STATIONARY
21780,-0.0751,-0.18,0.13,STATIONARY
21781,-0.0745,-0.31,0.11,STATIONARY
21783,-0.0625,-0.40,0.08,STATIONARY
21786,-0.0416,-0.44,0.05,STATIONARY
21787,-0.0242,-0.45,0.02,STATIONARY
21789,-0.0082,-0.43,-0.01,STATIONARY
21791,0.0090,-0.38,-0.03,STATIONARY
21793,0.0195,-0.31,-0.05,STATIONARY
21796,0.0285,-0.24,-0.06,STATIONARY
21797,0.0416,-0.14,-0.06,STATIONARY
21799,0.0464,-0.04,-0.06,STATIONARY
21801,0.0366,0.03,-0.06,STATIONARY
21803,0.0417,0.10,-0.05,STATIONARY
21805,0.0337,0.16,-0.04,STATIONARY
21807,0.0242,0.19,-0.02,STATIONARY
21809,0.0130,0.20,-0.01,STATIONARY
21811,-0.0014,0.18,0.00,STATIONARY
21813,-0.0132,0.14,0.01,STATIONARY
21815,-0.0301,0.07,0.01,STATIONARY
21817,-0.0375,-0.00,0.01,STATIONARY
21819,-0.0453,-0.09,0.01,STATIONARY
21821,-0.0507,-0.17,-0.00,STATIONARY
21823,-0.0531,-0.26,-0.02,STATIONARY
21825,-0.0319,-0.29,-0.04,STATIONARY
21827,-0.0066,-0.28,-0.05,STATIONARY
21829,-0.0015,-0.26,-0.06,STATIONARY
21831,0.0007,-0.24,-0.07,STATIONARY
21833,-0.0019,-0.22,-0.08,STATIONARY
21835,0.0155,-0.18,-0.09,STATIONARY
21837,0.0255,-0.12,-0.09,STATIONARY
21839,0.0230,-0.07,-0.09,STATIONARY
21841,0.0334,0.00,-0.08,STATIONARY
21843,0.0409,0.08,-0.07,STATIONARY
21845,0.0407,0.15,-0.06,STATIONARY
21847,0.0381,0.20,-0.04,STATIONARY
21850,0.0336,0.25,-0.03,STATIONARY
21851,0.0169,0.26,-0.01,STATIONARY
21853,0.0136,0.26,0.01,STATIONARY
21855,0.0030,0.25,0.02,STATIONARY
21857,-0.0116,0.21,0.03,STATIONARY
21859,-0.0292,0.14,0.04,STATIONARY
21861,-0.0337,0.06,0.04,STATIONARY
21863,-0.0357,-0.01,0.04,STATIONARY
21866,-0.0352,-0.07,0.03,STATIONARY
21867,-0.0394,-0.14,0.02,STATIONARY
21869,-0.0404,-0.20,0.01,STATIONARY
21871,-0.0334,-0.25,-0.01,STATIONARY
21873,-0.0256,-0.27,-0.02,STATIONARY
21875,0.0030,-0.25,-0.04,STATIONARY
21877,0.0217,-0.19,-0.05,STATIONARY
21879,0.0395,-0.10,-0.05,STATIONARY
21882,0.0538,0.01,-0.05,STATIONARY
21883,0.0583,0.11,-0.04,STATIONARY
21885,0.0545,0.21,-0.02,STATIONARY
21887,0.0430,0.27,-0.00,STATIONARY
21889,0.0445,0.33,0.02,STATIONARY
21891,0.0400,0.38,0.04,STATIONARY
21893,0.0146,0.37,0.06,STATIONARY
21895,-0.0052,0.33,0.07,STATIONARY
21897,-0.0244,0.26,0.08,STATIONARY
21899,-0.0384,0.17,0.09,STATIONARY
21901,-0.0405,0.08,0.09,STATIONARY
21903,-0.0541,-0.02,0.08,STATIONARY
21905,-0.0587,-0.13,0.07,STATIONARY
21907,-0.0505,-0.21,0.05,STATIONARY
21909,-0.0385,-0.27,0.03,STATIONARY
21911,-0.0216,-0.28,0.02,STATIONARY
21913,-0.0040,-0.27,-0.00,STATIONARY
21915,0.0037,-0.24,-0.02,STATIONARY
21917,-0.0079,-0.24,-0.03,STATIONARY
21919,0.0001,-0.22,-0.04,STATIONARY
21921,0.0089,-0.18,-0.05,STATIONARY
21924,0.0188,-0.13,-0.05,STATIONARY
21925,0.0313,-0.07,-0.05,STATIONARY
21927,0.0374,0.01,-0.05,STATIONARY
21929,0.0363,0.07,-0.04,STATIONARY
21931,0.0364,0.14,-0.03,STATIONARY
21933,0.0336,0.19,-0.02,STATIONARY
21935,0.0229,0.21,-0.01,STATIONARY
21937,0.0216,0.24,0.01,STATIONARY
21939,0.0210,0.26,0.02,STATIONARY
21941,0.0059,0.25,0.04,STATIONARY
21943,-0.0082,0.21,0.05,STATIONARY
21945,-0.0132,0.17,0.05,STATIONARY
21947,-0.0131,0.13,0.06,STATIONARY
21949,-0.0279,0.07,0.06,STATIONARY
21951,-0.0446,-0.02,0.05,STATIONARY
21953,-0.0459,-0.10,0.05,STATIONARY
21955,-0.0451,-0.18,0.03,STATIONARY
21957,-0.0353,-0.23,0.02,STATIONARY
21959,-0.0177,-0.24,0.00,STATIONARY
21961,-0.0070,-0.23,-0.01,STATIONARY
21963,-0.0000,-0.22,-0.02,STATIONARY
21965,0.0227,-0.16,-0.03,STATIONARY
21967,0.0480,-0.06,-0.03,STATIONARY
21969,0.0640,0.07,-0.03,STATIONARY
21971,0.0670,0.18,-0.01,STATIONARY
21973,0.0627,0.29,0.00,STATIONARY
21975,0.0506,0.36,0.02,STATIONARY
21977,0.0373,0.40,0.05,STATIONARY
21979,0.0088,0.38,0.07,STATIONARY
21981,-0.0077,0.34,0.08,STATIONARY
21984,-0.0193,0.27,0.09,STATIONARY
21986,-0.0382,0.18,0.10,STATIONARY
21987,-0.0453,0.08,0.10,STATIONARY
21989,-0.0486,-0.01,0.09,STATIONARY
21991,-0.0444,-0.09,0.08,STATIONARY
21994,-0.0344,-0.15,0.07,STATIONARY
21995,-0.0275,-0.19,0.05,STATIONARY
21997,-0.0199,-0.21,0.04,STATIONARY
22000,-0.0055,-0.20,0.02,STATIONARY
22001,0.0025,-0.18,0.01,STATIONARY
22003,0.0029,-0.16,-0.00,STATIONARY
22005,0.0087,-0.13,-0.01,STATIONARY
22007,0.0222,-0.08,-0.01,STATIONARY
22009,0.0312,-0.02,-0.01,STATIONARY
22011,0.0382,0.05,-0.01,STATIONARY
22013,0.0430,0.13,-0.00,STATIONARY
22015,0.0524,0.21,0.01,STATIONARY
22018,0.0480,0.29,0.03,STATIONARY
22019,0.0373,0.33,0.05,STATIONARY
22022,0.0271,0.36,0.06,STATIONARY
22023,0.0268,0.38,0.08,STATIONARY
22025,0.0116,0.37,0.10,STATIONARY
22027,-0.0046,0.33,0.11,STATIONARY
22029,-0.0149,0.28,0.12,STATIONARY
22031,-0.0194,0.22,0.13,STATIONARY
22033,-0.0223,0.16,0.13,STATIONARY
22035,-0.0222,0.11,0.13,STATIONARY
22037,-0.0407,0.02,0.12,STATIONARY
22039,-0.0511,-0.07,0.11,STATIONARY
22042,-0.0468,-0.15,0.10,STATIONARY
22044,-0.0301,-0.20,0.08,STATIONARY
22045,-0.0208,-0.22,0.06,STATIONARY
22047,-0.0088,-0.22,0.04,STATIONARY
22049,0.0040,-0.19,0.03,STATIONARY
22051,0.0129,-0.15,0.02,STATIONARY
22054,0.0278,-0.09,0.01,STATIONARY
22055,0.0301,-0.03,0.01,STATIONARY
22057,0.0379,0.04,0.01,STATIONARY
22059,0.0442,0.12,0.02,STATIONARY
22061,0.0433,0.19,0.03,STATIONARY
22063,0.0307,0.23,0.04,STATIONARY
22065,0.0139,0.24,0.05,STATIONARY
22067,-0.0125,0.20,0.06,STATIONARY
22069,-0.0312,0.12,0.07,STATIONARY
22071,-0.0403,0.04,0.06,STATIONARY
22073,-0.0474,-0.05,0.06,STATIONARY
22075,-0.0533,-0.14,0.05,STATIONARY
22077,-0.0590,-0.24,0.03,STATIONARY
22079,-0.0599,-0.33,0.01,STATIONARY
22081,-0.0515,-0.40,-0.02,STATIONARY
22083,-0.0291,-0.42,-0.04,STATIONARY
22086,-0.0153,-0.42,-0.06,STATIONARY
22087,-0.0085,-0.40,-0.08,STATIONARY
22089,0.0024,-0.36,-0.10,STATIONARY
22091,0.0164,-0.30,-0.11,STATIONARY
22093,0.0282,-0.23,-0.12,STATIONARY
22095,0.0326,-0.15,-0.12,STATIONARY
22097,0.0345,-0.07,-0.12,STATIONARY
22099,0.0366,-0.00,-0.11,STATIONARY
22102,0.0413,0.08,-0.10,STATIONARY
22103,0.0385,0.14,-0.09,STATIONARY
22105,0.0156,0.16,-0.07,STATIONARY
22108,0.0067,0.16,-0.06,STATIONARY
22109,0.0131,0.17,-0.04,STATIONARY
22111,0.0133,0.18,-0.03,STATIONARY
22113,-0.0016,0.16,-0.02,STATIONARY
22115,-0.0288,0.10,-0.01,STATIONARY
22117,-0.0442,0.01,-0.01,STATIONARY
22119,-0.0500,-0.08,-0.02,STATIONARY
22121,-0.0562,-0.18,-0.03,STATIONARY
22124,-0.0426,-0.25,-0.04,STATIONARY
22125,-0.0228,-0.27,-0.05,STATIONARY
22127,-0.0102,-0.26,-0.06,STATIONARY
22129,0.0056,-0.23,-0.07,STATIONARY
22131,0.0221,-0.17,-0.08,STATIONARY
22133,0.0368,-0.09,-0.08,STATIONARY
22135,0.0607,0.03,-0.07,STATIONARY
22137,0.0706,0.15,-0.06,STATIONARY
22139,0.0742,0.28,-0.04,STATIONARY
22141,0.0770,0.40,-0.02,STATIONARY
22143,0.0753,0.50,0.02,STATIONARY
22145,0.0684,0.59,0.05,STATIONARY
22147,0.0488,0.63,0.08,STATIONARY
22149,0.0408,0.66,0.12,STATIONARY
22151,0.0260,0.65,0.15,STATIONARY
22153,0.0077,0.61,0.18,STATIONARY
22155,-0.0136,0.54,0.20,STATIONARY
22157,-0.0232,0.45,0.21,STATIONARY
22159,-0.0353,0.35,0.22,STATIONARY
22161,-0.0440,0.24,0.22,STATIONARY
22163,-0.0479,0.14,0.22,STATIONARY
22166,-0.0470,0.04,0.21,STATIONARY
22167,-0.0502,-0.06,0.19,STATIONARY
22169,-0.0356,-0.12,0.17,STATIONARY
22171,-0.0244,-0.15,0.15,STATIONARY
22173,-0.0214,-0.18,0.13,STATIONARY
22175,-0.0042,-0.17,0.12,STATIONARY
22177,0.0148,-0.13,0.10,STATIONARY
22179,0.0241,-0.08,0.09,STATIONARY
22181,0.0370,-0.00,0.09,STATIONARY
22183,0.0378,0.07,0.08,STATIONARY
22186,0.0421,0.14,0.09,STATIONARY
22188,0.0419,0.20,0.09,STATIONARY
22189,0.0434,0.27,0.10,STATIONARY
22191,0.0378,0.32,0.12,STATIONARY
22194,0.0197,0.33,0.13,STATIONARY
22196,-0.0063,0.29,0.14,STATIONARY
22197,-0.0213,0.23,0.14,STATIONARY
22199,-0.0347,0.14,0.14,STATIONARY
22201,-0.0454,0.05,0.14,STATIONARY
22203,-0.0485,-0.04,0.13,STATIONARY
22205,-0.0443,-0.12,0.11,STATIONARY
22207,-0.0477,-0.20,0.09,STATIONARY
22209,-0.0405,-0.26,0.07,STATIONARY
22211,-0.0408,-0.31,0.05,STATIONARY
22214,-0.0281,-0.34,0.03,STATIONARY
22215,-0.0126,-0.34,0.01,STATIONARY
22217,0.0059,-0.30,-0.01,STATIONARY
22219,0.0167,-0.24,-0.03,STATIONARY
22221,0.0198,-0.19,-0.03,STATIONARY
22223,0.0309,-0.12,-0.04,STATIONARY
22226,0.0324,-0.05,-0.04,STATIONARY
22227,0.0317,0.02,-0.04,STATIONARY
22229,0.0394,0.09,-0.03,STATIONARY
22231,0.0383,0.15,-0.02,STATIONARY
22233,0.0213,0.18,-0.01,STATIONARY
22235,-0.0079,0.15,0.00,STATIONARY
22237,-0.0357,0.07,0.01,STATIONARY
22239,-0.0498,-0.03,0.00,STATIONARY
22241,-0.0604,-0.14,-0.00,STATIONARY
22243,-0.0733,-0.26,-0.02,STATIONARY
22246,-0.0760,-0.38,-0.04,STATIONARY
22247,-0.0688,-0.47,-0.07,STATIONARY
22249,-0.0620,-0.55,-0.09,STATIONARY
22251,-0.0690,-0.63,-0.13,STATIONARY
22253,-0.0542,-0.68,-0.16,STATIONARY
22255,-0.0387,-0.70,-0.19,STATIONARY
22257,-0.0242,-0.69,-0.22,STATIONARY
22259,-0.0129,-0.66,-0.25,STATIONARY
22261,0.0110,-0.58,-0.27,STATIONARY
22264,0.0293,-0.48,-0.28,STATIONARY
22265,0.0303,-0.39,-0.29,STATIONARY
22267,0.0354,-0.29,-0.29,STATIONARY
22269,0.0410,-0.19,-0.28,STATIONARY
22271,0.0451,-0.10,-0.27,STATIONARY
22273,0.0384,-0.02,-0.25,STATIONARY
22275,0.0286,0.04,-0.24,STATIONARY
22277,0.0151,0.06,-0.22,STATIONARY
22279,0.0066,0.07,-0.20,STATIONARY
22281,-0.0052,0.05,-0.19,STATIONARY
22283,-0.0274,-0.00,-0.18,STATIONARY
22285,-0.0329,-0.06,-0.17,STATIONARY
22287,-0.0360,-0.12,-0.17,STATIONARY
22289,-0.0523,-0.21,-0.17,STATIONARY
22291,-0.0549,-0.29,-0.18,STATIONARY
22293,-0.0563,-0.37,-0.19,STATIONARY
22295,-0.0513,-0.44,-0.20,STATIONARY
22297,-0.0479,-0.49,-0.22,STATIONARY
22300,-0.0433,-0.53,-0.24,STATIONARY
22301,-0.0182,-0.52,-0.26,STATIONARY
22304,-0.0084,-0.50,-0.27,STATIONARY
22306,0.0060,-0.45,-0.28,STATIONARY
22307,0.0231,-0.37,-0.29,STATIONARY
22309,0.0295,-0.28,-0.29,STATIONARY
22311,0.0295,-0.21,-0.28,STATIONARY
22313,0.0388,-0.12,-0.27,STATIONARY
22315,0.0366,-0.04,-0.26,STATIONARY
22317,0.0235,0.00,-0.24,STATIONARY
22319,0.0264,0.05,-0.22,STATIONARY
22321,0.0118,0.07,-0.21,STATIONARY
22324,-0.0061,0.05,-0.19,STATIONARY
22325,-0.0152,0.02,-0.18,STATIONARY
22327,-0.0365,-0.05,-0.17,STATIONARY
22329,-0.0428,-0.12,-0.17,STATIONARY
22331,-0.0468,-0.20,-0.17,STATIONARY
22333,-0.0431,-0.26,-0.18,STATIONARY
22335,-0.0387,-0.31,-0.18,STATIONARY
22337,-0.0327,-0.35,-0.19,STATIONARY
22339,-0.0098,-0.34,-0.20,STATIONARY
22341,0.0024,-0.31,-0.21,STATIONARY
22344,0.0141,-0.26,-0.21,STATIONARY
22345,0.0346,-0.17,-0.21,STATIONARY
22347,0.0355,-0.09,-0.20,STATIONARY
22350,0.0359,-0.02,-0.19,STATIONARY
22351,0.0366,0.05,-0.18,STATIONARY
22354,0.0369,0.11,-0.16,STATIONARY
22355,0.0362,0.17,-0.14,STATIONARY
22357,0.0336,0.22,-0.12,STATIONARY
22359,0.0246,0.25,-0.10,STATIONARY
22361,0.0239,0.27,-0.08,STATIONARY
22364,0.0093,0.27,-0.06,STATIONARY
22366,0.0021,0.25,-0.04,STATIONARY
22367,-0.0066,0.22,-0.02,STATIONARY
22369,-0.0174,0.17,-0.01,STATIONARY
22371,-0.0262,0.11,-0.00,STATIONARY
22373,-0.0350,0.03,-0.00,STATIONARY
22375,-0.0431,-0.05,-0.00,STATIONARY
22377,-0.0496,-0.14,-0.01,STATIONARY
22379,-0.0460,-0.21,-0.02,STATIONARY
22382,-0.0362,-0.26,-0.04,STATIONARY
22383,-0.0266,-0.29,-0.05,STATIONARY
22386,-0.0126,-0.29,-0.07,STATIONARY
22387,0.0030,-0.26,-0.08,STATIONARY
22389,0.0099,-0.22,-0.09,STATIONARY
22391,0.0179,-0.17,-0.09,STATIONARY
22393,0.0298,-0.10,-0.09,STATIONARY
22395,0.0447,-0.01,-0.09,STATIONARY
22398,0.0475,0.08,-0.08,STATIONARY
22399,0.0554,0.17,-0.06,STATIONARY
22401,0.0577,0.26,-0.04,STATIONARY
22403,0.0504,0.34,-0.02,STATIONARY
22405,0.0285,0.36,0.00,STATIONARY
22407,0.0111,0.35,0.02,STATIONARY
22409,0.0047,0.33,0.04,STATIONARY
22411,-0.0142,0.28,0.05,STATIONARY
22413,-0.0286,0.21,0.06,STATIONARY
22415,-0.0535,0.09,0.07,STATIONARY
22417,-0.0663,-0.04,0.06,STATIONARY
22419,-0.0668,-0.16,0.05,STATIONARY
22421,-0.0609,-0.26,0.03,STATIONARY
22424,-0.0566,-0.34,0.01,STATIONARY
22425,-0.0373,-0.38,-0.02,STATIONARY
22427,-0.0221,-0.39,-0.04,STATIONARY
22429,-0.0019,-0.36,-0.06,STATIONARY
22431,0.0141,-0.31,-0.07,STATIONARY
22433,0.0321,-0.23,-0.08,STATIONARY
22435,0.0431,-0.13,-0.08,STATIONARY
22437,0.0470,-0.03,-0.08,STATIONARY
22439,0.0408,0.05,-0.07,STATIONARY
22441,0.0350,0.11,-0.06,STATIONARY
22444,0.0328,0.16,-0.05,STATIONARY
22445,0.0210,0.18,-0.04,STATIONARY
22447,0.0091,0.19,-0.02,STATIONARY
22449,-0.0011,0.17,-0.01,STATIONARY
22452,-0.0095,0.14,-0.00,STATIONARY
22453,-0.0292,0.07,0.00,STATIONARY
22455,-0.0397,-0.01,0.00,STATIONARY
22457,-0.0395,-0.08,-0.00,STATIONARY
22459,-0.0442,-0.15,-0.01,STATIONARY
22461,-0.0461,-0.23,-0.02,STATIONARY
22463,-0.0392,-0.28,-0.04,STATIONARY
22465,-0.0312,-0.31,-0.06,STATIONARY
22467,-0.0288,-0.34,-0.07,STATIONARY
22469,-0.0161,-0.34,-0.09,STATIONARY
22471,-0.0014,-0.32,-0.10,STATIONARY
22473,0.0108,-0.27,-0.11,STATIONARY
22475,0.0271,-0.20,-0.12,STATIONARY
22477,0.0389,-0.11,-0.12,STATIONARY
22479,0.0502,-0.01,-0.11,STATIONARY
22481,0.0492,0.08,-0.10,STATIONARY
22484,0.0541,0.17,-0.08,STATIONARY
22485,0.0592,0.27,-0.06,STATIONARY
22487,0.0532,0.34,-0.04,STATIONARY
22489,0.0424,0.39,-0.01,STATIONARY
22491,0.0299,0.42,0.01,STATIONARY
22493,0.0199,0.42,0.04,STATIONARY
22495,0.0042,0.39,0.06,STATIONARY
22497,-0.0152,0.34,0.07,STATIONARY
22500,-0.0336,0.25,0.08,STATIONARY
22501,-0.0444,0.15,0.09,STATIONARY
22503,-0.0584,0.03,0.08,STATIONARY
22505,-0.0570,-0.08,0.07,STATIONARY
22507,-0.0569,-0.18,0.06,STATIONARY
22509,-0.0477,-0.25,0.04,STATIONARY
22511,-0.0343,-0.30,0.02,STATIONARY
22513,-0.0174,-0.30,0.00,STATIONARY
22515,0.0078,-0.27,-0.01,STATIONARY
22518,0.0220,-0.20,-0.03,STATIONARY
22519,0.0284,-0.14,-0.03,STATIONARY
22522,0.0297,-0.07,-0.03,STATIONARY
22523,0.0398,0.01,-0.03,STATIONARY
22525,0.0444,0.09,-0.02,STATIONARY
22527,0.0520,0.18,-0.01,STATIONARY
22529,0.0474,0.25,0.00,STATIONARY
22531,0.0367,0.30,0.02,STATIONARY
22533,0.0279,0.33,0.04,STATIONARY
22535,0.0051,0.31,0.05,STATIONARY
22537,-0.0114,0.26,0.07,STATIONARY
22539,-0.0256,0.20,0.07,STATIONARY
22541,-0.0387,0.11,0.08,STATIONARY
22543,-0.0492,0.01,0.07,STATIONARY
22545,-0.0443,-0.07,0.06,STATIONARY
22547,-0.0533,-0.16,0.05,STATIONARY
22549,-0.0566,-0.26,0.03,STATIONARY
22551,-0.0392,-0.31,0.01,STATIONARY
22554,-0.0196,-0.32,-0.01,STATIONARY
22555,-0.0023,-0.30,-0.02,STATIONARY
22557,0.0148,-0.25,-0.04,STATIONARY
22559,0.0271,-0.18,-0.05,STATIONARY
22561,0.0451,-0.08,-0.05,STATIONARY
22564,0.0612,0.04,-0.04,STATIONARY
22565,0.0730,0.17,-0.03,STATIONARY
22567,0.0795,0.30,-0.01,STATIONARY
22569,0.0837,0.43,0.02,STATIONARY
22571,0.0632,0.51,0.05,STATIONARY
22573,0.0374,0.54,0.07,STATIONARY
22575,0.0125,0.52,0.10,STATIONARY
22577,-0.0089,0.46,0.12,STATIONARY
22579,-0.0173,0.39,0.14,STATIONARY
22581,-0.0386,0.29,0.15,STATIONARY
22584,-0.0528,0.17,0.15,STATIONARY
22586,-0.0642,0.04,0.14,STATIONARY
22587,-0.0639,-0.08,0.13,STATIONARY
22589,-0.0622,-0.19,0.11,STATIONARY
22591,-0.0585,-0.28,0.09,STATIONARY
22593,-0.0469,-0.34,0.06,STATIONARY
22596,-0.0250,-0.36,0.04,STATIONARY
22598,-0.0069,-0.35,0.01,STATIONARY
22599,0.0211,-0.28,-0.00,STATIONARY
22602,0.0500,-0.17,-0.01,STATIONARY
22603,0.0626,-0.04,-0.01,STATIONARY
22605,0.0663,0.09,-0.01,STATIONARY
22607,0.0738,0.22,0.00,STATIONARY
22609,0.0827,0.35,0.03,STATIONARY
22611,0.0755,0.46,0.05,STATIONARY
22613,0.0599,0.53,0.08,STATIONARY
22615,0.0439,0.57,0.11,STATIONARY
22617,0.0333,0.59,0.14,STATIONARY
22619,0.0122,0.56,0.16,STATIONARY
22621,-0.0089,0.50,0.18,STATIONARY
22624,-0.0284,0.41,0.20,STATIONARY
22626,-0.0314,0.32,0.20,STATIONARY
22627,-0.0381,0.22,0.20,STATIONARY
22629,-0.0463,0.12,0.20,STATIONARY
22631,-0.0486,0.02,0.19,STATIONARY
22633,-0.0469,-0.07,0.17,STATIONARY
22635,-0.0404,-0.14,0.16,STATIONARY
22637,-0.0356,-0.19,0.14,STATIONARY
22639,-0.0219,-0.22,0.11,STATIONARY
22641,-0.0113,-0.22,0.09,STATIONARY
22643,0.0018,-0.20,0.08,STATIONARY
22645,0.0100,-0.16,0.06,STATIONARY
22647,0.0333,-0.09,0.05,STATIONARY
22649,0.0513,0.01,0.05,STATIONARY
22651,0.0530,0.11,0.05,STATIONARY
22653,0.0614,0.21,0.06,STATIONARY
22655,0.0573,0.30,0.08,STATIONARY
22657,0.0503,0.37,0.10,STATIONARY
22659,0.0338,0.40,0.11,STATIONARY
22661,0.0195,0.41,0.13,STATIONARY
22663,0.0084,0.39,0.15,STATIONARY
22665,-0.0110,0.34,0.16,STATIONARY
22667,-0.0230,0.27,0.16,STATIONARY
22669,-0.0271,0.20,0.17,STATIONARY
22671,-0.0298,0.13,0.16,STATIONARY
22673,-0.0267,0.07,0.16,STATIONARY
22675,-0.0220,0.02,0.15,STATIONARY
22677,-0.0199,-0.02,0.14,STATIONARY
22679,-0.0085,-0.03,0.13,STATIONARY
22682,0.0056,-0.02,0.12,STATIONARY
22684,0.0154,0.01,0.11,STATIONARY
22685,0.0346,0.07,0.11,STATIONARY
22687,0.0470,0.15,0.11,STATIONARY
22689,0.0508,0.24,0.12,STATIONARY
22691,0.0703,0.35,0.14,STATIONARY
22693,0.0799,0.47,0.15,STATIONARY
22695,0.0679,0.55,0.18,STATIONARY
22697,0.0627,0.62,0.20,STATIONARY
22699,0.0522,0.67,0.23,STATIONARY
22701,0.0415,0.69,0.26,STATIONARY
22703,0.0370,0.71,0.29,STATIONARY
22705,0.0251,0.70,0.31,STATIONARY
22707,0.0084,0.66,0.33,STATIONARY
22709,-0.0210,0.56,0.34,STATIONARY
22711,-0.0474,0.43,0.35,STATIONARY
22714,-0.0489,0.31,0.35,STATIONARY
22715,-0.0514,0.19,0.34,STATIONARY
22717,-0.0423,0.10,0.32,STATIONARY
22720,-0.0229,0.05,0.31,STATIONARY
22721,-0.0124,0.02,0.29,STATIONARY
22723,-0.0145,-0.01,0.27,STATIONARY
22726,-0.0085,-0.02,0.25,STATIONARY
22727,0.0106,-0.00,0.24,STATIONARY
22729,0.0217,0.04,0.23,STATIONARY
22731,0.0243,0.08,0.22,STATIONARY
22733,0.0299,0.13,0.21,STATIONARY
22735,0.0448,0.20,0.21,STATIONARY
22737,0.0581,0.29,0.22,STATIONARY
22739,0.0597,0.38,0.23,STATIONARY
22741,0.0532,0.45,0.24,STATIONARY
22743,0.0487,0.50,0.25,STATIONARY
22745,0.0305,0.52,0.27,STATIONARY
22747,0.0020,0.48,0.28,STATIONARY
22749,-0.0112,0.42,0.29,STATIONARY
22751,-0.0257,0.34,0.29,STATIONARY
22753,-0.0324,0.25,0.29,STATIONARY
22755,-0.0380,0.16,0.28,STATIONARY
22757,-0.0477,0.06,0.27,STATIONARY
22759,-0.0542,-0.04,0.25,STATIONARY
22761,-0.0654,-0.16,0.23,STATIONARY
22764,-0.0532,-0.25,0.20,STATIONARY
22765,-0.0449,-0.31,0.17,STATIONARY
22767,-0.0410,-0.36,0.14,STATIONARY
22769,-0.0319,-0.39,0.11,STATIONARY
22771,-0.0218,-0.40,0.08,STATIONARY
22773,-0.0103,-0.39,0.05,STATIONARY
22775,0.0073,-0.34,0.03,STATIONARY
22777,0.0110,-0.29,0.01,STATIONARY
22780,0.0214,-0.23,-0.01,STATIONARY
22781,0.0240,-0.17,-0.02,STATIONARY
22784,0.0132,-0.13,-0.02,STATIONARY
22786,0.0119,-0.10,-0.03,STATIONARY
22787,0.0104,-0.07,-0.03,STATIONARY
22789,0.0052,-0.06,-0.03,STATIONARY
22791,0.0042,-0.04,-0.03,STATIONARY
22793,-0.0068,-0.05,-0.03,STATIONARY
22796,-0.0195,-0.08,-0.04,STATIONARY
22797,-0.0399,-0.15,-0.04,STATIONARY
22800,-0.0413,-0.21,-0.05,STATIONARY
22801,-0.0522,-0.29,-0.07,STATIONARY
22803,-0.0555,-0.37,-0.09,STATIONARY
22805,-0.0493,-0.43,-0.11,STATIONARY
22807,-0.0324,-0.46,-0.13,STATIONARY
22809,-0.0130,-0.45,-0.15,STATIONARY
22811,0.0049,-0.40,-0.16,STATIONARY
22813,0.0042,-0.36,-0.17,STATIONARY
22815,0.0114,-0.31,-0.18,STATIONARY
22817,0.0165,-0.26,-0.19,STATIONARY
22819,0.0334,-0.17,-0.18,STATIONARY
22821,0.0359,-0.09,-0.18,STATIONARY
22824,0.0353,-0.02,-0.17,STATIONARY
22825,0.0307,0.04,-0.16,STATIONARY
22827,0.0331,0.09,-0.14,STATIONARY
22829,0.0376,0.16,-0.12,STATIONARY
22831,0.0289,0.20,-0.11,STATIONARY
22833,0.0201,0.22,-0.09,STATIONARY
22835,0.0098,0.22,-0.07,STATIONARY
22837,-0.0061,0.19,-0.05,STATIONARY
22839,-0.0366,0.11,-0.04,STATIONARY
22841,-0.0471,0.01,-0.04,STATIONARY
22844,-0.0524,-0.09,-0.04,STATIONARY
22845,-0.0483,-0.17,-0.05,STATIONARY
22847,-0.0361,-0.22,-0.06,STATIONARY
22850,-0.0366,-0.27,-0.07,STATIONARY
22851,-0.0264,-0.30,-0.09,STATIONARY
22854,-0.0166,-0.30,-0.10,STATIONARY
22855,-0.0174,-0.31,-0.11,STATIONARY
22857,-0.0021,-0.29,-0.12,STATIONARY
22859,0.0094,-0.25,-0.13,STATIONARY
22861,0.0296,-0.18,-0.13,STATIONARY
22863,0.0330,-0.10,-0.13,STATIONARY
22866,0.0338,-0.03,-0.12,STATIONARY
22867,0.0280,0.02,-0.12,STATIONARY
22869,0.0091,0.04,-0.11,STATIONARY
22871,-0.0037,0.03,-0.10,STATIONARY
22873,-0.0030,0.02,-0.09,STATIONARY
22875,-0.0001,0.02,-0.09,STATIONARY
22877,-0.0043,0.01,-0.08,STATIONARY
22879,-0.0176,-0.02,-0.08,STATIONARY
22882,-0.0371,-0.09,-0.08,STATIONARY
22883,-0.0445,-0.16,-0.08,STATIONARY
22886,-0.0472,-0.24,-0.09,STATIONARY
22887,-0.0426,-0.30,-0.10,STATIONARY
22889,-0.0325,-0.33,-0.12,STATIONARY
22891,-0.0306,-0.36,-0.13,STATIONARY
22893,-0.0275,-0.38,-0.15,STATIONARY
22895,-0.0240,-0.40,-0.16,STATIONARY
22897,-0.0196,-0.40,-0.18,STATIONARY
22899,-0.0100,-0.39,-0.19,STATIONARY
22901,0.0116,-0.34,-0.20,STATIONARY
22903,0.0244,-0.26,-0.20,STATIONARY
22905,0.0404,-0.17,-0.20,STATIONARY
22907,0.0540,-0.06,-0.19,STATIONARY
22909,0.0565,0.05,-0.18,STATIONARY
22911,0.0530,0.15,-0.16,STATIONARY
22913,0.0449,0.22,-0.14,STATIONARY
22915,0.0542,0.30,-0.11,STATIONARY
22917,0.0527,0.37,-0.08,STATIONARY
22919,0.0319,0.40,-0.05,STATIONARY
22921,0.0086,0.38,-0.03,STATIONARY
22924,-0.0070,0.34,-0.01,STATIONARY
22925,-0.0118,0.29,0.01,STATIONARY
22927,-0.0254,0.22,0.02,STATIONARY
22929,-0.0299,0.15,0.03,STATIONARY
22931,-0.0403,0.06,0.03,STATIONARY
22933,-0.0374,-0.01,0.03,STATIONARY
22936,-0.0265,-0.06,0.03,STATIONARY
22937,-0.0273,-0.10,0.02,STATIONARY
22939,-0.0124,-0.12,0.01,STATIONARY
22941,-0.0026,-0.11,0.00,STATIONARY
22943,0.0162,-0.08,-0.00,STATIONARY
22946,0.0332,-0.01,-0.00,STATIONARY
22947,0.0437,0.07,0.00,STATIONARY
22949,0.0539,0.17,0.01,STATIONARY
22952,0.0540,0.25,0.03,STATIONARY
22953,0.0604,0.34,0.04,STATIONARY
22955,0.0543,0.42,0.07,STATIONARY
22957,0.0412,0.46,0.09,STATIONARY
22959,0.0262,0.47,0.11,STATIONARY
22961,0.0164,0.46,0.13,STATIONARY
22963,-0.0054,0.42,0.15,STATIONARY
22965,-0.0198,0.35,0.16,STATIONARY
22968,-0.0366,0.25,0.17,STATIONARY
22969,-0.0438,0.15,0.17,STATIONARY
22971,-0.0412,0.06,0.16,STATIONARY
22973,-0.0417,-0.02,0.15,STATIONARY
22975,-0.0373,-0.09,0.14,STATIONARY
22977,-0.0336,-0.14,0.12,STATIONARY
22979,-0.0288,-0.18,0.10,STATIONARY
22981,-0.0312,-0.23,0.08,STATIONARY
22983,-0.0256,-0.25,0.06,STATIONARY
22986,-0.0049,-0.24,0.04,STATIONARY
22987,0.0203,-0.19,0.03,STATIONARY
22989,0.0269,-0.12,0.02,STATIONARY
22991,0.0239,-0.07,0.02,STATIONARY
22994,0.0306,-0.01,0.01,STATIONARY
22996,0.0413,0.07,0.02,STATIONARY
22997,0.0271,0.11,0.02,STATIONARY
23000,0.0205,0.14,0.03,STATIONARY
23001,0.0205,0.17,0.04,STATIONARY
23003,0.0163,0.19,0.05,STATIONARY
23005,0.0066,0.18,0.06,STATIONARY
23007,-0.0170,0.14,0.06,STATIONARY
23009,-0.0390,0.05,0.06,STATIONARY
23011,-0.0595,-0.06,0.05,STATIONARY
23013,-0.0743,-0.19,0.04,STATIONARY
23015,-0.0789,-0.32,0.02,STATIONARY
23018,-0.0753,-0.44,-0.01,STATIONARY
23019,-0.0617,-0.51,-0.04,STATIONARY
23022,-0.0358,-0.54,-0.07,STATIONARY
23023,-0.0173,-0.53,-0.10,STATIONARY
23025,0.0027,-0.48,-0.12,STATIONARY
23027,0.0228,-0.40,-0.14,STATIONARY
23029,0.0337,-0.31,-0.15,STATIONARY
23031,0.0508,-0.19,-0.15,STATIONARY
23033,0.0599,-0.06,-0.14,STATIONARY
23035,0.0641,0.06,-0.13,STATIONARY
23037,0.0689,0.18,-0.11,STATIONARY
23039,0.0615,0.28,-0.09,STATIONARY
23041,0.0440,0.34,-0.06,STATIONARY
23043,0.0293,0.37,-0.04,STATIONARY
23045,0.0193,0.37,-0.01,STATIONARY
23047,0.0006,0.34,0.01,STATIONARY
23049,-0.0094,0.30,0.02,STATIONARY
23051,-0.0267,0.23,0.04,STATIONARY
23054,-0.0404,0.13,0.04,STATIONARY
23055,-0.0402,0.05,0.04,STATIONARY
23057,-0.0409,-0.03,0.04,STATIONARY
23059,-0.0476,-0.12,0.03,STATIONARY
23061,-0.0410,-0.18,0.02,STATIONARY
23063,-0.0215,-0.21,0.00,STATIONARY
23065,-0.0106,-0.21,-0.01,STATIONARY
23067,-0.0076,-0.21,-0.02,STATIONARY
23069,0.0051,-0.18,-0.03,STATIONARY
23071,0.0207,-0.13,-0.04,STATIONARY
23073,0.0362,-0.05,-0.04,STATIONARY
23075,0.0452,0.04,-0.03,STATIONARY
23077,0.0526,0.13,-0.02,STATIONARY
23079,0.0555,0.22,-0.01,STATIONARY
23081,0.0562,0.31,0.01,STATIONARY
23083,0.0416,0.36,0.03,STATIONARY
23086,0.0329,0.39,0.05,STATIONARY
23087,0.0310,0.42,0.07,STATIONARY
23089,0.0125,0.41,0.09,STATIONARY
23091,0.0005,0.37,0.11,STATIONARY
23093,-0.0170,0.31,0.12,STATIONARY
23095,-0.0243,0.24,0.13,STATIONARY
23097,-0.0312,0.17,0.13,STATIONARY
23099,-0.0389,0.08,0.13,STATIONARY
23102,-0.0355,0.01,0.12,STATIONARY
23103,-0.0339,-0.05,0.11,STATIONARY
23105,-0.0293,-0.10,0.10,STATIONARY
23108,-0.0313,-0.15,0.08,STATIONARY
23109,-0.0179,-0.17,0.07,STATIONARY
23112,-0.0124,-0.18,0.05,STATIONARY
23113,0.0141,-0.14,0.04,STATIONARY
23115,0.0372,-0.06,0.04,STATIONARY
23117,0.0453,0.03,0.04,STATIONARY
23119,0.0632,0.14,0.04,STATIONARY
23121,0.0614,0.24,0.05,STATIONARY
23124,0.0566,0.33,0.07,STATIONARY
23125,0.0454,0.38,0.09,STATIONARY
23127,0.0333,0.42,0.11,STATIONARY
23129,0.0189,0.42,0.13,STATIONARY
23131,-0.0098,0.37,0.14,STATIONARY
23133,-0.0192,0.30,0.15,STATIONARY
23135,-0.0391,0.20,0.15,STATIONARY
23137,-0.0470,0.10,0.15,STATIONARY
23140,-0.0580,-0.01,0.14,STATIONARY
23141,-0.0608,-0.12,0.12,STATIONARY
23143,-0.0648,-0.23,0.10,STATIONARY
23145,-0.0611,-0.33,0.08,STATIONARY
23147,-0.0417,-0.38,0.05,STATIONARY
23149,-0.0289,-0.40,0.02,STATIONARY
23151,-0.0174,-0.40,-0.00,STATIONARY
23153,-0.0205,-0.41,-0.02,STATIONARY
23156,0.0046,-0.37,-0.04,STATIONARY
23157,0.0191,-0.30,-0.06,STATIONARY
23159,0.0269,-0.23,-0.07,STATIONARY
23161,0.0403,-0.13,-0.07,STATIONARY
23163,0.0457,-0.04,-0.07,STATIONARY
23165,0.0451,0.05,-0.06,STATIONARY
23167,0.0454,0.13,-0.05,STATIONARY
23169,0.0360,0.18,-0.04,STATIONARY
23171,0.0256,0.21,-0.02,STATIONARY
23173,0.0149,0.23,-0.01,STATIONARY
23175,0.0026,0.21,0.00,STATIONARY
23177,-0.0201,0.16,0.01,STATIONARY
23179,-0.0349,0.08,0.02,STATIONARY
23181,-0.0545,-0.03,0.01,STATIONARY
23183,-0.0632,-0.14,0.01,STATIONARY
23186,-0.0662,-0.25,-0.01,STATIONARY
23188,-0.0628,-0.35,-0.03,STATIONARY
23189,-0.0342,-0.38,-0.05,STATIONARY
23191,-0.0195,-0.39,-0.07,STATIONARY
23194,-0.0160,-0.39,-0.09,STATIONARY
23195,-0.0104,-0.37,-0.11,STATIONARY
23198,0.0016,-0.34,-0.12,STATIONARY
23199,0.0065,-0.30,-0.13,STATIONARY
23201,0.0181,-0.24,-0.14,STATIONARY
23203,0.0351,-0.16,-0.14,STATIONARY
23205,0.0464,-0.06,-0.13,STATIONARY
23207,0.0417,0.02,-0.13,STATIONARY
23209,0.0384,0.09,-0.11,STATIONARY
23211,0.0312,0.14,-0.10,STATIONARY
23214,0.0250,0.17,-0.08,STATIONARY
23215,0.0154,0.19,-0.07,STATIONARY
23217,0.0048,0.18,-0.05,STATIONARY
23219,-0.0040,0.16,-0.04,STATIONARY
23221,-0.0260,0.10,-0.03,STATIONARY
23223,-0.0458,0.01,-0.03,STATIONARY
23225,-0.0585,-0.10,-0.03,STATIONARY
23227,-0.0648,-0.21,-0.04,STATIONARY
23229,-0.0648,-0.31,-0.06,STATIONARY
23231,-0.0448,-0.37,-0.08,STATIONARY
23233,-0.0255,-0.39,-0.10,STATIONARY
23235,-0.0093,-0.38,-0.11,STATIONARY
23237,-0.0038,-0.35,-0.13,STATIONARY
23239,0.0051,-0.31,-0.14,STATIONARY
23241,0.0137,-0.26,-0.15,STATIONARY
23244,0.0303,-0.19,-0.15,STATIONARY
23245,0.0351,-0.11,-0.15,STATIONARY
23247,0.0337,-0.04,-0.14,STATIONARY
23249,0.0407,0.04,-0.13,STATIONARY
23251,0.0393,0.11,-0.11,STATIONARY
23253,0.0207,0.14,-0.10,STATIONARY
23255,0.0174,0.16,-0.08,STATIONARY
23257,0.0177,0.18,-0.07,STATIONARY
23259,0.0122,0.19,-0.05,STATIONARY
23261,-0.0063,0.16,-0.04,STATIONARY
23263,-0.0313,0.09,-0.03,STATIONARY
23265,-0.0508,-0.01,-0.03,STATIONARY
23267,-0.0612,-0.12,-0.04,STATIONARY
23269,-0.0662,-0.23,-0.05,STATIONARY
23271,-0.0612,-0.33,-0.07,STATIONARY
23273,-0.0340,-0.36,-0.08,STATIONARY
23275,-0.0202,-0.37,-0.10,STATIONARY
23277,-0.0097,-0.36,-0.12,STATIONARY
23280,0.0115,-0.31,-0.13,STATIONARY
23281,0.0206,-0.25,-0.13,STATIONARY
23284,0.0419,-0.15,-0.13,STATIONARY
23285,0.0621,-0.02,-0.13,STATIONARY
23287,0.0605,0.09,-0.12,STATIONARY
23289,0.0699,0.21,-0.10,STATIONARY
23291,0.0645,0.31,-0.07,STATIONARY
23293,0.0503,0.38,-0.05,STATIONARY
23295,0.0367,0.42,-0.02,STATIONARY
23297,0.0275,0.43,0.01,STATIONARY
23300,0.0125,0.42,0.03,STATIONARY
23301,0.0055,0.40,0.05,STATIONARY
23303,-0.0122,0.34,0.07,STATIONARY
23306,-0.0223,0.28,0.08,STATIONARY
23307,-0.0317,0.20,0.09,STATIONARY
23309,-0.0467,0.09,0.09,STATIONARY
23312,-0.0476,-0.00,0.09,STATIONARY
23313,-0.0497,-0.09,0.07,STATIONARY
23315,-0.0494,-0.18,0.06,STATIONARY
23317,-0.0487,-0.25,0.04,STATIONARY
23319,-0.0435,-0.31,0.02,STATIONARY
23321,-0.0352,-0.35,-0.00,STATIONARY
23323,-0.0270,-0.37,-0.02,STATIONARY
23325,-0.0187,-0.38,-0.04,STATIONARY
23327,-0.0044,-0.36,-0.06,STATIONARY
23329,0.0175,-0.29,-0.08,STATIONARY
23331,0.0392,-0.20,-0.08,STATIONARY
23333,0.0464,-0.10,-0.08,STATIONARY
23335,0.0325,-0.03,-0.08,STATIONARY
23337,0.0296,0.03,-0.07,STATIONARY
23339,0.0224,0.07,-0.07,STATIONARY
23341,0.0101,0.08,-0.06,STATIONARY
23344,-0.0017,0.07,-0.05,STATIONARY
23345,-0.0057,0.05,-0.04,STATIONARY
23347,-0.0192,0.01,-0.04,STATIONARY
23350,-0.0393,-0.06,-0.04,STATIONARY
23351,-0.0613,-0.17,-0.05,STATIONARY
23354,-0.0705,-0.28,-0.06,STATIONARY
23355,-0.0719,-0.39,-0.08,STATIONARY
23357,-0.0594,-0.47,-0.11,STATIONARY
23359,-0.0489,-0.52,-0.13,STATIONARY
23361,-0.0257,-0.53,-0.15,STATIONARY
23363,-0.0117,-0.51,-0.17,STATIONARY
23366,-0.0110,-0.49,-0.19,STATIONARY
23367,-0.0057,-0.46,-0.21,STATIONARY
23369,0.0084,-0.41,-0.22,STATIONARY
23371,0.0276,-0.32,-0.23,STATIONARY
23374,0.0386,-0.23,-0.23,STATIONARY
23375,0.0392,-0.14,-0.22,STATIONARY
23377,0.0380,-0.06,-0.21,STATIONARY
23379,0.0369,0.02,-0.20,STATIONARY
23381,0.0370,0.08,-0.18,STATIONARY
23383,0.0236,0.12,-0.16,STATIONARY
23386,0.0135,0.14,-0.15,STATIONARY
23387,0.0079,0.14,-0.13,STATIONARY
23389,-0.0008,0.13,-0.11,STATIONARY
23391,-0.0088,0.10,-0.10,STATIONARY
23393,-0.0133,0.07,-0.09,STATIONARY
23396,-0.0201,0.03,-0.08,STATIONARY
23398,-0.0224,-0.02,-0.08,STATIONARY
23399,-0.0240,-0.06,-0.08,STATIONARY
23401,-0.0177,-0.09,-0.08,STATIONARY
23403,-0.0068,-0.09,-0.08,STATIONARY
23405,0.0092,-0.07,-0.08,STATIONARY
23407,0.0036,-0.06,-0.08,STATIONARY
23409,0.0162,-0.02,-0.08,STATIONARY
23411,0.0270,0.03,-0.07,STATIONARY
23413,0.0382,0.10,-0.06,STATIONARY
23415,0.0512,0.18,-0.05,STATIONARY
23417,0.0548,0.27,-0.03,STATIONARY
23419,0.0605,0.36,-0.00,STATIONARY
23421,0.0645,0.45,0.02,STATIONARY
23423,0.0498,0.50,0.05,STATIONARY
23425,0.0345,0.53,0.08,STATIONARY
23427,0.0332,0.55,0.11,STATIONARY
23429,0.0284,0.56,0.13,STATIONARY
23431,0.0207,0.55,0.16,STATIONARY
23433,0.0049,0.51,0.18,STATIONARY
23435,-0.0091,0.46,0.20,STATIONARY
23437,-0.0233,0.38,0.21,STATIONARY
23439,-0.0317,0.29,0.21,STATIONARY
23441,-0.0335,0.20,0.21,STATIONARY
23444,-0.0370,0.12,0.21,STATIONARY
23445,-0.0256,0.06,0.20,STATIONARY
23447,-0.0155,0.03,0.19,STATIONARY
23449,-0.0033,0.02,0.18,STATIONARY
23452,0.0068,0.03,0.17,STATIONARY
23453,0.0143,0.06,0.16,STATIONARY
23455,0.0192,0.09,0.16,STATIONARY
23457,0.0233,0.12,0.16,STATIONARY
23459,0.0259,0.16,0.16,STATIONARY
23461,0.0317,0.21,0.16,STATIONARY
23463,0.0164,0.22,0.16,STATIONARY
23465,0.0136,0.23,0.17,STATIONARY
23467,0.0092,0.23,0.17,STATIONARY
23469,-0.0003,0.21,0.17,STATIONARY
23471,-0.0000,0.19,0.17,STATIONARY
23473,-0.0026,0.17,0.17,STATIONARY
23475,-0.0108,0.14,0.17,STATIONARY
23477,-0.0210,0.09,0.17,STATIONARY
23479,-0.0306,0.02,0.16,STATIONARY
23481,-0.0383,-0.05,0.15,STATIONARY
23484,-0.0457,-0.13,0.13,STATIONARY
23485,-0.0376,-0.19,0.11,STATIONARY
23487,-0.0295,-0.23,0.09,STATIONARY
23489,-0.0246,-0.25,0.07,STATIONARY
23491,-0.0233,-0.28,0.05,STATIONARY
23493,-0.0164,-0.28,0.03,STATIONARY
23495,-0.0020,-0.27,0.01,STATIONARY
23497,0.0116,-0.22,-0.00,STATIONARY
23500,0.0327,-0.15,-0.01,STATIONARY
23501,0.0426,-0.06,-0.01,STATIONARY
23504,0.0433,0.03,-0.01,STATIONARY
23505,0.0458,0.11,-0.00,STATIONARY
23507,0.0319,0.16,0.01,STATIONARY
23509,0.0235,0.19,0.02,STATIONARY
23511,0.0212,0.21,0.03,STATIONARY
23513,0.0150,0.23,0.04,STATIONARY
23515,-0.0069,0.19,0.05,STATIONARY
23518,-0.0223,0.14,0.05,STATIONARY
23519,-0.0338,0.06,0.06,STATIONARY
23522,-0.0424,-0.02,0.05,STATIONARY
23523,-0.0482,-0.11,0.04,STATIONARY
23525,-0.0449,-0.18,0.03,STATIONARY
23527,-0.0392,-0.24,0.01,STATIONARY
23529,-0.0243,-0.26,-0.00,STATIONARY
23531,-0.0227,-0.28,-0.02,STATIONARY
23533,-0.0093,-0.28,-0.04,STATIONARY
23535,-0.0043,-0.26,-0.05,STATIONARY
23537,0.0053,-0.23,-0.06,STATIONARY
23539,0.0124,-0.19,-0.07,STATIONARY
23542,0.0334,-0.11,-0.07,STATIONARY
23543,0.0373,-0.04,-0.07,STATIONARY
23545,0.0452,0.05,-0.06,STATIONARY
23547,0.0537,0.14,-0.05,STATIONARY
23549,0.0487,0.22,-0.03,STATIONARY
23551,0.0167,0.24,-0.02,STATIONARY
23554,0.0086,0.23,-0.00,STATIONARY
23555,-0.0020,0.21,0.01,STATIONARY
23557,-0.0137,0.17,0.02,STATIONARY
23559,-0.0215,0.11,0.02,STATIONARY
23561,-0.0249,0.06,0.03,STATIONARY
23564,-0.0332,-0.01,0.03,STATIONARY
23565,-0.0520,-0.10,0.02,STATIONARY
23567,-0.0589,-0.20,0.00,STATIONARY
23569,-0.0573,-0.29,-0.01,STATIONARY
23571,-0.0373,-0.34,-0.03,STATIONARY
23573,-0.0205,-0.35,-0.05,STATIONARY
23575,-0.0190,-0.35,-0.07,STATIONARY
23577,-0.0066,-0.34,-0.08,STATIONARY
23579,-0.0008,-0.31,-0.10,STATIONARY
23581,-0.0014,-0.29,-0.11,STATIONARY
23583,0.0042,-0.26,-0.12,STATIONARY
23585,0.0218,-0.20,-0.12,STATIONARY
23587,0.0341,-0.12,-0.12,STATIONARY
23589,0.0401,-0.04,-0.12,STATIONARY
23591,0.0395,0.04,-0.11,STATIONARY
23593,0.0427,0.11,-0.10,STATIONARY
23595,0.0384,0.18,-0.08,STATIONARY
23597,0.0336,0.22,-0.06,STATIONARY
23599,0.0182,0.24,-0.04,STATIONARY
23602,0.0055,0.23,-0.03,STATIONARY
23603,-0.0030,0.21,-0.01,STATIONARY
23606,-0.0200,0.15,-0.00,STATIONARY
23608,-0.0334,0.08,0.00,STATIONARY
23609,-0.0371,0.01,0.00,STATIONARY
23611,-0.0433,-0.07,-0.00,STATIONARY
23613,-0.0373,-0.14,-0.01,STATIONARY
23615,-0.0193,-0.16,-0.02,STATIONARY
23617,0.0017,-0.15,-0.03,STATIONARY
23619,0.0071,-0.12,-0.03,STATIONARY
23621,0.0209,-0.07,-0.04,STATIONARY
23624,0.0361,-0.00,-0.03,STATIONARY
23625,0.0455,0.08,-0.03,STATIONARY
23627,0.0571,0.18,-0.01,STATIONARY
23629,0.0568,0.27,0.00,STATIONARY
23631,0.0499,0.34,0.02,STATIONARY
23633,0.0429,0.39,0.04,STATIONARY
23635,0.0299,0.42,0.07,STATIONARY
23637,0.0268,0.43,0.09,STATIONARY
23640,0.0060,0.41,0.11,STATIONARY
23641,-0.0013,0.37,0.12,STATIONARY
23643,-0.0006,0.34,0.14,STATIONARY
23645,0.0057,0.33,0.15,STATIONARY
23647,-0.0049,0.29,0.16,STATIONARY
23649,-0.0169,0.24,0.16,STATIONARY
23651,-0.0087,0.20,0.16,STATIONARY
23653,-0.0128,0.16,0.16,STATIONARY
23655,-0.0087,0.13,0.16,STATIONARY
23657,0.0030,0.13,0.16,STATIONARY
23659,-0.0025,0.11,0.16,STATIONARY
23661,0.0056,0.11,0.15,STATIONARY
23663,0.0137,0.13,0.15,STATIONARY
23665,0.0152,0.15,0.15,STATIONARY
23667,0.0169,0.17,0.15,STATIONARY
23669,0.0351,0.22,0.16,STATIONARY
23671,0.0413,0.28,0.16,STATIONARY
23673,0.0386,0.33,0.17,STATIONARY
23675,0.0449,0.38,0.19,STATIONARY
23677,0.0474,0.44,0.20,STATIONARY
23679,0.0340,0.47,0.22,STATIONARY
23682,0.0216,0.47,0.23,STATIONARY
23683,0.0150,0.46,0.24,STATIONARY
23685,0.0098,0.44,0.26,STATIONARY
23687,-0.0028,0.40,0.26,STATIONARY
23689,-0.0037,0.36,0.27,STATIONARY
23691,-0.0256,0.29,0.27,STATIONARY
23694,-0.0293,0.21,0.27,STATIONARY
23695,-0.0376,0.12,0.26,STATIONARY
23697,-0.0384,0.04,0.25,STATIONARY
23699,-0.0454,-0.04,0.23,STATIONARY
23701,-0.0338,-0.10,0.21,STATIONARY
23703,-0.0195,-0.13,0.19,STATIONARY
23705,-0.0058,-0.13,0.17,STATIONARY
23707,0.0014,-0.12,0.15,STATIONARY
23709,0.0177,-0.08,0.14,STATIONARY
23711,0.0223,-0.03,0.13,STATIONARY
23713,0.0203,0.01,0.12,STATIONARY
23715,0.0237,0.05,0.12,STATIONARY
23717,0.0314,0.11,0.12,STATIONARY
23720,0.0161,0.13,0.12,STATIONARY
23721,-0.0023,0.11,0.12,STATIONARY
23723,-0.0152,0.08,0.12,STATIONARY
23726,-0.0279,0.02,0.11,STATIONARY
23727,-0.0294,-0.04,0.10,STATIONARY
23729,-0.0287,-0.09,0.09,STATIONARY
23731,-0.0296,-0.13,0.08,STATIONARY
23733,-0.0368,-0.19,0.06,STATIONARY
23735,-0.0411,-0.25,0.04,STATIONARY
23737,-0.0389,-0.30,0.02,STATIONARY
23739,-0.0357,-0.34,0.00,STATIONARY
23742,-0.0208,-0.36,-0.02,STATIONARY
23743,-0.0209,-0.37,-0.04,STATIONARY
23745,-0.0206,-0.37,-0.06,STATIONARY
23747,-0.0157,-0.37,-0.08,STATIONARY
23749,-0.0009,-0.34,-0.09,STATIONARY
23751,0.0075,-0.30,-0.11,STATIONARY
23753,0.0236,-0.24,-0.11,STATIONARY
23755,0.0292,-0.16,-0.12,STATIONARY
23757,0.0366,-0.08,-0.12,STATIONARY
23759,0.0353,-0.01,-0.11,STATIONARY
23761,0.0406,0.06,-0.10,STATIONARY
23763,0.0474,0.15,-0.08,STATIONARY
23765,0.0454,0.22,-0.07,STATIONARY
23767,0.0409,0.28,-0.05,STATIONARY
23769,0.0292,0.31,-0.03,STATIONARY
23771,0.0167,0.31,-0.01,STATIONARY
23773,0.0063,0.30,0.01,STATIONARY
23775,-0.0026,0.27,0.03,STATIONARY
23777,-0.0145,0.22,0.04,STATIONARY
23780,-0.0187,0.17,0.05,STATIONARY
23781,-0.0179,0.12,0.05,STATIONARY
23783,-0.0163,0.08,0.05,STATIONARY
23786,-0.0114,0.06,0.05,STATIONARY
23787,-0.0115,0.03,0.05,STATIONARY
23789,-0.0090,0.01,0.05,STATIONARY
23791,-0.0093,-0.01,0.05,STATIONARY
23793,-0.0050,-0.01,0.04,STATIONARY
23796,0.0104,0.01,0.04,STATIONARY
23797,0.0168,0.04,0.04,STATIONARY
23800,0.0217,0.07,0.04,STATIONARY
23801,0.0188,0.10,0.05,STATIONARY
23803,0.0090,0.11,0.05,STATIONARY
23805,-0.0008,0.10,0.05,STATIONARY
23807,-0.0049,0.08,0.05,STATIONARY
23809,-0.0087,0.06,0.05,STATIONARY
23811,-0.0156,0.03,0.05,STATIONARY
23813,-0.0082,0.01,0.05,STATIONARY
23815,-0.0070,-0.00,0.05,STATIONARY
23817,-0.0115,-0.03,0.04,STATIONARY
23819,-0.0202,-0.06,0.04,STATIONARY
23821,-0.0218,-0.10,0.03,STATIONARY
23823,-0.0224,-0.13,0.02,STATIONARY
23825,-0.0308,-0.18,0.01,STATIONARY
23827,-0.0356,-0.23,-0.01,STATIONARY
23829,-0.0395,-0.28,-0.02,STATIONARY
23831,-0.0365,-0.33,-0.04,STATIONARY
23833,-0.0191,-0.34,-0.06,STATIONARY
23835,-0.0056,-0.32,-0.07,STATIONARY
23837,0.0016,-0.29,-0.09,STATIONARY
23839,0.0145,-0.24,-0.09,STATIONARY
23841,0.0305,-0.16,-0.10,STATIONARY
23843,0.0296,-0.10,-0.10,STATIONARY
23845,0.0347,-0.03,-0.09,STATIONARY
23847,0.0361,0.04,-0.09,STATIONARY
23849,0.0288,0.09,-0.08,STATIONARY
23851,0.0256,0.13,-0.06,STATIONARY
23853,0.0086,0.14,-0.05,STATIONARY
23855,-0.0032,0.12,-0.04,STATIONARY
23857,-0.0143,0.08,-0.03,STATIONARY
23859,-0.0248,0.03,-0.03,STATIONARY
23861,-0.0318,-0.03,-0.03,STATIONARY
23863,-0.0297,-0.08,-0.03,STATIONARY
23866,-0.0443,-0.16,-0.04,STATIONARY
23867,-0.0374,-0.21,-0.05,STATIONARY
23869,-0.0190,-0.23,-0.06,STATIONARY
23871,0.0007,-0.21,-0.07,STATIONARY
23873,0.0096,-0.18,-0.08,STATIONARY
23875,0.0159,-0.13,-0.08,STATIONARY
23877,0.0273,-0.07,-0.08,STATIONARY
23879,0.0309,-0.01,-0.08,STATIONARY
23881,0.0410,0.07,-0.07,STATIONARY
23883,0.0475,0.15,-0.05,STATIONARY
23885,0.0506,0.23,-0.04,STATIONARY
23887,0.0472,0.30,-0.02,STATIONARY
23889,0.0275,0.33,0.00,STATIONARY
23892,0.0002,0.30,0.02,STATIONARY
23893,-0.0100,0.26,0.03,STATIONARY
23895,-0.0054,0.23,0.05,STATIONARY
23897,0.0078,0.22,0.06,STATIONARY
23899,0.0038,0.21,0.07,STATIONARY
23901,0.0007,0.20,0.07,STATIONARY
23903,-0.0185,0.15,0.08,STATIONARY
23905,-0.0285,0.08,0.08,STATIONARY
23907,-0.0245,0.03,0.08,STATIONARY
23909,-0.0220,-0.01,0.07,STATIONARY
23911,-0.0162,-0.04,0.06,STATIONARY
23913,-0.0122,-0.06,0.06,STATIONARY
23915,0.0034,-0.05,0.05,STATIONARY
23917,0.0009,-0.04,0.04,STATIONARY
23919,-0.0001,-0.04,0.04,STATIONARY
23921,0.0033,-0.03,0.04,STATIONARY
23923,0.0134,-0.00,0.03,STATIONARY
23925,0.0332,0.06,0.03,STATIONARY
23927,0.0414,0.13,0.04,STATIONARY
23929,0.0581,0.23,0.05,STATIONARY
23931,0.0598,0.32,0.07,STATIONARY
23933,0.0531,0.39,0.09,STATIONARY
23936,0.0342,0.42,0.11,STATIONARY
23937,0.0156,0.42,0.12,STATIONARY
23939,-0.0017,0.38,0.14,STATIONARY
23941,-0.0230,0.31,0.15,STATIONARY
23943,-0.0404,0.21,0.15,STATIONARY
23946,-0.0562,0.09,0.15,STATIONARY
23947,-0.0627,-0.03,0.14,STATIONARY
23949,-0.0538,-0.13,0.12,STATIONARY
23952,-0.0527,-0.22,0.10,STATIONARY
23953,-0.0422,-0.28,0.08,STATIONARY
23956,-0.0131,-0.28,0.06,STATIONARY
23957,-0.0072,-0.27,0.04,STATIONARY
23959,0.0004,-0.25,0.02,STATIONARY
23962,0.0033,-0.22,0.01,STATIONARY
23963,-0.0010,-0.21,-0.00,STATIONARY
23965,0.0010,-0.19,-0.02,STATIONARY
23968,0.0000,-0.17,-0.02,STATIONARY
23969,0.0047,-0.15,-0.03,STATIONARY
23972,0.0067,-0.13,-0.04,STATIONARY
23973,0.0040,-0.11,-0.04,STATIONARY
23975,-0.0025,-0.10,-0.05,STATIONARY
23978,0.0013,-0.09,-0.05,STATIONARY
23979,0.0054,-0.08,-0.05,STATIONARY
23981,0.0027,-0.07,-0.05,STATIONARY
23984,-0.0010,-0.06,-0.05,STATIONARY
23985,-0.0128,-0.08,-0.05,STATIONARY
23987,-0.0231,-0.12,-0.06,STATIONARY
23989,-0.0216,-0.15,-0.06,STATIONARY
23991,-0.0312,-0.19,-0.07,STATIONARY
23994,-0.0373,-0.25,-0.08,STATIONARY
23996,-0.0319,-0.29,-0.09,STATIONARY
23997,-0.0174,-0.29,-0.10,STATIONARY
24000,-0.0105,-0.29,-0.12,STATIONARY
24001,0.0033,-0.26,-0.12,STATIONARY
24003,0.0226,-0.20,-0.13,STATIONARY
24005,0.0425,-0.10,-0.13,STATIONARY
24007,0.0513,-0.00,-0.12,STATIONARY
24009,0.0558,0.10,-0.11,STATIONARY
24011,0.0748,0.23,-0.09,STATIONARY
24013,0.0810,0.36,-0.06,STATIONARY
24016,0.0729,0.47,-0.03,STATIONARY
24018,0.0752,0.57,0.01,STATIONARY
24019,0.0613,0.64,0.04,STATIONARY
24022,0.0481,0.67,0.08,STATIONARY
24023,0.0243,0.66,0.12,STATIONARY
24026,0.0069,0.62,0.15,STATIONARY
24027,-0.0064,0.56,0.17,STATIONARY
24029,-0.0265,0.47,0.19,STATIONARY
24031,-0.0316,0.37,0.20,STATIONARY
24033,-0.0322,0.28,0.20,STATIONARY
24035,-0.0478,0.17,0.20,STATIONARY
24038,-0.0532,0.06,0.19,STATIONARY
24039,-0.0453,-0.03,0.18,STATIONARY
24041,-0.0373,-0.09,0.16,STATIONARY
24043,-0.0161,-0.12,0.15,STATIONARY
24045,0.0027,-0.10,0.13,STATIONARY
24047,0.0128,-0.07,0.12,STATIONARY
24049,0.0236,-0.02,0.11,STATIONARY
24051,0.0320,0.04,0.11,STATIONARY
24054,0.0387,0.11,0.11,STATIONARY
24055,0.0350,0.16,0.11,STATIONARY
24057,0.0283,0.20,0.12,STATIONARY
24059,0.0076,0.20,0.12,STATIONARY
24061,-0.0001,0.18,0.13,STATIONARY
24064,0.0006,0.17,0.13,STATIONARY
24065,-0.0112,0.14,0.13,STATIONARY
24067,-0.0140,0.10,0.13,STATIONARY
24070,-0.0109,0.07,0.12,STATIONARY
24071,-0.0076,0.05,0.12,STATIONARY
24073,-0.0154,0.02,0.11,STATIONARY
24076,-0.0215,-0.02,0.11,STATIONARY
24077,-0.0387,-0.09,0.09,STATIONARY
24079,-0.0493,-0.17,0.08,STATIONARY
24081,-0.0626,-0.28,0.06,STATIONARY
24083,-0.0525,-0.35,0.03,STATIONARY
24086,-0.0556,-0.42,0.01,STATIONARY
24087,-0.0495,-0.48,-0.02,STATIONARY
24089,-0.0395,-0.52,-0.05,STATIONARY
24091,-0.0144,-0.50,-0.08,STATIONARY
24093,0.0199,-0.42,-0.10,STATIONARY
24095,0.0387,-0.32,-0.11,STATIONARY
24097,0.0548,-0.19,-0.12,STATIONARY
24099,0.0524,-0.08,-0.11,STATIONARY
24102,0.0407,0.00,-0.11,STATIONARY
24103,0.0382,0.07,-0.10,STATIONARY
24105,0.0283,0.12,-0.08,STATIONARY
24108,0.0110,0.13,-0.07,STATIONARY
24109,-0.0094,0.10,-0.06,STATIONARY
24111,-0.0297,0.04,-0.06,STATIONARY
24113,-0.0503,-0.06,-0.06,STATIONARY
24115,-0.0634,-0.17,-0.06,STATIONARY
24117,-0.0604,-0.27,-0.07,STATIONARY
24119,-0.0609,-0.36,-0.09,STATIONARY
24121,-0.0646,-0.45,-0.11,STATIONARY
24124,-0.0493,-0.50,-0.14,STATIONARY
24125,-0.0352,-0.53,-0.16,STATIONARY
24127,-0.0321,-0.54,-0.18,STATIONARY
24129,-0.0253,-0.55,-0.20,STATIONARY
24131,-0.0179,-0.54,-0.22,STATIONARY
24133,-0.0068,-0.51,-0.24,STATIONARY
24135,0.0147,-0.44,-0.25,STATIONARY
24137,0.0269,-0.35,-0.26,STATIONARY
24139,0.0317,-0.27,-0.26,STATIONARY
24141,0.0383,-0.18,-0.25,STATIONARY
24144,0.0409,-0.09,-0.24,STATIONARY
24145,0.0383,-0.01,-0.23,STATIONARY
24147,0.0308,0.05,-0.21,STATIONARY
24149,0.0058,0.06,-0.20,STATIONARY
24151,-0.0103,0.03,-0.18,STATIONARY
24153,-0.0232,-0.01,-0.17,STATIONARY
24155,-0.0320,-0.07,-0.17,STATIONARY
24157,-0.0443,-0.15,-0.17,STATIONARY
24159,-0.0474,-0.22,-0.17,STATIONARY
24161,-0.0477,-0.29,-0.18,STATIONARY
24164,-0.0479,-0.36,-0.19,STATIONARY
24166,-0.0483,-0.42,-0.20,STATIONARY
24167,-0.0393,-0.46,-0.22,STATIONARY
24169,-0.0173,-0.45,-0.23,STATIONARY
24171,-0.0132,-0.44,-0.24,STATIONARY
24173,-0.0026,-0.41,-0.25,STATIONARY
24175,0.0147,-0.35,-0.26,STATIONARY
24177,0.0153,-0.29,-0.26,STATIONARY
24179,0.0337,-0.21,-0.26,STATIONARY
24181,0.0519,-0.10,-0.25,STATIONARY
24183,0.0643,0.03,-0.23,STATIONARY
24186,0.0673,0.15,-0.21,STATIONARY
24187,0.0672,0.26,-0.18,STATIONARY
24189,0.0540,0.34,-0.15,STATIONARY
24191,0.0350,0.38,-0.12,STATIONARY
24194,0.0182,0.38,-0.09,STATIONARY
24195,0.0020,0.35,-0.06,STATIONARY
24198,-0.0156,0.30,-0.04,STATIONARY
24199,-0.0274,0.22,-0.03,STATIONARY
24201,-0.0313,0.15,-0.02,STATIONARY
24203,-0.0372,0.07,-0.01,STATIONARY
24205,-0.0432,-0.02,-0.01,STATIONARY
24207,-0.0435,-0.10,-0.02,STATIONARY
24209,-0.0257,-0.14,-0.02,STATIONARY
24211,-0.0055,-0.13,-0.03,STATIONARY
24214,0.0051,-0.11,-0.03,STATIONARY
24215,0.0139,-0.08,-0.04,STATIONARY
24217,0.0267,-0.02,-0.04,STATIONARY
24219,0.0300,0.03,-0.03,STATIONARY
24222,0.0264,0.08,-0.03,STATIONARY
24223,0.0361,0.14,-0.02,STATIONARY
24225,0.0425,0.21,-0.00,STATIONARY
24227,0.0328,0.25,0.01,STATIONARY
24229,0.0226,0.27,0.03,STATIONARY
24231,0.0154,0.28,0.04,STATIONARY
24233,0.0047,0.26,0.06,STATIONARY
24235,-0.0050,0.23,0.07,STATIONARY
24237,-0.0123,0.19,0.07,STATIONARY
24239,-0.0294,0.12,0.08,STATIONARY
24242,-0.0397,0.04,0.07,STATIONARY
24243,-0.0470,-0.05,0.07,STATIONARY
24245,-0.0511,-0.14,0.05,STATIONARY
24247,-0.0663,-0.25,0.04,STATIONARY
24249,-0.0591,-0.34,0.01,STATIONARY
24251,-0.0434,-0.39,-0.01,STATIONARY
24253,-0.0282,-0.41,-0.03,STATIONARY
24255,-0.0120,-0.40,-0.06,STATIONARY
24257,0.0035,-0.36,-0.07,STATIONARY
24259,0.0184,-0.30,-0.09,STATIONARY
24261,0.0438,-0.20,-0.09,STATIONARY
24263,0.0496,-0.09,-0.09,STATIONARY
24265,0.0553,0.02,-0.09,STATIONARY
24267,0.0623,0.13,-0.07,STATIONARY
24269,0.0501,0.22,-0.06,STATIONARY
24271,0.0317,0.26,-0.04,STATIONARY
24273,0.0027,0.24,-0.02,STATIONARY
24275,-0.0066,0.21,-0.01,STATIONARY
24277,-0.0252,0.15,0.00,STATIONARY
24280,-0.0386,0.06,0.01,STATIONARY
24281,-0.0443,-0.02,0.00,STATIONARY
24283,-0.0427,-0.10,-0.00,STATIONARY
24285,-0.0475,-0.18,-0.01,STATIONARY
24287,-0.0506,-0.26,-0.03,STATIONARY
24289,-0.0489,-0.33,-0.05,STATIONARY
24291,-0.0435,-0.38,-0.07,STATIONARY
24293,-0.0419,-0.43,-0.09,STATIONARY
24295,-0.0251,-0.44,-0.11,STATIONARY
24297,-0.0111,-0.43,-0.13,STATIONARY
24300,-0.0065,-0.40,-0.14,STATIONARY
24301,-0.0068,-0.38,-0.16,STATIONARY
24303,0.0029,-0.35,-0.17,STATIONARY
24306,0.0065,-0.31,-0.18,STATIONARY
24307,0.0294,-0.23,-0.18,STATIONARY
24309,0.0401,-0.14,-0.18,STATIONARY
24312,0.0332,-0.06,-0.17,STATIONARY
24313,0.0284,-0.01,-0.16,STATIONARY
24315,0.0264,0.04,-0.15,STATIONARY
24317,0.0208,0.08,-0.14,STATIONARY
24319,0.0130,0.09,-0.12,STATIONARY
24321,0.0087,0.10,-0.11,STATIONARY
24324,-0.0082,0.08,-0.10,STATIONARY
24325,-0.0268,0.02,-0.09,STATIONARY
24328,-0.0438,-0.06,-0.09,STATIONARY
24329,-0.0551,-0.16,-0.09,STATIONARY
24331,-0.0572,-0.25,-0.10,STATIONARY
24333,-0.0544,-0.33,-0.11,STATIONARY
24335,-0.0508,-0.40,-0.13,STATIONARY
24337,-0.0398,-0.44,-0.15,STATIONARY
24339,-0.0147,-0.43,-0.17,STATIONARY
24341,0.0079,-0.38,-0.18,STATIONARY
24344,0.0248,-0.30,-0.19,STATIONARY
24345,0.0295,-0.23,-0.19,STATIONARY
24347,0.0418,-0.13,-0.18,STATIONARY
24349,0.0456,-0.04,-0.18,STATIONARY
24351,0.0540,0.07,-0.16,STATIONARY
24354,0.0630,0.18,-0.14,STATIONARY
24355,0.0464,0.25,-0.12,STATIONARY
24357,0.0272,0.28,-0.10,STATIONARY
24359,0.0223,0.30,-0.07,STATIONARY
24361,0.0066,0.29,-0.05,STATIONARY
24364,-0.0051,0.25,-0.03,STATIONARY
24366,-0.0033,0.23,-0.02,STATIONARY
24367,-0.0066,0.20,-0.01,STATIONARY
24369,-0.0110,0.16,0.00,STATIONARY
24371,-0.0280,0.10,0.01,STATIONARY
24373,-0.0266,0.04,0.01,STATIONARY
24375,-0.0270,-0.01,0.01,STATIONARY
24377,-0.0309,-0.07,0.01,STATIONARY
24379,-0.0240,-0.11,-0.00,STATIONARY
24382,-0.0059,-0.11,-0.01,STATIONARY
24383,0.0009,-0.10,-0.01,STATIONARY
24386,0.0063,-0.08,-0.02,STATIONARY
24387,0.0257,-0.03,-0.02,STATIONARY
24389,0.0367,0.04,-0.01,STATIONARY
24391,0.0535,0.14,-0.00,STATIONARY
24393,0.0533,0.23,0.01,STATIONARY
24396,0.0598,0.32,0.03,STATIONARY
24398,0.0525,0.39,0.05,STATIONARY
24399,0.0502,0.45,0.07,STATIONARY
24401,0.0373,0.48,0.10,STATIONARY
24403,0.0241,0.49,0.12,STATIONARY
24405,0.0087,0.47,0.14,STATIONARY
24407,0.0028,0.43,0.16,STATIONARY
24409,-0.0143,0.37,0.17,STATIONARY
24411,-0.0314,0.28,0.18,STATIONARY
24413,-0.0422,0.18,0.18,STATIONARY
24415,-0.0500,0.08,0.17,STATIONARY
24417,-0.0658,-0.05,0.16,STATIONARY
24419,-0.0726,-0.18,0.14,STATIONARY
24421,-0.0628,-0.28,0.11,STATIONARY
24424,-0.0481,-0.35,0.09,STATIONARY
24425,-0.0235,-0.36,0.06,STATIONARY
24427,-0.0043,-0.34,0.04,STATIONARY
24429,0.0166,-0.28,0.02,STATIONARY
24431,0.0310,-0.20,0.00,STATIONARY
24433,0.0416,-0.11,-0.00,STATIONARY
24435,0.0457,-0.02,-0.00,STATIONARY
24437,0.0415,0.06,0.00,STATIONARY
24439,0.0364,0.12,0.01,STATIONARY
24441,0.0367,0.18,0.02,STATIONARY
24444,0.0304,0.22,0.03,STATIONARY
24446,0.0134,0.23,0.04,STATIONARY
24447,0.0004,0.21,0.05,STATIONARY
24449,-0.0096,0.18,0.06,STATIONARY
24452,-0.0233,0.12,0.06,STATIONARY
24453,-0.0197,0.07,0.06,STATIONARY
24455,-0.0202,0.03,0.06,STATIONARY
24457,-0.0340,-0.03,0.06,STATIONARY
24459,-0.0419,-0.11,0.05,STATIONARY
24461,-0.0550,-0.20,0.03,STATIONARY
24463,-0.0660,-0.31,0.01,STATIONARY
24465,-0.0629,-0.40,-0.01,STATIONARY
24468,-0.0480,-0.45,-0.04,STATIONARY
24469,-0.0305,-0.47,-0.06,STATIONARY
24471,0.0015,-0.43,-0.09,STATIONARY
24473,0.0185,-0.36,-0.10,STATIONARY
24475,0.0356,-0.27,-0.11,STATIONARY
24478,0.0416,-0.17,-0.12,STATIONARY
24480,0.0719,-0.03,-0.11,STATIONARY
24481,0.0749,0.11,-0.10,STATIONARY
24484,0.0768,0.25,-0.08,STATIONARY
24485,0.0730,0.36,-0.05,STATIONARY
24487,0.0467,0.42,-0.02,STATIONARY
24489,0.0313,0.44,0.00,STATIONARY
24491,0.0166,0.44,0.03,STATIONARY
24493,0.0044,0.41,0.05,STATIONARY
24495,-0.0069,0.36,0.07,STATIONARY
24497,-0.0202,0.30,0.08,STATIONARY
24500,-0.0297,0.22,0.09,STATIONARY
24501,-0.0321,0.14,0.10,STATIONARY
24503,-0.0284,0.08,0.09,STATIONARY
24505,-0.0298,0.02,0.09,STATIONARY
24507,-0.0198,-0.02,0.08,STATIONARY
24509,-0.0110,-0.04,0.08,STATIONARY
24511,0.0007,-0.03,0.07,STATIONARY
24513,0.0227,0.01,0.07,STATIONARY
24515,0.0323,0.07,0.07,STATIONARY
24518,0.0343,0.13,0.07,STATIONARY
24519,0.0410,0.19,0.08,STATIONARY
24522,0.0546,0.28,0.09,STATIONARY
24524,0.0649,0.37,0.11,STATIONARY
24525,0.0725,0.48,0.13,STATIONARY
24527,0.0614,0.55,0.15,STATIONARY
24529,0.0498,0.60,0.18,STATIONARY
24531,0.0442,0.63,0.21,STATIONARY
24533,0.0312,0.64,0.23,STATIONARY
24535,0.0165,0.62,0.25,STATIONARY
24538,-0.0035,0.56,0.27,STATIONARY
24539,-0.0124,0.50,0.29,STATIONARY
24542,-0.0298,0.40,0.29,STATIONARY
24543,-0.0427,0.29,0.29,STATIONARY
24545,-0.0472,0.18,0.29,STATIONARY
24547,-0.0492,0.08,0.27,STATIONARY
24549,-0.0572,-0.04,0.26,STATIONARY
24551,-0.0412,-0.11,0.23,STATIONARY
24554,-0.0192,-0.14,0.21,STATIONARY
24555,0.0112,-0.10,0.19,STATIONARY
24557,0.0320,-0.04,0.18,STATIONARY
24559,0.0518,0.06,0.17,STATIONARY
24561,0.0668,0.18,0.17,STATIONARY
24564,0.0680,0.29,0.18,STATIONARY
24565,0.0676,0.39,0.19,STATIONARY
24567,0.0699,0.49,0.21,STATIONARY
24569,0.0731,0.58,0.23,STATIONARY
24571,0.0568,0.64,0.26,STATIONARY
24573,0.0474,0.68,0.28,STATIONARY
24575,0.0370,0.69,0.31,STATIONARY
24577,0.0256,0.68,0.33,STATIONARY
24579,0.0076,0.64,0.35,STATIONARY
24581,-0.0101,0.57,0.36,STATIONARY
24583,-0.0149,0.50,0.37,STATIONARY
24586,-0.0220,0.42,0.37,STATIONARY
24587,-0.0276,0.33,0.37,STATIONARY
24589,-0.0348,0.24,0.36,STATIONARY
24591,-0.0381,0.15,0.35,STATIONARY
24593,-0.0402,0.07,0.33,STATIONARY
24596,-0.0222,0.02,0.31,STATIONARY
24598,-0.0041,0.01,0.30,STATIONARY
24599,0.0116,0.03,0.28,STATIONARY
24602,0.0330,0.09,0.27,STATIONARY
24603,0.0428,0.16,0.26,STATIONARY
24605,0.0550,0.25,0.26,STATIONARY
24608,0.0705,0.36,0.27,STATIONARY
24609,0.0652,0.45,0.28,STATIONARY
24611,0.0529,0.51,0.29,STATIONARY
24613,0.0359,0.54,0.31,STATIONARY
24615,0.0242,0.54,0.32,STATIONARY
24617,0.0113,0.52,0.33,STATIONARY
24619,-0.0100,0.46,0.34,STATIONARY
24621,-0.0249,0.37,0.34,STATIONARY
24624,-0.0352,0.28,0.34,STATIONARY
24625,-0.0538,0.16,0.33,STATIONARY
24628,-0.0555,0.04,0.31,STATIONARY
24629,-0.0648,-0.08,0.29,STATIONARY
24631,-0.0672,-0.20,0.26,STATIONARY
24633,-0.0640,-0.30,0.23,STATIONARY
24635,-0.0605,-0.39,0.19,STATIONARY
24637,-0.0603,-0.47,0.15,STATIONARY
24640,-0.0559,-0.53,0.11,STATIONARY
24641,-0.0443,-0.57,0.07,STATIONARY
24644,-0.0401,-0.60,0.03,STATIONARY
24645,-0.0208,-0.59,-0.01,STATIONARY
24647,-0.0048,-0.55,-0.04,STATIONARY
24649,0.0047,-0.50,-0.06,STATIONARY
24651,0.0029,-0.45,-0.09,STATIONARY
24653,-0.0017,-0.42,-0.11,STATIONARY
24656,-0.0034,-0.39,-0.12,STATIONARY
24657,-0.0043,-0.37,-0.14,STATIONARY
24659,-0.0104,-0.36,-0.15,STATIONARY
24661,-0.0206,-0.37,-0.16,STATIONARY
24663,-0.0284,-0.39,-0.18,STATIONARY
24665,-0.0385,-0.43,-0.19,STATIONARY
24667,-0.0517,-0.49,-0.21,STATIONARY
24669,-0.0610,-0.56,-0.23,STATIONARY
24671,-0.0730,-0.65,-0.26,STATIONARY
24673,-0.0796,-0.75,-0.29,STATIONARY
24675,-0.0703,-0.82,-0.32,STATIONARY
24677,-0.0569,-0.86,-0.35,STATIONARY
24679,-0.0394,-0.86,-0.38,STATIONARY
24681,-0.0100,-0.81,-0.40,STATIONARY
24683,0.0168,-0.71,-0.42,STATIONARY
24685,0.0447,-0.57,-0.43,STATIONARY
24687,0.0681,-0.40,-0.43,STATIONARY
24689,0.0734,-0.24,-0.42,STATIONARY
24691,0.0686,-0.09,-0.40,STATIONARY
24694,0.0633,0.03,-0.37,STATIONARY
24695,0.0471,0.12,-0.34,STATIONARY
24697,0.0436,0.19,-0.31,STATIONARY
24699,0.0356,0.24,-0.28,STATIONARY
24701,0.0330,0.28,-0.25,STATIONARY
24703,0.0235,0.30,-0.21,STATIONARY
24705,0.0122,0.30,-0.18,STATIONARY
24707,0.0060,0.29,-0.16,STATIONARY
24709,-0.0026,0.26,-0.13,STATIONARY
24711,-0.0015,0.24,-0.11,STATIONARY
24713,-0.0019,0.21,-0.09,STATIONARY
24715,-0.0075,0.18,-0.08,STATIONARY
24717,-0.0077,0.15,-0.06,STATIONARY
24720,-0.0084,0.13,-0.05,STATIONARY
24721,-0.0143,0.09,-0.04,STATIONARY
24723,-0.0168,0.05,-0.04,STATIONARY
24726,-0.0180,0.01,-0.03,STATIONARY
24727,-0.0138,-0.01,-0.03,STATIONARY
24729,-0.0012,-0.01,-0.03,STATIONARY
24731,0.0175,0.02,-0.03,STATIONARY
24733,0.0256,0.07,-0.02,STATIONARY
24735,0.0297,0.11,-0.01,STATIONARY
24737,0.0461,0.19,-0.00,STATIONARY
24739,0.0408,0.25,0.01,STATIONARY
24741,0.0356,0.30,0.03,STATIONARY
24743,0.0332,0.33,0.05,STATIONARY
24745,0.0220,0.35,0.06,STATIONARY
24747,0.0056,0.33,0.08,STATIONARY
24749,-0.0103,0.28,0.09,STATIONARY
24751,-0.0269,0.21,0.10,STATIONARY
24753,-0.0473,0.11,0.10,STATIONARY
24755,-0.0492,0.01,0.09,STATIONARY
24757,-0.0539,-0.09,0.08,STATIONARY
24759,-0.0465,-0.17,0.07,STATIONARY
24761,-0.0439,-0.24,0.05,STATIONARY
24763,-0.0325,-0.28,0.03,STATIONARY
24765,-0.0248,-0.30,0.01,STATIONARY
24767,-0.0025,-0.28,-0.01,STATIONARY
24769,0.0206,-0.22,-0.02,STATIONARY
24771,0.0303,-0.15,-0.03,STATIONARY
24774,0.0232,-0.09,-0.03,STATIONARY
24775,0.0199,-0.05,-0.03,STATIONARY
24777,0.0210,-0.01,-0.03,STATIONARY
24780,0.0171,0.03,-0.03,STATIONARY
24781,0.0192,0.06,-0.02,STATIONARY
24784,0.0042,0.06,-0.02,STATIONARY
24786,0.0117,0.08,-0.01,STATIONARY
24787,0.0162,0.10,-0.00,STATIONARY
24789,0.0082,0.11,0.00,STATIONARY
24791,-0.0123,0.08,0.01,STATIONARY
24794,-0.0177,0.04,0.01,STATIONARY
24796,-0.0379,-0.03,0.01,STATIONARY
24797,-0.0429,-0.11,-0.00,STATIONARY
24800,-0.0418,-0.18,-0.01,STATIONARY
24801,-0.0589,-0.27,-0.03,STATIONARY
24803,-0.0607,-0.36,-0.05,STATIONARY
24806,-0.0627,-0.45,-0.07,STATIONARY
24807,-0.0553,-0.51,-0.10,STATIONARY
24809,-0.0472,-0.56,-0.12,STATIONARY
24812,-0.0302,-0.57,-0.15,STATIONARY
24813,-0.0113,-0.55,-0.17,STATIONARY
24815,0.0048,-0.49,-0.19,STATIONARY
24817,0.0251,-0.41,-0.21,STATIONARY
24819,0.0412,-0.30,-0.21,STATIONARY
24821,0.0484,-0.19,-0.21,STATIONARY
24823,0.0561,-0.07,-0.20,STATIONARY
24825,0.0476,0.02,-0.19,STATIONARY
24827,0.0455,0.11,-0.17,STATIONARY
24830,0.0330,0.16,-0.15,STATIONARY
24831,0.0192,0.18,-0.13,STATIONARY
24833,0.0102,0.19,-0.11,STATIONARY
24835,-0.0058,0.16,-0.10,STATIONARY
24837,-0.0218,0.11,-0.08,STATIONARY
24839,-0.0324,0.04,-0.08,STATIONARY
24841,-0.0376,-0.03,-0.07,STATIONARY
24844,-0.0382,-0.10,-0.08,STATIONARY
24845,-0.0384,-0.16,-0.08,STATIONARY
24847,-0.0473,-0.24,-0.09,STATIONARY
24849,-0.0382,-0.29,-0.10,STATIONARY
24851,-0.0163,-0.30,-0.11,STATIONARY
24854,-0.0102,-0.29,-0.12,STATIONARY
24855,0.0056,-0.26,-0.13,STATIONARY
24857,0.0202,-0.20,-0.14,STATIONARY
24859,0.0359,-0.12,-0.13,STATIONARY
24861,0.0521,-0.01,-0.13,STATIONARY
24863,0.0605,0.10,-0.11,STATIONARY
24866,0.0608,0.20,-0.10,STATIONARY
24867,0.0625,0.30,-0.07,STATIONARY
24869,0.0665,0.40,-0.04,STATIONARY
24871,0.0553,0.47,-0.01,STATIONARY
24873,0.0483,0.52,0.02,STATIONARY
24875,0.0352,0.54,0.05,STATIONARY
24877,0.0189,0.54,0.08,STATIONARY
24879,-0.0057,0.48,0.10,STATIONARY
24881,-0.0161,0.41,0.12,STATIONARY
24883,-0.0208,0.34,0.13,STATIONARY
24885,-0.0302,0.26,0.14,STATIONARY
24887,-0.0433,0.16,0.14,STATIONARY
24889,-0.0491,0.06,0.14,STATIONARY
24891,-0.0278,0.00,0.13,STATIONARY
24893,-0.0170,-0.03,0.12,STATIONARY
24895,-0.0150,-0.06,0.11,STATIONARY
24897,-0.0112,-0.07,0.10,STATIONARY
24899,0.0023,-0.06,0.09,STATIONARY
24901,0.0174,-0.02,0.08,STATIONARY
24903,0.0355,0.04,0.08,STATIONARY
24905,0.0456,0.12,0.08,STATIONARY
24907,0.0641,0.23,0.09,STATIONARY
24909,0.0673,0.34,0.11,STATIONARY
24911,0.0595,0.42,0.12,STATIONARY
24913,0.0529,0.48,0.15,STATIONARY
24915,0.0372,0.51,0.17,STATIONARY
24918,0.0359,0.54,0.19,STATIONARY
24919,0.0236,0.54,0.21,STATIONARY
24921,-0.0017,0.49,0.23,STATIONARY
24924,-0.0200,0.42,0.24,STATIONARY
24925,-0.0324,0.32,0.24,STATIONARY
24927,-0.0372,0.23,0.24,STATIONARY
24929,-0.0487,0.12,0.23,STATIONARY
24931,-0.0544,0.01,0.22,STATIONARY
24933,-0.0440,-0.07,0.20,STATIONARY
24935,-0.0288,-0.12,0.19,STATIONARY
24937,-0.0108,-0.13,0.17,STATIONARY
24939,0.0062,-0.11,0.15,STATIONARY
24941,0.0243,-0.05,0.14,STATIONARY
24943,0.0260,-0.00,0.13,STATIONARY
24945,0.0347,0.06,0.13,STATIONARY
24947,0.0382,0.13,0.13,STATIONARY
24949,0.0452,0.20,0.13,STATIONARY
24951,0.0458,0.27,0.14,STATIONARY
24953,0.0375,0.32,0.15,STATIONARY
24955,0.0151,0.32,0.16,STATIONARY
24957,0.0103,0.31,0.17,STATIONARY
24959,0.0045,0.30,0.18,STATIONARY
24962,-0.0049,0.26,0.18,STATIONARY
24963,-0.0033,0.24,0.18,STATIONARY
24965,-0.0093,0.20,0.19,STATIONARY
24968,-0.0254,0.14,0.18,STATIONARY
24969,-0.0370,0.06,0.17,STATIONARY
24971,-0.0494,-0.04,0.16,STATIONARY
24973,-0.0535,-0.13,0.14,STATIONARY
24975,-0.0557,-0.22,0.12,STATIONARY
24977,-0.0489,-0.30,0.10,STATIONARY
24979,-0.0359,-0.34,0.07,STATIONARY
24981,-0.0217,-0.35,0.05,STATIONARY
24984,-0.0047,-0.33,0.02,STATIONARY
24986,-0.0005,-0.31,0.00,STATIONARY
24987,-0.0031,-0.29,-0.01,STATIONARY
24989,0.0051,-0.26,-0.03,STATIONARY
24991,0.0155,-0.21,-0.04,STATIONARY
24994,0.0194,-0.15,-0.04,STATIONARY
24996,0.0204,-0.10,-0.05,STATIONARY
24997,0.0113,-0.07,-0.05,STATIONARY
25000,-0.0046,-0.08,-0.05,STATIONARY
25001,-0.0096,-0.09,-0.05,STATIONARY
25003,-0.0196,-0.12,-0.06,STATIONARY
25006,-0.0272,-0.16,-0.06,STATIONARY
25007,-0.0292,-0.20,-0.07,STATIONARY
25009,-0.0350,-0.25,-0.08,STATIONARY
25011,-0.0469,-0.31,-0.10,STATIONARY
25013,-0.0589,-0.40,-0.11,STATIONARY
25015,-0.0537,-0.46,-0.13,STATIONARY
25018,-0.0485,-0.52,-0.16,STATIONARY
25019,-0.0519,-0.57,-0.18,STATIONARY
25021,-0.0518,-0.62,-0.21,STATIONARY
25023,-0.0350,-0.64,-0.23,STATIONARY
25025,-0.0230,-0.63,-0.26,STATIONARY
25027,-0.0070,-0.59,-0.28,STATIONARY
25029,0.0121,-0.52,-0.29,STATIONARY
25031,0.0190,-0.44,-0.30,STATIONARY
25033,0.0239,-0.36,-0.30,STATIONARY
25035,0.0395,-0.26,-0.30,STATIONARY
25038,0.0493,-0.15,-0.29,STATIONARY
25039,0.0435,-0.06,-0.28,STATIONARY
25041,0.0381,0.02,-0.26,STATIONARY
25043,0.0401,0.09,-0.24,STATIONARY
25045,0.0446,0.16,-0.22,STATIONARY
25047,0.0383,0.22,-0.19,STATIONARY
25049,0.0261,0.25,-0.16,STATIONARY
25051,0.0163,0.26,-0.14,STATIONARY
25054,0.0051,0.25,-0.12,STATIONARY
25055,-0.0024,0.23,-0.10,STATIONARY
25057,-0.0081,0.19,-0.08,STATIONARY
25059,-0.0081,0.16,-0.06,STATIONARY
25061,-0.0104,0.13,-0.05,STATIONARY
25064,-0.0153,0.09,-0.04,STATIONARY
25065,-0.0210,0.05,-0.04,STATIONARY
25067,-0.0127,0.02,-0.04,STATIONARY
25069,0.0007,0.02,-0.03,STATIONARY
25071,0.0106,0.04,-0.03,STATIONARY
25073,0.0132,0.06,-0.02,STATIONARY
25076,0.0257,0.10,-0.02,STATIONARY
25077,0.0370,0.16,-0.01,STATIONARY
25079,0.0366,0.21,0.01,STATIONARY
25081,0.0331,0.26,0.02,STATIONARY
25083,0.0329,0.30,0.04,STATIONARY
25086,0.0397,0.35,0.06,STATIONARY
25087,0.0217,0.36,0.07,STATIONARY
25089,0.0145,0.36,0.09,STATIONARY
25091,0.0156,0.36,0.11,STATIONARY
25093,0.0058,0.34,0.12,STATIONARY
25095,-0.0067,0.30,0.13,STATIONARY
25097,-0.0226,0.23,0.14,STATIONARY
25099,-0.0391,0.14,0.14,STATIONARY
25102,-0.0520,0.04,0.13,STATIONARY
25103,-0.0534,-0.06,0.12,STATIONARY
25105,-0.0507,-0.15,0.10,STATIONARY
25108,-0.0500,-0.23,0.08,STATIONARY
25109,-0.0335,-0.28,0.06,STATIONARY
25111,-0.0128,-0.28,0.04,STATIONARY
25113,-0.0018,-0.26,0.03,STATIONARY
25115,0.0163,-0.21,0.01,STATIONARY
25117,0.0256,-0.14,0.00,STATIONARY
25119,0.0312,-0.07,-0.00,STATIONARY
25121,0.0301,-0.01,-0.00,STATIONARY
25124,0.0182,0.02,-0.00,STATIONARY
25125,0.0162,0.05,0.00,STATIONARY
25127,0.0058,0.06,0.00,STATIONARY
25129,-0.0028,0.05,0.01,STATIONARY
25131,-0.0097,0.02,0.01,STATIONARY
25133,-0.0194,-0.01,0.01,STATIONARY
25135,-0.0278,-0.06,0.00,STATIONARY
25137,-0.0448,-0.14,-0.01,STATIONARY
25140,-0.0370,-0.20,-0.02,STATIONARY
25141,-0.0368,-0.25,-0.03,STATIONARY
25144,-0.0310,-0.29,-0.05,STATIONARY
25145,-0.0275,-0.31,-0.06,STATIONARY
25147,-0.0250,-0.33,-0.08,STATIONARY
25149,-0.0261,-0.36,-0.09,STATIONARY
25151,-0.0296,-0.38,-0.11,STATIONARY
25153,-0.0299,-0.41,-0.13,STATIONARY
25155,-0.0180,-0.41,-0.15,STATIONARY
25157,-0.0169,-0.41,-0.16,STATIONARY
25159,-0.0103,-0.39,-0.17,STATIONARY
25161,0.0068,-0.35,-0.18,STATIONARY
25163,0.0232,-0.28,-0.19,STATIONARY
25165,0.0403,-0.18,-0.19,STATIONARY
25167,0.0500,-0.07,-0.18,STATIONARY
25169,0.0426,0.01,-0.17,STATIONARY
25171,0.0466,0.09,-0.16,STATIONARY
25173,0.0429,0.17,-0.14,STATIONARY
25175,0.0265,0.20,-0.12,STATIONARY
25177,0.0108,0.21,-0.10,STATIONARY
25179,-0.0118,0.17,-0.08,STATIONARY
25181,-0.0260,0.11,-0.07,STATIONARY
25184,-0.0267,0.05,-0.06,STATIONARY
25185,-0.0316,-0.01,-0.06,STATIONARY
25188,-0.0298,-0.07,-0.06,STATIONARY
25189,-0.0239,-0.11,-0.06,STATIONARY
25191,-0.0163,-0.13,-0.07,STATIONARY
25194,-0.0046,-0.13,-0.07,STATIONARY
25195,0.0074,-0.10,-0.07,STATIONARY
25197,0.0112,-0.07,-0.07,STATIONARY
25199,0.0125,-0.04,-0.07,STATIONARY
25201,0.0191,-0.01,-0.07,STATIONARY
25203,0.0312,0.05,-0.06,STATIONARY
25205,0.0320,0.11,-0.05,STATIONARY
25207,0.0279,0.15,-0.04,STATIONARY
25209,0.0218,0.18,-0.03,STATIONARY
25211,0.0345,0.23,-0.01,STATIONARY
25213,0.0304,0.26,0.01,STATIONARY
25215,0.0212,0.28,0.02,STATIONARY
25218,0.0138,0.29,0.04,STATIONARY
25219,-0.0025,0.26,0.05,STATIONARY
25221,-0.0191,0.20,0.06,STATIONARY
25223,-0.0212,0.15,0.06,STATIONARY
25226,-0.0247,0.09,0.07,STATIONARY
25227,-0.0211,0.04,0.06,STATIONARY
25229,-0.0224,-0.00,0.06,STATIONARY
25231,-0.0167,-0.03,0.06,STATIONARY
25233,-0.0083,-0.04,0.05,STATIONARY
25235,-0.0132,-0.07,0.04,STATIONARY
25237,-0.0229,-0.10,0.03,STATIONARY
25240,-0.0244,-0.14,0.02,STATIONARY
25241,0.0020,-0.12,0.02,STATIONARY
25243,0.0037,-0.11,0.01,STATIONARY
25245,0.0017,-0.10,0.00,STATIONARY
25247,0.0117,-0.07,-0.00,STATIONARY
25249,0.0222,-0.02,-0.00,STATIONARY
25251,0.0238,0.02,-0.00,STATIONARY
25253,0.0132,0.05,0.00,STATIONARY
25255,0.0025,0.05,0.00,STATIONARY
25258,0.0045,0.05,0.01,STATIONARY
25259,0.0028,0.05,0.01,STATIONARY
25261,-0.0106,0.03,0.01,STATIONARY
25263,-0.0156,-0.00,0.01,STATIONARY
25265,-0.0275,-0.05,0.01,STATIONARY
25268,-0.0308,-0.10,-0.00,STATIONARY
25269,-0.0293,-0.15,-0.01,STATIONARY
25271,-0.0218,-0.18,-0.02,STATIONARY
25274,-0.0013,-0.17,-0.03,STATIONARY
25275,0.0043,-0.15,-0.03,STATIONARY
25277,-0.0018,-0.14,-0.04,STATIONARY
25280,0.0045,-0.12,-0.05,STATIONARY
25281,0.0052,-0.10,-0.05,STATIONARY
25283,0.0064,-0.08,-0.05,STATIONARY
25285,0.0034,-0.07,-0.05,STATIONARY
25287,0.0071,-0.05,-0.05,STATIONARY
25290,0.0199,-0.01,-0.05,STATIONARY
25291,0.0279,0.04,-0.04,STATIONARY
25293,0.0292,0.09,-0.03,STATIONARY
25295,0.0265,0.14,-0.02,STATIONARY
25297,0.0283,0.18,-0.01,STATIONARY
25300,0.0230,0.21,-0.00,STATIONARY
25301,0.0185,0.22,0.01,STATIONARY
25303,0.0148,0.23,0.03,STATIONARY
25305,0.0000,0.21,0.04,STATIONARY
25307,-0.0030,0.19,0.05,STATIONARY
25309,-0.0077,0.16,0.05,STATIONARY
25311,-0.0211,0.11,0.06,STATIONARY
25313,-0.0180,0.07,0.06,STATIONARY
25315,-0.0291,0.01,0.05,STATIONARY
25317,-0.0204,-0.03,0.05,STATIONARY
25319,-0.0008,-0.03,0.04,STATIONARY
25322,0.0024,-0.02,0.04,STATIONARY
25323,0.0094,-0.00,0.04,STATIONARY
25325,0.0075,0.01,0.04,STATIONARY
25327,0.0059,0.02,0.04,STATIONARY
25329,0.0167,0.05,0.04,STATIONARY
25331,0.0197,0.08,0.04,STATIONARY
25333,0.0200,0.11,0.04,STATIONARY
25335,0.0124,0.13,0.05,STATIONARY
25337,0.0052,0.13,0.05,STATIONARY
25339,0.0027,0.12,0.06,STATIONARY
25341,-0.0008,0.11,0.06,STATIONARY
25344,-0.0047,0.09,0.06,STATIONARY
25345,-0.0039,0.08,0.06,STATIONARY
25347,0.0021,0.08,0.06,STATIONARY
25349,0.0030,0.07,0.06,STATIONARY
25351,0.0036,0.08,0.07,STATIONARY
25354,-0.0066,0.06,0.06,STATIONARY
25355,-0.0083,0.04,0.06,STATIONARY
25357,0.0025,0.04,0.06,STATIONARY
25359,-0.0021,0.03,0.06,STATIONARY
25361,-0.0036,0.02,0.06,STATIONARY
25363,0.0017,0.02,0.06,STATIONARY
25366,0.0078,0.04,0.05,STATIONARY
25367,0.0243,0.08,0.06,STATIONARY
25369,0.0296,0.13,0.06,STATIONARY
25371,0.0426,0.19,0.07,STATIONARY
25373,0.0494,0.27,0.08,STATIONARY
25375,0.0627,0.36,0.10,STATIONARY
25377,0.0704,0.46,0.12,STATIONARY
25379,0.0612,0.54,0.14,STATIONARY
25382,0.0562,0.60,0.17,STATIONARY
25384,0.0324,0.61,0.20,STATIONARY
25385,0.0189,0.60,0.22,STATIONARY
25387,0.0132,0.57,0.24,STATIONARY
25389,0.0059,0.54,0.26,STATIONARY
25391,-0.0063,0.48,0.27,STATIONARY
25394,-0.0118,0.42,0.28,STATIONARY
25396,-0.0101,0.37,0.29,STATIONARY
25398,-0.0157,0.31,0.29,STATIONARY
25399,-0.0041,0.28,0.29,STATIONARY
25401,0.0026,0.26,0.29,STATIONARY
25403,0.0091,0.26,0.28,STATIONARY
25405,0.0187,0.27,0.28,STATIONARY
25408,0.0132,0.27,0.28,STATIONARY
25409,0.0218,0.29,0.28,STATIONARY
25411,0.0302,0.33,0.29,STATIONARY
25413,0.0314,0.36,0.29,STATIONARY
25415,0.0320,0.39,0.30,STATIONARY
25417,0.0266,0.41,0.30,STATIONARY
25419,0.0271,0.42,0.31,STATIONARY
25421,0.0243,0.43,0.32,STATIONARY
25424,0.0203,0.44,0.32,STATIONARY
25425,0.0098,0.42,0.33,STATIONARY
25427,-0.0029,0.38,0.33,STATIONARY
25429,-0.0130,0.33,0.33,STATIONARY
25431,-0.0191,0.26,0.33,STATIONARY
25433,-0.0356,0.18,0.32,STATIONARY
25435,-0.0408,0.09,0.31,STATIONARY
25437,-0.0511,-0.01,0.29,STATIONARY
25439,-0.0515,-0.11,0.26,STATIONARY
25441,-0.0362,-0.16,0.24,STATIONARY
25444,-0.0224,-0.19,0.21,STATIONARY
25445,-0.0075,-0.19,0.19,STATIONARY
25447,0.0006,-0.17,0.17,STATIONARY
25449,-0.0015,-0.16,0.15,STATIONARY
25452,0.0051,-0.14,0.13,STATIONARY
25453,0.0078,-0.12,0.12,STATIONARY
25455,0.0139,-0.08,0.10,STATIONARY
25457,0.0239,-0.03,0.10,STATIONARY
25459,0.0211,0.01,0.09,STATIONARY
25461,0.0240,0.05,0.09,STATIONARY
25463,0.0277,0.10,0.09,STATIONARY
25465,0.0297,0.15,0.09,STATIONARY
25468,0.0296,0.19,0.10,STATIONARY
25469,0.0205,0.21,0.11,STATIONARY
25471,0.0158,0.22,0.11,STATIONARY
25474,0.0097,0.22,0.12,STATIONARY
25475,-0.0005,0.21,0.12,STATIONARY
25477,-0.0185,0.16,0.13,STATIONARY
25479,-0.0271,0.09,0.12,STATIONARY
25481,-0.0373,0.02,0.12,STATIONARY
25484,-0.0396,-0.06,0.11,STATIONARY
25485,-0.0329,-0.11,0.09,STATIONARY
25487,-0.0329,-0.16,0.08,STATIONARY
25489,-0.0095,-0.17,0.06,STATIONARY
25491,0.0161,-0.13,0.05,STATIONARY
25493,0.0319,-0.06,0.05,STATIONARY
25495,0.0439,0.03,0.05,STATIONARY
25497,0.0537,0.12,0.05,STATIONARY
25500,0.0640,0.23,0.06,STATIONARY
25501,0.0523,0.31,0.08,STATIONARY
25503,0.0433,0.37,0.09,STATIONARY
25505,0.0201,0.37,0.11,STATIONARY
25507,0.0133,0.37,0.12,STATIONARY
25509,0.0026,0.34,0.14,STATIONARY
25511,-0.0044,0.31,0.15,STATIONARY
25513,0.0032,0.29,0.16,STATIONARY
25515,0.0020,0.27,0.16,STATIONARY
25518,-0.0019,0.24,0.17,STATIONARY
25519,-0.0028,0.22,0.17,STATIONARY
25521,-0.0126,0.18,0.17,STATIONARY
25523,-0.0011,0.16,0.17,STATIONARY
25526,-0.0067,0.14,0.17,STATIONARY
25527,-0.0102,0.11,0.17,STATIONARY
25529,-0.0176,0.07,0.16,STATIONARY
25531,-0.0182,0.03,0.15,STATIONARY
25533,-0.0122,0.00,0.14,STATIONARY
25535,-0.0015,0.00,0.13,STATIONARY
25538,0.0088,0.02,0.13,STATIONARY
25539,0.0281,0.07,0.12,STATIONARY
25541,0.0424,0.14,0.12,STATIONARY
25543,0.0554,0.23,0.13,STATIONARY
25545,0.0626,0.33,0.14,STATIONARY
25547,0.0549,0.40,0.16,STATIONARY
25549,0.0541,0.47,0.18,STATIONARY
25551,0.0441,0.51,0.20,STATIONARY
25554,0.0376,0.54,0.22,STATIONARY
25555,0.0225,0.54,0.24,STATIONARY
25557,0.0104,0.52,0.25,STATIONARY
25559,-0.0111,0.45,0.26,STATIONARY
25561,-0.0284,0.37,0.27,STATIONARY
25563,-0.0385,0.26,0.27,STATIONARY
25565,-0.0340,0.18,0.26,STATIONARY
25567,-0.0337,0.10,0.26,STATIONARY
25569,-0.0252,0.05,0.24,STATIONARY
25571,-0.0256,-0.00,0.23,STATIONARY
25573,-0.0217,-0.04,0.21,STATIONARY
25575,-0.0157,-0.07,0.20,STATIONARY
25577,-0.0088,-0.08,0.18,STATIONARY
25579,-0.0017,-0.07,0.16,STATIONARY
25581,0.0040,-0.06,0.15,STATIONARY
25583,0.0069,-0.04,0.14,STATIONARY
25586,0.0101,-0.02,0.13,STATIONARY
25587,0.0058,-0.01,0.12,STATIONARY
25590,-0.0058,-0.02,0.11,STATIONARY
25591,-0.0087,-0.03,0.11,STATIONARY
25593,-0.0073,-0.04,0.10,STATIONARY
25596,-0.0120,-0.06,0.09,STATIONARY
25597,-0.0102,-0.08,0.08,STATIONARY
25599,-0.0139,-0.10,0.07,STATIONARY
25602,-0.0094,-0.11,0.06,STATIONARY
25603,-0.0214,-0.14,0.05,STATIONARY
25605,-0.0273,-0.18,0.03,STATIONARY
25607,-0.0332,-0.22,0.02,STATIONARY
25609,-0.0319,-0.26,0.00,STATIONARY
25611,-0.0350,-0.31,-0.02,STATIONARY
25613,-0.0353,-0.35,-0.04,STATIONARY
25615,-0.0310,-0.38,-0.06,STATIONARY
25617,-0.0210,-0.38,-0.08,STATIONARY
25619,-0.0282,-0.41,-0.10,STATIONARY
25621,-0.0304,-0.43,-0.12,STATIONARY
25624,-0.0298,-0.45,-0.14,STATIONARY
25625,-0.0239,-0.46,-0.15,STATIONARY
25627,-0.0005,-0.42,-0.17,STATIONARY
25629,0.0150,-0.36,-0.18,STATIONARY
25631,0.0259,-0.28,-0.19,STATIONARY
25633,0.0243,-0.22,-0.19,STATIONARY
25635,0.0225,-0.16,-0.19,STATIONARY
25637,0.0278,-0.09,-0.18,STATIONARY
25640,0.0310,-0.03,-0.17,STATIONARY
25641,0.0033,-0.02,-0.16,STATIONARY
25644,-0.0115,-0.04,-0.16,STATIONARY
25645,-0.0296,-0.09,-0.15,STATIONARY
25647,-0.0426,-0.16,-0.15,STATIONARY
25650,-0.0476,-0.24,-0.16,STATIONARY
25651,-0.0563,-0.32,-0.17,STATIONARY
25653,-0.0481,-0.38,-0.18,STATIONARY
25656,-0.0284,-0.41,-0.19,STATIONARY
25657,-0.0078,-0.39,-0.21,STATIONARY
25659,0.0132,-0.33,-0.21,STATIONARY
25661,0.0274,-0.26,-0.22,STATIONARY
25664,0.0337,-0.17,-0.21,STATIONARY
25665,0.0308,-0.10,-0.21,STATIONARY
25667,0.0289,-0.04,-0.20,STATIONARY
25669,0.0396,0.03,-0.18,STATIONARY
25671,0.0456,0.12,-0.17,STATIONARY
25673,0.0500,0.20,-0.14,STATIONARY
25675,0.0473,0.27,-0.12,STATIONARY
25677,0.0391,0.32,-0.09,STATIONARY
25679,0.0310,0.35,-0.07,STATIONARY
25681,0.0361,0.39,-0.04,STATIONARY
25683,0.0340,0.42,-0.01,STATIONARY
25685,0.0243,0.43,0.01,STATIONARY
25688,0.0160,0.43,0.04,STATIONARY
25689,0.0007,0.39,0.06,STATIONARY
25691,-0.0070,0.35,0.08,STATIONARY
25694,-0.0182,0.29,0.09,STATIONARY
25695,-0.0227,0.22,0.10,STATIONARY
25697,-0.0233,0.16,0.10,STATIONARY
25699,-0.0219,0.11,0.10,STATIONARY
25701,-0.0150,0.07,0.10,STATIONARY
25703,-0.0039,0.06,0.10,STATIONARY
25705,0.0050,0.06,0.10,STATIONARY
25707,0.0208,0.10,0.10,STATIONARY
25709,0.0423,0.17,0.10,STATIONARY
25711,0.0463,0.24,0.11,STATIONARY
25714,0.0570,0.33,0.12,STATIONARY
25715,0.0438,0.38,0.14,STATIONARY
25717,0.0411,0.43,0.15,STATIONARY
25720,0.0417,0.47,0.17,STATIONARY
25721,0.0193,0.47,0.19,STATIONARY
25724,0.0002,0.43,0.20,STATIONARY
25726,-0.0123,0.37,0.21,STATIONARY
25727,-0.0185,0.31,0.22,STATIONARY
25730,-0.0256,0.24,0.22,STATIONARY
25731,-0.0401,0.14,0.22,STATIONARY
25733,-0.0342,0.07,0.21,STATIONARY
25736,-0.0391,-0.01,0.19,STATIONARY
25737,-0.0448,-0.09,0.18,STATIONARY
25739,-0.0462,-0.17,0.16,STATIONARY
25742,-0.0392,-0.23,0.13,STATIONARY
25743,-0.0225,-0.25,0.11,STATIONARY
25746,-0.0137,-0.25,0.09,STATIONARY
25747,0.0046,-0.23,0.07,STATIONARY
25749,0.0211,-0.17,0.06,STATIONARY
25752,0.0363,-0.09,0.05,STATIONARY
25754,0.0512,0.01,0.05,STATIONARY
25755,0.0624,0.13,0.05,STATIONARY
25758,0.0577,0.22,0.06,STATIONARY
25759,0.0508,0.30,0.08,STATIONARY
25761,0.0341,0.34,0.09,STATIONARY
25763,0.0239,0.35,0.11,STATIONARY
25765,0.0256,0.37,0.12,STATIONARY
25768,0.0196,0.38,0.14,STATIONARY
25769,0.0021,0.35,0.15,STATIONARY
25771,-0.0126,0.30,0.16,STATIONARY
25774,-0.0203,0.24,0.16,STATIONARY
25775,-0.0274,0.17,0.16,STATIONARY
25777,-0.0369,0.09,0.16,STATIONARY
25780,-0.0383,0.01,0.15,STATIONARY
25781,-0.0256,-0.04,0.14,STATIONARY
25784,-0.0184,-0.07,0.13,STATIONARY
25786,-0.0074,-0.08,0.12,STATIONARY
25787,0.0055,-0.06,0.11,STATIONARY
25789,0.0049,-0.05,0.10,STATIONARY
25791,0.0111,-0.02,0.09,STATIONARY
25794,0.0314,0.04,0.09,STATIONARY
25796,0.0364,0.10,0.09,STATIONARY
25798,0.0447,0.18,0.09,STATIONARY
25800,0.0520,0.26,0.10,STATIONARY
25801,0.0592,0.35,0.12,STATIONARY
25803,0.0569,0.42,0.13,STATIONARY
25806,0.0491,0.48,0.15,STATIONARY
25807,0.0358,0.51,0.18,STATIONARY
25809,0.0243,0.51,0.20,STATIONARY
25812,0.0268,0.52,0.21,STATIONARY
25813,0.0209,0.52,0.23,STATIONARY
25815,-0.0028,0.47,0.25,STATIONARY
25817,-0.0239,0.39,0.25,STATIONARY
25819,-0.0385,0.29,0.26,STATIONARY
25821,-0.0491,0.17,0.25,STATIONARY
25823,-0.0544,0.06,0.24,STATIONARY
25825,-0.0507,-0.04,0.22,STATIONARY
25828,-0.0384,-0.11,0.20,STATIONARY
25829,-0.0410,-0.17,0.18,STATIONARY
25831,-0.0362,-0.23,0.16,STATIONARY
25833,-0.0154,-0.24,0.13,STATIONARY
25835,0.0118,-0.20,0.12,STATIONARY
25837,0.0283,-0.13,0.10,STATIONARY
25839,0.0434,-0.04,0.09,STATIONARY
25841,0.0558,0.07,0.09,STATIONARY
25844,0.0588,0.17,0.10,STATIONARY
25845,0.0622,0.27,0.11,STATIONARY
25847,0.0495,0.34,0.12,STATIONARY
25849,0.0363,0.38,0.14,STATIONARY
25851,0.0269,0.40,0.15,STATIONARY
25854,0.0097,0.39,0.16,STATIONARY
25855,-0.0003,0.35,0.18,STATIONARY
25857,-0.0069,0.31,0.18,STATIONARY
25859,-0.0131,0.26,0.19,STATIONARY
25861,-0.0188,0.21,0.19,STATIONARY
25863,-0.0129,0.17,0.19,STATIONARY
25866,-0.0127,0.13,0.19,STATIONARY
25867,-0.0130,0.10,0.18,STATIONARY
25869,-0.0048,0.08,0.17,STATIONARY
25871,-0.0113,0.05,0.17,STATIONARY
25873,-0.0019,0.04,0.16,STATIONARY
25875,0.0043,0.05,0.15,STATIONARY
25877,0.0081,0.06,0.15,STATIONARY
25879,0.0149,0.08,0.14,STATIONARY
25882,0.0350,0.14,0.14,STATIONARY
25883,0.0448,0.21,0.15,STATIONARY
25886,0.0464,0.28,0.16,STATIONARY
25887,0.0498,0.35,0.17,STATIONARY
25889,0.0544,0.42,0.18,STATIONARY
25892,0.0420,0.47,0.20,STATIONARY
25893,0.0283,0.48,0.22,STATIONARY
25895,0.0228,0.48,0.23,STATIONARY
25897,0.0043,0.45,0.24,STATIONARY
25899,-0.0156,0.39,0.25,STATIONARY
25902,-0.0331,0.30,0.26,STATIONARY
25903,-0.0594,0.16,0.25,STATIONARY
25905,-0.0570,0.04,0.24,STATIONARY
25907,-0.0570,-0.06,0.22,STATIONARY
25909,-0.0437,-0.14,0.20,STATIONARY
25911,-0.0338,-0.19,0.18,STATIONARY
25913,-0.0140,-0.20,0.15,STATIONARY
25915,0.0009,-0.18,0.13,STATIONARY
25917,0.0195,-0.13,0.12,STATIONARY
25919,0.0179,-0.09,0.11,STATIONARY
25921,0.0198,-0.05,0.10,STATIONARY
25924,0.0266,0.01,0.09,STATIONARY
25925,0.0399,0.08,0.09,STATIONARY
25927,0.0537,0.17,0.10,STATIONARY
25930,0.0504,0.25,0.10,STATIONARY
25931,0.0487,0.32,0.12,STATIONARY
25933,0.0332,0.36,0.13,STATIONARY
25935,0.0155,0.36,0.14,STATIONARY
25937,0.0095,0.35,0.16,STATIONARY
25939,0.0004,0.32,0.17,STATIONARY
25941,-0.0139,0.27,0.17,STATIONARY
25943,-0.0313,0.19,0.17,STATIONARY
25946,-0.0406,0.10,0.17,STATIONARY
25947,-0.0534,-0.01,0.16,STATIONARY
25949,-0.0655,-0.13,0.14,STATIONARY
25952,-0.0679,-0.24,0.12,STATIONARY
25953,-0.0572,-0.33,0.09,STATIONARY
25956,-0.0356,-0.37,0.06,STATIONARY
25957,-0.0190,-0.37,0.04,STATIONARY
25959,0.0056,-0.33,0.02,STATIONARY
25962,0.0109,-0.29,-0.00,STATIONARY
25963,0.0194,-0.23,-0.01,STATIONARY
25965,0.0291,-0.16,-0.02,STATIONARY
25968,0.0348,-0.08,-0.03,STATIONARY
25969,0.0313,-0.02,-0.03,STATIONARY
25971,0.0164,0.02,-0.02,STATIONARY
25973,0.0135,0.04,-0.02,STATIONARY
25975,0.0123,0.06,-0.01,STATIONARY
25978,0.0061,0.07,-0.01,STATIONARY
25979,0.0026,0.07,-0.01,STATIONARY
25981,0.0022,0.06,-0.00,STATIONARY
25984,0.0019,0.06,0.00,STATIONARY
25986,-0.0013,0.05,0.01,STATIONARY
25987,-0.0004,0.05,0.01,STATIONARY
25989,-0.0033,0.04,0.01,STATIONARY
25991,-0.0080,0.02,0.01,STATIONARY
25994,-0.0203,-0.02,0.01,STATIONARY
25996,-0.0171,-0.05,0.01,STATIONARY
25997,-0.0143,-0.07,0.00,STATIONARY
26000,-0.0055,-0.07,-0.00,STATIONARY
26001,0.0118,-0.05,-0.01,STATIONARY
26003,0.0200,-0.01,-0.01,STATIONARY
26005,0.0360,0.06,-0.00,STATIONARY
26007,0.0622,0.17,0.01,STATIONARY
26009,0.0835,0.31,0.03,STATIONARY
26011,0.0857,0.44,0.05,STATIONARY
26013,0.0813,0.56,0.08,STATIONARY
26015,0.0706,0.64,0.11,STATIONARY
26018,0.0668,0.71,0.15,STATIONARY
26019,0.0525,0.75,0.19,STATIONARY
26021,0.0306,0.75,0.22,STATIONARY
26023,0.0131,0.71,0.25,STATIONARY
26025,-0.0134,0.63,0.27,STATIONARY
26027,-0.0165,0.55,0.29,STATIONARY
26029,-0.0178,0.47,0.30,STATIONARY
26031,-0.0266,0.39,0.30,STATIONARY
26033,-0.0335,0.29,0.30,STATIONARY
26035,-0.0228,0.23,0.30,STATIONARY
26037,-0.0236,0.17,0.29,STATIONARY
26039,-0.0277,0.10,0.28,STATIONARY
26042,-0.0297,0.04,0.27,STATIONARY
26044,-0.0224,-0.00,0.25,STATIONARY
26045,-0.0140,-0.03,0.23,STATIONARY
26047,-0.0120,-0.05,0.22,STATIONARY
26049,-0.0040,-0.05,0.20,STATIONARY
26051,0.0124,-0.03,0.19,STATIONARY
26054,0.0212,0.02,0.18,STATIONARY
26055,0.0293,0.07,0.17,STATIONARY
26057,0.0315,0.12,0.17,STATIONARY
26059,0.0211,0.15,0.17,STATIONARY
26061,0.0117,0.16,0.17,STATIONARY
26064,-0.0096,0.13,0.16,STATIONARY
26065,-0.0266,0.07,0.16,STATIONARY
26067,-0.0418,-0.01,0.15,STATIONARY
26070,-0.0422,-0.09,0.13,STATIONARY
26071,-0.0358,-0.15,0.12,STATIONARY
26073,-0.0406,-0.21,0.10,STATIONARY
26075,-0.0499,-0.29,0.08,STATIONARY
26077,-0.0463,-0.35,0.05,STATIONARY
26079,-0.0397,-0.39,0.02,STATIONARY
26081,-0.0198,-0.40,-0.00,STATIONARY
26083,-0.0142,-0.39,-0.02,STATIONARY
26086,-0.0041,-0.37,-0.04,STATIONARY
26087,-0.0018,-0.34,-0.06,STATIONARY
26089,0.0009,-0.31,-0.08,STATIONARY
26091,0.0124,-0.27,-0.09,STATIONARY
26093,0.0276,-0.19,-0.09,STATIONARY
26095,0.0387,-0.11,-0.10,STATIONARY
26097,0.0476,-0.01,-0.09,STATIONARY
26099,0.0476,0.08,-0.08,STATIONARY
26102,0.0500,0.16,-0.07,STATIONARY
26103,0.0501,0.24,-0.05,STATIONARY
26105,0.0438,0.30,-0.03,STATIONARY
26107,0.0266,0.33,-0.01,STATIONARY
26109,0.0137,0.33,0.01,STATIONARY
26111,-0.0025,0.30,0.03,STATIONARY
26113,-0.0182,0.24,0.04,STATIONARY
26115,-0.0291,0.17,0.05,STATIONARY
26117,-0.0373,0.08,0.05,STATIONARY
26119,-0.0567,-0.03,0.05,STATIONARY
26121,-0.0511,-0.12,0.04,STATIONARY
26124,-0.0309,-0.17,0.03,STATIONARY
26125,-0.0064,-0.16,0.01,STATIONARY
26127,0.0226,-0.11,0.01,STATIONARY
26129,0.0445,-0.02,0.01,STATIONARY
26131,0.0610,0.09,0.01,STATIONARY
26133,0.0676,0.21,0.02,STATIONARY
26135,0.0766,0.34,0.04,STATIONARY
26137,0.0782,0.45,0.07,STATIONARY
26140,0.0694,0.54,0.09,STATIONARY
26141,0.0621,0.61,0.12,STATIONARY
26143,0.0484,0.65,0.16,STATIONARY
26145,0.0390,0.67,0.19,STATIONARY
26147,0.0226,0.66,0.21,STATIONARY
26149,0.0160,0.64,0.24,STATIONARY
26151,0.0049,0.60,0.26,STATIONARY
26153,-0.0020,0.54,0.28,STATIONARY
26156,-0.0051,0.49,0.29,STATIONARY
26157,-0.0137,0.43,0.30,STATIONARY
26159,-0.0255,0.35,0.30,STATIONARY
26161,-0.0316,0.26,0.30,STATIONARY
26163,-0.0323,0.18,0.29,STATIONARY
26165,-0.0265,0.12,0.28,STATIONARY
26167,-0.0213,0.07,0.27,STATIONARY
26169,-0.0071,0.05,0.26,STATIONARY
26171,0.0054,0.06,0.24,STATIONARY
26173,0.0228,0.09,0.24,STATIONARY
26175,0.0529,0.18,0.23,STATIONARY
26177,0.0616,0.28,0.24,STATIONARY
26179,0.0809,0.41,0.25,STATIONARY
26181,0.0873,0.54,0.26,STATIONARY
26183,0.0919,0.66,0.29,STATIONARY
26186,0.0859,0.77,0.31,STATIONARY
26188,0.0731,0.84,0.35,STATIONARY
26189,0.0585,0.88,0.38,STATIONARY
26191,0.0443,0.89,0.41,STATIONARY
26194,0.0234,0.86,0.43,STATIONARY
26196,-0.0017,0.79,0.46,STATIONARY
26198,-0.0197,0.69,0.47,STATIONARY
26199,-0.0374,0.57,0.48,STATIONARY
26201,-0.0496,0.43,0.47,STATIONARY
26203,-0.0487,0.31,0.46,STATIONARY
26205,-0.0472,0.20,0.45,STATIONARY
26207,-0.0349,0.12,0.43,STATIONARY
26209,-0.0290,0.05,0.41,STATIONARY
26211,-0.0257,0.00,0.38,STATIONARY
26214,-0.0163,-0.03,0.36,STATIONARY
26215,0.0109,-0.01,0.34,STATIONARY
26217,0.0203,0.03,0.32,STATIONARY
26219,0.0314,0.09,0.30,STATIONARY
26221,0.0461,0.16,0.30,STATIONARY
26223,0.0529,0.25,0.29,STATIONARY
26226,0.0600,0.34,0.30,STATIONARY
26227,0.0603,0.42,0.30,STATIONARY
26229,0.0601,0.50,0.32,STATIONARY
26231,0.0569,0.56,0.33,STATIONARY
26233,0.0433,0.60,0.35,STATIONARY
26235,0.0240,0.60,0.36,STATIONARY
26238,0.0106,0.57,0.37,STATIONARY
26239,-0.0035,0.52,0.38,STATIONARY
26241,-0.0103,0.46,0.39,STATIONARY
26243,-0.0271,0.37,0.38,STATIONARY
26245,-0.0398,0.27,0.38,STATIONARY
26247,-0.0381,0.18,0.37,STATIONARY
26249,-0.0482,0.07,0.35,STATIONARY
26251,-0.0437,-0.01,0.33,STATIONARY
26253,-0.0438,-0.09,0.30,STATIONARY
26255,-0.0300,-0.14,0.28,STATIONARY
26257,-0.0090,-0.15,0.25,STATIONARY
26259,0.0101,-0.12,0.23,STATIONARY
26261,0.0307,-0.05,0.21,STATIONARY
26263,0.0470,0.04,0.20,STATIONARY
26265,0.0654,0.16,0.20,STATIONARY
26267,0.0704,0.27,0.20,STATIONARY
26269,0.0749,0.39,0.22,STATIONARY
26271,0.0759,0.50,0.23,STATIONARY
26273,0.0659,0.58,0.25,STATIONARY
26275,0.0513,0.63,0.27,STATIONARY
26277,0.0400,0.65,0.30,STATIONARY
26280,0.0246,0.64,0.32,STATIONARY
26281,0.0077,0.61,0.33,STATIONARY
26284,-0.0093,0.54,0.35,STATIONARY
26285,-0.0192,0.46,0.35,STATIONARY
26287,-0.0185,0.39,0.36,STATIONARY
26289,-0.0297,0.31,0.35,STATIONARY
26291,-0.0311,0.22,0.35,STATIONARY
26293,-0.0250,0.16,0.33,STATIONARY
26295,-0.0055,0.14,0.32,STATIONARY
26297,0.0166,0.16,0.31,STATIONARY
26300,0.0301,0.20,0.31,STATIONARY
26301,0.0330,0.24,0.30,STATIONARY
26303,0.0439,0.31,0.30,STATIONARY
26306,0.0579,0.39,0.31,STATIONARY
26307,0.0688,0.48,0.32,STATIONARY
26309,0.0749,0.58,0.33,STATIONARY
26312,0.0751,0.67,0.35,STATIONARY
26313,0.0872,0.78,0.38,STATIONARY
26315,0.0787,0.86,0.41,STATIONARY
26317,0.0677,0.92,0.44,STATIONARY
26319,0.0549,0.95,0.47,STATIONARY
26321,0.0454,0.95,0.50,STATIONARY
26323,0.0120,0.90,0.52,STATIONARY
26325,-0.0172,0.80,0.54,STATIONARY
26327,-0.0330,0.67,0.54,STATIONARY
26329,-0.0377,0.55,0.54,STATIONARY
26331,-0.0377,0.44,0.54,STATIONARY
26333,-0.0409,0.33,0.53,STATIONARY
26335,-0.0350,0.23,0.51,STATIONARY
26337,-0.0322,0.16,0.49,STATIONARY
26340,-0.0196,0.11,0.47,STATIONARY
26341,-0.0026,0.09,0.44,STATIONARY
26343,0.0110,0.11,0.42,STATIONARY
26345,0.0250,0.14,0.41,STATIONARY
26347,0.0291,0.19,0.39,STATIONARY
26349,0.0343,0.23,0.38,STATIONARY
26351,0.0425,0.29,0.38,STATIONARY
26354,0.0528,0.37,0.38,STATIONARY
26355,0.0656,0.46,0.38,STATIONARY
26357,0.0686,0.55,0.39,STATIONARY
26359,0.0552,0.61,0.41,STATIONARY
26361,0.0482,0.65,0.42,STATIONARY
26363,0.0415,0.67,0.43,STATIONARY
26366,0.0144,0.64,0.45,STATIONARY
26367,-0.0023,0.59,0.46,STATIONARY
26369,-0.0094,0.52,0.46,STATIONARY
26371,-0.0257,0.43,0.46,STATIONARY
26373,-0.0480,0.31,0.45,STATIONARY
26375,-0.0650,0.17,0.43,STATIONARY
26377,-0.0706,0.02,0.41,STATIONARY
26379,-0.0660,-0.10,0.38,STATIONARY
26382,-0.0459,-0.18,0.35,STATIONARY
26383,-0.0282,-0.21,0.31,STATIONARY
26386,-0.0129,-0.22,0.28,STATIONARY
26387,0.0033,-0.20,0.25,STATIONARY
26389,0.0190,-0.15,0.23,STATIONARY
26391,0.0303,-0.08,0.21,STATIONARY
26393,0.0349,-0.01,0.20,STATIONARY
26396,0.0368,0.06,0.19,STATIONARY
26397,0.0411,0.13,0.19,STATIONARY
26399,0.0299,0.18,0.19,STATIONARY
26402,0.0199,0.20,0.19,STATIONARY
26403,-0.0011,0.18,0.19,STATIONARY
26405,-0.0105,0.15,0.18,STATIONARY
26407,-0.0044,0.13,0.18,STATIONARY
26409,-0.0065,0.10,0.18,STATIONARY
26411,-0.0169,0.07,0.17,STATIONARY
26413,-0.0236,0.02,0.16,STATIONARY
26415,-0.0317,-0.04,0.15,STATIONARY
26417,-0.0501,-0.13,0.13,STATIONARY
26419,-0.0695,-0.25,0.11,STATIONARY
26421,-0.0789,-0.37,0.08,STATIONARY
26424,-0.0761,-0.48,0.05,STATIONARY
26425,-0.0557,-0.55,0.01,STATIONARY
26427,-0.0279,-0.56,-0.02,STATIONARY
26429,-0.0086,-0.53,-0.05,STATIONARY
26431,0.0167,-0.45,-0.08,STATIONARY
26433,0.0413,-0.34,-0.09,STATIONARY
26435,0.0522,-0.22,-0.10,STATIONARY
26437,0.0597,-0.09,-0.10,STATIONARY
26439,0.0618,0.03,-0.09,STATIONARY
26441,0.0505,0.12,-0.08,STATIONARY
26444,0.0307,0.17,-0.06,STATIONARY
26445,0.0085,0.17,-0.05,STATIONARY
26447,-0.0167,0.13,-0.04,STATIONARY
26449,-0.0334,0.05,-0.03,STATIONARY
26451,-0.0413,-0.03,-0.03,STATIONARY
26453,-0.0359,-0.09,-0.04,STATIONARY
26455,-0.0338,-0.15,-0.04,STATIONARY
26457,-0.0384,-0.20,-0.05,STATIONARY
26459,-0.0518,-0.28,-0.07,STATIONARY
26461,-0.0612,-0.37,-0.08,STATIONARY
26463,-0.0710,-0.47,-0.11,STATIONARY
26465,-0.0854,-0.59,-0.14,STATIONARY
26468,-0.0862,-0.70,-0.17,STATIONARY
26469,-0.0858,-0.81,-0.21,STATIONARY
26471,-0.0601,-0.85,-0.25,STATIONARY
26473,-0.0555,-0.89,-0.28,STATIONARY
26475,-0.0464,-0.90,-0.32,STATIONARY
26477,-0.0229,-0.87,-0.35,STATIONARY
26479,-0.0132,-0.83,-0.38,STATIONARY
26481,-0.0001,-0.76,-0.40,STATIONARY
26484,0.0103,-0.68,-0.42,STATIONARY
26485,0.0162,-0.60,-0.43,STATIONARY
26487,0.0067,-0.54,-0.44,STATIONARY
26489,-0.0085,-0.51,-0.44,STATIONARY
26491,-0.0223,-0.51,-0.44,STATIONARY
26493,-0.0453,-0.55,-0.45,STATIONARY
26495,-0.0637,-0.62,-0.46,STATIONARY
26497,-0.0743,-0.71,-0.48,STATIONARY
26500,-0.0868,-0.81,-0.50,STATIONARY
26501,-0.0946,-0.92,-0.52,STATIONARY
26503,-0.1037,-1.13,-0.56,STATIONARY
26505,-0.1148,-1.36,-0.60,STATIONARY
26507,-0.1100,-1.58,-0.66,STATIONARY
26509,-0.1090,-1.80,-0.73,STATIONARY
26511,-0.1030,-2.00,-0.80,STATIONARY
26513,-0.0855,-2.00,-0.88,STATIONARY
26515,-0.0824,-1.99,-0.94,STATIONARY
26518,-0.0751,-1.97,-1.00,STATIONARY
26519,-0.0581,-1.92,-1.06,STATIONARY
26521,-0.0329,-1.83,-1.10,STATIONARY
26523,-0.0193,-1.72,-1.14,STATIONARY
26525,-0.0225,-1.62,-1.17,STATIONARY
26527,-0.0123,-1.51,-1.19,STATIONARY
26529,-0.0179,-1.43,-1.20,STATIONARY
26531,-0.0309,-1.37,-1.21,STATIONARY
26533,-0.0524,-1.36,-1.22,STATIONARY
26535,-0.0739,-1.38,-1.23,STATIONARY
26538,-0.1014,-1.59,-1.25,STATIONARY
26539,-0.1088,-1.80,-1.28,STATIONARY
26542,-0.1023,-2.01,-1.33,STATIONARY
26543,-0.1147,-2.24,-1.38,STATIONARY
26545,-0.1240,-2.49,-1.45,STATIONARY
26547,-0.1189,-2.72,-1.52,STATIONARY
26549,-0.1127,-2.95,-1.61,STATIONARY
26551,-0.1000,-3.15,-1.70,STATIONARY
26554,-0.0933,-3.07,-1.78,STATIONARY
26555,-0.0792,-2.97,-1.85,STATIONARY
26557,-0.0761,-2.87,-1.91,STATIONARY
26559,-0.0809,-2.79,-1.96,STATIONARY
26561,-0.0707,-2.70,-2.00,STATIONARY
26564,-0.0725,-2.61,-2.04,STATIONARY
26565,-0.0598,-2.52,-2.07,STATIONARY
26567,-0.0508,-2.41,-2.09,STATIONARY
26570,-0.0385,-2.29,-2.10,STATIONARY
26571,-0.0387,-2.17,-2.10,STATIONARY
26573,-0.0468,-2.09,-2.10,STATIONARY
26575,-0.0575,-2.03,-2.10,STATIONARY
26577,-0.0804,-2.01,-2.09,STATIONARY
26579,-0.0958,-2.03,-2.09,STATIONARY
26581,-0.1013,-2.23,-2.10,STATIONARY
26583,-0.1237,-2.48,-2.12,STATIONARY
26586,-0.1387,-2.76,-2.16,STATIONARY
26587,-0.1463,-3.05,-2.21,STATIONARY
26590,-0.1548,-3.36,-2.28,STATIONARY
26591,-0.1517,-3.66,-2.36,STATIONARY
26593,-0.1427,-3.95,-2.45,STATIONARY
26596,-0.1490,-4.25,-2.56,STATIONARY
26598,-0.1352,-4.51,-2.67,STATIONARY
26599,-0.1248,-4.76,-2.80,STATIONARY
26601,-0.1216,-5.01,-2.93,STATIONARY
26603,-0.1070,-5.22,-3.06,STATIONARY
26605,-0.1010,-5.42,-3.20,STATIONARY
26607,-0.0981,-5.17,-3.32,STATIONARY
26609,-0.1001,-5.37,-3.44,STATIONARY
26611,-0.0846,-5.10,-3.54,STATIONARY
26613,-0.0776,-4.83,-3.62,STATIONARY
26615,-0.0748,-4.58,-3.67,STATIONARY
26617,-0.0817,-4.37,-3.71,STATIONARY
26619,-0.0986,-4.20,-3.74,STATIONARY
26621,-0.1193,-4.44,-3.78,STATIONARY
26624,-0.1400,-4.72,-3.84,STATIONARY
26625,-0.1530,-5.02,-3.91,STATIONARY
26627,-0.1699,-5.36,-3.99,STATIONARY
26629,-0.1879,-5.74,-4.10,STATIONARY
26631,-0.2049,-6.15,-4.22,STATIONARY
26633,-0.1996,-6.55,-4.36,STATIONARY
26635,-0.1914,-6.93,-4.51,STATIONARY
26637,-0.1975,-7.33,-4.68,STATIONARY
26640,-0.1784,-7.68,-4.85,STATIONARY
26641,-0.1608,-8.00,-5.04,STATIONARY
26644,-0.1478,-8.30,-5.23,STATIONARY
26645,-0.1477,-8.59,-5.43,STATIONARY
26647,-0.1560,-8.91,-5.64,STATIONARY
26650,-0.1424,-9.19,-5.85,STATIONARY
26651,-0.1363,-9.46,-6.06,STATIONARY
26653,-0.1299,-9.72,-6.28,STATIONARY
26656,-0.1270,-9.98,-6.50,STATIONARY
26657,-0.1119,-10.20,-6.71,STATIONARY
26659,-0.1022,-10.41,-6.93,STATIONARY
26661,-0.1076,-10.62,-7.15,STATIONARY
26663,-0.1206,-10.86,-7.37,STATIONARY
26666,-0.1231,-11.11,-7.59,STATIONARY
26667,-0.1313,-11.37,-7.81,STATIONARY
26669,-0.1538,-11.68,-8.04,STATIONARY
26671,-0.1867,-12.05,-8.28,STATIONARY
26673,-0.2025,-12.46,-8.53,STATIONARY
26675,-0.2157,-12.89,-8.78,STATIONARY
26677,-0.2214,-13.33,-9.05,STATIONARY
26679,-0.2157,-13.76,-9.33,STATIONARY
26681,-0.2040,-14.17,-9.62,STATIONARY
26683,-0.1880,-14.55,-9.91,STATIONARY
26685,-0.1784,-14.90,-10.20,STATIONARY
26687,-0.1696,-15.24,-10.50,STATIONARY
26689,-0.1611,-15.56,-10.80,STATIONARY
26691,-0.1512,-15.87,-11.10,STATIONARY
26693,-0.1454,-16.16,-11.40,STATIONARY
26695,-0.1466,-16.45,-11.70,STATIONARY
26697,-0.1532,-16.76,-12.00,STATIONARY
26699,-0.1520,-17.06,-12.30,STATIONARY
26701,-0.1531,-17.37,-12.60,STATIONARY
26703,-0.1516,-17.67,-12.90,STATIONARY
26705,-0.1500,-17.97,-13.20,STATIONARY
26707,-0.1419,-18.25,-13.50,STATIONARY
26709,-0.1454,-18.55,-13.79,STATIONARY
26711,-0.1636,-18.87,-14.09,STATIONARY
26713,-0.1809,-19.23,-14.40,STATIONARY
26715,-0.1992,-19.63,-14.71,STATIONARY
26717,-0.2279,-20.09,-15.03,STATIONARY
26720,-0.2470,-20.58,-15.36,STATIONARY
26721,-0.2539,-21.09,-15.69,STATIONARY
26723,-0.2506,-21.59,-16.04,STATIONARY
26726,-0.2418,-22.08,-16.40,STATIONARY
26727,-0.2340,-22.54,-16.76,STATIONARY
26729,-0.2163,-22.98,-17.13,STATIONARY
26731,-0.1925,-23.36,-17.50,STATIONARY
26733,-0.1871,-23.73,-17.87,STATIONARY
26735,-0.1886,-24.11,-18.24,STATIONARY
26737,-0.1719,-24.46,-18.60,STATIONARY
26739,-0.1644,-24.79,-18.97,STATIONARY
26741,-0.1660,-25.12,-19.33,STATIONARY
26743,-0.1745,-25.47,-19.70,STATIONARY
26745,-0.1688,-25.80,-20.06,STATIONARY
26747,-0.1821,-26.17,-20.42,STATIONARY
26749,-0.1789,-26.53,-20.78,STATIONARY
26751,-0.1837,-26.89,-21.14,STATIONARY
26753,-0.1960,-27.29,-21.50,STATIONARY
26755,-0.2071,-27.70,-21.87,STATIONARY
26757,-0.2156,-28.13,-22.24,STATIONARY
26759,-0.2413,-28.61,-22.62,STATIONARY
26761,-0.2617,-29.14,-23.00,STATIONARY
26763,-0.2815,-29.70,-23.40,STATIONARY
26765,-0.2920,-30.28,-23.81,STATIONARY
26767,-0.2934,-30.87,-24.22,STATIONARY
26769,-0.2835,-31.44,-24.65,STATIONARY
26771,-0.2706,-31.98,-25.08,STATIONARY
26773,-0.2582,-32.50,-25.52,STATIONARY
26775,-0.2317,-32.96,-25.96,STATIONARY
26777,-0.2143,-33.39,-26.40,STATIONARY
26779,-0.2125,-33.81,-26.84,STATIONARY
26781,-0.2061,-34.22,-27.27,STATIONARY
26784,-0.2103,-34.65,-27.71,STATIONARY
26786,-0.2207,-35.09,-28.15,STATIONARY
26787,-0.2338,-35.55,-28.58,STATIONARY
26789,-0.2353,-36.02,-29.02,STATIONARY
26791,-0.2368,-36.50,-29.47,STATIONARY
26793,-0.2415,-36.98,-29.91,STATIONARY
26796,-0.2400,-37.46,-30.36,STATIONARY
26798,-0.2371,-37.94,-30.80,STATIONARY
26800,-0.2309,-38.40,-31.25,STATIONARY
26801,-0.2407,-38.88,-31.70,STATIONARY
26803,-0.2523,-39.38,-32.16,STATIONARY
26806,-0.2733,-39.93,-32.62,STATIONARY
26807,-0.2829,-40.49,-33.08,STATIONARY
26809,-0.3069,-41.11,-33.56,STATIONARY
26812,-0.3199,-41.75,-34.04,STATIONARY
26813,-0.3132,-42.37,-34.53,STATIONARY
26815,-0.3029,-42.98,-35.03,STATIONARY
26817,-0.2956,-43.57,-35.54,STATIONARY
26819,-0.2834,-44.14,-36.05,STATIONARY
26821,-0.2644,-44.67,-36.56,DOWN
26823,-0.2460,-45.16,-37.07,DOWN
26825,-0.2407,-45.64,-37.57,DOWN
26827,-0.2420,-46.12,-38.08,DOWN
26829,-0.2403,-46.61,-38.58,DOWN
26831,-0.2431,-47.09,-39.08,DOWN
26833,-0.2576,-47.61,-39.59,DOWN
26835,-0.2652,-48.14,-40.09,DOWN
26837,-0.2734,-48.68,-40.60,DOWN
26839,-0.2690,-49.22,-41.11,DOWN
26841,-0.2608,-49.74,-41.62,DOWN
26844,-0.2526,-50.25,-42.13,DOWN
26845,-0.2584,-50.77,-42.64,DOWN
26847,-0.2758,-51.32,-43.16,DOWN
26849,-0.2876,-51.89,-43.67,DOWN
26851,-0.2993,-52.49,-44.19,DOWN
26854,-0.3100,-53.11,-44.72,DOWN
26855,-0.3167,-53.74,-45.25,DOWN
26857,-0.3091,-54.36,-45.79,DOWN
26859,-0.3058,-54.97,-46.33,DOWN
26861,-0.3049,-55.58,-46.88,DOWN
26863,-0.2992,-56.18,-47.43,DOWN
26866,-0.2799,-56.74,-47.98,DOWN
26867,-0.2673,-57.28,-48.53,DOWN
26869,-0.2565,-57.79,-49.08,DOWN
26871,-0.2562,-58.30,-49.62,DOWN
26873,-0.2617,-58.83,-50.17,DOWN
26875,-0.2724,-59.37,-50.71,DOWN
26877,-0.2739,-59.92,-51.26,DOWN
26879,-0.2781,-60.47,-51.80,DOWN
26882,-0.2918,-61.06,-52.35,DOWN
26883,-0.2974,-61.65,-52.90,DOWN
26885,-0.2983,-62.25,-53.45,DOWN
26887,-0.3021,-62.85,-54.01,DOWN
26889,-0.3092,-63.47,-54.57,DOWN
26891,-0.3188,-64.11,-55.13,DOWN
26893,-0.3210,-64.75,-55.70,DOWN
26895,-0.3243,-65.40,-56.27,DOWN
26897,-0.3377,-66.08,-56.85,DOWN
26899,-0.3493,-66.77,-57.44,DOWN
26902,-0.3610,-67.50,-58.03,DOWN
26903,-0.3734,-68.24,-58.64,DOWN
26905,-0.3752,-68.99,-59.25,DOWN
26907,-0.3640,-69.72,-59.87,DOWN
26909,-0.3580,-70.44,-60.49,DOWN
26911,-0.3460,-71.13,-61.12,DOWN
26913,-0.3374,-71.80,-61.75,DOWN
26915,-0.3382,-72.48,-62.39,DOWN
26917,-0.3304,-73.14,-63.02,DOWN
26919,-0.3194,-73.78,-63.66,DOWN
26921,-0.3148,-74.41,-64.29,DOWN
26924,-0.3050,-75.02,-64.93,DOWN
26925,-0.2928,-75.60,-65.56,DOWN
26927,-0.2937,-76.19,-66.19,DOWN
26929,-0.3068,-76.81,-66.82,DOWN
26931,-0.3246,-77.46,-67.45,DOWN
26933,-0.3323,-78.12,-68.08,DOWN
26935,-0.3368,-78.79,-68.71,DOWN
26937,-0.3595,-79.51,-69.35,DOWN
26939,-0.3740,-80.26,-69.99,DOWN
26941,-0.3795,-81.02,-70.65,DOWN
26943,-0.3941,-81.81,-71.31,DOWN
26945,-0.4107,-82.63,-71.97,DOWN
26947,-0.4147,-83.46,-72.65,DOWN
26949,-0.4002,-84.26,-73.34,DOWN
26952,-0.3828,-85.03,-74.03,DOWN
26953,-0.3693,-85.76,-74.72,DOWN
26955,-0.3667,-86.50,-75.42,DOWN
26957,-0.3722,-87.24,-76.12,DOWN
26959,-0.3725,-87.99,-76.82,DOWN
26961,-0.3804,-88.75,-77.53,DOWN
26963,-0.3789,-89.51,-78.23,DOWN
26965,-0.3643,-90.23,-78.94,DOWN
26967,-0.3619,-90.96,-79.65,DOWN
26969,-0.3564,-91.67,-80.36,DOWN
26971,-0.3555,-92.38,-81.07,DOWN
26973,-0.3580,-93.10,-81.78,DOWN
26975,-0.3449,-93.79,-82.49,DOWN
26977,-0.3446,-94.48,-83.20,DOWN
26979,-0.3569,-95.19,-83.91,DOWN
26981,-0.3645,-95.92,-84.62,DOWN
26984,-0.3765,-96.67,-85.33,DOWN
26986,-0.3964,-97.47,-86.05,DOWN
26987,-0.4061,-98.28,-86.77,DOWN
26989,-0.4204,-99.12,-87.50,DOWN
26991,-0.4340,-99.99,-88.24,DOWN
26994,-0.4376,-100.86,-88.99,DOWN
26996,-0.4523,-101.78,-89.76,DOWN
26997,-0.4520,-102.67,-90.51,DOWN
27000,-0.4335,-103.54,-91.28,DOWN
27001,-0.4301,-104.40,-92.05,DOWN
27003,-0.4187,-105.23,-92.83,DOWN
27005,-0.4332,-106.10,-93.62,DOWN
27007,-0.4401,-106.98,-94.41,DOWN
27009,-0.4427,-107.87,-95.20,DOWN
27011,-0.4392,-108.74,-96.00,DOWN
27013,-0.4283,-109.60,-96.81,DOWN
27015,-0.4152,-110.43,-97.61,DOWN
27018,-0.4011,-111.24,-98.42,DOWN
27019,-0.3898,-112.01,-99.22,DOWN
27021,-0.3883,-112.79,-100.02,DOWN
27023,-0.3837,-113.56,-100.82,DOWN
27025,-0.3871,-114.33,-101.62,DOWN
27027,-0.3812,-115.09,-102.42,DOWN
27029,-0.3864,-115.87,-103.21,DOWN
27031,-0.3950,-116.66,-104.01,DOWN
27033,-0.3978,-117.45,-104.80,DOWN
27035,-0.4088,-118.27,-105.60,DOWN
27037,-0.4174,-119.10,-106.40,DOWN
27039,-0.4286,-119.96,-107.20,DOWN
27042,-0.4409,-120.84,-108.01,DOWN
27043,-0.4415,-121.73,-108.82,DOWN
27045,-0.4349,-122.60,-109.63,DOWN
27047,-0.4272,-123.45,-110.45,DOWN
27049,-0.4311,-124.31,-111.27,DOWN
27051,-0.4272,-125.17,-112.09,DOWN
27054,-0.4304,-126.03,-112.91,DOWN
27055,-0.4286,-126.89,-113.74,DOWN
27057,-0.4254,-127.74,-114.57,DOWN
27059,-0.4275,-128.59,-115.40,DOWN
27061,-0.4249,-129.44,-116.23,DOWN
27064,-0.4291,-130.30,-117.06,DOWN
27065,-0.4284,-131.16,-117.89,DOWN
27067,-0.4203,-132.00,-118.73,DOWN
27070,-0.4165,-132.83,-119.56,DOWN
27071,-0.4135,-133.66,-120.39,DOWN
27073,-0.4209,-134.50,-121.23,DOWN
27075,-0.4259,-135.35,-122.06,DOWN
27077,-0.4207,-136.19,-122.90,DOWN
27079,-0.4272,-137.05,-123.73,DOWN
27081,-0.4470,-137.94,-124.57,DOWN
27083,-0.4605,-138.86,-125.42,DOWN
27085,-0.4800,-139.82,-126.27,DOWN
27087,-0.4902,-140.80,-127.13,DOWN
27089,-0.4890,-141.78,-128.00,DOWN
27091,-0.4785,-142.74,-128.87,DOWN
27093,-0.4734,-143.68,-129.74,DOWN
27095,-0.4732,-144.63,-130.62,DOWN
27097,-0.4701,-145.57,-131.51,DOWN
27099,-0.4676,-146.51,-132.39,DOWN
27102,-0.4736,-147.45,-133.28,DOWN
27103,-0.4739,-148.40,-134.18,DOWN
27105,-0.4777,-149.36,-135.07,DOWN
27107,-0.4742,-150.30,-135.97,DOWN
27109,-0.4673,-151.24,-136.88,DOWN
27111,-0.4675,-152.17,-137.78,DOWN
27113,-0.4567,-153.09,-138.69,DOWN
27115,-0.4464,-153.98,-139.59,DOWN
27117,-0.4379,-154.86,-140.49,DOWN
27119,-0.4361,-155.73,-141.39,DOWN
27121,-0.4506,-156.63,-142.29,DOWN
27124,-0.4461,-157.52,-143.20,DOWN
27125,-0.4533,-158.43,-144.09,DOWN
27127,-0.4546,-159.34,-145.00,DOWN
27129,-0.4586,-160.25,-145.90,DOWN
27131,-0.4686,-161.19,-146.80,DOWN
27133,-0.4787,-162.15,-147.71,DOWN
27135,-0.4799,-163.11,-148.62,DOWN
27137,-0.4832,-164.07,-149.53,DOWN
27140,-0.4991,-165.07,-150.45,DOWN
27141,-0.4995,-166.07,-151.38,DOWN
27144,-0.4913,-167.06,-152.30,DOWN
27145,-0.4945,-168.04,-153.23,DOWN
27147,-0.5028,-169.05,-154.17,DOWN
27149,-0.5156,-170.08,-155.11,DOWN
27151,-0.5219,-171.12,-156.06,DOWN
27153,-0.5256,-172.18,-157.01,DOWN
27156,-0.5289,-173.23,-157.97,DOWN
27157,-0.5311,-174.30,-158.93,DOWN
27159,-0.5316,-175.36,-159.90,DOWN
27161,-0.5261,-176.41,-160.88,DOWN
27163,-0.5131,-177.44,-161.86,DOWN
27165,-0.5022,-178.44,-162.84,DOWN
27167,-0.5017,-179.45,-163.82,DOWN
27169,-0.4921,-180.43,-164.80,DOWN
27171,-0.4919,-181.41,-165.78,DOWN
27173,-0.5003,-182.41,-166.77,DOWN
27175,-0.5053,-183.42,-167.75,DOWN
27177,-0.5023,-184.43,-168.74,DOWN
27179,-0.5021,-185.43,-169.73,DOWN
27181,-0.5056,-186.44,-170.71,DOWN
27183,-0.5086,-187.46,-171.70,DOWN
27186,-0.5153,-188.50,-172.70,DOWN
27187,-0.5235,-189.54,-173.69,DOWN
27189,-0.5263,-190.59,-174.69,DOWN
27191,-0.5316,-191.66,-175.69,DOWN
27193,-0.5350,-192.72,-176.70,DOWN
27195,-0.5436,-193.81,-177.71,DOWN
27198,-0.5550,-194.92,-178.73,DOWN
27199,-0.5672,-196.06,-179.75,DOWN
27201,-0.5674,-197.19,-180.78,DOWN
27203,-0.5812,-198.35,-181.82,DOWN
27205,-0.5779,-199.51,-182.87,DOWN
27207,-0.5745,-200.66,-183.92,DOWN
27209,-0.5662,-201.79,-184.98,DOWN
27211,-0.5587,-202.91,-186.04,DOWN
27213,-0.5576,-204.02,-187.10,DOWN
27215,-0.5543,-205.13,-188.17,DOWN
27217,-0.5455,-206.22,-189.23,DOWN
27220,-0.5373,-207.30,-190.30,DOWN
27221,-0.5276,-208.35,-191.37,DOWN
27223,-0.5272,-209.41,-192.44,DOWN
27226,-0.5177,-210.44,-193.50,DOWN
27227,-0.5199,-211.48,-194.56,DOWN
27229,-0.5210,-212.52,-195.62,DOWN
27231,-0.5146,-213.55,-196.68,DOWN
27233,-0.5130,-214.58,-197.74,DOWN
27236,-0.5154,-215.63,-198.82,DOWN
27237,-0.5264,-216.66,-199.86,DOWN
27239,-0.5391,-217.74,-200.91,DOWN
27242,-0.5498,-218.84,-201.97,DOWN
27243,-0.5538,-219.95,-203.04,DOWN
27245,-0.5600,-221.07,-204.10,DOWN
27247,-0.5642,-222.20,-205.17,DOWN
27249,-0.5672,-223.33,-206.24,DOWN
27251,-0.5689,-224.47,-207.32,DOWN
27253,-0.5787,-225.63,-208.40,DOWN
27255,-0.5806,-226.79,-209.49,DOWN
27257,-0.5873,-227.96,-210.58,DOWN
27259,-0.5830,-229.13,-211.68,DOWN
27261,-0.5637,-230.26,-212.78,DOWN
27263,-0.5571,-231.37,-213.88,DOWN
27265,-0.5528,-232.47,-214.98,DOWN
27267,-0.5547,-233.58,-216.08,DOWN
27269,-0.5669,-234.72,-217.18,DOWN
27271,-0.5728,-235.86,-218.28,DOWN
27273,-0.5737,-237.01,-219.39,DOWN
27275,-0.5734,-238.16,-220.50,DOWN
27277,-0.5769,-239.31,-221.61,DOWN
27279,-0.5759,-240.46,-222.73,DOWN
27282,-0.5631,-241.59,-223.84,DOWN
27283,-0.5615,-242.71,-224.96,DOWN
27285,-0.5560,-243.82,-226.07,DOWN
27288,-0.5555,-244.94,-227.19,DOWN
27289,-0.5576,-246.05,-228.30,DOWN
27291,-0.5587,-247.17,-229.42,DOWN
27293,-0.5627,-248.29,-230.53,DOWN
27296,-0.5698,-249.43,-231.65,DOWN
27297,-0.5741,-250.58,-232.77,DOWN
27300,-0.5838,-251.75,-233.89,DOWN
27301,-0.6084,-252.97,-235.02,DOWN
27303,-0.6067,-254.18,-236.15,DOWN
27305,-0.6001,-255.38,-237.29,DOWN
27307,-0.6016,-256.58,-238.43,DOWN
27309,-0.5968,-257.78,-239.57,DOWN
27312,-0.6063,-258.99,-240.72,DOWN
27313,-0.6036,-260.20,-241.87,DOWN
27315,-0.5978,-261.39,-243.03,DOWN
27317,-0.5882,-262.57,-244.18,DOWN
27319,-0.5920,-263.75,-245.34,DOWN
27321,-0.5948,-264.94,-246.50,DOWN
27323,-0.6072,-266.16,-247.66,DOWN
27325,-0.6121,-267.38,-248.83,DOWN
27328,-0.6125,-268.61,-250.00,DOWN
27329,-0.6189,-269.84,-251.17,DOWN
27331,-0.6331,-271.11,-252.35,DOWN
27333,-0.6245,-272.36,-253.53,DOWN
27335,-0.6228,-273.60,-254.72,DOWN
27337,-0.6214,-274.85,-255.91,DOWN
27339,-0.6180,-276.08,-257.10,DOWN
27341,-0.6248,-277.33,-258.30,DOWN
27343,-0.6200,-278.57,-259.49,DOWN
27345,-0.6232,-279.82,-260.70,DOWN
27347,-0.6155,-281.05,-261.90,DOWN
27349,-0.6153,-282.28,-263.10,DOWN
27351,-0.6163,-283.51,-264.31,DOWN
27354,-0.6073,-284.73,-265.52,DOWN
27355,-0.6166,-285.96,-266.73,DOWN
27357,-0.6290,-287.22,-267.94,DOWN
27359,-0.6328,-288.48,-269.15,DOWN
27361,-0.6343,-289.75,-270.37,DOWN
27363,-0.6276,-291.01,-271.59,DOWN
27365,-0.6320,-292.27,-272.81,DOWN
27367,-0.6281,-293.53,-274.04,DOWN
27369,-0.6210,-294.77,-275.26,DOWN
27371,-0.6220,-296.01,-276.49,DOWN
27373,-0.6258,-297.27,-277.72,DOWN
27375,-0.6235,-298.51,-278.95,DOWN
27377,-0.6346,-299.78,-280.18,DOWN
27379,-0.6400,-301.06,-281.41,DOWN
27382,-0.6516,-302.37,-282.65,DOWN
27384,-0.6663,-303.71,-283.91,DOWN
27386,-0.6785,-305.07,-285.16,DOWN
27387,-0.6754,-306.41,-286.40,DOWN
27389,-0.6699,-307.75,-287.67,DOWN
27391,-0.6731,-309.09,-288.93,DOWN
27394,-0.6571,-310.43,-290.22,DOWN
27395,-0.6579,-311.72,-291.47,DOWN
27398,-0.6638,-313.05,-292.75,DOWN
27399,-0.6674,-314.38,-294.03,DOWN
27402,-0.6698,-315.72,-295.31,DOWN
27403,-0.6631,-317.05,-296.59,DOWN
27406,-0.6670,-318.39,-297.89,DOWN
27407,-0.6688,-319.72,-299.17,DOWN
27409,-0.6705,-321.06,-300.47,DOWN
27411,-0.6637,-322.39,-301.76,DOWN
27414,-0.6676,-323.73,-303.06,DOWN
27415,-0.6591,-325.04,-304.36,DOWN
27417,-0.6550,-326.35,-305.66,DOWN
27419,-0.6517,-327.66,-306.96,DOWN
27421,-0.6582,-328.97,-308.26,DOWN
27424,-0.6672,-330.31,-309.57,DOWN
27425,-0.6806,-331.67,-310.87,DOWN
27427,-0.6871,-333.04,-312.18,DOWN
27430,-0.6925,-334.43,-313.50,DOWN
27431,-0.6901,-335.81,-314.82,DOWN
27433,-0.6940,-337.20,-316.14,DOWN
27435,-0.6890,-338.57,-317.47,DOWN
27437,-0.6920,-339.96,-318.80,DOWN
27439,-0.6903,-341.34,-320.13,DOWN
27441,-0.6895,-342.72,-321.46,DOWN
27444,-0.6886,-344.10,-322.81,DOWN
27446,-0.6911,-345.48,-324.14,DOWN
27447,-0.7062,-346.89,-325.49,DOWN
27449,-0.7150,-348.32,-326.84,DOWN
27452,-0.7141,-349.75,-328.19,DOWN
27453,-0.7197,-351.19,-329.55,DOWN
27455,-0.7188,-352.62,-330.92,DOWN
27457,-0.7044,-354.03,-332.28,DOWN
27459,-0.6892,-355.41,-333.65,DOWN
27461,-0.6743,-356.76,-335.02,DOWN
27463,-0.6765,-358.11,-336.38,DOWN
27465,-0.6758,-359.46,-337.75,DOWN
27467,-0.6790,-360.82,-339.11,DOWN
27469,-0.6925,-362.21,-340.48,DOWN
27471,-0.6951,-363.60,-341.84,DOWN
27473,-0.6932,-364.98,-343.21,DOWN
27475,-0.6917,-366.37,-344.58,DOWN
27477,-0.6909,-367.75,-345.95,DOWN
27479,-0.6871,-369.12,-347.32,DOWN
27481,-0.6947,-370.51,-348.69,DOWN
27484,-0.6957,-371.91,-350.06,DOWN
27485,-0.6835,-373.27,-351.43,DOWN
27487,-0.6862,-374.64,-352.81,DOWN
27489,-0.6919,-376.03,-354.18,DOWN
27491,-0.6935,-377.41,-355.55,DOWN
27493,-0.7074,-378.83,-356.93,DOWN
27495,-0.7306,-380.29,-358.31,DOWN
27497,-0.7417,-381.77,-359.70,DOWN
27500,-0.7397,-383.25,-361.09,DOWN
27501,-0.7392,-384.73,-362.49,DOWN
27503,-0.7283,-386.19,-363.89,DOWN
27505,-0.7158,-387.62,-365.29,DOWN
27507,-0.7146,-389.05,-366.70,DOWN
27509,-0.7134,-390.48,-368.10,DOWN
27511,-0.7170,-391.91,-369.51,DOWN
27513,-0.7169,-393.34,-370.92,DOWN
27515,-0.7227,-394.79,-372.33,DOWN
27518,-0.7264,-396.25,-373.75,DOWN
27519,-0.7395,-397.72,-375.16,DOWN
27521,-0.7479,-399.21,-376.58,DOWN
27524,-0.7457,-400.71,-378.01,DOWN
27525,-0.7423,-402.19,-379.44,DOWN
27527,-0.7427,-403.68,-380.87,DOWN
27529,-0.7399,-405.16,-382.31,DOWN
27531,-0.7255,-406.61,-383.74,DOWN
27533,-0.7258,-408.06,-385.18,DOWN
27535,-0.7305,-409.52,-386.62,DOWN
27537,-0.7407,-411.00,-388.06,DOWN
27539,-0.7582,-412.52,-389.51,DOWN
27541,-0.7647,-414.05,-390.96,DOWN
27543,-0.7678,-415.58,-392.41,DOWN
27545,-0.7812,-417.15,-393.88,DOWN
27548,-0.7743,-418.70,-395.34,DOWN
27549,-0.7560,-420.21,-396.81,DOWN
27551,-0.7464,-421.70,-398.28,DOWN
27554,-0.7353,-423.17,-399.76,DOWN
27555,-0.7319,-424.63,-401.23,DOWN
27557,-0.7224,-426.08,-402.70,DOWN
27559,-0.7156,-427.51,-404.16,DOWN
27561,-0.7296,-428.97,-405.63,DOWN
27564,-0.7422,-430.45,-407.10,DOWN
27565,-0.7501,-431.95,-408.57,DOWN
27567,-0.7470,-433.45,-410.04,DOWN
27569,-0.7424,-434.93,-411.51,DOWN
27571,-0.7414,-436.42,-412.98,DOWN
27573,-0.7447,-437.90,-414.45,DOWN
27575,-0.7454,-439.39,-415.93,DOWN
27577,-0.7464,-440.89,-417.40,DOWN
27579,-0.7498,-442.39,-418.88,DOWN
27581,-0.7555,-443.90,-420.36,DOWN
27583,-0.7644,-445.43,-421.84,DOWN
27586,-0.7748,-446.98,-423.33,DOWN
27587,-0.7828,-448.54,-424.82,DOWN
27589,-0.7889,-450.12,-426.31,DOWN
27591,-0.7840,-451.69,-427.81,DOWN
27593,-0.7845,-453.26,-429.32,DOWN
27596,-0.7770,-454.82,-430.83,DOWN
27597,-0.7715,-456.36,-432.34,DOWN
27599,-0.7742,-457.90,-433.85,DOWN
27602,-0.7718,-459.45,-435.36,DOWN
27603,-0.7672,-460.98,-436.88,DOWN
27605,-0.7597,-462.50,-438.39,DOWN
27607,-0.7611,-464.02,-439.91,DOWN
27609,-0.7615,-465.55,-441.42,DOWN
27611,-0.7700,-467.09,-442.94,DOWN
27613,-0.7735,-468.63,-444.46,DOWN
27615,-0.7756,-470.18,-445.98,DOWN
27617,-0.7720,-471.73,-447.50,DOWN
27619,-0.7730,-473.27,-449.02,DOWN
27621,-0.7723,-474.82,-450.55,DOWN
27624,-0.7720,-476.36,-452.08,DOWN
27625,-0.7648,-477.89,-453.60,DOWN
27627,-0.7655,-479.42,-455.13,DOWN
27629,-0.7679,-480.96,-456.66,DOWN
27631,-0.7810,-482.52,-458.18,DOWN
27633,-0.7869,-484.10,-459.72,DOWN
27635,-0.7882,-485.67,-461.25,DOWN
27637,-0.7897,-487.25,-462.79,DOWN
27640,-0.7863,-488.83,-464.33,DOWN
27641,-0.7831,-490.39,-465.87,DOWN
27643,-0.7757,-491.94,-467.41,DOWN
27645,-0.7646,-493.47,-468.95,DOWN
27647,-0.7568,-494.98,-470.49,DOWN
27649,-0.7600,-496.50,-472.03,DOWN
27651,-0.7686,-498.04,-473.56,DOWN
27653,-0.7744,-499.59,-475.10,DOWN
27655,-0.7591,-501.11,-476.64,DOWN
27657,-0.7537,-502.62,-478.18,DOWN
27659,-0.7614,-504.14,-479.71,DOWN
27661,-0.7611,-505.66,-481.24,DOWN
27663,-0.7574,-507.18,-482.78,DOWN
27665,-0.7556,-508.69,-484.31,DOWN
27667,-0.7531,-510.19,-485.84,DOWN
27669,-0.7482,-511.69,-487.37,DOWN
27671,-0.7389,-513.17,-488.89,DOWN
27673,-0.7428,-514.65,-490.42,DOWN
27675,-0.7558,-516.16,-491.94,DOWN
27677,-0.7570,-517.68,-493.46,DOWN
27679,-0.7578,-519.19,-494.98,DOWN
27681,-0.7639,-520.72,-496.50,DOWN
27683,-0.7706,-522.26,-498.02,DOWN
27685,-0.7745,-523.81,-499.55,DOWN
27687,-0.7735,-525.36,-501.08,DOWN
27689,-0.7708,-526.90,-502.60,DOWN
27691,-0.7801,-528.46,-504.13,DOWN
27693,-0.7888,-530.04,-505.66,DOWN
27695,-0.7924,-531.62,-507.20,DOWN
27697,-0.7772,-533.18,-508.73,DOWN
27699,-0.7607,-534.70,-510.27,DOWN
27701,-0.7625,-536.22,-511.80,DOWN
27703,-0.7575,-537.74,-513.34,DOWN
27705,-0.7573,-539.25,-514.87,DOWN
27707,-0.7600,-540.77,-516.40,DOWN
27709,-0.7568,-542.29,-517.93,DOWN
27711,-0.7512,-543.79,-519.46,DOWN
27714,-0.7552,-545.30,-520.99,DOWN
27715,-0.7640,-546.83,-522.51,DOWN
27717,-0.7681,-548.36,-524.04,DOWN
27719,-0.7608,-549.89,-525.57,DOWN
27722,-0.7524,-551.39,-527.10,DOWN
27723,-0.7433,-552.88,-528.62,DOWN
27725,-0.7239,-554.32,-530.13,DOWN
27727,-0.7030,-555.73,-531.65,DOWN
27729,-0.6909,-557.11,-533.16,DOWN
27731,-0.7040,-558.52,-534.66,DOWN
27733,-0.7074,-559.94,-536.15,DOWN
27735,-0.7051,-561.35,-537.64,DOWN
27737,-0.7170,-562.78,-539.13,DOWN
27739,-0.7394,-564.26,-540.61,DOWN
27742,-0.7402,-565.74,-542.10,DOWN
27743,-0.7363,-567.21,-543.58,DOWN
27745,-0.7262,-568.66,-545.07,DOWN
27747,-0.7107,-570.09,-546.54,DOWN
27749,-0.7133,-571.51,-548.02,DOWN
27751,-0.7169,-572.95,-549.49,DOWN
27753,-0.7011,-574.35,-550.96,DOWN
27755,-0.6824,-575.71,-552.43,DOWN
27757,-0.6752,-577.06,-553.88,DOWN
27759,-0.6824,-578.43,-555.33,DOWN
27761,-0.6884,-579.80,-556.78,DOWN
27763,-0.6941,-581.19,-558.22,DOWN
27765,-0.6913,-582.58,-559.66,DOWN
27768,-0.7014,-583.99,-561.11,DOWN
27770,-0.7142,-585.41,-562.54,DOWN
27771,-0.7075,-586.82,-563.97,DOWN
27774,-0.6931,-588.21,-565.41,DOWN
27775,-0.6769,-589.56,-566.83,DOWN
27777,-0.6658,-590.89,-568.26,DOWN
27779,-0.6825,-592.26,-569.68,DOWN
27781,-0.6972,-593.65,-571.09,DOWN
27784,-0.6875,-595.03,-572.51,DOWN
27786,-0.6787,-596.39,-573.92,DOWN
27787,-0.6814,-597.75,-575.33,DOWN
27789,-0.6873,-599.12,-576.73,DOWN
27791,-0.6744,-600.47,-578.14,DOWN
27794,-0.6614,-601.85,-579.59,DOWN
27796,-0.6592,-603.11,-580.93,DOWN
27798,-0.6670,-604.47,-582.34,DOWN
27800,-0.6692,-605.79,-583.71,DOWN
27801,-0.6698,-607.12,-585.09,DOWN
27803,-0.6816,-608.49,-586.47,DOWN
27806,-0.6945,-609.88,-587.86,DOWN
27808,-0.7038,-611.29,-589.25,DOWN
27809,-0.7159,-612.72,-590.63,DOWN
27811,-0.7177,-614.15,-592.02,DOWN
27813,-0.7113,-615.57,-593.41,DOWN
27815,-0.6962,-616.97,-594.81,DOWN
27817,-0.6864,-618.34,-596.20,DOWN
27819,-0.6671,-619.67,-597.58,DOWN
27822,-0.6396,-620.95,-598.97,DOWN
27823,-0.6175,-622.19,-600.34,DOWN
27825,-0.6201,-623.43,-601.70,DOWN
27828,-0.6299,-624.69,-603.06,DOWN
27829,-0.6511,-625.99,-604.42,DOWN
27831,-0.6603,-627.31,-605.77,DOWN
27833,-0.6628,-628.63,-607.12,DOWN
27835,-0.6656,-629.97,-608.47,DOWN
27837,-0.6574,-631.28,-609.82,DOWN
27839,-0.6419,-632.56,-611.17,DOWN
27841,-0.6400,-633.85,-612.51,DOWN
27844,-0.6308,-635.11,-613.84,DOWN
27845,-0.6178,-636.34,-615.17,DOWN
27847,-0.6055,-637.55,-616.50,DOWN
27849,-0.5990,-638.75,-617.81,DOWN
27851,-0.5992,-639.95,-619.12,DOWN
27854,-0.5939,-641.14,-620.42,DOWN
27855,-0.5839,-642.31,-621.72,DOWN
27857,-0.5760,-643.46,-623.00,DOWN
27860,-0.5675,-644.59,-624.28,DOWN
27861,-0.5697,-645.73,-625.55,DOWN
27863,-0.5824,-646.90,-626.81,DOWN
27865,-0.5920,-648.08,-628.07,DOWN
27867,-0.5959,-649.27,-629.32,DOWN
27870,-0.6010,-650.48,-630.57,DOWN
27871,-0.6016,-651.68,-631.82,DOWN
27873,-0.6134,-652.90,-633.06,DOWN
27876,-0.6096,-654.12,-634.31,DOWN
27877,-0.6150,-655.35,-635.55,DOWN
27879,-0.6068,-656.57,-636.80,DOWN
27882,-0.6033,-657.77,-638.04,DOWN
27884,-0.6001,-658.97,-639.27,DOWN
27886,-0.5994,-660.17,-640.51,DOWN
27887,-0.6087,-661.39,-641.74,DOWN
27889,-0.6092,-662.61,-642.98,DOWN
27892,-0.6075,-663.82,-644.21,DOWN
27893,-0.6099,-665.04,-645.44,DOWN
27895,-0.6154,-666.27,-646.67,DOWN
27898,-0.6288,-667.53,-647.91,DOWN
27899,-0.6311,-668.79,-649.14,DOWN
27902,-0.6203,-670.04,-650.38,DOWN
27903,-0.6071,-671.25,-651.61,DOWN
27905,-0.5991,-672.45,-652.84,DOWN
27907,-0.5910,-673.63,-654.07,DOWN
27909,-0.5792,-674.79,-655.29,DOWN
27911,-0.5857,-675.96,-656.52,DOWN
27913,-0.5973,-677.15,-657.74,DOWN
27915,-0.6015,-678.36,-658.95,DOWN
27917,-0.6007,-679.56,-660.17,DOWN
27919,-0.6001,-680.76,-661.39,DOWN
27921,-0.6073,-681.97,-662.61,DOWN
27924,-0.5971,-683.17,-663.83,DOWN
27925,-0.5830,-684.33,-665.04,DOWN
27927,-0.5799,-685.49,-666.24,DOWN
27929,-0.5627,-686.62,-667.45,DOWN
27931,-0.5512,-687.72,-668.65,DOWN
27933,-0.5532,-688.83,-669.84,DOWN
27935,-0.5534,-689.93,-671.03,DOWN
27937,-0.5596,-691.05,-672.21,DOWN
27939,-0.5629,-692.18,-673.39,DOWN
27941,-0.5597,-693.30,-674.57,DOWN
27943,-0.5561,-694.41,-675.74,DOWN
27945,-0.5569,-695.52,-676.91,DOWN
27947,-0.5549,-696.63,-678.08,DOWN
27949,-0.5521,-697.74,-679.24,DOWN
27951,-0.5498,-698.84,-680.40,DOWN
27953,-0.5305,-699.90,-681.55,DOWN
27955,-0.5215,-700.94,-682.70,DOWN
27957,-0.5234,-701.99,-683.84,DOWN
27959,-0.5316,-703.05,-684.97,DOWN
27961,-0.5273,-704.11,-686.11,DOWN
27963,-0.5347,-705.18,-687.23,DOWN
27965,-0.5440,-706.26,-688.36,DOWN
27968,-0.5499,-707.37,-689.48,DOWN
27969,-0.5471,-708.46,-690.60,DOWN
27971,-0.5405,-709.54,-691.72,DOWN
27973,-0.5221,-710.58,-692.84,DOWN
27975,-0.5290,-711.64,-693.95,DOWN
27977,-0.5389,-712.72,-695.06,DOWN
27979,-0.5419,-713.80,-696.17,DOWN
27981,-0.5378,-714.88,-697.27,DOWN
27984,-0.5257,-715.93,-698.38,DOWN
27986,-0.5209,-716.98,-699.48,DOWN
27987,-0.5188,-718.01,-700.57,DOWN
27989,-0.5122,-719.03,-701.66,DOWN
27991,-0.5040,-720.04,-702.75,DOWN
27994,-0.4995,-721.04,-703.83,DOWN
27996,-0.5065,-722.06,-704.91,DOWN
27997,-0.5073,-723.07,-705.98,DOWN
28000,-0.5127,-724.09,-707.05,DOWN
28002,-0.5183,-725.13,-708.12,DOWN
28003,-0.5194,-726.17,-709.19,DOWN
28006,-0.5273,-727.23,-710.26,DOWN
28007,-0.5250,-728.27,-711.32,DOWN
28009,-0.5069,-729.29,-712.38,DOWN
28011,-0.4878,-730.26,-713.44,DOWN
28013,-0.4827,-731.23,-714.49,DOWN
28015,-0.4813,-732.19,-715.54,DOWN
28018,-0.4821,-733.16,-716.59,DOWN
28019,-0.4750,-734.11,-717.61,DOWN
28021,-0.4704,-735.05,-718.65,DOWN
28023,-0.4707,-735.99,-719.67,DOWN
28025,-0.4723,-736.93,-720.69,DOWN
28027,-0.4809,-737.89,-721.71,DOWN
28029,-0.4913,-738.88,-722.72,DOWN
28031,-0.4886,-739.85,-723.74,DOWN
28033,-0.4853,-740.83,-724.75,DOWN
28035,-0.4763,-741.78,-725.75,DOWN
28038,-0.4511,-742.68,-726.75,DOWN
28039,-0.4343,-743.55,-727.75,DOWN
28042,-0.4201,-744.39,-728.73,DOWN
28043,-0.4181,-745.22,-729.71,DOWN
28045,-0.4244,-746.07,-730.67,DOWN
28047,-0.4227,-746.92,-731.63,DOWN
28049,-0.4295,-747.78,-732.59,DOWN
28051,-0.4423,-748.66,-733.54,DOWN
28054,-0.4441,-749.55,-734.49,DOWN
28055,-0.4383,-750.43,-735.43,DOWN
28057,-0.4415,-751.31,-736.36,DOWN
28059,-0.4360,-752.18,-737.30,DOWN
28061,-0.4366,-753.06,-738.23,DOWN
28064,-0.4430,-753.94,-739.16,DOWN
28065,-0.4411,-754.82,-740.09,DOWN
28067,-0.4453,-755.71,-741.01,DOWN
28070,-0.4507,-756.62,-741.93,DOWN
28071,-0.4566,-757.53,-742.86,DOWN
28074,-0.4550,-758.44,-743.78,DOWN
28075,-0.4499,-759.34,-744.70,DOWN
28077,-0.4528,-760.24,-745.62,DOWN
28079,-0.4553,-761.16,-746.53,DOWN
28081,-0.4426,-762.04,-747.45,DOWN
28083,-0.4368,-762.91,-748.37,DOWN
28086,-0.4281,-763.77,-749.28,DOWN
28087,-0.4234,-764.62,-750.18,DOWN
28089,-0.4148,-765.45,-751.08,DOWN
28091,-0.4176,-766.28,-751.98,DOWN
28093,-0.4221,-767.13,-752.88,DOWN
28095,-0.4361,-768.00,-753.77,DOWN
28097,-0.4434,-768.89,-754.67,DOWN
28099,-0.4429,-769.77,-755.56,DOWN
28102,-0.4353,-770.64,-756.45,DOWN
28103,-0.4294,-771.50,-757.34,DOWN
28105,-0.4232,-772.35,-758.23,DOWN
28107,-0.4057,-773.16,-759.11,DOWN
28109,-0.3865,-773.93,-759.99,DOWN
28111,-0.3870,-774.71,-760.86,DOWN
28113,-0.3953,-775.50,-761.72,DOWN
28115,-0.4004,-776.30,-762.58,DOWN
28118,-0.3995,-777.10,-763.44,DOWN
28119,-0.3950,-777.89,-764.30,DOWN
28121,-0.3986,-778.68,-765.15,DOWN
28124,-0.3996,-779.48,-765.99,DOWN
28125,-0.3872,-780.26,-766.84,DOWN
28127,-0.3904,-781.04,-767.68,DOWN
28129,-0.3974,-781.83,-768.51,DOWN
28131,-0.3949,-782.62,-769.35,DOWN
28133,-0.3885,-783.40,-770.18,DOWN
28135,-0.3805,-784.16,-771.00,DOWN
28138,-0.3728,-784.91,-771.83,DOWN
28140,-0.3579,-785.62,-772.64,DOWN
28141,-0.3505,-786.32,-773.45,DOWN
28144,-0.3512,-787.03,-774.25,DOWN
28145,-0.3544,-787.73,-775.05,DOWN
28147,-0.3552,-788.44,-775.84,DOWN
28150,-0.3648,-789.17,-776.63,DOWN
28151,-0.3723,-789.92,-777.42,DOWN
28153,-0.3692,-790.66,-778.20,DOWN
28156,-0.3663,-791.39,-778.98,DOWN
28157,-0.3620,-792.11,-779.75,DOWN
28160,-0.3662,-792.85,-780.53,DOWN
28161,-0.3700,-793.59,-781.30,DOWN
28163,-0.3848,-794.36,-782.07,DOWN
28166,-0.3725,-795.10,-782.84,DOWN
28167,-0.3528,-795.81,-783.61,DOWN
28169,-0.3431,-796.49,-784.37,DOWN
28171,-0.3346,-797.16,-785.13,DOWN
28173,-0.3321,-797.83,-785.88,DOWN
28175,-0.3263,-798.48,-786.62,DOWN
28177,-0.3296,-799.14,-787.36,DOWN
28179,-0.3353,-799.81,-788.10,DOWN
28181,-0.3393,-800.49,-788.83,DOWN
28183,-0.3505,-801.19,-789.56,DOWN
28186,-0.3629,-801.92,-790.29,DOWN
28187,-0.3764,-802.67,-791.02,DOWN
28189,-0.3847,-803.44,-791.76,DOWN
28191,-0.3695,-804.17,-792.49,DOWN
28193,-0.3562,-804.89,-793.22,DOWN
28196,-0.3533,-805.60,-793.96,DOWN
28198,-0.3429,-806.28,-794.68,DOWN
28199,-0.3331,-806.95,-795.41,DOWN
28201,-0.3251,-807.60,-796.13,DOWN
28203,-0.3188,-808.23,-796.84,DOWN
28205,-0.3235,-808.88,-797.56,DOWN
28207,-0.3252,-809.53,-798.26,DOWN
28209,-0.3282,-810.19,-798.97,DOWN
28211,-0.3262,-810.84,-799.67,DOWN
28214,-0.3300,-811.50,-800.37,DOWN
28215,-0.3292,-812.16,-801.07,DOWN
28217,-0.3288,-812.82,-801.76,DOWN
28219,-0.3186,-813.45,-802.45,DOWN
28221,-0.3188,-814.09,-803.14,DOWN
28223,-0.3175,-814.73,-803.83,DOWN
28226,-0.3200,-815.37,-804.51,DOWN
28227,-0.3248,-816.02,-805.19,DOWN
28229,-0.3190,-816.65,-805.87,DOWN
28231,-0.3193,-817.29,-806.54,DOWN
28233,-0.3153,-817.92,-807.21,DOWN
28235,-0.2924,-818.51,-807.88,DOWN
28237,-0.2827,-819.07,-808.54,DOWN
28239,-0.2810,-819.63,-809.20,DOWN
28241,-0.2782,-820.19,-809.85,DOWN
28243,-0.2693,-820.73,-810.49,DOWN
28245,-0.2629,-821.26,-811.13,DOWN
28247,-0.2694,-821.79,-811.76,DOWN
28250,-0.2761,-822.35,-812.39,DOWN
28251,-0.2767,-822.90,-813.01,DOWN
28253,-0.2805,-823.46,-813.62,DOWN
28255,-0.2825,-824.03,-814.24,DOWN
28257,-0.2904,-824.61,-814.85,DOWN
28259,-0.2860,-825.18,-815.46,DOWN
28261,-0.2827,-825.74,-816.07,DOWN
28263,-0.2882,-826.32,-816.68,DOWN
28265,-0.2748,-826.87,-817.28,DOWN
28267,-0.2693,-827.41,-817.88,DOWN
28269,-0.2624,-827.93,-818.47,DOWN
28271,-0.2607,-828.45,-819.06,DOWN
28273,-0.2661,-828.99,-819.65,DOWN
28275,-0.2691,-829.53,-820.23,DOWN
28277,-0.2721,-830.07,-820.81,DOWN
28279,-0.2736,-830.62,-821.39,DOWN
28281,-0.2696,-831.16,-821.97,DOWN
28284,-0.2590,-831.67,-822.55,DOWN
28285,-0.2555,-832.18,-823.11,DOWN
28287,-0.2518,-832.69,-823.68,DOWN
28289,-0.2521,-833.19,-824.24,DOWN
28291,-0.2551,-833.70,-824.80,DOWN
28293,-0.2626,-834.23,-825.36,DOWN
28295,-0.2642,-834.76,-825.91,DOWN
28297,-0.2795,-835.32,-826.47,DOWN
28300,-0.2838,-835.88,-827.03,DOWN
28301,-0.2690,-836.42,-827.58,DOWN
28303,-0.2558,-836.93,-828.14,DOWN
28306,-0.2417,-837.42,-828.68,DOWN
28307,-0.2282,-837.87,-829.23,DOWN
28309,-0.2315,-838.34,-829.77,DOWN
28312,-0.2339,-838.80,-830.30,DOWN
28313,-0.2338,-839.27,-830.83,DOWN
28315,-0.2360,-839.74,-831.36,DOWN
28317,-0.2382,-840.22,-831.88,DOWN
28319,-0.2401,-840.70,-832.40,DOWN
28321,-0.2365,-841.17,-832.92,DOWN
28324,-0.2354,-841.64,-833.44,DOWN
28325,-0.2416,-842.13,-833.95,DOWN
28328,-0.2357,-842.60,-834.46,DOWN
28329,-0.2267,-843.05,-834.97,DOWN
28331,-0.2184,-843.49,-835.47,DOWN
28333,-0.2031,-843.89,-835.97,DOWN
28335,-0.1929,-844.28,-836.46,DOWN
28337,-0.1903,-844.66,-836.95,DOWN
28339,-0.1914,-845.04,-837.42,DOWN
28341,-0.1890,-845.42,-837.90,DOWN
28344,-0.1860,-845.79,-838.37,DOWN
28345,-0.1870,-846.17,-838.83,DOWN
28347,-0.1916,-846.55,-839.28,DOWN
28349,-0.1917,-846.93,-839.73,DOWN
28351,-0.1885,-847.31,-840.18,DOWN
28354,-0.1873,-847.69,-840.63,DOWN
28355,-0.1873,-848.06,-841.07,DOWN
28357,-0.1867,-848.43,-841.50,DOWN
28359,-0.1819,-848.80,-841.93,DOWN
28361,-0.1790,-849.16,-842.36,DOWN
28363,-0.1758,-849.51,-842.78,DOWN
28365,-0.1791,-849.86,-843.20,DOWN
28367,-0.1806,-850.23,-843.62,DOWN
28369,-0.1823,-850.59,-844.03,DOWN
28371,-0.1769,-850.94,-844.44,DOWN
28373,-0.1700,-851.28,-844.84,DOWN
28375,-0.1753,-851.64,-845.24,DOWN
28377,-0.1744,-851.98,-845.64,DOWN
28379,-0.1702,-852.32,-846.04,DOWN
28382,-0.1680,-852.66,-846.43,DOWN
28384,-0.1677,-853.00,-846.82,DOWN
28386,-0.1674,-853.33,-847.20,DOWN
28387,-0.1685,-853.67,-847.58,DOWN
28389,-0.1583,-853.98,-847.96,DOWN
28391,-0.1550,-854.29,-848.34,DOWN
28393,-0.1489,-854.59,-848.71,DOWN
28395,-0.1442,-854.88,-849.07,DOWN
28398,-0.1420,-855.16,-849.43,DOWN
28399,-0.1526,-855.47,-849.79,DOWN
28402,-0.1644,-855.80,-850.14,DOWN
28403,-0.1561,-856.11,-850.50,DOWN
28405,-0.1543,-856.42,-850.85,DOWN
28407,-0.1626,-856.74,-851.20,DOWN
28409,-0.1624,-857.07,-851.54,DOWN
28411,-0.1632,-857.40,-851.89,DOWN
28413,-0.1567,-857.71,-852.23,DOWN
28415,-0.1529,-858.01,-852.57,DOWN
28417,-0.1495,-858.31,-852.91,DOWN
28419,-0.1556,-858.62,-853.25,DOWN
28421,-0.1629,-858.95,-853.59,DOWN
28424,-0.1565,-859.26,-853.92,DOWN
28425,-0.1488,-859.56,-854.26,DOWN
28427,-0.1401,-859.84,-854.59,DOWN
28429,-0.1359,-860.11,-854.91,DOWN
28431,-0.1349,-860.38,-855.24,DOWN
28433,-0.1477,-860.68,-855.56,DOWN
28435,-0.1433,-860.96,-855.88,DOWN
28437,-0.1304,-861.23,-856.19,DOWN
28439,-0.1250,-861.48,-856.51,DOWN
28441,-0.1301,-861.74,-856.82,DOWN
28444,-0.1252,-861.99,-857.12,DOWN
28446,-0.1297,-862.25,-857.42,DOWN
28447,-0.1265,-862.50,-857.72,DOWN
28449,-0.1236,-862.75,-858.02,DOWN
28451,-0.1165,-862.98,-858.31,DOWN
28453,-0.1260,-863.23,-858.60,DOWN
28455,-0.1252,-863.48,-858.89,DOWN
28457,-0.1233,-863.73,-859.18,DOWN
28459,-0.1174,-863.96,-859.46,DOWN
28461,-0.1143,-864.19,-859.74,DOWN
28463,-0.1218,-864.43,-860.02,DOWN
28465,-0.1254,-864.69,-860.29,DOWN
28468,-0.1225,-864.93,-860.57,DOWN
28469,-0.1135,-865.16,-860.84,DOWN
28471,-0.1159,-865.39,-861.11,DOWN
28473,-0.1179,-865.63,-861.38,DOWN
28475,-0.1227,-865.87,-861.64,DOWN
28477,-0.1252,-866.12,-861.91,DOWN
28479,-0.1181,-866.36,-862.17,DOWN
28481,-0.1133,-866.58,-862.43,DOWN
28484,-0.1047,-866.79,-862.69,DOWN
28485,-0.0955,-866.98,-862.94,DOWN
28487,-0.0917,-867.17,-863.19,DOWN
28489,-0.0944,-867.36,-863.44,DOWN
28491,-0.1033,-867.56,-863.68,DOWN
28493,-0.1073,-867.78,-863.92,DOWN
28495,-0.1077,-867.99,-864.16,DOWN
28497,-0.1066,-868.21,-864.40,DOWN
28500,-0.1057,-868.42,-864.64,DOWN
28501,-0.0958,-868.61,-864.88,DOWN
28503,-0.0994,-868.81,-865.11,DOWN
28505,-0.1070,-869.02,-865.34,DOWN
28507,-0.0996,-869.22,-865.57,DOWN
28509,-0.0896,-869.40,-865.80,DOWN
28511,-0.0830,-869.57,-866.02,DOWN
28513,-0.0793,-869.72,-866.24,DOWN
28515,-0.0815,-869.89,-866.45,DOWN
28518,-0.0790,-870.05,-866.67,DOWN
28519,-0.0770,-870.20,-866.87,DOWN
28521,-0.0780,-870.36,-867.08,DOWN
28523,-0.0795,-870.51,-867.28,DOWN
28526,-0.0815,-870.68,-867.48,DOWN
28527,-0.0786,-870.83,-867.68,DOWN
28529,-0.0695,-870.97,-867.88,DOWN
28532,-0.0663,-871.11,-868.07,DOWN
28533,-0.0562,-871.22,-868.25,DOWN
28535,-0.0442,-871.31,-868.43,DOWN
28537,-0.0422,-871.39,-868.61,DOWN
28539,-0.0372,-871.47,-868.78,DOWN
28542,-0.0418,-871.55,-868.94,DOWN
28543,-0.0490,-871.65,-869.10,DOWN
28545,-0.0510,-871.75,-869.26,DOWN
28547,-0.0416,-871.83,-869.41,DOWN
28549,-0.0351,-871.90,-869.56,DOWN
28551,-0.0279,-871.96,-869.70,DOWN
28554,-0.0195,-802.24,-869.84,DOWN
28555,-0.0186,-738.09,-865.84,DOWN
28557,-0.0152,-679.07,-858.29,DOWN
28559,-0.0099,-624.77,-847.70,DOWN
28561,-0.0227,-574.83,-834.52,DOWN
28564,-0.0232,-528.88,-819.16,DOWN
28565,-0.0306,-528.94,-802.02,DOWN
28567,-0.0371,-529.02,-785.89,DOWN
28570,-0.0429,-529.10,-770.69,DOWN
28571,-0.0325,-529.17,-756.42,DOWN
28573,-0.0317,-529.23,-742.99,DOWN
28575,-0.0322,-529.30,-730.37,DOWN
28577,-0.0149,-529.33,-718.47,DOWN
28579,-0.0038,-486.99,-707.29,DOWN
28581,-0.0019,-448.03,-694.27,DOWN
28583,-0.0002,-412.19,-679.71,DOWN
28585,-0.0039,-379.22,-663.90,DOWN
28587,0.0055,-348.87,-647.07,DOWN
28589,-0.0017,-320.97,-629.44,DOWN
28591,-0.0088,-295.31,-611.22,DOWN
28593,-0.0086,-271.70,-592.53,DOWN
28596,-0.0080,-249.98,-573.52,DOWN
28597,-0.0097,-230.00,-554.44,DOWN
28599,0.0023,-211.59,-535.26,DOWN
28602,0.0158,-194.64,-516.11,DOWN
28603,0.0189,-179.03,-497.11,DOWN
28605,0.0266,-164.66,-478.31,DOWN
28607,0.0288,-151.43,-459.76,DOWN
28609,0.0305,-151.37,-441.53,DOWN
28612,0.0241,-151.32,-424.36,DOWN
28613,0.0167,-139.19,-408.23,DOWN
28615,0.0237,-128.01,-392.32,DOWN
28617,0.0304,-127.95,-376.69,DOWN
28619,0.0403,-127.87,-361.98,DOWN
28621,0.0423,-127.78,-348.14,DOWN
28624,0.0372,-127.71,-335.10,DOWN
28625,0.0392,-127.63,-322.84,DOWN
28628,0.0351,-127.56,-311.29,DOWN
28629,0.0348,-127.49,-300.43,DOWN
28631,0.0457,-127.40,-290.20,DOWN
28633,0.0524,-127.29,-280.57,DOWN
28635,0.0604,-127.17,-271.50,DOWN
28637,0.0560,-127.06,-262.96,DOWN
28639,0.0507,-126.96,-254.92,DOWN
28641,0.0521,-126.86,-247.35,DOWN
28644,0.0479,-126.76,-240.22,DOWN
28645,0.0503,-126.66,-233.51,DOWN
28647,0.0513,-126.56,-227.19,DOWN
28649,0.0643,-126.43,-221.23,DOWN
28651,0.0782,-126.27,-215.62,DOWN
28653,0.0817,-126.11,-210.32,DOWN
28656,0.0825,-125.94,-205.33,DOWN
28657,0.0872,-125.77,-200.63,DOWN
28659,0.0772,-125.61,-196.20,DOWN
28661,0.0813,-125.45,-192.02,DOWN
28663,0.0824,-125.29,-188.07,DOWN
28665,0.0711,-125.14,-184.35,DOWN
28667,0.0692,-125.01,-180.84,DOWN
28669,0.0718,-124.86,-177.53,DOWN
28671,0.0764,-124.71,-174.41,DOWN
28673,0.0750,-124.56,-171.46,DOWN
28675,0.0727,-124.41,-168.68,DOWN
28677,0.0814,-124.25,-166.06,DOWN
28679,0.0754,-124.10,-163.57,DOWN
28681,0.0705,-123.96,-161.23,DOWN
28683,0.0725,-123.81,-159.02,DOWN
28685,0.0687,-123.68,-156.93,DOWN
28687,0.0703,-123.54,-154.96,DOWN
28689,0.0709,-123.39,-153.09,DOWN
28691,0.0664,-123.26,-151.33,DOWN
28693,0.0603,-123.14,-149.66,DOWN
28695,0.0582,-123.02,-148.09,DOWN
28697,0.0595,-122.91,-146.60,DOWN
28699,0.0575,-122.79,-145.19,DOWN
28701,0.0660,-122.66,-143.86,DOWN
28703,0.0704,-122.52,-142.60,DOWN
28705,0.0581,-122.40,-141.40,DOWN
28707,0.0614,-122.28,-140.27,DOWN
28709,0.0588,-122.16,-139.20,DOWN
28711,0.0542,-122.05,-138.19,DOWN
28714,0.0536,-121.95,-137.23,DOWN
28715,0.0522,-121.84,-136.32,DOWN
28717,0.0529,-121.73,-135.46,DOWN
28720,0.0501,-121.63,-134.64,DOWN
28721,0.0487,-121.54,-133.86,DOWN
28723,0.0502,-121.44,-133.13,DOWN
28726,0.0421,-121.35,-132.43,DOWN
28727,0.0371,-121.28,-131.77,DOWN
28729,0.0381,-121.20,-131.15,DOWN
28731,0.0369,-121.13,-130.56,DOWN
28733,0.0321,-121.06,-130.00,DOWN
28735,0.0389,-120.99,-129.46,DOWN
28737,0.0393,-120.91,-128.96,DOWN
28739,0.0401,-120.83,-128.48,DOWN
28742,0.0446,-120.74,-128.02,DOWN
28743,0.0458,-120.65,-127.58,DOWN
28745,0.0481,-120.55,-127.17,DOWN
28747,0.0523,-120.45,-126.77,DOWN
28749,0.0477,-120.35,-126.39,DOWN
28751,0.0419,-120.27,-126.03,DOWN
28753,0.0418,-120.18,-125.68,DOWN
28755,0.0412,-120.10,-125.35,DOWN
28757,0.0357,-120.03,-125.04,DOWN
28759,0.0436,-119.94,-124.74,DOWN
28761,0.0456,-119.85,-124.45,DOWN
28763,0.0435,-119.76,-124.17,DOWN
28765,0.0404,-119.68,-123.91,DOWN
28768,0.0521,-119.58,-123.65,DOWN
28769,0.0489,-119.48,-123.40,DOWN
28771,0.0462,-119.39,-123.17,DOWN
28774,0.0456,-119.30,-122.94,DOWN
28775,0.0427,-119.21,-122.72,DOWN
28777,0.0451,-119.12,-122.50,DOWN
28779,0.0450,-119.03,-122.30,DOWN
28781,0.0430,-118.95,-122.10,DOWN
28784,0.0497,-118.85,-121.91,DOWN
28786,0.0501,-118.75,-121.72,DOWN
28787,0.0501,-118.65,-121.54,DOWN
28789,0.0477,-118.55,-121.36,DOWN
28791,0.0519,-118.45,-121.19,DOWN
28793,0.0490,-118.35,-121.02,DOWN
28796,0.0510,-118.25,-120.86,DOWN
28797,0.0509,-118.15,-120.70,DOWN
28800,0.0449,-118.06,-120.54,DOWN
28801,0.0420,-117.97,-120.39,DOWN
28803,0.0414,-117.89,-120.24,DOWN
28806,0.0389,-117.81,-120.10,DOWN
28807,0.0417,-117.73,-119.96,DOWN
28809,0.0519,-117.62,-119.82,DOWN
28811,0.0542,-117.52,-119.68,DOWN
28813,0.0537,-117.41,-119.55,DOWN
28815,0.0594,-117.29,-119.42,DOWN
28817,0.0584,-117.17,-119.28,DOWN
28819,0.0581,-117.06,-119.15,DOWN
28822,0.0654,-116.93,-119.02,DOWN
28823,0.0666,-116.79,-118.89,DOWN
28825,0.0627,-116.67,-118.76,DOWN
28828,0.0669,-116.53,-118.63,DOWN
28829,0.0809,-116.37,-118.49,DOWN
28831,0.0745,-116.22,-118.36,DOWN
28833,0.0706,-116.08,-118.22,DOWN
28835,0.0723,-115.94,-118.09,DOWN
28837,0.0739,-115.79,-117.95,DOWN
28839,0.0657,-115.66,-117.82,DOWN
28841,0.0644,-115.53,-117.68,DOWN
28843,0.0650,-115.40,-117.55,DOWN
28845,0.0687,-115.26,-117.41,DOWN
28847,0.0687,-115.12,-117.28,DOWN
28849,0.0687,-114.99,-117.14,DOWN
28851,0.0654,-114.86,-117.01,DOWN
28854,0.0735,-114.71,-116.87,DOWN
28855,0.0790,-114.55,-116.73,DOWN
28857,0.0781,-114.39,-116.59,DOWN
28859,0.0710,-114.25,-116.46,DOWN
28861,0.0734,-114.11,-116.32,DOWN
28863,0.0698,-113.97,-116.18,DOWN
28865,0.0684,-113.83,-116.04,DOWN
28867,0.0709,-113.69,-115.90,DOWN
28869,0.0721,-113.54,-115.76,DOWN
28871,0.0681,-113.41,-115.62,DOWN
28873,0.0653,-113.28,-115.48,DOWN
28875,0.0692,-113.14,-115.34,DOWN
28877,0.0721,-112.99,-115.21,DOWN
28879,0.0665,-112.86,-115.07,DOWN
28882,0.0692,-112.72,-114.93,DOWN
28883,0.0709,-112.58,-114.79,DOWN
28886,0.0832,-112.41,-114.65,DOWN
28887,0.0781,-112.26,-114.51,DOWN
28889,0.0694,-112.12,-114.37,DOWN
28891,0.0666,-111.99,-114.23,DOWN
28893,0.0607,-111.86,-114.09,DOWN
28895,0.0635,-111.74,-113.95,DOWN
28897,0.0680,-111.60,-113.81,DOWN
28899,0.0633,-111.47,-113.67,DOWN
28902,0.0593,-111.36,-113.53,DOWN
28903,0.0646,-111.23,-113.40,DOWN
28905,0.0698,-111.09,-113.26,DOWN
28907,0.0728,-110.94,-113.12,DOWN
28909,0.0613,-110.82,-112.99,DOWN
28911,0.0547,-110.71,-112.85,DOWN
28913,0.0521,-110.61,-112.72,DOWN
28915,0.0544,-110.50,-112.59,DOWN
28917,0.0568,-110.38,-112.46,DOWN
28919,0.0511,-110.28,-112.33,DOWN
28921,0.0430,-110.20,-112.20,DOWN
28924,0.0477,-110.10,-112.08,DOWN
28925,0.0319,-110.04,-111.96,DOWN
28927,0.0331,-109.97,-111.84,DOWN
28929,0.0529,-109.86,-111.72,DOWN
28931,0.0639,-109.74,-111.61,DOWN
28933,0.0656,-109.60,-111.49,DOWN
28935,0.0640,-109.48,-111.37,DOWN
28937,0.0577,-109.36,-111.25,DOWN
28939,0.0551,-109.25,-111.13,DOWN
28941,0.0461,-109.16,-111.02,DOWN
28943,0.0470,-109.06,-110.90,DOWN
28946,0.0378,-108.99,-110.79,DOWN
28947,0.0368,-108.92,-110.68,DOWN
28949,0.0379,-108.84,-110.57,DOWN
28951,0.0395,-108.76,-110.46,DOWN
28953,0.0444,-108.67,-110.36,DOWN
28955,0.0520,-108.57,-110.25,DOWN
28957,0.0537,-108.46,-110.14,DOWN
28959,0.0632,-108.33,-110.04,DOWN
28962,0.0683,-108.20,-109.93,DOWN
28963,0.0714,-108.05,-109.82,DOWN
28965,0.0668,-107.92,-109.71,DOWN
28967,0.0500,-107.82,-109.59,DOWN
28969,0.0461,-107.73,-109.48,DOWN
28971,0.0533,-107.62,-109.37,DOWN
28973,0.0504,-107.52,-109.26,DOWN
28975,0.0442,-107.43,-109.16,DOWN
28977,0.0341,-107.36,-109.05,DOWN
28979,0.0320,-107.30,-108.95,DOWN
28981,0.0377,-107.23,-108.84,DOWN
28984,0.0435,-107.14,-108.74,DOWN
28986,0.0420,-107.05,-108.64,DOWN
28988,0.0493,-106.96,-108.54,DOWN
28989,0.0513,-106.85,-108.44,DOWN
28991,0.0550,-106.74,-108.34,DOWN
28994,0.0565,-106.63,-108.24,DOWN
28996,0.0563,-106.52,-108.14,DOWN
28997,0.0585,-106.40,-108.04,DOWN
29000,0.0479,-106.30,-107.94,DOWN
29001,0.0499,-106.21,-107.83,DOWN
29003,0.0508,-106.10,-107.73,DOWN
29005,0.0396,-106.02,-107.63,DOWN
29007,0.0426,-105.94,-107.53,DOWN
29009,0.0511,-105.84,-107.43,DOWN
29011,0.0569,-105.72,-107.33,DOWN
29013,0.0497,-105.62,-107.23,DOWN
29015,0.0372,-105.55,-107.13,DOWN
29018,0.0329,-105.48,-107.03,DOWN
29019,0.0381,-105.41,-106.94,DOWN
29021,0.0419,-105.32,-106.84,DOWN
29023,0.0428,-105.24,-106.75,DOWN
29025,0.0473,-105.14,-106.65,DOWN
29027,0.0465,-105.05,-106.56,DOWN
29029,0.0453,-104.96,-106.46,DOWN
29031,0.0406,-104.88,-106.37,DOWN
29033,0.0370,-104.81,-106.28,DOWN
29035,0.0325,-104.74,-106.19,DOWN
29037,0.0393,-104.66,-106.10,DOWN
29039,0.0409,-104.58,-106.01,DOWN
29041,0.0429,-104.49,-105.92,DOWN
29044,0.0503,-104.39,-105.83,DOWN
29045,0.0549,-104.28,-105.73,DOWN
29047,0.0478,-104.19,-105.64,DOWN
29049,0.0359,-104.12,-105.55,DOWN
29051,0.0320,-104.05,-105.46,DOWN
29054,0.0298,-103.99,-105.38,DOWN
29055,0.0293,-103.93,-105.29,DOWN
29057,0.0359,-103.86,-105.21,DOWN
29059,0.0394,-103.78,-105.12,DOWN
29061,0.0392,-103.70,-105.04,DOWN
29064,0.0404,-103.62,-104.96,DOWN
29065,0.0445,-103.53,-104.87,DOWN
29067,0.0474,-103.44,-104.79,DOWN
29070,0.0505,-103.34,-104.70,DOWN
29071,0.0458,-103.25,-104.62,DOWN
29073,0.0481,-103.15,-104.53,DOWN
29075,0.0527,-103.05,-104.44,DOWN
29077,0.0618,-102.92,-104.35,DOWN
29079,0.0575,-102.81,-104.26,DOWN
29081,0.0573,-102.69,-104.17,DOWN
29083,0.0504,-102.59,-104.07,DOWN
29086,0.0535,-102.48,-103.98,DOWN
29087,0.0407,-102.40,-103.89,DOWN
29089,0.0371,-102.33,-103.80,DOWN
29091,0.0500,-102.23,-103.70,DOWN
29093,0.0578,-102.11,-103.61,DOWN
29095,0.0582,-102.00,-103.51,DOWN
29097,0.0596,-101.88,-103.42,DOWN
29099,0.0484,-101.78,-103.32,DOWN
29102,0.0450,-101.69,-103.22,DOWN
29103,0.0393,-101.61,-103.13,DOWN
29105,0.0359,-101.54,-103.03,DOWN
29107,0.0419,-101.46,-102.94,DOWN
29109,0.0381,-101.38,-102.85,DOWN
29111,0.0351,-101.31,-102.76,DOWN
29113,0.0354,-101.24,-102.67,DOWN
29115,0.0398,-101.16,-102.58,DOWN
29117,0.0343,-101.09,-102.49,DOWN
29119,0.0203,-101.05,-102.41,DOWN
29121,0.0138,-101.02,-102.32,DOWN
29123,0.0172,-100.99,-102.25,DOWN
29125,0.0284,-100.93,-102.17,DOWN
29127,0.0251,-100.88,-102.09,DOWN
29129,0.0366,-100.81,-102.02,DOWN
29131,0.0383,-100.73,-101.94,DOWN
29133,0.0336,-100.66,-101.86,DOWN
29135,0.0338,-100.60,-101.79,DOWN
29137,0.0353,-100.53,-101.71,DOWN
29140,0.0249,-100.48,-101.64,DOWN
29141,0.0287,-100.42,-101.57,DOWN
29143,0.0393,-100.34,-101.50,DOWN
29145,0.0568,-100.23,-101.42,DOWN
29147,0.0594,-100.11,-101.34,DOWN
29149,0.0520,-100.00,-101.26,DOWN
29151,0.0473,-99.91,-101.18,DOWN
29153,0.0446,-99.82,-101.10,DOWN
29156,0.0360,-99.75,-101.02,DOWN
29157,0.0362,-99.68,-100.94,DOWN
29159,0.0370,-99.60,-100.86,DOWN
29161,0.0317,-99.54,-100.79,DOWN
29163,0.0299,-99.48,-100.71,DOWN
29165,0.0241,-99.43,-100.63,DOWN
29167,0.0137,-99.40,-100.56,DOWN
29169,0.0167,-99.37,-100.49,DOWN
29171,0.0288,-99.31,-100.42,DOWN
29173,0.0232,-99.27,-100.35,DOWN
29175,0.0143,-99.24,-100.29,DOWN
29177,0.0128,-99.21,-100.22,DOWN
29179,0.0143,-99.18,-100.16,DOWN
29181,0.0212,-99.14,-100.10,DOWN
29183,0.0193,-99.10,-100.04,DOWN
29186,0.0251,-99.05,-99.98,DOWN
29188,0.0326,-98.99,-99.92,DOWN
29189,0.0305,-98.93,-99.87,DOWN
29191,0.0264,-98.87,-99.81,DOWN
29193,0.0213,-98.83,-99.75,DOWN
29195,0.0162,-98.80,-99.69,DOWN
29198,0.0184,-98.76,-99.64,DOWN
29199,0.0194,-98.72,-99.58,DOWN
29201,0.0256,-98.67,-99.53,DOWN
29203,0.0262,-98.62,-99.48,DOWN
29205,0.0343,-98.55,-99.42,DOWN
29207,0.0401,-98.47,-99.36,DOWN
29209,0.0360,-98.40,-99.31,DOWN
29211,0.0416,-98.31,-99.25,DOWN
29213,0.0390,-98.24,-99.19,DOWN
29215,0.0338,-98.17,-99.13,DOWN
29217,0.0252,-98.12,-99.07,DOWN
29220,0.0169,-98.08,-99.01,DOWN
29221,0.0159,-98.05,-98.95,DOWN
29223,0.0162,-98.02,-98.90,DOWN
29226,0.0223,-97.98,-98.84,DOWN
29227,0.0179,-97.94,-98.79,DOWN
29229,0.0156,-97.91,-98.74,DOWN
29231,0.0171,-97.87,-98.69,DOWN
29233,0.0175,-97.84,-98.64,DOWN
29235,0.0118,-97.82,-98.59,DOWN
29237,0.0145,-97.79,-98.54,DOWN
29239,0.0175,-97.75,-98.49,DOWN
29242,0.0150,-97.72,-98.45,DOWN
29243,0.0153,-97.69,-98.40,DOWN
29246,0.0216,-97.65,-98.36,DOWN
29247,0.0236,-97.60,-98.31,DOWN
29249,0.0264,-97.55,-98.27,DOWN
29251,0.0441,-97.46,-98.22,DOWN
29253,0.0476,-97.36,-98.17,DOWN
29255,0.0457,-97.27,-98.12,DOWN
29258,0.0441,-97.18,-98.06,DOWN
29259,0.0424,-97.10,-98.01,DOWN
29261,0.0423,-97.02,-97.95,DOWN
29263,0.0342,-96.95,-97.89,DOWN
29265,0.0338,-96.88,-97.83,DOWN
29267,0.0344,-96.81,-97.77,DOWN
29269,0.0314,-96.75,-97.71,DOWN
29271,0.0269,-96.69,-97.65,DOWN
29274,0.0280,-96.64,-97.59,DOWN
29275,0.0306,-96.58,-97.53,DOWN
29277,0.0266,-96.52,-97.47,DOWN
29279,0.0261,-96.47,-97.41,DOWN
29281,0.0164,-96.44,-97.35,DOWN
29284,0.0126,-96.41,-97.30,DOWN
29285,0.0085,-96.40,-97.24,DOWN
29287,0.0194,-96.36,-97.19,DOWN
29289,0.0258,-96.31,-97.14,DOWN
29291,0.0290,-96.25,-97.09,DOWN
29293,0.0311,-96.19,-97.03,DOWN
29296,0.0278,-96.13,-96.98,DOWN
29297,0.0246,-96.08,-96.93,DOWN
29300,0.0339,-96.01,-96.87,DOWN
29301,0.0397,-95.93,-96.82,DOWN
29303,0.0496,-95.83,-96.76,DOWN
29306,0.0441,-95.75,-96.70,DOWN
29307,0.0277,-95.69,-96.64,DOWN
29309,0.0346,-95.62,-96.58,DOWN
29312,0.0414,-95.54,-96.52,DOWN
29313,0.0292,-95.48,-96.46,DOWN
29315,0.0318,-95.42,-96.40,DOWN
29317,0.0295,-95.36,-96.33,DOWN
29319,0.0229,-95.31,-96.27,DOWN
29322,0.0330,-95.25,-96.21,DOWN
29323,0.0309,-95.18,-96.15,DOWN
29325,0.0358,-95.11,-96.09,DOWN
29327,0.0316,-95.05,-96.03,DOWN
29329,0.0290,-94.99,-95.97,DOWN
29331,0.0323,-94.93,-95.91,DOWN
29333,0.0200,-94.89,-95.85,DOWN
29335,0.0196,-94.85,-95.79,DOWN
29337,0.0244,-94.80,-95.73,DOWN
29339,0.0307,-94.74,-95.67,DOWN
29341,0.0371,-94.66,-95.61,DOWN
29344,0.0449,-94.57,-95.55,DOWN
29345,0.0438,-94.49,-95.49,DOWN
29347,0.0437,-94.40,-95.42,DOWN
29349,0.0432,-94.31,-95.36,DOWN
29351,0.0339,-94.24,-95.29,DOWN
29354,0.0325,-94.18,-95.23,DOWN
29355,0.0343,-94.11,-95.16,DOWN
29357,0.0287,-94.05,-95.09,DOWN
29359,0.0259,-94.00,-95.03,DOWN
29361,0.0257,-93.95,-94.97,DOWN
29364,0.0192,-93.91,-94.90,DOWN
29365,0.0218,-93.87,-94.84,DOWN
29367,0.0291,-93.81,-94.78,DOWN
29369,0.0397,-93.73,-94.72,DOWN
29371,0.0406,-93.65,-94.66,DOWN
29373,0.0398,-93.57,-94.59,DOWN
29375,0.0409,-93.49,-94.53,DOWN
29377,0.0313,-93.43,-94.46,DOWN
29379,0.0257,-93.37,-94.40,DOWN
29382,0.0148,-93.34,-94.33,DOWN
29383,0.0145,-93.32,-94.27,DOWN
29386,0.0186,-93.28,-94.22,DOWN
29387,0.0197,-93.24,-94.16,DOWN
29389,0.0223,-93.19,-94.10,DOWN
29391,0.0173,-93.16,-94.05,DOWN
29393,0.0199,-93.12,-93.99,DOWN
29395,0.0162,-93.09,-93.94,DOWN
29398,0.0221,-93.04,-93.88,DOWN
29399,0.0291,-92.98,-93.83,DOWN
29402,0.0148,-92.96,-93.78,DOWN
29403,0.0122,-92.93,-93.73,DOWN
29405,0.0188,-92.89,-93.68,DOWN
29407,0.0167,-92.86,-93.63,DOWN
29409,0.0217,-92.82,-93.58,DOWN
29411,0.0259,-92.76,-93.53,DOWN
29413,0.0149,-92.73,-93.49,DOWN
29415,0.0053,-92.72,-93.44,DOWN
29417,0.0041,-92.72,-93.40,DOWN
29419,0.0005,-92.72,-93.36,DOWN
29421,0.0044,-92.71,-93.32,DOWN
29424,0.0066,-92.69,-93.28,DOWN
29425,0.0138,-92.67,-93.25,DOWN
29427,0.0146,-92.64,-93.21,DOWN
29429,0.0103,-92.62,-93.18,DOWN
29431,0.0169,-92.58,-93.14,DOWN
29433,0.0097,-92.56,-93.11,DOWN
29435,0.0123,-92.54,-93.07,DOWN
29437,0.0222,-92.49,-93.04,DOWN
29439,0.0108,-92.47,-93.01,DOWN
29441,0.0068,-92.46,-92.97,DOWN
29444,0.0023,-92.45,-92.94,DOWN
29446,0.0065,-92.44,-92.91,DOWN
29447,0.0016,-92.44,-92.88,DOWN
29449,0.0017,-92.43,-92.86,DOWN
29451,0.0073,-92.42,-92.83,DOWN
29453,0.0081,-92.40,-92.81,DOWN
29455,0.0025,-92.40,-92.78,DOWN
29457,0.0026,-92.39,-92.76,DOWN
29459,0.0099,-92.37,-92.74,DOWN
29462,0.0127,-92.35,-92.71,DOWN
29463,0.0109,-92.33,-92.69,DOWN
29465,0.0087,-92.31,-92.67,DOWN
29468,0.0137,-92.28,-92.65,DOWN
29469,0.0161,-92.25,-92.62,DOWN
29471,0.0193,-92.21,-92.60,DOWN
29473,0.0201,-92.17,-92.57,DOWN
29475,0.0125,-92.15,-92.55,DOWN
29477,0.0228,-92.10,-92.52,DOWN
29479,0.0203,-92.06,-92.49,DOWN
29481,0.0153,-92.03,-92.47,DOWN
29484,0.0123,-92.00,-92.44,DOWN
29485,0.0178,-91.97,-92.41,DOWN
29487,0.0208,-91.93,-92.38,DOWN
29489,0.0159,-91.90,-92.35,DOWN
29491,0.0195,-91.86,-92.32,DOWN
29494,0.0214,-91.81,-92.29,DOWN
29495,0.0243,-91.77,-92.26,DOWN
29497,0.0201,-91.72,-92.23,DOWN
29500,0.0125,-91.70,-92.20,DOWN
29501,0.0069,-91.69,-92.17,DOWN
29503,0.0138,-91.66,-92.14,DOWN
29505,0.0124,-91.63,-92.11,DOWN
29507,0.0079,-91.62,-92.08,DOWN
29510,0.0115,-91.59,-92.05,DOWN
29511,0.0082,-91.58,-92.02,DOWN
29513,0.0027,-91.57,-92.00,DOWN
29515,-0.0003,-91.57,-91.97,DOWN
29518,0.0013,-91.57,-91.95,DOWN
29519,0.0071,-91.56,-91.92,DOWN
29521,0.0194,-91.52,-91.90,DOWN
29523,0.0233,-91.47,-91.88,DOWN
29525,0.0201,-91.43,-91.85,DOWN
29527,0.0180,-91.40,-91.82,DOWN
29529,0.0220,-91.35,-91.79,DOWN
29531,0.0243,-91.30,-91.77,DOWN
29533,0.0320,-91.24,-91.73,DOWN
29535,0.0267,-91.19,-91.70,DOWN
29537,0.0196,-91.15,-91.67,DOWN
29539,0.0196,-91.11,-91.64,DOWN
29542,0.0181,-91.07,-91.60,DOWN
29543,0.0165,-91.04,-91.57,DOWN
29545,0.0058,-91.03,-91.54,DOWN
29547,0.0000,-91.03,-91.51,DOWN
29549,0.0049,-91.02,-91.48,DOWN
29551,0.0190,-90.98,-91.45,DOWN
29554,0.0228,-90.93,-91.42,DOWN
29555,0.0265,-90.88,-91.39,DOWN
29557,0.0180,-90.84,-91.35,DOWN
29559,0.0211,-90.80,-91.32,DOWN
29561,0.0245,-90.75,-91.29,DOWN
29564,0.0332,-90.69,-91.25,DOWN
29565,0.0277,-90.63,-91.22,DOWN
29567,0.0270,-90.58,-91.18,DOWN
29570,0.0250,-90.53,-91.14,DOWN
29571,0.0257,-90.47,-91.10,DOWN
29573,0.0259,-90.42,-91.06,DOWN
29575,0.0306,-90.36,-91.02,DOWN
29577,0.0331,-90.30,-90.98,DOWN
29579,0.0328,-90.23,-90.93,DOWN
29581,0.0377,-90.15,-90.89,DOWN
29583,0.0292,-90.10,-90.84,DOWN
29586,0.0360,-90.02,-90.79,DOWN
29588,0.0437,-89.94,-90.74,DOWN
29589,0.0407,-89.86,-90.69,DOWN
29591,0.0364,-89.78,-90.63,DOWN
29593,0.0320,-89.72,-90.58,DOWN
29595,0.0350,-89.65,-90.53,DOWN
29597,0.0391,-89.57,-90.47,DOWN
29599,0.0375,-89.50,-90.41,DOWN
29602,0.0261,-89.44,-90.35,DOWN
29603,0.0385,-89.37,-90.30,DOWN
29605,0.0467,-89.27,-90.24,DOWN
29607,0.0482,-89.18,-90.17,DOWN
29609,0.0384,-89.10,-90.11,DOWN
29612,0.0410,-89.02,-90.04,DOWN
29613,0.0327,-88.95,-89.98,DOWN
29615,0.0281,-88.90,-89.92,DOWN
29617,0.0260,-88.84,-89.85,DOWN
29619,0.0249,-88.79,-89.79,DOWN
29621,0.0279,-88.74,-89.73,DOWN
29623,0.0260,-88.69,-89.67,DOWN
29625,0.0141,-88.66,-89.61,DOWN
29627,0.0081,-88.64,-89.55,DOWN
29629,0.0068,-88.63,-89.50,DOWN
29631,0.0127,-88.60,-89.44,DOWN
29633,0.0174,-88.57,-89.39,DOWN
29635,0.0172,-88.53,-89.34,DOWN
29637,0.0117,-88.51,-89.29,DOWN
29640,0.0113,-88.49,-89.24,DOWN
29641,0.0193,-88.45,-89.20,DOWN
29644,0.0091,-88.43,-89.15,DOWN
29645,0.0068,-88.42,-89.11,DOWN
29647,0.0085,-88.40,-89.07,DOWN
29649,0.0139,-88.37,-89.03,DOWN
29651,0.0150,-88.34,-88.98,DOWN
29653,0.0170,-88.31,-88.94,DOWN
29656,0.0141,-88.28,-88.91,DOWN
29657,0.0188,-88.24,-88.87,DOWN
29659,0.0199,-88.20,-88.83,DOWN
29661,0.0229,-88.16,-88.79,DOWN
29663,0.0145,-88.13,-88.75,DOWN
29666,0.0085,-88.11,-88.71,DOWN
29667,0.0040,-88.10,-88.68,DOWN
29669,-0.0006,-88.10,-88.64,DOWN
29671,0.0079,-88.09,-88.61,DOWN
29673,0.0205,-88.05,-88.58,DOWN
29675,0.0268,-87.99,-88.54,DOWN
29677,0.0355,-87.92,-88.50,DOWN
29679,0.0256,-87.87,-88.47,DOWN
29681,0.0166,-87.84,-88.43,DOWN
29683,0.0107,-87.82,-88.39,DOWN
29685,0.0115,-87.79,-88.36,DOWN
29687,0.0176,-87.76,-88.32,DOWN
29689,0.0142,-87.73,-88.29,DOWN
29691,0.0167,-87.70,-88.25,DOWN
29693,0.0094,0.00,0.00,STATIONARY
29695,0.0079,0.01,0.00,STATIONARY
29697,0.0006,0.01,0.00,STATIONARY
29699,-0.0041,0.01,0.00,STATIONARY
29701,-0.0053,-0.00,0.00,STATIONARY
29703,0.0014,-0.00,0.00,STATIONARY
29705,0.0060,0.01,0.00,STATIONARY
29707,0.0113,0.03,0.00,STATIONARY
29709,0.0109,0.05,0.01,STATIONARY
29711,0.0056,0.05,0.01,STATIONARY
29713,0.0036,0.06,0.01,STATIONARY
29715,0.0117,0.07,0.02,STATIONARY
29717,0.0135,0.09,0.02,STATIONARY
29720,0.0046,0.09,0.02,STATIONARY
29721,0.0046,0.09,0.03,STATIONARY
29723,0.0115,0.11,0.03,STATIONARY
29726,0.0068,0.11,0.04,STATIONARY
29727,-0.0073,0.09,0.04,STATIONARY
29729,0.0006,0.08,0.04,STATIONARY
29731,0.0085,0.09,0.05,STATIONARY
29733,-0.0001,0.08,0.05,STATIONARY
29735,0.0047,0.09,0.05,STATIONARY
29737,-0.0027,0.07,0.05,STATIONARY
29739,-0.0115,0.05,0.05,STATIONARY
29742,-0.0053,0.03,0.05,STATIONARY
29743,0.0105,0.05,0.05,STATIONARY
29745,0.0107,0.07,0.05,STATIONARY
29747,0.0164,0.09,0.05,STATIONARY
29749,0.0177,0.12,0.06,STATIONARY
29751,0.0175,0.14,0.06,STATIONARY
29753,0.0079,0.14,0.07,STATIONARY
29755,0.0079,0.15,0.07,STATIONARY
29758,0.0104,0.15,0.08,STATIONARY
29759,0.0093,0.16,0.08,STATIONARY
29761,0.0097,0.16,0.09,STATIONARY
29763,0.0247,0.20,0.09,STATIONARY
29765,0.0247,0.23,0.10,STATIONARY
29767,0.0249,0.25,0.11,STATIONARY
29769,0.0233,0.28,0.12,STATIONARY
29771,0.0231,0.30,0.13,STATIONARY
29773,0.0260,0.32,0.14,STATIONARY
29775,0.0183,0.33,0.15,STATIONARY
29777,0.0182,0.34,0.16,STATIONARY
29779,0.0127,0.33,0.17,STATIONARY
29781,0.0102,0.32,0.18,STATIONARY
29784,0.0203,0.34,0.19,STATIONARY
29786,0.0232,0.35,0.20,STATIONARY
29787,0.0212,0.36,0.21,STATIONARY
29789,0.0108,0.35,0.22,STATIONARY
29791,0.0079,0.34,0.23,STATIONARY
29793,0.0075,0.33,0.23,STATIONARY
29796,0.0066,0.31,0.24,STATIONARY
29798,0.0075,0.30,0.24,STATIONARY
29800,0.0094,0.29,0.24,STATIONARY
29801,0.0186,0.30,0.25,STATIONARY
29803,0.0216,0.32,0.25,STATIONARY
29805,0.0169,0.33,0.26,STATIONARY
29807,0.0144,0.33,0.26,STATIONARY
29809,0.0079,0.31,0.26,STATIONARY
29812,0.0059,0.30,0.27,STATIONARY
29813,0.0040,0.28,0.27,STATIONARY
29815,0.0045,0.27,0.27,STATIONARY
29817,0.0088,0.26,0.27,STATIONARY
29819,0.0155,0.27,0.27,STATIONARY
29821,0.0223,0.29,0.27,STATIONARY
29823,0.0087,0.28,0.27,STATIONARY
29825,0.0011,0.26,0.27,STATIONARY
29828,-0.0040,0.23,0.27,STATIONARY
29829,-0.0113,0.19,0.26,STATIONARY
29831,-0.0084,0.16,0.26,STATIONARY
29833,-0.0060,0.14,0.25,STATIONARY
29835,-0.0044,0.12,0.24,STATIONARY
29837,-0.0097,0.09,0.23,STATIONARY
29839,-0.0171,0.05,0.22,STATIONARY
29841,-0.0190,0.01,0.21,STATIONARY
29844,-0.0178,-0.02,0.20,STATIONARY
29845,-0.0094,-0.03,0.18,STATIONARY
29847,-0.0007,-0.03,0.17,STATIONARY
29849,-0.0028,-0.04,0.16,STATIONARY
29851,-0.0078,-0.05,0.15,STATIONARY
29854,-0.0037,-0.05,0.13,STATIONARY
29855,-0.0068,-0.06,0.12,STATIONARY
29857,-0.0042,-0.06,0.11,STATIONARY
29859,-0.0107,-0.08,0.10,STATIONARY
29861,-0.0082,-0.09,0.09,STATIONARY
29863,0.0063,-0.07,0.08,STATIONARY
29865,0.0034,-0.06,0.07,STATIONARY
29867,0.0124,-0.03,0.07,STATIONARY
29869,0.0076,-0.01,0.06,STATIONARY
29871,0.0059,0.00,0.06,STATIONARY
29873,0.0037,0.01,0.06,STATIONARY
29875,0.0141,0.03,0.05,STATIONARY
29877,0.0108,0.05,0.05,STATIONARY
29879,0.0121,0.07,0.05,STATIONARY
29882,0.0143,0.09,0.06,STATIONARY
29883,0.0063,0.09,0.06,STATIONARY
29885,0.0097,0.10,0.06,STATIONARY
29887,0.0096,0.11,0.06,STATIONARY
29889,0.0047,0.11,0.07,STATIONARY
29891,0.0095,0.12,0.07,STATIONARY
29893,0.0095,0.13,0.07,STATIONARY
29895,0.0014,0.12,0.08,STATIONARY
29897,0.0023,0.12,0.08,STATIONARY
29899,0.0049,0.12,0.08,STATIONARY
29902,0.0142,0.13,0.08,STATIONARY
29903,0.0137,0.15,0.09,STATIONARY
29905,0.0102,0.15,0.09,STATIONARY
29907,0.0185,0.18,0.10,STATIONARY
29909,0.0210,0.20,0.10,STATIONARY
29911,0.0146,0.21,0.11,STATIONARY
29913,0.0109,0.21,0.12,STATIONARY
29915,0.0112,0.22,0.12,STATIONARY
29918,0.0167,0.23,0.13,STATIONARY
29919,0.0122,0.24,0.13,STATIONARY
29921,0.0125,0.24,0.14,STATIONARY
29924,0.0083,0.24,0.15,STATIONARY
29925,0.0078,0.23,0.15,STATIONARY
29927,0.0107,0.23,0.16,STATIONARY
29929,0.0145,0.24,0.16,STATIONARY
29931,0.0073,0.23,0.17,STATIONARY
29933,0.0105,0.23,0.17,STATIONARY
29935,0.0077,0.23,0.17,STATIONARY
29937,0.0117,0.23,0.18,STATIONARY
29939,0.0057,0.23,0.18,STATIONARY
29941,-0.0001,0.21,0.18,STATIONARY
29943,0.0050,0.20,0.18,STATIONARY
29945,0.0067,0.20,0.18,STATIONARY
29947,0.0051,0.19,0.18,STATIONARY
29949,0.0085,0.19,0.18,STATIONARY
29951,0.0089,0.19,0.18,STATIONARY
29953,0.0080,0.19,0.18,STATIONARY
29955,0.0079,0.19,0.18,STATIONARY
29957,0.0133,0.20,0.19,STATIONARY
29959,0.0072,0.20,0.19,STATIONARY
29961,0.0081,0.20,0.19,STATIONARY
29963,0.0092,0.20,0.19,STATIONARY
29966,0.0121,0.20,0.19,STATIONARY
29968,0.0175,0.22,0.19,STATIONARY
29969,0.0062,0.21,0.19,STATIONARY
29971,0.0103,0.22,0.19,STATIONARY
29973,0.0138,0.22,0.20,STATIONARY
29975,0.0170,0.24,0.20,STATIONARY
29978,0.0248,0.26,0.20,STATIONARY
29979,0.0237,0.29,0.21,STATIONARY
29981,0.0226,0.30,0.21,STATIONARY
29984,0.0211,0.32,0.22,STATIONARY
29985,0.0149,0.32,0.22,STATIONARY
29987,0.0063,0.31,0.23,STATIONARY
29989,0.0030,0.29,0.23,STATIONARY
29991,0.0005,0.27,0.23,STATIONARY
29994,0.0014,0.25,0.24,STATIONARY
29996,0.0024,0.23,0.24,STATIONARY
29997,-0.0063,0.20,0.23,STATIONARY
30000,-0.0164,0.16,0.23,STATIONARY
30001,-0.0085,0.13,0.22,STATIONARY
30004,-0.0007,0.12,0.22,STATIONARY
30005,0.0108,0.13,0.21,STATIONARY
30007,0.0133,0.14,0.21,STATIONARY
30009,0.0078,0.14,0.20,STATIONARY
30011,0.0001,0.13,0.20,STATIONARY
30013,-0.0112,0.10,0.19,STATIONARY
30015,-0.0156,0.06,0.19,STATIONARY
30018,-0.0182,0.03,0.18,STATIONARY
30019,0.0021,0.03,0.17,STATIONARY
30021,0.0116,0.05,0.16,STATIONARY
30023,0.0150,0.07,0.15,STATIONARY
30026,0.0050,0.07,0.15,STATIONARY
30027,0.0005,0.07,0.15,STATIONARY
30029,0.0017,0.07,0.14,STATIONARY
30032,0.0090,0.08,0.14,STATIONARY
30033,-0.0002,0.07,0.13,STATIONARY
30035,-0.0070,0.05,0.13,STATIONARY
30037,-0.0042,0.04,0.12,STATIONARY
30039,-0.0059,0.03,0.12,STATIONARY
30041,-0.0058,0.01,0.11,STATIONARY
30043,-0.0091,-0.00,0.10,STATIONARY
30045,-0.0043,-0.01,0.10,STATIONARY
30047,-0.0049,-0.02,0.09,STATIONARY
30049,-0.0110,-0.04,0.08,STATIONARY
30051,-0.0118,-0.06,0.07,STATIONARY
30054,-0.0140,-0.08,0.07,STATIONARY
30055,-0.0262,-0.12,0.05,STATIONARY
30057,-0.0162,-0.14,0.04,STATIONARY
30059,-0.0120,-0.15,0.03,STATIONARY
30061,-0.0005,-0.14,0.02,STATIONARY
30064,0.0014,-0.13,0.01,STATIONARY
30065,-0.0106,-0.14,0.00,STATIONARY
30067,-0.0144,-0.15,-0.01,STATIONARY
30070,-0.0075,-0.15,-0.01,STATIONARY
30071,0.0026,-0.14,-0.02,STATIONARY
30073,0.0048,-0.12,-0.03,STATIONARY
30075,-0.0026,-0.11,-0.03,STATIONARY
30077,-0.0056,-0.11,-0.04,STATIONARY
30079,-0.0074,-0.12,-0.04,STATIONARY
30081,-0.0198,-0.14,-0.05,STATIONARY
30083,-0.0167,-0.16,-0.05,STATIONARY
30086,-0.0117,-0.17,-0.06,STATIONARY
30087,-0.0007,-0.16,-0.07,STATIONARY
30089,-0.0106,-0.17,-0.07,STATIONARY
30091,-0.0136,-0.18,-0.08,STATIONARY
30093,-0.0166,-0.19,-0.09,STATIONARY
30095,-0.0120,-0.20,-0.09,STATIONARY
30097,-0.0086,-0.20,-0.10,STATIONARY
30099,-0.0012,-0.19,-0.10,STATIONARY
30102,0.0055,-0.16,-0.11,STATIONARY
30103,0.0072,-0.14,-0.11,STATIONARY
30105,0.0008,-0.12,-0.11,STATIONARY
30107,-0.0080,-0.13,-0.11,STATIONARY
30109,-0.0028,-0.12,-0.11,STATIONARY
30111,-0.0025,-0.12,-0.11,STATIONARY
30113,-0.0090,-0.12,-0.11,STATIONARY
30115,-0.0154,-0.14,-0.11,STATIONARY
30117,-0.0140,-0.16,-0.12,STATIONARY
30119,-0.0126,-0.17,-0.12,STATIONARY
30121,-0.0041,-0.16,-0.12,STATIONARY
30123,-0.0050,-0.16,-0.13,STATIONARY
30125,-0.0070,-0.16,-0.13,STATIONARY
30127,-0.0039,-0.15,-0.13,STATIONARY
30129,-0.0112,-0.16,-0.13,STATIONARY
30131,-0.0188,-0.18,-0.13,STATIONARY
30134,-0.0185,-0.20,-0.14,STATIONARY
30135,-0.0006,-0.19,-0.14,STATIONARY
30137,-0.0011,-0.17,-0.14,STATIONARY
30140,0.0013,-0.16,-0.14,STATIONARY
30141,-0.0011,-0.15,-0.14,STATIONARY
30144,-0.0014,-0.14,-0.14,STATIONARY
30145,0.0021,-0.12,-0.14,STATIONARY
30147,-0.0134,-0.14,-0.14,STATIONARY
30149,-0.0051,-0.14,-0.14,STATIONARY
30151,-0.0015,-0.13,-0.14,STATIONARY
30153,0.0017,-0.11,-0.14,STATIONARY
30156,0.0013,-0.10,-0.14,STATIONARY
30157,-0.0075,-0.11,-0.14,STATIONARY
30159,-0.0082,-0.12,-0.13,STATIONARY
30161,-0.0144,-0.13,-0.13,STATIONARY
30163,-0.0268,-0.17,-0.14,STATIONARY
30165,-0.0242,-0.20,-0.14,STATIONARY
30167,-0.0193,-0.22,-0.15,STATIONARY
30169,-0.0119,-0.23,-0.15,STATIONARY
30171,-0.0084,-0.22,-0.15,STATIONARY
30173,-0.0052,-0.21,-0.16,STATIONARY
30175,-0.0042,-0.21,-0.16,STATIONARY
30177,-0.0076,-0.20,-0.16,STATIONARY
30179,-0.0072,-0.20,-0.17,STATIONARY
30181,-0.0051,-0.19,-0.17,STATIONARY
30183,-0.0105,-0.20,-0.17,STATIONARY
30186,-0.0089,-0.20,-0.17,STATIONARY
30188,-0.0087,-0.20,-0.17,STATIONARY
30189,-0.0069,-0.19,-0.17,STATIONARY
30191,-0.0008,-0.18,-0.17,STATIONARY
30193,-0.0024,-0.17,-0.17,STATIONARY
30196,-0.0051,-0.17,-0.17,STATIONARY
30198,-0.0051,-0.16,-0.17,STATIONARY
30199,-0.0090,-0.17,-0.17,STATIONARY
30201,-0.0208,-0.19,-0.17,STATIONARY
30203,-0.0162,-0.21,-0.18,STATIONARY
30205,-0.0182,-0.22,-0.18,STATIONARY
30207,-0.0186,-0.24,-0.18,STATIONARY
30209,-0.0196,-0.26,-0.19,STATIONARY
30211,-0.0101,-0.25,-0.19,STATIONARY
30214,-0.0085,-0.25,-0.19,STATIONARY
30215,-0.0155,-0.26,-0.20,STATIONARY
30217,-0.0165,-0.27,-0.20,STATIONARY
30220,-0.0154,-0.27,-0.21,STATIONARY
30221,-0.0149,-0.28,-0.21,STATIONARY
30223,-0.0129,-0.28,-0.21,STATIONARY
30226,-0.0182,-0.29,-0.22,STATIONARY
30227,-0.0231,-0.31,-0.22,STATIONARY
30229,-0.0160,-0.32,-0.23,STATIONARY
30231,-0.0200,-0.33,-0.24,STATIONARY
30233,-0.0327,-0.36,-0.24,STATIONARY
30235,-0.0262,-0.38,-0.25,STATIONARY
30237,-0.0263,-0.40,-0.26,STATIONARY
30239,-0.0301,-0.42,-0.27,STATIONARY
30242,-0.0275,-0.44,-0.28,STATIONARY
30244,-0.0256,-0.45,-0.29,STATIONARY
30245,-0.0233,-0.46,-0.30,STATIONARY
30247,-0.0190,-0.46,-0.31,STATIONARY
30249,-0.0217,-0.46,-0.32,STATIONARY
30252,-0.0289,-0.48,-0.33,STATIONARY
30253,-0.0267,-0.49,-0.34,STATIONARY
30255,-0.0271,-0.50,-0.35,STATIONARY
30257,-0.0292,-0.51,-0.36,STATIONARY
30259,-0.0325,-0.53,-0.37,STATIONARY
30261,-0.0384,-0.56,-0.38,STATIONARY
30263,-0.0382,-0.58,-0.39,STATIONARY
30265,-0.0278,-0.59,-0.40,STATIONARY
30267,-0.0234,-0.58,-0.41,STATIONARY
30269,-0.0254,-0.58,-0.42,STATIONARY
30271,-0.0241,-0.58,-0.43,STATIONARY
30274,-0.0244,-0.58,-0.44,STATIONARY
30275,-0.0299,-0.59,-0.45,STATIONARY
30277,-0.0291,-0.60,-0.46,STATIONARY
30279,-0.0353,-0.61,-0.47,STATIONARY
30281,-0.0386,-0.63,-0.48,STATIONARY
30284,-0.0373,-0.65,-0.49,STATIONARY
30285,-0.0344,-0.66,-0.50,STATIONARY
30287,-0.0350,-0.68,-0.51,STATIONARY
30290,-0.0368,-0.69,-0.52,STATIONARY
30291,-0.0322,-0.69,-0.53,STATIONARY
30293,-0.0232,-0.68,-0.54,STATIONARY
30295,-0.0154,-0.65,-0.55,STATIONARY
30297,-0.0159,-0.63,-0.55,STATIONARY
30300,-0.0119,-0.60,-0.55,STATIONARY
30301,-0.0134,-0.58,-0.55,STATIONARY
30303,-0.0270,-0.58,-0.56,STATIONARY
30305,-0.0329,-0.60,-0.56,STATIONARY
30307,-0.0412,-0.62,-0.56,STATIONARY
30309,-0.0295,-0.63,-0.57,STATIONARY
30312,-0.0280,-0.63,-0.57,STATIONARY
30313,-0.0318,-0.64,-0.57,STATIONARY
30315,-0.0421,-0.66,-0.58,STATIONARY
30317,-0.0431,-0.69,-0.59,STATIONARY
30319,-0.0455,-0.72,-0.59,STATIONARY
30321,-0.0385,-0.73,-0.60,STATIONARY
30323,-0.0302,-0.73,-0.61,STATIONARY
30325,-0.0330,-0.73,-0.62,STATIONARY
30328,-0.0422,-0.75,-0.62,STATIONARY
30329,-0.0444,-0.77,-0.63,STATIONARY
30331,-0.0408,-0.79,-0.64,STATIONARY
30333,-0.0438,-0.80,-0.65,STATIONARY
30335,-0.0330,-0.80,-0.66,STATIONARY
30337,-0.0268,-0.79,-0.67,STATIONARY
30339,-0.0325,-0.78,-0.68,STATIONARY
30341,-0.0411,-0.80,-0.68,STATIONARY
30344,-0.0400,-0.81,-0.69,STATIONARY
30345,-0.0445,-0.82,-0.70,STATIONARY
30347,-0.0426,-0.84,-0.71,STATIONARY
30349,-0.0388,-0.84,-0.71,STATIONARY
30351,-0.0315,-0.83,-0.72,STATIONARY
30354,-0.0274,-0.81,-0.73,STATIONARY
30355,-0.0303,-0.81,-0.73,STATIONARY
30357,-0.0358,-0.81,-0.74,STATIONARY
30360,-0.0353,-0.81,-0.74,STATIONARY
30361,-0.0267,-0.79,-0.74,STATIONARY
30363,-0.0268,-0.78,-0.74,STATIONARY
30365,-0.0263,-0.76,-0.75,STATIONARY
30367,-0.0266,-0.75,-0.75,STATIONARY
30369,-0.0210,-0.73,-0.75,STATIONARY
30371,-0.0200,-0.71,-0.74,STATIONARY
30373,-0.0125,-0.67,-0.74,STATIONARY
30375,-0.0179,-0.65,-0.73,STATIONARY
30377,-0.0314,-0.66,-0.73,STATIONARY
30379,-0.0274,-0.66,-0.73,STATIONARY
30382,-0.0254,-0.65,-0.72,STATIONARY
30384,-0.0260,-0.65,-0.72,STATIONARY
30386,-0.0360,-0.66,-0.71,STATIONARY
30387,-0.0338,-0.67,-0.71,STATIONARY
30389,-0.0331,-0.68,-0.71,STATIONARY
30391,-0.0362,-0.69,-0.71,STATIONARY
30394,-0.0439,-0.72,-0.71,STATIONARY
30396,-0.0546,-0.76,-0.71,STATIONARY
30398,-0.0645,-0.82,-0.72,STATIONARY
30399,-0.0547,-0.85,-0.73,STATIONARY
30402,-0.0543,-0.88,-0.73,STATIONARY
30403,-0.0534,-0.91,-0.75,STATIONARY
30405,-0.0382,-0.91,-0.75,STATIONARY
30407,-0.0282,-0.89,-0.76,STATIONARY
30409,-0.0295,-0.87,-0.77,STATIONARY
30411,-0.0289,-0.85,-0.77,STATIONARY
30414,-0.0251,-0.83,-0.78,STATIONARY
30415,-0.0244,-0.81,-0.78,STATIONARY
30417,-0.0257,-0.79,-0.78,STATIONARY
30419,-0.0232,-0.77,-0.78,STATIONARY
30421,-0.0315,-0.77,-0.78,STATIONARY
30424,-0.0342,-0.77,-0.78,STATIONARY
30425,-0.0495,-0.80,-0.78,STATIONARY
30427,-0.0519,-0.83,-0.78,STATIONARY
30429,-0.0587,-0.87,-0.79,STATIONARY
30431,-0.0614,-0.92,-0.80,STATIONARY
30433,-0.0548,-0.94,-0.80,STATIONARY
30435,-0.0499,-0.96,-0.81,STATIONARY
30437,-0.0546,-0.98,-0.82,STATIONARY
30439,-0.0586,-1.01,-0.83,STATIONARY
30441,-0.0587,-1.04,-0.85,STATIONARY
30444,-0.0632,-1.07,-0.86,STATIONARY
30446,-0.0614,-1.10,-0.87,STATIONARY
30447,-0.0659,-1.13,-0.89,STATIONARY
30449,-0.0698,-1.17,-0.91,STATIONARY
30451,-0.0700,-1.21,-0.92,STATIONARY
30453,-0.0645,-1.23,-0.94,STATIONARY
30455,-0.0687,-1.26,-0.96,STATIONARY
30457,-0.0695,-1.28,-0.98,STATIONARY
30459,-0.0634,-1.30,-1.00,STATIONARY
30461,-0.0625,-1.31,-1.02,STATIONARY
30463,-0.0588,-1.31,-1.03,STATIONARY
30465,-0.0551,-1.31,-1.05,STATIONARY
30467,-0.0527,-1.30,-1.07,STATIONARY
30469,-0.0497,-1.29,-1.08,STATIONARY
30471,-0.0502,-1.28,-1.09,STATIONARY
30473,-0.0554,-1.28,-1.10,STATIONARY
30475,-0.0539,-1.27,-1.11,STATIONARY
30477,-0.0488,-1.26,-1.12,STATIONARY
30479,-0.0443,-1.24,-1.13,STATIONARY
30481,-0.0511,-1.24,-1.13,STATIONARY
30484,-0.0495,-1.23,-1.14,STATIONARY
30485,-0.0469,-1.22,-1.14,STATIONARY
30487,-0.0563,-1.22,-1.15,STATIONARY
30489,-0.0539,-1.22,-1.15,STATIONARY
30491,-0.0555,-1.23,-1.16,STATIONARY
30493,-0.0522,-1.23,-1.16,STATIONARY
30495,-0.0623,-1.24,-1.17,STATIONARY
30497,-0.0666,-1.27,-1.17,STATIONARY
30500,-0.0640,-1.28,-1.18,STATIONARY
30501,-0.0527,-1.28,-1.19,STATIONARY
30503,-0.0567,-1.28,-1.19,STATIONARY
30505,-0.0598,-1.29,-1.20,STATIONARY
30507,-0.0608,-1.30,-1.20,STATIONARY
30509,-0.0655,-1.31,-1.21,STATIONARY
30511,-0.0745,-1.34,-1.22,STATIONARY
30513,-0.0692,-1.36,-1.23,STATIONARY
30515,-0.0617,-1.37,-1.23,STATIONARY
30518,-0.0697,-1.39,-1.24,STATIONARY
30519,-0.0679,-1.40,-1.25,STATIONARY
30521,-0.0682,-1.42,-1.26,STATIONARY
30523,-0.0663,-1.42,-1.27,STATIONARY
30525,-0.0622,-1.42,-1.28,STATIONARY
30527,-0.0599,-1.42,-1.29,STATIONARY
30529,-0.0596,-1.42,-1.30,STATIONARY
30531,-0.0657,-1.42,-1.30,STATIONARY
30533,-0.0743,-1.45,-1.31,STATIONARY
30535,-0.0792,-1.48,-1.32,STATIONARY
30537,-0.0735,-1.49,-1.33,STATIONARY
30539,-0.0631,-1.49,-1.34,STATIONARY
30542,-0.0588,-1.48,-1.35,STATIONARY
30543,-0.0470,-1.45,-1.36,STATIONARY
30545,-0.0506,-1.42,-1.36,STATIONARY
30548,-0.0552,-1.41,-1.36,STATIONARY
30549,-0.0595,-1.41,-1.37,STATIONARY
30551,-0.0626,-1.41,-1.37,STATIONARY
30554,-0.0579,-1.41,-1.37,STATIONARY
30555,-0.0597,-1.40,-1.37,STATIONARY
30557,-0.0517,-1.39,-1.37,STATIONARY
30559,-0.0535,-1.37,-1.37,STATIONARY
30561,-0.0436,-1.34,-1.37,STATIONARY
30563,-0.0473,-1.32,-1.37,STATIONARY
30565,-0.0478,-1.31,-1.36,STATIONARY
30567,-0.0501,-1.29,-1.36,STATIONARY
30570,-0.0449,-1.27,-1.36,STATIONARY
30571,-0.0445,-1.25,-1.35,STATIONARY
30573,-0.0493,-1.24,-1.34,STATIONARY
30575,-0.0464,-1.23,-1.34,STATIONARY
30577,-0.0434,-1.21,-1.33,STATIONARY
30579,-0.0372,-1.18,-1.32,STATIONARY
30581,-0.0377,-1.16,-1.31,STATIONARY
30583,-0.0375,-1.13,-1.30,STATIONARY
30586,-0.0396,-1.12,-1.29,STATIONARY
30587,-0.0405,-1.10,-1.28,STATIONARY
30589,-0.0373,-1.08,-1.27,STATIONARY
30591,-0.0327,-1.05,-1.25,STATIONARY
30593,-0.0412,-1.05,-1.24,STATIONARY
30596,-0.0426,-1.04,-1.23,STATIONARY
30597,-0.0346,-1.02,-1.22,STATIONARY
30599,-0.0353,-1.00,-1.20,STATIONARY
30602,-0.0397,-1.00,-1.19,STATIONARY
30603,-0.0437,-1.00,-1.18,STATIONARY
30605,-0.0466,-1.00,-1.17,STATIONARY
30607,-0.0463,-1.01,-1.16,STATIONARY
30609,-0.0485,-1.02,-1.15,STATIONARY
30611,-0.0514,-1.03,-1.15,STATIONARY
30613,-0.0453,-1.03,-1.14,STATIONARY
30615,-0.0446,-1.03,-1.13,STATIONARY
30617,-0.0474,-1.04,-1.13,STATIONARY
30619,-0.0391,-1.03,-1.12,STATIONARY
30621,-0.0344,-1.01,-1.11,STATIONARY
30624,-0.0352,-0.99,-1.11,STATIONARY
30625,-0.0298,-0.97,-1.10,STATIONARY
30627,-0.0347,-0.95,-1.09,STATIONARY
30629,-0.0441,-0.96,-1.08,STATIONARY
30631,-0.0400,-0.95,-1.07,STATIONARY
30633,-0.0422,-0.96,-1.07,STATIONARY
30635,-0.0501,-0.97,-1.06,STATIONARY
30637,-0.0487,-0.98,-1.06,STATIONARY
30640,-0.0400,-0.98,-1.05,STATIONARY
30641,-0.0275,-0.95,-1.05,STATIONARY
30643,-0.0251,-0.92,-1.04,STATIONARY
30645,-0.0339,-0.91,-1.03,STATIONARY
30647,-0.0436,-0.92,-1.02,STATIONARY
30649,-0.0530,-0.94,-1.02,STATIONARY
30651,-0.0571,-0.97,-1.02,STATIONARY
30653,-0.0550,-0.99,-1.02,STATIONARY
30656,-0.0537,-1.01,-1.02,STATIONARY
30657,-0.0563,-1.04,-1.02,STATIONARY
30659,-0.0626,-1.07,-1.02,STATIONARY
30661,-0.0605,-1.09,-1.02,STATIONARY
30663,-0.0630,-1.12,-1.03,STATIONARY
30665,-0.0632,-1.15,-1.04,STATIONARY
30667,-0.0564,-1.16,-1.04,STATIONARY
30669,-0.0578,-1.17,-1.05,STATIONARY
30672,-0.0584,-1.19,-1.06,STATIONARY
30673,-0.0586,-1.20,-1.07,STATIONARY
30675,-0.0665,-1.23,-1.08,STATIONARY
30677,-0.0738,-1.26,-1.09,STATIONARY
30679,-0.0696,-1.29,-1.10,STATIONARY
30682,-0.0672,-1.31,-1.11,STATIONARY
30683,-0.0608,-1.32,-1.13,STATIONARY
30685,-0.0520,-1.31,-1.14,STATIONARY
30687,-0.0568,-1.31,-1.15,STATIONARY
30689,-0.0506,-1.30,-1.16,STATIONARY
30691,-0.0451,-1.28,-1.16,STATIONARY
30693,-0.0599,-1.28,-1.17,STATIONARY
30695,-0.0654,-1.30,-1.18,STATIONARY
30698,-0.0665,-1.32,-1.19,STATIONARY
30699,-0.0636,-1.33,-1.19,STATIONARY
30701,-0.0593,-1.33,-1.20,STATIONARY
30703,-0.0553,-1.33,-1.21,STATIONARY
30705,-0.0637,-1.34,-1.22,STATIONARY
30707,-0.0746,-1.37,-1.23,STATIONARY
30710,-0.0738,-1.40,-1.24,STATIONARY
30711,-0.0665,-1.41,-1.25,STATIONARY
30713,-0.0673,-1.42,-1.26,STATIONARY
30715,-0.0599,-1.42,-1.27,STATIONARY
30717,-0.0614,-1.42,-1.28,STATIONARY
30720,-0.0616,-1.42,-1.28,STATIONARY
30721,-0.0638,-1.42,-1.29,STATIONARY
30723,-0.0727,-1.44,-1.30,STATIONARY
30726,-0.0744,-1.46,-1.31,STATIONARY
30727,-0.0736,-1.48,-1.32,STATIONARY
30729,-0.0711,-1.49,-1.33,STATIONARY
30731,-0.0741,-1.51,-1.34,STATIONARY
30733,-0.0741,-1.53,-1.35,STATIONARY
30735,-0.0643,-1.52,-1.36,STATIONARY
30737,-0.0628,-1.52,-1.37,STATIONARY
30739,-0.0667,-1.52,-1.38,STATIONARY
30742,-0.0694,-1.52,-1.39,STATIONARY
30743,-0.0772,-1.54,-1.40,STATIONARY
30746,-0.0730,-1.55,-1.41,STATIONARY
30747,-0.0797,-1.58,-1.42,STATIONARY
30749,-0.0792,-1.60,-1.43,STATIONARY
30751,-0.0823,-1.62,-1.44,STATIONARY
30753,-0.0771,-1.63,-1.45,STATIONARY
30755,-0.0712,-1.63,-1.46,STATIONARY
30758,-0.0727,-1.64,-1.47,STATIONARY
30759,-0.0787,-1.65,-1.48,STATIONARY
30761,-0.0803,-1.67,-1.49,STATIONARY
30763,-0.0755,-1.67,-1.50,STATIONARY
30765,-0.0738,-1.67,-1.51,STATIONARY
30767,-0.0714,-1.67,-1.52,STATIONARY
30769,-0.0728,-1.67,-1.53,STATIONARY
30771,-0.0764,-1.68,-1.54,STATIONARY
30773,-0.0760,-1.68,-1.55,STATIONARY
30775,-0.0682,-1.67,-1.56,STATIONARY
30777,-0.0606,-1.65,-1.56,STATIONARY
30779,-0.0635,-1.64,-1.57,STATIONARY
30781,-0.0590,-1.61,-1.57,STATIONARY
30784,-0.0553,-1.59,-1.57,STATIONARY
30786,-0.0562,-1.56,-1.57,STATIONARY
30787,-0.0610,-1.55,-1.57,STATIONARY
30789,-0.0665,-1.55,-1.57,STATIONARY
30791,-0.0577,-1.53,-1.57,STATIONARY
30793,-0.0513,-1.50,-1.56,STATIONARY
30796,-0.0504,-1.48,-1.56,STATIONARY
30797,-0.0496,-1.45,-1.55,STATIONARY
30800,-0.0426,-1.41,-1.54,STATIONARY
30801,-0.0455,-1.38,-1.53,STATIONARY
30803,-0.0465,-1.36,-1.52,STATIONARY
30806,-0.0400,-1.32,-1.51,STATIONARY
30807,-0.0401,-1.29,-1.50,STATIONARY
30809,-0.0437,-1.27,-1.48,STATIONARY
30812,-0.0342,-1.23,-1.47,STATIONARY
30813,-0.0394,-1.20,-1.45,STATIONARY
30815,-0.0393,-1.18,-1.44,STATIONARY
30817,-0.0414,-1.16,-1.42,STATIONARY
30819,-0.0341,-1.13,-1.40,STATIONARY
30821,-0.0340,-1.10,-1.39,STATIONARY
30823,-0.0442,-1.10,-1.37,STATIONARY
30825,-0.0421,-1.09,-1.35,STATIONARY
30828,-0.0358,-1.06,-1.33,STATIONARY
30829,-0.0390,-1.05,-1.32,STATIONARY
30831,-0.0448,-1.05,-1.30,STATIONARY
30833,-0.0406,-1.04,-1.29,STATIONARY
30835,-0.0380,-1.03,-1.27,STATIONARY
30837,-0.0321,-1.00,-1.26,STATIONARY
30839,-0.0248,-0.97,-1.24,STATIONARY
30841,-0.0333,-0.95,-1.22,STATIONARY
30843,-0.0355,-0.94,-1.21,STATIONARY
30845,-0.0312,-0.92,-1.19,STATIONARY
30847,-0.0273,-0.90,-1.17,STATIONARY
30849,-0.0286,-0.88,-1.15,STATIONARY
30851,-0.0386,-0.88,-1.14,STATIONARY
30854,-0.0343,-0.87,-1.12,STATIONARY
30855,-0.0257,-0.85,-1.11,STATIONARY
30857,-0.0315,-0.84,-1.09,STATIONARY
30860,-0.0382,-0.84,-1.08,STATIONARY
30861,-0.0275,-0.83,-1.06,STATIONARY
30863,-0.0184,-0.80,-1.05,STATIONARY
30865,-0.0188,-0.77,-1.03,STATIONARY
30867,-0.0251,-0.75,-1.01,STATIONARY
30869,-0.0287,-0.74,-1.00,STATIONARY
30871,-0.0224,-0.73,-0.98,STATIONARY
30873,-0.0202,-0.70,-0.96,STATIONARY
30875,-0.0159,-0.68,-0.95,STATIONARY
30877,-0.0199,-0.66,-0.93,STATIONARY
30879,-0.0161,-0.64,-0.91,STATIONARY
30881,-0.0266,-0.63,-0.90,STATIONARY
30883,-0.0237,-0.63,-0.88,STATIONARY
30885,-0.0264,-0.63,-0.87,STATIONARY
30887,-0.0223,-0.62,-0.85,STATIONARY
30889,-0.0176,-0.60,-0.84,STATIONARY
30892,-0.0222,-0.59,-0.82,STATIONARY
30893,-0.0256,-0.59,-0.81,STATIONARY
30895,-0.0270,-0.59,-0.80,STATIONARY
30897,-0.0239,-0.59,-0.78,STATIONARY
30899,-0.0197,-0.58,-0.77,STATIONARY
30902,-0.0086,-0.55,-0.76,STATIONARY
30903,-0.0170,-0.54,-0.75,STATIONARY
30905,-0.0209,-0.53,-0.73,STATIONARY
30907,-0.0172,-0.52,-0.72,STATIONARY
30909,-0.0091,-0.50,-0.71,STATIONARY
30911,-0.0043,-0.46,-0.69,STATIONARY
30913,-0.0012,-0.43,-0.68,STATIONARY
30915,-0.0060,-0.41,-0.66,STATIONARY
30918,-0.0035,-0.38,-0.64,STATIONARY
30919,0.0037,-0.34,-0.63,STATIONARY
30921,-0.0088,-0.33,-0.61,STATIONARY
30924,-0.0248,-0.35,-0.59,STATIONARY
30925,-0.0229,-0.36,-0.58,STATIONARY
30927,-0.0174,-0.37,-0.57,STATIONARY
30929,-0.0203,-0.38,-0.56,STATIONARY
30931,-0.0243,-0.39,-0.55,STATIONARY
30933,-0.0203,-0.40,-0.54,STATIONARY
30935,-0.0169,-0.40,-0.53,STATIONARY
30937,-0.0143,-0.39,-0.52,STATIONARY
30939,-0.0062,-0.37,-0.51,STATIONARY
30941,-0.0012,-0.34,-0.50,STATIONARY
30943,-0.0076,-0.33,-0.49,STATIONARY
30945,-0.0159,-0.33,-0.48,STATIONARY
30947,-0.0177,-0.34,-0.47,STATIONARY
30949,-0.0101,-0.33,-0.47,STATIONARY
30951,-0.0085,-0.32,-0.46,STATIONARY
30953,-0.0071,-0.31,-0.45,STATIONARY
30956,-0.0102,-0.30,-0.44,STATIONARY
30957,-0.0083,-0.29,-0.43,STATIONARY
30959,-0.0023,-0.27,-0.42,STATIONARY
30961,0.0072,-0.24,-0.41,STATIONARY
30963,0.0042,-0.21,-0.40,STATIONARY
30965,0.0025,-0.19,-0.39,STATIONARY
30968,-0.0022,-0.18,-0.37,STATIONARY
30969,-0.0024,-0.17,-0.36,STATIONARY
30971,-0.0062,-0.17,-0.35,STATIONARY
30973,-0.0007,-0.15,-0.34,STATIONARY
30975,-0.0007,-0.14,-0.33,STATIONARY
30977,-0.0096,-0.15,-0.32,STATIONARY
30979,-0.0067,-0.15,-0.31,STATIONARY
30981,-0.0040,-0.15,-0.30,STATIONARY
30984,-0.0006,-0.14,-0.29,STATIONARY
30986,0.0109,-0.10,-0.28,STATIONARY
30987,0.0121,-0.07,-0.26,STATIONARY
30989,0.0149,-0.04,-0.25,STATIONARY
30991,0.0139,-0.01,-0.24,STATIONARY
30994,0.0077,0.00,-0.22,STATIONARY
30995,0.0070,0.02,-0.21,STATIONARY
30997,0.0058,0.03,-0.20,STATIONARY
31000,0.0095,0.04,-0.18,STATIONARY
31001,0.0127,0.06,-0.17,STATIONARY
31003,0.0186,0.09,-0.15,STATIONARY
31005,0.0272,0.13,-0.13,STATIONARY
31007,0.0166,0.15,-0.12,STATIONARY
31009,0.0110,0.16,-0.10,STATIONARY
31011,0.0152,0.18,-0.08,STATIONARY
31013,0.0108,0.18,-0.07,STATIONARY
31015,0.0058,0.18,-0.05,STATIONARY
31018,0.0045,0.17,-0.04,STATIONARY
31019,0.0005,0.16,-0.03,STATIONARY
31021,0.0041,0.15,-0.02,STATIONARY
31023,0.0086,0.16,-0.01,STATIONARY
31025,0.0177,0.18,0.00,STATIONARY
31027,0.0139,0.19,0.01,STATIONARY
31029,0.0074,0.19,0.02,STATIONARY
31031,0.0086,0.19,0.03,STATIONARY
31033,0.0095,0.19,0.04,STATIONARY
31035,0.0092,0.19,0.05,STATIONARY
31038,0.0072,0.19,0.06,STATIONARY
31039,0.0146,0.20,0.07,STATIONARY
31041,0.0145,0.21,0.08,STATIONARY
31044,0.0143,0.22,0.09,STATIONARY
31045,0.0151,0.23,0.09,STATIONARY
31048,0.0103,0.23,0.10,STATIONARY
31049,0.0182,0.25,0.11,STATIONARY
31051,0.0056,0.24,0.12,STATIONARY
31054,0.0042,0.23,0.12,STATIONARY
31055,0.0074,0.22,0.13,STATIONARY
31057,0.0137,0.23,0.14,STATIONARY
31059,0.0170,0.24,0.14,STATIONARY
31061,0.0058,0.23,0.15,STATIONARY
31064,0.0085,0.23,0.15,STATIONARY
31065,0.0136,0.24,0.16,STATIONARY
31067,0.0027,0.22,0.16,STATIONARY
31070,-0.0051,0.20,0.16,STATIONARY
31071,-0.0212,0.14,0.16,STATIONARY
31073,-0.0413,0.05,0.16,STATIONARY
31075,-0.0475,-0.04,0.14,STATIONARY
31077,-0.0645,-0.15,0.13,STATIONARY
31079,-0.0853,-0.30,0.10,STATIONARY
31081,-0.0949,-0.45,0.07,STATIONARY
31084,-0.0990,-0.60,0.03,STATIONARY
31086,-0.0939,-0.72,-0.01,STATIONARY
31087,-0.0877,-0.82,-0.06,STATIONARY
31089,-0.0736,-0.89,-0.11,STATIONARY
31091,-0.0509,-0.92,-0.16,STATIONARY
31093,-0.0464,-0.93,-0.20,STATIONARY
31095,-0.0319,-0.91,-0.25,STATIONARY
31097,-0.0178,-0.87,-0.28,STATIONARY
31099,0.0115,-0.78,-0.31,STATIONARY
31102,0.0226,-0.68,-0.33,STATIONARY
31103,0.0355,-0.56,-0.35,STATIONARY
31105,0.0618,-0.40,-0.35,STATIONARY
31107,0.0820,-0.22,-0.34,STATIONARY
31109,0.0921,-0.03,-0.32,STATIONARY
31111,0.0974,0.15,-0.30,STATIONARY
31113,0.0926,0.31,-0.26,STATIONARY
31115,0.0930,0.46,-0.22,STATIONARY
31117,0.0826,0.57,-0.17,STATIONARY
31119,0.0664,0.65,-0.12,STATIONARY
31121,0.0379,0.67,-0.08,STATIONARY
31123,0.0238,0.66,-0.03,STATIONARY
31125,0.0144,0.63,0.01,STATIONARY
31127,0.0104,0.60,0.04,STATIONARY
31129,0.0105,0.57,0.07,STATIONARY
31131,0.0325,0.58,0.10,STATIONARY
31133,0.0522,0.63,0.13,STATIONARY
31135,0.0688,0.71,0.17,STATIONARY
31137,0.0936,0.83,0.21,STATIONARY
31140,0.1266,1.08,0.26,STATIONARY
31141,0.1422,1.36,0.32,STATIONARY
31144,0.1490,1.66,0.40,STATIONARY
31145,0.1482,1.96,0.50,STATIONARY
31147,0.1572,2.27,0.60,STATIONARY
31149,0.1490,2.57,0.72,STATIONARY
31151,0.1456,2.86,0.84,STATIONARY
31153,0.1388,3.14,0.98,STATIONARY
31156,0.1303,3.40,1.12,STATIONARY
31157,0.1198,3.64,1.27,STATIONARY
31159,0.1065,3.85,1.42,STATIONARY
31161,0.0984,3.72,1.56,STATIONARY
31163,0.0965,3.60,1.68,STATIONARY
31166,0.0914,3.48,1.79,STATIONARY
31167,0.0925,3.38,1.88,STATIONARY
31169,0.0930,3.28,1.96,STATIONARY
31171,0.0943,3.19,2.04,STATIONARY
31173,0.1021,3.39,2.12,STATIONARY
31175,0.1244,3.64,2.21,STATIONARY
31177,0.1407,3.92,2.31,STATIONARY
31179,0.1630,4.25,2.42,STATIONARY
31181,0.1805,4.61,2.55,STATIONARY
31183,0.1901,4.99,2.70,STATIONARY
31186,0.1850,5.36,2.85,STATIONARY
31188,0.1649,5.69,3.02,STATIONARY
31189,0.1471,5.98,3.20,STATIONARY
31191,0.1330,6.25,3.38,STATIONARY
31193,0.1171,6.48,3.56,STATIONARY
31196,0.1074,6.70,3.75,STATIONARY
31198,0.1087,6.92,3.93,STATIONARY
31199,0.1110,7.14,4.12,STATIONARY
31201,0.1149,7.37,4.31,STATIONARY
31203,0.1216,7.61,4.51,STATIONARY
31205,0.1315,7.87,4.71,STATIONARY
31207,0.1486,8.17,4.91,STATIONARY
31209,0.1516,8.47,5.12,STATIONARY
31211,0.1508,8.78,5.34,STATIONARY
31213,0.1280,9.03,5.56,STATIONARY
31215,0.1076,9.25,5.78,STATIONARY
31217,0.0947,8.68,5.95,STATIONARY
31219,0.0816,8.14,6.08,STATIONARY
31221,0.0745,7.62,6.17,STATIONARY
31223,0.0703,7.14,6.23,STATIONARY
31226,0.0646,6.69,6.25,STATIONARY
31227,0.0664,6.28,6.26,STATIONARY
31229,0.0685,5.90,6.23,STATIONARY
31231,0.0673,5.55,6.19,STATIONARY
31233,0.0710,5.24,6.14,STATIONARY
31235,0.0675,4.94,6.07,STATIONARY
31237,0.0601,4.66,5.98,STATIONARY
31239,0.0478,4.37,5.89,STATIONARY
31242,0.0415,4.10,5.78,STATIONARY
31243,0.0325,3.83,5.67,STATIONARY
31245,0.0376,3.60,5.55,STATIONARY
31247,0.0437,3.39,5.42,STATIONARY
31249,0.0483,3.21,5.29,STATIONARY
31251,0.0564,3.05,5.15,STATIONARY
31253,0.0516,2.90,5.02,STATIONARY
31255,0.0500,2.76,4.89,STATIONARY
31258,0.0558,2.64,4.76,STATIONARY
31259,0.0470,2.52,4.62,STATIONARY
31261,0.0265,2.37,4.49,STATIONARY
31263,0.0163,2.21,4.36,STATIONARY
31265,0.0107,2.05,4.22,STATIONARY
31267,0.0017,1.89,4.08,STATIONARY
31269,0.0097,1.76,3.94,STATIONARY
31271,0.0098,1.63,3.81,STATIONARY
31273,0.0263,1.55,3.67,STATIONARY
31275,0.0372,1.50,3.55,STATIONARY
31277,0.0368,1.44,3.42,STATIONARY
31279,0.0443,1.41,3.30,STATIONARY
31281,0.0467,1.38,3.19,STATIONARY
31283,0.0419,1.35,3.08,STATIONARY
31285,0.0217,1.28,2.97,STATIONARY
31287,0.0114,1.20,2.87,STATIONARY
31289,0.0007,1.11,2.76,STATIONARY
31291,0.0003,1.02,2.66,STATIONARY
31293,0.0029,0.94,2.56,STATIONARY
31295,0.0108,0.89,2.46,STATIONARY
31297,0.0168,0.85,2.37,STATIONARY
31300,0.0276,0.83,2.27,STATIONARY
31301,0.0366,0.83,2.19,STATIONARY
31303,0.0361,0.83,2.11,STATIONARY
31306,0.0481,0.85,2.03,STATIONARY
31307,0.0468,0.87,1.97,STATIONARY
31309,0.0438,0.88,1.90,STATIONARY
31311,0.0359,0.88,1.84,STATIONARY
31313,0.0452,0.89,1.78,STATIONARY
31315,0.0597,0.93,1.73,STATIONARY
31317,0.0684,0.98,1.69,STATIONARY
31319,0.0714,1.03,1.65,STATIONARY
31321,0.0762,1.09,1.62,STATIONARY
31323,0.0771,1.15,1.59,STATIONARY
31325,0.0715,1.18,1.57,STATIONARY
31328,0.0577,1.20,1.54,STATIONARY
31329,0.0632,1.22,1.52,STATIONARY
31331,0.0633,1.24,1.51,STATIONARY
31333,0.0437,1.22,1.49,STATIONARY
31335,0.0428,1.20,1.47,STATIONARY
31337,0.0461,1.19,1.46,STATIONARY
31340,0.0510,1.19,1.44,STATIONARY
31341,0.0571,1.20,1.43,STATIONARY
31344,0.0641,1.22,1.41,STATIONARY
31345,0.0722,1.25,1.40,STATIONARY
31347,0.0650,1.27,1.40,STATIONARY
31349,0.0681,1.30,1.39,STATIONARY
31351,0.0775,1.34,1.39,STATIONARY
31354,0.0770,1.37,1.39,STATIONARY
31355,0.0676,1.39,1.39,STATIONARY
31357,0.0672,1.40,1.39,STATIONARY
31360,0.0587,1.39,1.39,STATIONARY
31361,0.0533,1.38,1.39,STATIONARY
31364,0.0603,1.38,1.39,STATIONARY
31365,0.0621,1.39,1.39,STATIONARY
31367,0.0647,1.39,1.39,STATIONARY
31369,0.0588,1.39,1.39,STATIONARY
31371,0.0565,1.38,1.39,STATIONARY
31373,0.0466,1.36,1.39,STATIONARY
31375,0.0311,1.31,1.38,STATIONARY
31377,0.0227,1.24,1.37,STATIONARY
31379,0.0254,1.19,1.36,STATIONARY
31381,0.0280,1.15,1.35,STATIONARY
31383,0.0362,1.12,1.34,STATIONARY
31386,0.0491,1.12,1.32,STATIONARY
31387,0.0692,1.16,1.31,STATIONARY
31389,0.0828,1.22,1.31,STATIONARY
31391,0.0844,1.28,1.31,STATIONARY
31393,0.0888,1.34,1.31,STATIONARY
31395,0.0867,1.39,1.31,STATIONARY
31398,0.0830,1.43,1.32,STATIONARY
31399,0.0721,1.45,1.33,STATIONARY
31402,0.0619,1.45,1.33,STATIONARY
31403,0.0540,1.43,1.34,STATIONARY
31405,0.0457,1.40,1.34,STATIONARY
31407,0.0420,1.37,1.35,STATIONARY
31409,0.0489,1.35,1.35,STATIONARY
31411,0.0431,1.32,1.34,STATIONARY
31413,0.0418,1.29,1.34,STATIONARY
31415,0.0444,1.27,1.34,STATIONARY
31417,0.0442,1.25,1.33,STATIONARY
31419,0.0480,1.24,1.33,STATIONARY
31421,0.0515,1.23,1.32,STATIONARY
31424,0.0542,1.23,1.32,STATIONARY
31425,0.0512,1.23,1.31,STATIONARY
31427,0.0524,1.23,1.31,STATIONARY
31429,0.0552,1.23,1.30,STATIONARY
31431,0.0587,1.24,1.30,STATIONARY
31433,0.0662,1.26,1.30,STATIONARY
31435,0.0569,1.27,1.29,STATIONARY
31437,0.0503,1.26,1.29,STATIONARY
31439,0.0565,1.26,1.29,STATIONARY
31441,0.0565,1.26,1.29,STATIONARY
31444,0.0544,1.26,1.29,STATIONARY
31446,0.0324,1.22,1.28,STATIONARY
31447,0.0242,1.17,1.28,STATIONARY
31449,0.0243,1.12,1.27,STATIONARY
31451,0.0343,1.09,1.26,STATIONARY
31453,0.0314,1.06,1.25,STATIONARY
31455,0.0227,1.02,1.23,STATIONARY
31457,0.0265,0.99,1.22,STATIONARY
31459,0.0297,0.96,1.20,STATIONARY
31461,0.0292,0.94,1.19,STATIONARY
31464,0.0311,0.92,1.17,STATIONARY
31465,0.0401,0.92,1.16,STATIONARY
31467,0.0392,0.92,1.14,STATIONARY
31469,0.0371,0.92,1.13,STATIONARY
31471,0.0398,0.92,1.12,STATIONARY
31473,0.0431,0.92,1.11,STATIONARY
31475,0.0410,0.92,1.09,STATIONARY
31477,0.0158,0.88,1.08,STATIONARY
31479,0.0144,0.83,1.07,STATIONARY
31481,0.0157,0.80,1.05,STATIONARY
31484,0.0200,0.77,1.03,STATIONARY
31485,0.0231,0.75,1.02,STATIONARY
31487,0.0195,0.73,1.00,STATIONARY
31489,0.0207,0.71,0.98,STATIONARY
31491,0.0319,0.71,0.97,STATIONARY
31493,0.0340,0.71,0.95,STATIONARY
31495,0.0382,0.73,0.94,STATIONARY
31497,0.0430,0.75,0.93,STATIONARY
31500,0.0442,0.77,0.92,STATIONARY
31501,0.0442,0.79,0.91,STATIONARY
31503,0.0351,0.79,0.90,STATIONARY
31506,0.0289,0.78,0.90,STATIONARY
31507,0.0277,0.77,0.89,STATIONARY
31509,0.0261,0.76,0.88,STATIONARY
31511,0.0263,0.74,0.87,STATIONARY
31513,0.0155,0.71,0.86,STATIONARY
31515,0.0108,0.68,0.85,STATIONARY
31518,0.0179,0.65,0.84,STATIONARY
31519,0.0143,0.63,0.83,STATIONARY
31521,0.0206,0.62,0.82,STATIONARY
31523,0.0207,0.60,0.80,STATIONARY
31526,0.0328,0.62,0.79,STATIONARY
31527,0.0394,0.64,0.78,STATIONARY
31529,0.0468,0.67,0.78,STATIONARY
31531,0.0488,0.71,0.77,STATIONARY
31533,0.0506,0.75,0.77,STATIONARY
31535,0.0427,0.77,0.77,STATIONARY
31537,0.0327,0.76,0.77,STATIONARY
31539,0.0191,0.74,0.77,STATIONARY
31541,0.0238,0.72,0.77,STATIONARY
31543,0.0244,0.71,0.76,STATIONARY
31545,0.0299,0.71,0.76,STATIONARY
31547,0.0269,0.70,0.76,STATIONARY
31549,0.0145,0.67,0.75,STATIONARY
31551,0.0095,0.64,0.74,STATIONARY
31554,0.0114,0.61,0.74,STATIONARY
31555,0.0058,0.57,0.73,STATIONARY
31557,0.0034,0.53,0.71,STATIONARY
31559,0.0039,0.49,0.70,STATIONARY
31561,0.0104,0.47,0.69,STATIONARY
31564,0.0223,0.48,0.68,STATIONARY
31565,0.0221,0.48,0.66,STATIONARY
31567,0.0120,0.46,0.65,STATIONARY
31570,0.0165,0.46,0.64,STATIONARY
31571,0.0232,0.46,0.63,STATIONARY
31573,0.0257,0.47,0.62,STATIONARY
31575,0.0251,0.48,0.61,STATIONARY
31577,0.0226,0.48,0.60,STATIONARY
31579,0.0237,0.49,0.60,STATIONARY
31581,0.0205,0.49,0.59,STATIONARY
31583,0.0246,0.49,0.59,STATIONARY
31586,0.0169,0.49,0.58,STATIONARY
31587,0.0238,0.49,0.57,STATIONARY
31590,0.0321,0.51,0.57,STATIONARY
31591,0.0309,0.53,0.57,STATIONARY
31593,0.0224,0.53,0.57,STATIONARY
31596,0.0187,0.52,0.56,STATIONARY
31597,0.0314,0.53,0.56,STATIONARY
31599,0.0451,0.57,0.56,STATIONARY
31602,0.0596,0.64,0.57,STATIONARY
31603,0.0564,0.69,0.57,STATIONARY
31605,0.0544,0.74,0.58,STATIONARY
31607,0.0497,0.77,0.59,STATIONARY
31609,0.0496,0.80,0.61,STATIONARY
31611,0.0415,0.81,0.62,STATIONARY
31613,0.0437,0.83,0.63,STATIONARY
31615,0.0509,0.85,0.64,STATIONARY
31617,0.0497,0.88,0.66,STATIONARY
31619,0.0588,0.91,0.67,STATIONARY
31621,0.0531,0.94,0.69,STATIONARY
31623,0.0458,0.95,0.70,STATIONARY
31625,0.0442,0.95,0.72,STATIONARY
31627,0.0448,0.96,0.73,STATIONARY
31629,0.0362,0.95,0.75,STATIONARY
31631,0.0309,0.93,0.76,STATIONARY
31633,0.0300,0.91,0.77,STATIONARY
31635,0.0322,0.90,0.77,STATIONARY
31637,0.0340,0.89,0.78,STATIONARY
31640,0.0365,0.88,0.79,STATIONARY
31641,0.0408,0.89,0.79,STATIONARY
31644,0.0428,0.90,0.80,STATIONARY
31645,0.0482,0.91,0.81,STATIONARY
31647,0.0416,0.92,0.81,STATIONARY
31649,0.0405,0.92,0.82,STATIONARY
31651,0.0355,0.91,0.82,STATIONARY
31653,0.0222,0.88,0.83,STATIONARY
31656,0.0180,0.84,0.83,STATIONARY
31657,0.0149,0.80,0.83,STATIONARY
31659,0.0167,0.77,0.82,STATIONARY
31661,0.0169,0.74,0.82,STATIONARY
31663,0.0128,0.70,0.81,STATIONARY
31665,0.0004,0.65,0.80,STATIONARY
31667,0.0038,0.60,0.79,STATIONARY
31669,0.0055,0.56,0.78,STATIONARY
31672,0.0068,0.53,0.76,STATIONARY
31673,0.0033,0.49,0.75,STATIONARY
31675,0.0050,0.46,0.73,STATIONARY
31677,0.0075,0.44,0.71,STATIONARY
31679,0.0148,0.43,0.70,STATIONARY
31681,0.0251,0.44,0.68,STATIONARY
31683,0.0284,0.46,0.67,STATIONARY
31685,0.0292,0.48,0.66,STATIONARY
31687,0.0266,0.49,0.65,STATIONARY
31689,0.0221,0.49,0.64,STATIONARY
31691,0.0211,0.49,0.63,STATIONARY
31693,0.0197,0.49,0.62,STATIONARY
31695,0.0209,0.49,0.61,STATIONARY
31697,0.0151,0.48,0.60,STATIONARY
31699,0.0085,0.45,0.60,STATIONARY
31701,0.0079,0.43,0.59,STATIONARY
31703,0.0123,0.42,0.58,STATIONARY
31705,0.0126,0.41,0.57,STATIONARY
31707,0.0146,0.40,0.56,STATIONARY
31709,0.0153,0.40,0.55,STATIONARY
31711,0.0080,0.38,0.54,STATIONARY
31713,0.0088,0.37,0.53,STATIONARY
31715,0.0133,0.36,0.52,STATIONARY
31717,0.0158,0.36,0.51,STATIONARY
31720,0.0157,0.36,0.50,STATIONARY
31721,0.0189,0.37,0.49,STATIONARY
31723,0.0228,0.38,0.49,STATIONARY
31726,0.0187,0.38,0.48,STATIONARY
31727,0.0183,0.39,0.47,STATIONARY
31729,0.0190,0.39,0.47,STATIONARY
31731,0.0291,0.41,0.47,STATIONARY
31733,0.0274,0.43,0.46,STATIONARY
31735,0.0181,0.43,0.46,STATIONARY
31737,0.0172,0.43,0.46,STATIONARY
31739,0.0158,0.42,0.46,STATIONARY
31742,0.0241,0.43,0.46,STATIONARY
31743,0.0186,0.43,0.45,STATIONARY
31745,0.0101,0.42,0.45,STATIONARY
31747,0.0125,0.41,0.45,STATIONARY
31749,0.0123,0.40,0.45,STATIONARY
31751,0.0172,0.40,0.44,STATIONARY
31753,0.0213,0.40,0.44,STATIONARY
31755,0.0286,0.42,0.44,STATIONARY
31758,0.0292,0.44,0.44,STATIONARY
31759,0.0094,0.43,0.44,STATIONARY
31761,0.0076,0.41,0.44,STATIONARY
31764,0.0057,0.38,0.43,STATIONARY
31765,0.0052,0.36,0.43,STATIONARY
31767,0.0133,0.36,0.43,STATIONARY
31769,0.0207,0.37,0.42,STATIONARY
31771,0.0221,0.38,0.42,STATIONARY
31774,0.0201,0.39,0.42,STATIONARY
31775,0.0211,0.39,0.42,STATIONARY
31777,0.0338,0.42,0.42,STATIONARY
31779,0.0335,0.45,0.42,STATIONARY
31781,0.0281,0.47,0.42,STATIONARY
31784,0.0292,0.48,0.43,STATIONARY
31786,0.0300,0.50,0.43,STATIONARY
31787,0.0304,0.52,0.43,STATIONARY
31789,0.0297,0.53,0.44,STATIONARY
31791,0.0286,0.54,0.45,STATIONARY
31793,0.0293,0.55,0.45,STATIONARY
31796,0.0301,0.56,0.46,STATIONARY
31797,0.0146,0.54,0.46,STATIONARY
31800,0.0075,0.51,0.47,STATIONARY
31801,0.0176,0.51,0.47,STATIONARY
31803,0.0178,0.50,0.47,STATIONARY
31805,0.0092,0.47,0.47,STATIONARY
31807,0.0148,0.46,0.47,STATIONARY
31809,0.0267,0.48,0.47,STATIONARY
31812,0.0302,0.49,0.47,STATIONARY
31813,0.0270,0.50,0.47,STATIONARY
31815,0.0259,0.51,0.48,STATIONARY
31817,0.0287,0.52,0.48,STATIONARY
31819,0.0241,0.53,0.48,STATIONARY
31822,0.0452,0.57,0.49,STATIONARY
31823,0.0536,0.62,0.49,STATIONARY
31825,0.0486,0.66,0.50,STATIONARY
31828,0.0413,0.68,0.52,STATIONARY
31829,0.0239,0.67,0.52,STATIONARY
31831,0.0252,0.67,0.53,STATIONARY
31833,0.0198,0.65,0.54,STATIONARY
31835,0.0167,0.63,0.54,STATIONARY
31837,0.0198,0.61,0.55,STATIONARY
31839,0.0302,0.62,0.55,STATIONARY
31841,0.0355,0.64,0.56,STATIONARY
31844,0.0273,0.64,0.56,STATIONARY
31845,0.0229,0.63,0.57,STATIONARY
31847,0.0234,0.62,0.57,STATIONARY
31849,0.0268,0.62,0.57,STATIONARY
31851,0.0343,0.63,0.58,STATIONARY
31854,0.0372,0.65,0.58,STATIONARY
31855,0.0219,0.64,0.58,STATIONARY
31857,0.0137,0.61,0.59,STATIONARY
31859,0.0188,0.60,0.59,STATIONARY
31861,0.0264,0.60,0.59,STATIONARY
31863,0.0192,0.59,0.59,STATIONARY
31865,0.0141,0.57,0.59,STATIONARY
31867,0.0043,0.53,0.58,STATIONARY
31869,0.0057,0.50,0.58,STATIONARY
31871,0.0027,0.46,0.57,STATIONARY
31873,0.0014,0.43,0.56,STATIONARY
31875,0.0020,0.40,0.55,STATIONARY
31877,0.0056,0.38,0.54,STATIONARY
31879,0.0000,0.35,0.53,STATIONARY
31881,0.0091,0.33,0.52,STATIONARY
31883,0.0089,0.32,0.51,STATIONARY
31886,0.0113,0.32,0.50,STATIONARY
31887,0.0100,0.31,0.49,STATIONARY
31889,0.0067,0.30,0.47,STATIONARY
31891,0.0000,0.28,0.46,STATIONARY
31893,0.0007,0.25,0.45,STATIONARY
31895,-0.0006,0.23,0.44,STATIONARY
31897,-0.0094,0.20,0.42,STATIONARY
31899,-0.0117,0.16,0.41,STATIONARY
31902,0.0028,0.15,0.39,STATIONARY
31903,0.0107,0.16,0.38,STATIONARY
31905,0.0104,0.17,0.37,STATIONARY
31907,0.0027,0.16,0.35,STATIONARY
31909,-0.0081,0.13,0.34,STATIONARY
31911,0.0038,0.13,0.33,STATIONARY
31913,0.0073,0.13,0.32,STATIONARY
31915,0.0067,0.13,0.31,STATIONARY
31918,0.0134,0.15,0.30,STATIONARY
31919,0.0192,0.17,0.29,STATIONARY
31921,0.0174,0.19,0.28,STATIONARY
31924,0.0231,0.22,0.28,STATIONARY
31925,0.0204,0.24,0.28,STATIONARY
31927,0.0197,0.25,0.27,STATIONARY
31930,0.0124,0.26,0.27,STATIONARY
31931,0.0058,0.25,0.27,STATIONARY
31933,0.0056,0.24,0.27,STATIONARY
31935,0.0185,0.25,0.27,STATIONARY
31937,0.0226,0.27,0.27,STATIONARY
31940,0.0223,0.29,0.27,STATIONARY
31941,0.0188,0.30,0.27,STATIONARY
31943,0.0173,0.31,0.27,STATIONARY
31946,0.0206,0.32,0.28,STATIONARY
31947,0.0229,0.34,0.28,STATIONARY
31949,0.0207,0.35,0.29,STATIONARY
31951,0.0256,0.37,0.29,STATIONARY
31953,0.0265,0.39,0.30,STATIONARY
31955,0.0278,0.41,0.30,STATIONARY
31957,0.0345,0.44,0.31,STATIONARY
31959,0.0268,0.45,0.32,STATIONARY
31962,0.0204,0.46,0.33,STATIONARY
31963,0.0222,0.46,0.34,STATIONARY
31965,0.0280,0.47,0.34,STATIONARY
31967,0.0269,0.49,0.35,STATIONARY
31969,0.0238,0.49,0.36,STATIONARY
31971,0.0185,0.49,0.37,STATIONARY
31973,0.0190,0.48,0.37,STATIONARY
31975,0.0140,0.47,0.38,STATIONARY
31977,0.0110,0.45,0.38,STATIONARY
31979,0.0062,0.43,0.39,STATIONARY
31981,0.0150,0.42,0.39,STATIONARY
31984,0.0133,0.41,0.39,STATIONARY
31986,0.0089,0.39,0.39,STATIONARY
31988,0.0169,0.39,0.39,STATIONARY
31989,0.0255,0.41,0.39,STATIONARY
31991,0.0196,0.41,0.39,STATIONARY
31994,0.0209,0.42,0.39,STATIONARY
31995,0.0183,0.42,0.40,STATIONARY
31997,0.0129,0.41,0.40,STATIONARY
32000,0.0229,0.42,0.40,STATIONARY
32002,0.0270,0.43,0.40,STATIONARY
32004,0.0293,0.45,0.40,STATIONARY
32005,0.0243,0.46,0.41,STATIONARY
32007,0.0116,0.45,0.41,STATIONARY
32009,0.0116,0.43,0.41,STATIONARY
32011,0.0155,0.43,0.41,STATIONARY
32013,0.0290,0.45,0.41,STATIONARY
32016,0.0295,0.46,0.42,STATIONARY
32018,0.0279,0.48,0.42,STATIONARY
32019,0.0240,0.48,0.42,STATIONARY
32021,0.0228,0.49,0.43,STATIONARY
32023,0.0308,0.50,0.43,STATIONARY
32025,0.0345,0.53,0.44,STATIONARY
32027,0.0327,0.55,0.44,STATIONARY
32029,0.0367,0.57,0.45,STATIONARY
32031,0.0325,0.58,0.46,STATIONARY
32033,0.0174,0.57,0.47,STATIONARY
32035,0.0133,0.55,0.47,STATIONARY
32037,0.0232,0.55,0.48,STATIONARY
32039,0.0288,0.56,0.48,STATIONARY
32041,0.0242,0.56,0.48,STATIONARY
32043,0.0254,0.56,0.49,STATIONARY
32045,0.0119,0.54,0.49,STATIONARY
32048,0.0110,0.51,0.49,STATIONARY
32049,0.0125,0.50,0.49,STATIONARY
32051,0.0139,0.48,0.49,STATIONARY
32053,0.0179,0.48,0.49,STATIONARY
32055,0.0146,0.46,0.49,STATIONARY
32057,0.0168,0.46,0.49,STATIONARY
32059,0.0232,0.46,0.49,STATIONARY
32061,0.0152,0.45,0.48,STATIONARY
32064,0.0056,0.43,0.48,STATIONARY
32065,0.0073,0.41,0.48,STATIONARY
32067,-0.0013,0.37,0.47,STATIONARY
32070,-0.0007,0.34,0.46,STATIONARY
32071,0.0032,0.32,0.45,STATIONARY
32073,0.0096,0.31,0.45,STATIONARY
32075,0.0159,0.32,0.44,STATIONARY
32077,0.0141,0.32,0.43,STATIONARY
32079,0.0184,0.33,0.43,STATIONARY
32081,0.0203,0.34,0.42,STATIONARY
32083,0.0111,0.33,0.41,STATIONARY
32086,0.0042,0.31,0.41,STATIONARY
32087,0.0041,0.29,0.40,STATIONARY
32089,0.0133,0.30,0.40,STATIONARY
32091,0.0176,0.30,0.39,STATIONARY
32093,0.0028,0.28,0.38,STATIONARY
32095,0.0017,0.27,0.38,STATIONARY
32097,0.0073,0.26,0.37,STATIONARY
32099,0.0050,0.25,0.36,STATIONARY
32102,0.0047,0.23,0.35,STATIONARY
32103,0.0002,0.22,0.35,STATIONARY
32105,0.0029,0.20,0.34,STATIONARY
32107,0.0131,0.21,0.33,STATIONARY
32109,0.0114,0.22,0.32,STATIONARY
32111,0.0166,0.23,0.32,STATIONARY
32113,0.0238,0.25,0.31,STATIONARY
32115,0.0241,0.28,0.31,STATIONARY
32117,0.0169,0.29,0.31,STATIONARY
32119,0.0043,0.27,0.31,STATIONARY
32121,0.0021,0.25,0.31,STATIONARY
32123,-0.0008,0.23,0.30,STATIONARY
32125,-0.0009,0.21,0.30,STATIONARY
32127,0.0023,0.20,0.29,STATIONARY
32129,0.0076,0.20,0.28,STATIONARY
32131,0.0142,0.21,0.28,STATIONARY
32133,0.0168,0.22,0.28,STATIONARY
32135,0.0137,0.23,0.27,STATIONARY
32137,0.0167,0.24,0.27,STATIONARY
32140,0.0188,0.26,0.27,STATIONARY
32141,0.0125,0.26,0.27,STATIONARY
32143,0.0076,0.25,0.27,STATIONARY
32145,0.0065,0.24,0.27,STATIONARY
32147,0.0007,0.23,0.27,STATIONARY
32149,0.0003,0.21,0.26,STATIONARY
32151,0.0006,0.19,0.26,STATIONARY
32153,-0.0018,0.17,0.25,STATIONARY
32156,0.0009,0.16,0.25,STATIONARY
32157,0.0018,0.15,0.24,STATIONARY
32159,0.0118,0.16,0.24,STATIONARY
32161,0.0115,0.17,0.23,STATIONARY
32163,0.0071,0.17,0.23,STATIONARY
32165,0.0060,0.17,0.23,STATIONARY
32167,-0.0034,0.15,0.22,STATIONARY
32169,-0.0038,0.13,0.22,STATIONARY
32172,0.0025,0.12,0.21,STATIONARY
32173,-0.0019,0.11,0.20,STATIONARY
32175,-0.0017,0.10,0.20,STATIONARY
32177,0.0030,0.10,0.19,STATIONARY
32179,0.0022,0.09,0.19,STATIONARY
32182,0.0017,0.09,0.18,STATIONARY
32183,-0.0063,0.07,0.17,STATIONARY
32185,-0.0048,0.05,0.17,STATIONARY
32188,-0.0007,0.05,0.16,STATIONARY
32189,0.0047,0.05,0.15,STATIONARY
32191,0.0140,0.08,0.15,STATIONARY
32193,0.0133,0.09,0.15,STATIONARY
32196,0.0026,0.09,0.14,STATIONARY
32198,0.0123,0.11,0.14,STATIONARY
32199,0.0193,0.13,0.14,STATIONARY
32201,0.0243,0.17,0.14,STATIONARY
32203,0.0234,0.20,0.14,STATIONARY
32205,0.0221,0.22,0.15,STATIONARY
32207,0.0243,0.25,0.16,STATIONARY
32209,0.0214,0.27,0.16,STATIONARY
32211,0.0207,0.28,0.17,STATIONARY
32214,0.0167,0.29,0.18,STATIONARY
32215,0.0022,0.27,0.18,STATIONARY
32218,0.0169,0.28,0.19,STATIONARY
32220,0.0321,0.32,0.20,STATIONARY
32221,0.0326,0.35,0.21,STATIONARY
32223,0.0291,0.38,0.22,STATIONARY
32226,0.0279,0.40,0.23,STATIONARY
32227,0.0256,0.42,0.24,STATIONARY
32229,0.0187,0.42,0.25,STATIONARY
32231,0.0163,0.41,0.26,STATIONARY
32233,0.0190,0.41,0.27,STATIONARY
32235,0.0198,0.42,0.28,STATIONARY
32237,0.0210,0.42,0.28,STATIONARY
32239,0.0131,0.41,0.29,STATIONARY
32242,0.0100,0.40,0.30,STATIONARY
32244,0.0060,0.38,0.30,STATIONARY
32246,0.0079,0.36,0.31,STATIONARY
32247,0.0098,0.35,0.31,STATIONARY
32249,0.0060,0.33,0.31,STATIONARY
32251,0.0020,0.31,0.31,STATIONARY
32253,0.0001,0.29,0.31,STATIONARY
32255,-0.0056,0.25,0.31,STATIONARY
32258,-0.0081,0.22,0.30,STATIONARY
32259,-0.0028,0.20,0.29,STATIONARY
32262,-0.0068,0.17,0.29,STATIONARY
32264,-0.0056,0.14,0.28,STATIONARY
32265,-0.0077,0.12,0.27,STATIONARY
32267,-0.0020,0.10,0.26,STATIONARY
32269,0.0060,0.11,0.25,STATIONARY
32271,0.0025,0.10,0.24,STATIONARY
32273,0.0127,0.12,0.23,STATIONARY
32275,0.0069,0.12,0.23,STATIONARY
32277,0.0012,0.11,0.22,STATIONARY
32279,-0.0028,0.10,0.21,STATIONARY
32281,-0.0008,0.09,0.21,STATIONARY
32284,0.0023,0.09,0.20,STATIONARY
32285,-0.0013,0.08,0.19,STATIONARY
32287,-0.0026,0.07,0.19,STATIONARY
32289,-0.0004,0.06,0.18,STATIONARY
32291,0.0020,0.06,0.17,STATIONARY
32293,0.0023,0.06,0.16,STATIONARY
32295,0.0044,0.06,0.16,STATIONARY
32297,0.0114,0.08,0.15,STATIONARY
32300,0.0143,0.10,0.15,STATIONARY
32301,0.0233,0.13,0.15,STATIONARY
32303,0.0184,0.16,0.15,STATIONARY
32306,0.0079,0.16,0.15,STATIONARY
32307,0.0056,0.16,0.15,STATIONARY
32309,-0.0012,0.14,0.15,STATIONARY
32311,0.0024,0.13,0.15,STATIONARY
32313,0.0136,0.15,0.15,STATIONARY
32315,0.0153,0.17,0.15,STATIONARY
32317,0.0112,0.17,0.15,STATIONARY
32319,0.0050,0.17,0.15,STATIONARY
32321,0.0074,0.17,0.15,STATIONARY
32323,0.0078,0.17,0.15,STATIONARY
32325,0.0046,0.16,0.15,STATIONARY
32327,0.0043,0.16,0.16,STATIONARY
32329,0.0049,0.16,0.16,STATIONARY
32331,-0.0020,0.14,0.15,STATIONARY
32333,-0.0016,0.13,0.15,STATIONARY
32335,-0.0009,0.11,0.15,STATIONARY
32337,0.0081,0.12,0.15,STATIONARY
32339,0.0081,0.12,0.15,STATIONARY
32341,0.0075,0.13,0.15,STATIONARY
32344,0.0073,0.13,0.15,STATIONARY
32345,0.0088,0.14,0.14,STATIONARY
32347,-0.0010,0.12,0.14,STATIONARY
32349,-0.0035,0.11,0.14,STATIONARY
32351,0.0065,0.11,0.14,STATIONARY
32354,0.0023,0.11,0.14,STATIONARY
32355,-0.0007,0.10,0.14,STATIONARY
32357,0.0076,0.10,0.13,STATIONARY
32359,0.0098,0.11,0.13,STATIONARY
32361,0.0036,0.11,0.13,STATIONARY
32363,0.0075,0.12,0.13,STATIONARY
32365,0.0010,0.11,0.13,STATIONARY
32367,0.0046,0.11,0.13,STATIONARY
32369,0.0114,0.12,0.13,STATIONARY
32371,0.0175,0.14,0.13,STATIONARY
32373,0.0099,0.15,0.13,STATIONARY
32375,0.0047,0.15,0.13,STATIONARY
32377,0.0017,0.14,0.13,STATIONARY
32379,0.0057,0.14,0.13,STATIONARY
32381,0.0081,0.14,0.13,STATIONARY
32383,0.0075,0.14,0.13,STATIONARY
32386,0.0124,0.16,0.13,STATIONARY
32387,0.0069,0.16,0.14,STATIONARY
32389,0.0093,0.16,0.14,STATIONARY
32391,0.0115,0.17,0.14,STATIONARY
32393,0.0087,0.17,0.14,STATIONARY
32395,0.0051,0.17,0.14,STATIONARY
32398,0.0000,0.15,0.14,STATIONARY
32399,-0.0061,0.13,0.14,STATIONARY
32402,-0.0063,0.11,0.14,STATIONARY
32403,-0.0018,0.10,0.14,STATIONARY
32405,0.0008,0.09,0.13,STATIONARY
32407,0.0042,0.09,0.13,STATIONARY
32409,0.0070,0.10,0.13,STATIONARY
32411,-0.0012,0.09,0.13,STATIONARY
32414,-0.0018,0.08,0.12,STATIONARY
32415,0.0036,0.08,0.12,STATIONARY
32417,0.0095,0.09,0.12,STATIONARY
32419,0.0147,0.11,0.12,STATIONARY
32421,0.0191,0.13,0.12,STATIONARY
32424,0.0205,0.16,0.12,STATIONARY
32425,0.0329,0.21,0.13,STATIONARY
32427,0.0274,0.24,0.13,STATIONARY
32430,0.0246,0.27,0.14,STATIONARY
32431,0.0118,0.27,0.15,STATIONARY
32433,0.0138,0.27,0.16,STATIONARY
32435,0.0136,0.28,0.16,STATIONARY
32437,0.0023,0.26,0.17,STATIONARY
32439,-0.0046,0.23,0.17,STATIONARY
32441,-0.0068,0.20,0.17,STATIONARY
32444,0.0052,0.19,0.18,STATIONARY
32445,0.0075,0.19,0.18,STATIONARY
32447,-0.0008,0.17,0.18,STATIONARY
32449,0.0030,0.17,0.18,STATIONARY
32451,-0.0080,0.14,0.17,STATIONARY
32453,-0.0198,0.09,0.17,STATIONARY
32455,-0.0156,0.05,0.16,STATIONARY
32457,-0.0044,0.04,0.15,STATIONARY
32459,0.0033,0.04,0.15,STATIONARY
32461,-0.0045,0.03,0.14,STATIONARY
32463,0.0014,0.03,0.13,STATIONARY
32465,0.0047,0.04,0.13,STATIONARY
32467,0.0109,0.06,0.12,STATIONARY
32469,0.0138,0.08,0.12,STATIONARY
32471,0.0035,0.08,0.12,STATIONARY
32473,-0.0048,0.06,0.12,STATIONARY
32475,-0.0032,0.05,0.11,STATIONARY
32477,-0.0026,0.04,0.11,STATIONARY
32479,-0.0065,0.03,0.10,STATIONARY
32481,0.0000,0.02,0.10,STATIONARY
32483,-0.0037,0.02,0.09,STATIONARY
32485,-0.0014,0.01,0.09,STATIONARY
32487,0.0056,0.02,0.08,STATIONARY
32489,0.0199,0.06,0.08,STATIONARY
32491,0.0150,0.08,0.08,STATIONARY
32493,0.0094,0.09,0.08,STATIONARY
32495,0.0062,0.09,0.08,STATIONARY
32497,-0.0006,0.09,0.08,STATIONARY
32500,0.0044,0.09,0.08,STATIONARY
32501,-0.0029,0.07,0.08,STATIONARY
32503,-0.0015,0.07,0.08,STATIONARY
32505,-0.0011,0.06,0.08,STATIONARY
32507,0.0043,0.06,0.08,STATIONARY
32509,0.0124,0.08,0.08,STATIONARY
32511,0.0075,0.09,0.08,STATIONARY
32513,-0.0009,0.08,0.08,STATIONARY
32516,0.0018,0.08,0.08,STATIONARY
32518,0.0006,0.07,0.08,STATIONARY
32519,0.0092,0.08,0.08,STATIONARY
32521,0.0100,0.09,0.08,STATIONARY
32523,0.0117,0.11,0.08,STATIONARY
32525,0.0062,0.11,0.08,STATIONARY
32527,0.0090,0.12,0.09,STATIONARY
32529,0.0002,0.11,0.09,STATIONARY
32531,0.0062,0.11,0.09,STATIONARY
32533,0.0077,0.12,0.09,STATIONARY
32535,0.0123,0.13,0.09,STATIONARY
32537,0.0101,0.14,0.10,STATIONARY
32539,0.0009,0.13,0.10,STATIONARY
32541,-0.0033,0.11,0.10,STATIONARY
32543,-0.0093,0.09,0.10,STATIONARY
32545,-0.0097,0.06,0.10,STATIONARY
32547,-0.0050,0.05,0.09,STATIONARY
32549,-0.0085,0.03,0.09,STATIONARY
32551,-0.0139,0.00,0.08,STATIONARY
32553,-0.0152,-0.03,0.08,STATIONARY
32555,-0.0194,-0.06,0.07,STATIONARY
32557,-0.0137,-0.08,0.06,STATIONARY
32559,-0.0123,-0.10,0.05,STATIONARY
32561,-0.0056,-0.10,0.04,STATIONARY
32564,-0.0040,-0.10,0.03,STATIONARY
32565,-0.0016,-0.09,0.03,STATIONARY
32567,0.0031,-0.08,0.02,STATIONARY
32570,0.0059,-0.06,0.01,STATIONARY
32571,0.0086,-0.04,0.01,STATIONARY
32573,0.0056,-0.03,0.01,STATIONARY
32575,-0.0016,-0.03,0.01,STATIONARY
32577,-0.0028,-0.03,0.00,STATIONARY
32580,-0.0030,-0.04,0.00,STATIONARY
32581,-0.0112,-0.05,-0.00,STATIONARY
32584,-0.0022,-0.05,-0.00,STATIONARY
32586,-0.0035,-0.06,-0.01,STATIONARY
32587,0.0007,-0.05,-0.01,STATIONARY
32590,0.0099,-0.03,-0.01,STATIONARY
32591,0.0013,-0.02,-0.01,STATIONARY
32593,0.0081,-0.01,-0.01,STATIONARY
32596,0.0064,0.01,-0.01,STATIONARY
32597,0.0044,0.01,-0.01,STATIONARY
32599,0.0047,0.02,-0.01,STATIONARY
32602,-0.0002,0.02,-0.01,STATIONARY
32603,0.0033,0.02,-0.00,STATIONARY
32605,0.0024,0.03,-0.00,STATIONARY
32607,-0.0031,0.02,-0.00,STATIONARY
32609,-0.0032,0.01,-0.00,STATIONARY
32612,0.0004,0.01,0.00,STATIONARY
32613,0.0055,0.02,0.00,STATIONARY
32615,0.0025,0.02,0.00,STATIONARY
32618,0.0164,0.05,0.01,STATIONARY
32619,0.0170,0.08,0.01,STATIONARY
32621,0.0221,0.11,0.02,STATIONARY
32624,0.0201,0.14,0.02,STATIONARY
32625,0.0144,0.16,0.03,STATIONARY
32628,0.0004,0.14,0.04,STATIONARY
32629,-0.0010,0.13,0.04,STATIONARY
32631,0.0028,0.13,0.05,STATIONARY
32634,0.0055,0.13,0.05,STATIONARY
32635,0.0053,0.13,0.06,STATIONARY
32637,0.0094,0.13,0.06,STATIONARY
32639,0.0066,0.13,0.07,STATIONARY
32641,0.0143,0.15,0.07,STATIONARY
32644,0.0145,0.16,0.08,STATIONARY
32646,0.0053,0.16,0.08,STATIONARY
32647,0.0022,0.15,0.09,STATIONARY
32650,-0.0076,0.13,0.09,STATIONARY
32651,-0.0137,0.09,0.09,STATIONARY
32653,-0.0185,0.05,0.09,STATIONARY
32656,-0.0100,0.03,0.08,STATIONARY
32657,-0.0138,-0.00,0.08,STATIONARY
32660,-0.0132,-0.02,0.07,STATIONARY
32661,-0.0068,-0.04,0.07,STATIONARY
32663,-0.0094,-0.05,0.06,STATIONARY
32666,-0.0252,-0.09,0.05,STATIONARY
32667,-0.0261,-0.13,0.04,STATIONARY
32669,-0.0149,-0.15,0.03,STATIONARY
32672,-0.0180,-0.17,0.02,STATIONARY
32673,-0.0191,-0.19,0.00,STATIONARY
32676,-0.0102,-0.20,-0.01,STATIONARY
32677,-0.0115,-0.20,-0.02,STATIONARY
32679,-0.0117,-0.21,-0.03,STATIONARY
32681,-0.0063,-0.20,-0.04,STATIONARY
32683,-0.0012,-0.19,-0.05,STATIONARY
32685,0.0011,-0.17,-0.06,STATIONARY
32688,0.0042,-0.15,-0.06,STATIONARY
32689,0.0073,-0.12,-0.07,STATIONARY
32691,0.0021,-0.11,-0.07,STATIONARY
32693,-0.0007,-0.10,-0.07,STATIONARY
32695,-0.0101,-0.11,-0.07,STATIONARY
32697,0.0003,-0.10,-0.07,STATIONARY
32699,0.0027,-0.09,-0.08,STATIONARY
32701,0.0045,-0.07,-0.08,STATIONARY
32703,0.0086,-0.05,-0.07,STATIONARY
32705,0.0064,-0.04,-0.07,STATIONARY
32707,-0.0004,-0.03,-0.07,STATIONARY
32709,-0.0004,-0.03,-0.07,STATIONARY
32711,0.0012,-0.03,-0.07,STATIONARY
32714,0.0104,-0.01,-0.06,STATIONARY
32715,0.0056,0.00,-0.06,STATIONARY
32717,-0.0021,0.00,-0.05,STATIONARY
32720,0.0051,0.01,-0.05,STATIONARY
32721,0.0087,0.02,-0.05,STATIONARY
32723,0.0103,0.04,-0.04,STATIONARY
32726,0.0081,0.05,-0.04,STATIONARY
32727,0.0056,0.06,-0.03,STATIONARY
32729,0.0060,0.07,-0.02,STATIONARY
32731,0.0134,0.09,-0.02,STATIONARY
32733,0.0124,0.10,-0.01,STATIONARY
32735,0.0024,0.10,-0.00,STATIONARY
32737,0.0025,0.09,0.00,STATIONARY
32739,0.0090,0.10,0.01,STATIONARY
32742,0.0068,0.11,0.01,STATIONARY
32743,0.0060,0.11,0.02,STATIONARY
32745,0.0020,0.10,0.02,STATIONARY
32747,-0.0101,0.08,0.03,STATIONARY
32749,-0.0096,0.05,0.03,STATIONARY
32751,0.0003,0.05,0.03,STATIONARY
32753,0.0128,0.07,0.03,STATIONARY
32755,0.0098,0.08,0.04,STATIONARY
32757,0.0086,0.09,0.04,STATIONARY
32759,0.0059,0.10,0.04,STATIONARY
32761,0.0022,0.09,0.05,STATIONARY
32763,-0.0080,0.07,0.05,STATIONARY
32765,-0.0071,0.05,0.05,STATIONARY
32767,-0.0062,0.04,0.05,STATIONARY
32769,-0.0114,0.01,0.04,STATIONARY
32771,-0.0107,-0.01,0.04,STATIONARY
32773,-0.0098,-0.03,0.04,STATIONARY
32775,-0.0144,-0.05,0.03,STATIONARY
32777,-0.0136,-0.07,0.03,STATIONARY
32779,-0.0101,-0.08,0.02,STATIONARY
32781,-0.0163,-0.11,0.01,STATIONARY
32784,-0.0147,-0.13,0.00,STATIONARY
32786,-0.0119,-0.14,-0.00,STATIONARY
32787,-0.0175,-0.16,-0.01,STATIONARY
32789,-0.0132,-0.17,-0.02,STATIONARY
32791,-0.0071,-0.17,-0.03,STATIONARY
32794,-0.0101,-0.18,-0.04,STATIONARY
32796,-0.0182,-0.20,-0.05,STATIONARY
32797,-0.0144,-0.21,-0.06,STATIONARY
32800,0.0011,-0.19,-0.07,STATIONARY
32801,-0.0044,-0.18,-0.07,STATIONARY
32803,-0.0010,-0.17,-0.08,STATIONARY
32806,0.0007,-0.15,-0.08,STATIONARY
32807,0.0008,-0.14,-0.09,STATIONARY
32809,-0.0047,-0.14,-0.09,STATIONARY
32812,-0.0045,-0.13,-0.09,STATIONARY
32813,0.0007,-0.12,-0.09,STATIONARY
32816,-0.0014,-0.11,-0.09,STATIONARY
32817,0.0046,-0.10,-0.10,STATIONARY
32819,0.0113,-0.07,-0.09,STATIONARY
32821,0.0040,-0.06,-0.09,STATIONARY
32823,0.0036,-0.04,-0.09,STATIONARY
32825,0.0026,-0.04,-0.09,STATIONARY
32828,0.0081,-0.02,-0.08,STATIONARY
32829,0.0121,0.01,-0.08,STATIONARY
32831,0.0038,0.01,-0.07,STATIONARY
32833,-0.0020,0.01,-0.07,STATIONARY
32835,-0.0053,-0.00,-0.06,STATIONARY
32837,-0.0051,-0.01,-0.06,STATIONARY
32839,-0.0099,-0.03,-0.06,STATIONARY
32841,-0.0135,-0.05,-0.06,STATIONARY
32844,-0.0197,-0.08,-0.06,STATIONARY
32845,-0.0122,-0.10,-0.06,STATIONARY
32847,-0.0029,-0.10,-0.06,STATIONARY
32849,-0.0020,-0.09,-0.07,STATIONARY
32851,0.0045,-0.08,-0.07,STATIONARY
32854,0.0073,-0.06,-0.07,STATIONARY
32855,0.0040,-0.05,-0.06,STATIONARY
32857,0.0114,-0.02,-0.06,STATIONARY
32859,0.0123,0.00,-0.06,STATIONARY
32861,0.0158,0.03,-0.05,STATIONARY
32863,0.0150,0.06,-0.05,STATIONARY
32865,0.0089,0.07,-0.04,STATIONARY
32867,0.0049,0.07,-0.03,STATIONARY
32869,-0.0009,0.06,-0.03,STATIONARY
32871,-0.0016,0.06,-0.02,STATIONARY
32873,-0.0033,0.05,-0.02,STATIONARY
32875,-0.0053,0.03,-0.02,STATIONARY
32877,-0.0082,0.01,-0.01,STATIONARY
32879,-0.0051,0.00,-0.01,STATIONARY
32881,-0.0079,-0.01,-0.01,STATIONARY
32883,-0.0084,-0.03,-0.01,STATIONARY
32885,-0.0016,-0.03,-0.01,STATIONARY
32887,0.0017,-0.02,-0.01,STATIONARY
32889,-0.0023,-0.02,-0.01,STATIONARY
32891,0.0025,-0.02,-0.01,STATIONARY
32893,-0.0045,-0.02,-0.02,STATIONARY
32895,0.0012,-0.02,-0.02,STATIONARY
32898,0.0039,-0.01,-0.02,STATIONARY
32899,0.0076,0.00,-0.01,STATIONARY
32902,0.0077,0.02,-0.01,STATIONARY
32903,0.0044,0.02,-0.01,STATIONARY
32905,0.0175,0.05,-0.01,STATIONARY
32907,0.0194,0.09,-0.00,STATIONARY
32909,0.0358,0.15,0.01,STATIONARY
32911,0.0331,0.19,0.02,STATIONARY
32913,0.0144,0.21,0.03,STATIONARY
32915,0.0104,0.21,0.04,STATIONARY
32917,0.0052,0.20,0.05,STATIONARY
32919,0.0086,0.20,0.06,STATIONARY
32921,-0.0001,0.18,0.07,STATIONARY
32924,-0.0053,0.16,0.07,STATIONARY
32925,-0.0185,0.11,0.07,STATIONARY
32927,-0.0204,0.07,0.07,STATIONARY
32930,-0.0238,0.02,0.07,STATIONARY
32931,-0.0151,-0.01,0.07,STATIONARY
32933,-0.0054,-0.02,0.06,STATIONARY
32935,-0.0016,-0.02,0.06,STATIONARY
32937,-0.0009,-0.02,0.05,STATIONARY
32939,0.0113,0.00,0.05,STATIONARY
32941,0.0071,0.01,0.05,STATIONARY
32943,0.0053,0.02,0.04,STATIONARY
32946,0.0080,0.04,0.04,STATIONARY
32947,0.0083,0.05,0.04,STATIONARY
32949,0.0048,0.05,0.04,STATIONARY
32951,0.0046,0.06,0.05,STATIONARY
32953,0.0027,0.06,0.05,STATIONARY
32956,-0.0003,0.05,0.05,STATIONARY
32957,0.0005,0.05,0.05,STATIONARY
32959,-0.0057,0.03,0.05,STATIONARY
32961,-0.0182,-0.00,0.04,STATIONARY
32963,-0.0186,-0.04,0.04,STATIONARY
32965,-0.0112,-0.05,0.03,STATIONARY
32967,-0.0067,-0.06,0.03,STATIONARY
32969,-0.0017,-0.06,0.02,STATIONARY
32971,0.0068,-0.04,0.02,STATIONARY
32973,0.0089,-0.02,0.02,STATIONARY
32975,0.0169,0.01,0.02,STATIONARY
32977,0.0106,0.03,0.02,STATIONARY
32979,-0.0015,0.02,0.02,STATIONARY
32981,-0.0093,0.00,0.02,STATIONARY
32984,-0.0168,-0.03,0.01,STATIONARY
32986,-0.0359,-0.09,0.01,STATIONARY
32987,-0.0497,-0.17,-0.00,STATIONARY
32989,-0.0537,-0.26,-0.02,STATIONARY
32991,-0.0399,-0.31,-0.04,STATIONARY
32994,-0.0292,-0.34,-0.05,STATIONARY
32996,-0.0184,-0.35,-0.07,STATIONARY
32997,-0.0027,-0.32,-0.09,STATIONARY
33000,0.0230,-0.26,-0.10,STATIONARY
33001,0.0308,-0.18,-0.10,STATIONARY
33003,0.0357,-0.10,-0.10,STATIONARY
33005,0.0276,-0.04,-0.10,STATIONARY
33007,0.0217,0.00,-0.09,STATIONARY
33009,0.0107,0.02,-0.08,STATIONARY
33011,0.0059,0.03,-0.08,STATIONARY
33013,0.0051,0.04,-0.07,STATIONARY
33015,0.0091,0.05,-0.06,STATIONARY
33018,0.0230,0.09,-0.05,STATIONARY
33019,0.0316,0.14,-0.04,STATIONARY
33021,0.0248,0.18,-0.03,STATIONARY
33023,0.0089,0.18,-0.02,STATIONARY
33026,0.0037,0.17,-0.01,STATIONARY
33027,-0.0044,0.15,0.00,STATIONARY
33029,-0.0139,0.11,0.01,STATIONARY
33031,-0.0082,0.09,0.01,STATIONARY
33033,-0.0071,0.07,0.02,STATIONARY
33035,-0.0170,0.03,0.02,STATIONARY
33037,-0.0145,0.00,0.02,STATIONARY
33039,-0.0163,-0.03,0.01,STATIONARY
33041,-0.0130,-0.05,0.01,STATIONARY
33044,-0.0064,-0.06,0.01,STATIONARY
33045,0.0071,-0.04,0.00,STATIONARY
33047,0.0133,-0.01,0.00,STATIONARY
33049,0.0219,0.03,0.00,STATIONARY
33051,0.0259,0.07,0.01,STATIONARY
33053,0.0200,0.10,0.01,STATIONARY
33055,0.0116,0.12,0.02,STATIONARY
33057,0.0114,0.13,0.03,STATIONARY
33059,0.0100,0.14,0.03,STATIONARY
33061,-0.0030,0.12,0.04,STATIONARY
33064,-0.0069,0.10,0.04,STATIONARY
33065,-0.0190,0.06,0.04,STATIONARY
33067,-0.0337,-0.01,0.04,STATIONARY
33070,-0.0479,-0.10,0.03,STATIONARY
33071,-0.0421,-0.17,0.02,STATIONARY
33073,-0.0274,-0.20,0.01,STATIONARY
33075,-0.0141,-0.21,-0.01,STATIONARY
33077,-0.0074,-0.21,-0.02,STATIONARY
33079,0.0015,-0.19,-0.03,STATIONARY
33081,0.0012,-0.17,-0.04,STATIONARY
33083,0.0080,-0.15,-0.04,STATIONARY
33086,0.0129,-0.11,-0.05,STATIONARY
33087,0.0081,-0.09,-0.05,STATIONARY
33089,0.0120,-0.06,-0.05,STATIONARY
33091,0.0110,-0.03,-0.05,STATIONARY
33093,-0.0007,-0.03,-0.05,STATIONARY
33095,0.0011,-0.03,-0.05,STATIONARY
33097,-0.0093,-0.04,-0.05,STATIONARY
33099,-0.0171,-0.07,-0.05,STATIONARY
33102,-0.0200,-0.10,-0.05,STATIONARY
33103,-0.0370,-0.16,-0.06,STATIONARY
33105,-0.0431,-0.23,-0.07,STATIONARY
33107,-0.0382,-0.28,-0.08,STATIONARY
33109,-0.0235,-0.30,-0.09,STATIONARY
33111,-0.0069,-0.29,-0.10,STATIONARY
33113,0.0058,-0.25,-0.11,STATIONARY
33115,0.0245,-0.19,-0.12,STATIONARY
33117,0.0351,-0.11,-0.12,STATIONARY
33119,0.0388,-0.03,-0.11,STATIONARY
33121,0.0422,0.05,-0.10,STATIONARY
33123,0.0407,0.12,-0.09,STATIONARY
33125,0.0328,0.17,-0.07,STATIONARY
33127,0.0257,0.21,-0.06,STATIONARY
33129,0.0025,0.19,-0.04,STATIONARY
33131,-0.0181,0.14,-0.03,STATIONARY
33133,-0.0149,0.11,-0.02,STATIONARY
33135,-0.0050,0.09,-0.02,STATIONARY
33137,-0.0213,0.04,-0.01,STATIONARY
33139,-0.0328,-0.02,-0.01,STATIONARY
33141,-0.0472,-0.11,-0.02,STATIONARY
33144,-0.0484,-0.19,-0.03,STATIONARY
33145,-0.0427,-0.25,-0.04,STATIONARY
33147,-0.0360,-0.30,-0.06,STATIONARY
33149,-0.0179,-0.31,-0.07,STATIONARY
33151,0.0077,-0.27,-0.08,STATIONARY
33153,0.0144,-0.22,-0.09,STATIONARY
33155,0.0256,-0.15,-0.10,STATIONARY
33157,0.0253,-0.10,-0.10,STATIONARY
33159,0.0325,-0.03,-0.09,STATIONARY
33161,0.0353,0.04,-0.08,STATIONARY
33163,0.0263,0.08,-0.07,STATIONARY
33165,0.0165,0.11,-0.06,STATIONARY
33167,0.0119,0.12,-0.05,STATIONARY
33169,-0.0032,0.11,-0.04,STATIONARY
33172,-0.0151,0.07,-0.04,STATIONARY
33173,-0.0199,0.03,-0.03,STATIONARY
33175,-0.0181,-0.01,-0.03,STATIONARY
33177,-0.0204,-0.05,-0.03,STATIONARY
33179,-0.0258,-0.09,-0.04,STATIONARY
33181,-0.0208,-0.12,-0.04,STATIONARY
33183,-0.0203,-0.15,-0.05,STATIONARY
33186,-0.0135,-0.16,-0.05,STATIONARY
33187,-0.0147,-0.18,-0.06,STATIONARY
33189,-0.0129,-0.18,-0.07,STATIONARY
33191,-0.0014,-0.17,-0.07,STATIONARY
33193,0.0039,-0.15,-0.08,STATIONARY
33195,-0.0008,-0.14,-0.08,STATIONARY
33198,-0.0065,-0.14,-0.09,STATIONARY
33199,0.0061,-0.12,-0.09,STATIONARY
33201,0.0104,-0.09,-0.09,STATIONARY
33203,0.0286,-0.03,-0.08,STATIONARY
33205,0.0344,0.04,-0.08,STATIONARY
33207,0.0340,0.09,-0.07,STATIONARY
33209,0.0408,0.16,-0.05,STATIONARY
33211,0.0416,0.23,-0.04,STATIONARY
33213,0.0256,0.25,-0.02,STATIONARY
33215,0.0151,0.26,-0.00,STATIONARY
33217,0.0142,0.27,0.01,STATIONARY
33219,0.0178,0.28,0.03,STATIONARY
33221,0.0234,0.30,0.04,STATIONARY
33224,0.0295,0.33,0.06,STATIONARY
33225,0.0462,0.39,0.08,STATIONARY
33227,0.0633,0.47,0.10,STATIONARY
33229,0.0716,0.57,0.13,STATIONARY
33231,0.0473,0.61,0.16,STATIONARY
33233,0.0081,0.58,0.18,STATIONARY
33235,-0.0246,0.48,0.20,STATIONARY
33237,-0.0570,0.34,0.21,STATIONARY
33239,-0.0678,0.19,0.21,STATIONARY
33242,-0.0801,0.03,0.20,STATIONARY
33243,-0.0777,-0.12,0.18,STATIONARY
33246,-0.0580,-0.22,0.16,STATIONARY
33247,-0.0435,-0.28,0.13,STATIONARY
33249,-0.0212,-0.30,0.10,STATIONARY
33251,-0.0086,-0.29,0.08,STATIONARY
33253,0.0000,-0.26,0.06,STATIONARY
33255,-0.0013,-0.25,0.04,STATIONARY
33257,-0.0027,-0.23,0.03,STATIONARY
33259,-0.0047,-0.22,0.01,STATIONARY
33262,-0.0134,-0.23,-0.00,STATIONARY
33263,-0.0203,-0.25,-0.02,STATIONARY
33265,-0.0198,-0.26,-0.03,STATIONARY
33267,-0.0010,-0.24,-0.04,STATIONARY
33269,0.0231,-0.18,-0.05,STATIONARY
33271,0.0246,-0.12,-0.06,STATIONARY
33273,0.0110,-0.09,-0.06,STATIONARY
33275,-0.0075,-0.10,-0.06,STATIONARY
33277,-0.0285,-0.14,-0.07,STATIONARY
33279,-0.0396,-0.20,-0.07,STATIONARY
33281,-0.0330,-0.25,-0.08,STATIONARY
33283,-0.0172,-0.26,-0.09,STATIONARY
33285,0.0045,-0.23,-0.10,STATIONARY
33287,0.0149,-0.19,-0.11,STATIONARY
33289,0.0084,-0.16,-0.11,STATIONARY
33291,0.0059,-0.13,-0.11,STATIONARY
33293,0.0063,-0.11,-0.11,STATIONARY
33295,0.0013,-0.10,-0.11,STATIONARY
33297,-0.0021,-0.09,-0.11,STATIONARY
33300,0.0009,-0.09,-0.11,STATIONARY
33301,-0.0052,-0.09,-0.11,STATIONARY
33303,-0.0046,-0.09,-0.11,STATIONARY
33305,-0.0150,-0.11,-0.11,STATIONARY
33307,-0.0200,-0.14,-0.11,STATIONARY
33309,-0.0222,-0.17,-0.11,STATIONARY
33312,-0.0233,-0.20,-0.12,STATIONARY
33313,-0.0082,-0.20,-0.12,STATIONARY
33315,0.0229,-0.14,-0.12,STATIONARY
33317,0.0396,-0.05,-0.12,STATIONARY
33319,0.0469,0.04,-0.11,STATIONARY
33322,0.0492,0.12,-0.10,STATIONARY
33323,0.0453,0.20,-0.08,STATIONARY
33325,0.0352,0.25,-0.06,STATIONARY
33328,0.0162,0.26,-0.04,STATIONARY
33329,-0.0098,0.22,-0.03,STATIONARY
33331,-0.0410,0.12,-0.02,STATIONARY
33333,-0.0658,-0.01,-0.02,STATIONARY
33335,-0.0669,-0.13,-0.02,STATIONARY
33337,-0.0500,-0.21,-0.03,STATIONARY
33339,-0.0123,-0.22,-0.04,STATIONARY
33341,0.0400,-0.13,-0.05,STATIONARY
33344,0.0665,0.01,-0.05,STATIONARY
33345,0.0816,0.16,-0.03,STATIONARY
33347,0.0704,0.27,-0.02,STATIONARY
33349,0.0425,0.33,0.00,STATIONARY
33351,0.0220,0.34,0.02,STATIONARY
33354,0.0106,0.34,0.04,STATIONARY
33355,0.0115,0.33,0.06,STATIONARY
33357,0.0008,0.31,0.07,STATIONARY
33359,0.0013,0.28,0.09,STATIONARY
33361,-0.0007,0.26,0.10,STATIONARY
33364,-0.0038,0.23,0.11,STATIONARY
33365,0.0015,0.22,0.11,STATIONARY
33367,0.0121,0.22,0.12,STATIONARY
33369,0.0326,0.26,0.13,STATIONARY
33371,0.0210,0.28,0.14,STATIONARY
33373,0.0075,0.27,0.14,STATIONARY
33375,-0.0090,0.23,0.15,STATIONARY
33377,-0.0305,0.16,0.15,STATIONARY
33379,-0.0460,0.06,0.14,STATIONARY
33381,-0.0490,-0.03,0.13,STATIONARY
33383,-0.0340,-0.09,0.12,STATIONARY
33386,-0.0178,-0.12,0.11,STATIONARY
33387,-0.0016,-0.11,0.09,STATIONARY
33389,0.0082,-0.09,0.08,STATIONARY
33391,0.0100,-0.06,0.07,STATIONARY
33393,0.0100,-0.04,0.07,STATIONARY
33395,0.0013,-0.03,0.06,STATIONARY
33398,0.0000,-0.03,0.06,STATIONARY
33399,0.0105,-0.01,0.05,STATIONARY
33402,0.0144,0.02,0.05,STATIONARY
33403,0.0109,0.04,0.05,STATIONARY
33405,0.0090,0.05,0.05,STATIONARY
33407,0.0027,0.05,0.05,STATIONARY
33409,-0.0029,0.04,0.05,STATIONARY
33411,0.0131,0.06,0.05,STATIONARY
33413,0.0213,0.10,0.05,STATIONARY
33415,0.0285,0.14,0.06,STATIONARY
33417,0.0314,0.19,0.07,STATIONARY
33419,0.0182,0.21,0.07,STATIONARY
33421,0.0118,0.21,0.08,STATIONARY
33423,-0.0033,0.19,0.09,STATIONARY
33425,-0.0127,0.15,0.09,STATIONARY
33427,-0.0024,0.13,0.09,STATIONARY
33430,0.0130,0.15,0.10,STATIONARY
33431,0.0124,0.16,0.10,STATIONARY
33433,0.0046,0.15,0.10,STATIONARY
33435,-0.0038,0.13,0.11,STATIONARY
33437,0.0039,0.13,0.11,STATIONARY
33439,0.0110,0.14,0.11,STATIONARY
33441,0.0139,0.15,0.11,STATIONARY
33444,0.0087,0.16,0.11,STATIONARY
33446,0.0018,0.15,0.12,STATIONARY
33447,-0.0097,0.12,0.12,STATIONARY
33449,-0.0135,0.09,0.12,STATIONARY
33451,-0.0038,0.07,0.11,STATIONARY
33453,-0.0010,0.06,0.11,STATIONARY
33455,-0.0027,0.05,0.11,STATIONARY
33457,-0.0087,0.03,0.10,STATIONARY
33459,-0.0305,-0.03,0.09,STATIONARY
33462,-0.0338,-0.09,0.08,STATIONARY
33464,-0.0387,-0.15,0.07,STATIONARY
33465,-0.0416,-0.21,0.05,STATIONARY
33467,-0.0289,-0.25,0.04,STATIONARY
33469,-0.0152,-0.26,0.02,STATIONARY
33471,-0.0078,-0.25,0.00,STATIONARY
33473,-0.0105,-0.25,-0.01,STATIONARY
33475,-0.0132,-0.26,-0.03,STATIONARY
33477,-0.0115,-0.26,-0.04,STATIONARY
33479,-0.0183,-0.27,-0.05,STATIONARY
33481,-0.0135,-0.27,-0.07,STATIONARY
33484,0.0048,-0.24,-0.08,STATIONARY
33485,0.0271,-0.17,-0.08,STATIONARY
33487,0.0396,-0.09,-0.08,STATIONARY
33489,0.0437,0.00,-0.08,STATIONARY
33491,0.0330,0.06,-0.07,STATIONARY
33493,0.0095,0.07,-0.06,STATIONARY
33495,-0.0086,0.05,-0.05,STATIONARY
33497,-0.0321,-0.01,-0.05,STATIONARY
33500,-0.0358,-0.08,-0.05,STATIONARY
33501,-0.0342,-0.13,-0.06,STATIONARY
33503,-0.0298,-0.18,-0.07,STATIONARY
33505,-0.0193,-0.20,-0.07,STATIONARY
33507,-0.0039,-0.19,-0.08,STATIONARY
33509,0.0094,-0.16,-0.08,STATIONARY
33511,0.0005,-0.14,-0.09,STATIONARY
33513,-0.0097,-0.15,-0.09,STATIONARY
33515,-0.0260,-0.19,-0.10,STATIONARY
33518,-0.0498,-0.26,-0.11,STATIONARY
33519,-0.0517,-0.34,-0.12,STATIONARY
33521,-0.0436,-0.39,-0.14,STATIONARY
33523,-0.0345,-0.42,-0.15,STATIONARY
33525,-0.0166,-0.42,-0.17,STATIONARY
33527,0.0081,-0.37,-0.18,STATIONARY
33529,0.0141,-0.31,-0.19,STATIONARY
33531,0.0145,-0.26,-0.19,STATIONARY
33533,0.0093,-0.23,-0.20,STATIONARY
33535,0.0048,-0.20,-0.20,STATIONARY
33537,0.0025,-0.18,-0.19,STATIONARY
33539,-0.0039,-0.17,-0.19,STATIONARY
33541,-0.0118,-0.18,-0.19,STATIONARY
33543,-0.0153,-0.19,-0.19,STATIONARY
33545,-0.0159,-0.21,-0.19,STATIONARY
33547,-0.0208,-0.23,-0.20,STATIONARY
33549,-0.0272,-0.26,-0.20,STATIONARY
33551,-0.0169,-0.27,-0.20,STATIONARY
33553,-0.0086,-0.26,-0.21,STATIONARY
33555,0.0012,-0.24,-0.21,STATIONARY
33557,0.0030,-0.22,-0.21,STATIONARY
33559,0.0016,-0.20,-0.21,STATIONARY
33561,-0.0074,-0.19,-0.21,STATIONARY
33564,-0.0147,-0.21,-0.21,STATIONARY
33565,-0.0169,-0.22,-0.21,STATIONARY
33567,-0.0176,-0.23,-0.21,STATIONARY
33570,-0.0101,-0.23,-0.21,STATIONARY
33571,-0.0018,-0.22,-0.21,STATIONARY
33573,0.0020,-0.20,-0.21,STATIONARY
33575,-0.0037,-0.19,-0.21,STATIONARY
33577,-0.0172,-0.21,-0.21,STATIONARY
33579,-0.0149,-0.22,-0.21,STATIONARY
33581,0.0003,-0.20,-0.21,STATIONARY
33583,0.0271,-0.13,-0.20,STATIONARY
33586,0.0422,-0.04,-0.20,STATIONARY
33587,0.0568,0.06,-0.18,STATIONARY
33590,0.0634,0.18,-0.16,STATIONARY
33591,0.0623,0.28,-0.13,STATIONARY
33593,0.0521,0.35,-0.10,STATIONARY
33596,0.0282,0.37,-0.08,STATIONARY
33597,-0.0010,0.34,-0.05,STATIONARY
33599,-0.0225,0.27,-0.03,STATIONARY
33602,-0.0382,0.18,-0.02,STATIONARY
33603,-0.0308,0.11,-0.01,STATIONARY
33605,-0.0172,0.07,-0.01,STATIONARY
33607,0.0012,0.07,-0.00,STATIONARY
33609,0.0219,0.10,0.00,STATIONARY
33611,0.0362,0.16,0.01,STATIONARY
33613,0.0314,0.20,0.02,STATIONARY
33615,0.0130,0.21,0.04,STATIONARY
33617,0.0080,0.21,0.05,STATIONARY
33619,0.0032,0.20,0.05,STATIONARY
33621,-0.0147,0.16,0.06,STATIONARY
33623,-0.0284,0.09,0.06,STATIONARY
33625,-0.0283,0.03,0.06,STATIONARY
33627,-0.0208,-0.01,0.06,STATIONARY
33629,-0.0190,-0.04,0.05,STATIONARY
33631,-0.0070,-0.05,0.04,STATIONARY
33633,-0.0075,-0.06,0.04,STATIONARY
33635,0.0023,-0.05,0.03,STATIONARY
33637,0.0226,-0.01,0.03,STATIONARY
33639,0.0393,0.07,0.03,STATIONARY
33641,0.0340,0.12,0.04,STATIONARY
33644,0.0348,0.18,0.05,STATIONARY
33645,0.0381,0.23,0.06,STATIONARY
33647,0.0328,0.28,0.07,STATIONARY
33649,0.0215,0.29,0.08,STATIONARY
33651,0.0155,0.30,0.10,STATIONARY
33653,0.0133,0.30,0.11,STATIONARY
33655,0.0251,0.32,0.12,STATIONARY
33657,0.0417,0.37,0.14,STATIONARY
33659,0.0351,0.41,0.15,STATIONARY
33661,0.0305,0.43,0.17,STATIONARY
33663,0.0117,0.42,0.18,STATIONARY
33665,0.0024,0.39,0.19,STATIONARY
33667,-0.0094,0.34,0.20,STATIONARY
33669,-0.0140,0.29,0.21,STATIONARY
33671,-0.0091,0.25,0.21,STATIONARY
33673,0.0036,0.23,0.21,STATIONARY
33675,0.0147,0.24,0.21,STATIONARY
33677,0.0143,0.25,0.22,STATIONARY
33679,0.0042,0.24,0.22,STATIONARY
33681,-0.0002,0.22,0.22,STATIONARY
33683,0.0090,0.22,0.22,STATIONARY
33685,0.0148,0.23,0.22,STATIONARY
33687,0.0116,0.23,0.22,STATIONARY
33689,0.0170,0.24,0.22,STATIONARY
33691,0.0359,0.29,0.22,STATIONARY
33693,0.0343,0.33,0.23,STATIONARY
33695,0.0145,0.33,0.24,STATIONARY
33697,0.0003,0.30,0.24,STATIONARY
33699,-0.0091,0.26,0.24,STATIONARY
33701,-0.0049,0.23,0.24,STATIONARY
33703,-0.0023,0.21,0.24,STATIONARY
33705,0.0017,0.20,0.24,STATIONARY
33707,-0.0005,0.18,0.23,STATIONARY
33709,0.0033,0.17,0.23,STATIONARY
33711,-0.0041,0.15,0.23,STATIONARY
33713,-0.0117,0.12,0.22,STATIONARY
33715,-0.0192,0.07,0.21,STATIONARY
33717,-0.0203,0.03,0.20,STATIONARY
33719,-0.0126,0.00,0.19,STATIONARY
33721,-0.0182,-0.03,0.17,STATIONARY
33723,-0.0082,-0.04,0.16,STATIONARY
33725,-0.0095,-0.06,0.15,STATIONARY
33727,-0.0192,-0.09,0.14,STATIONARY
33729,-0.0465,-0.17,0.12,STATIONARY
33731,-0.0639,-0.27,0.09,STATIONARY
33733,-0.0686,-0.38,0.07,STATIONARY
33735,-0.0464,-0.43,0.04,STATIONARY
33737,-0.0118,-0.42,0.01,STATIONARY
33739,0.0231,-0.34,-0.01,STATIONARY
33742,0.0556,-0.21,-0.02,STATIONARY
33744,0.0613,-0.08,-0.03,STATIONARY
33745,0.0615,0.04,-0.02,STATIONARY
33747,0.0434,0.11,-0.01,STATIONARY
33749,0.0443,0.19,-0.00,STATIONARY
33751,0.0301,0.23,0.01,STATIONARY
33753,0.0109,0.23,0.02,STATIONARY
33755,-0.0028,0.21,0.03,STATIONARY
33758,-0.0107,0.17,0.04,STATIONARY
33759,-0.0086,0.14,0.05,STATIONARY
33761,-0.0031,0.12,0.05,STATIONARY
33764,0.0021,0.12,0.06,STATIONARY
33765,0.0219,0.15,0.06,STATIONARY
33767,0.0351,0.20,0.07,STATIONARY
33769,0.0426,0.26,0.08,STATIONARY
33771,0.0291,0.30,0.09,STATIONARY
33773,0.0140,0.30,0.11,STATIONARY
33775,-0.0108,0.25,0.12,STATIONARY
33777,-0.0311,0.18,0.12,STATIONARY
33779,-0.0543,0.06,0.12,STATIONARY
33781,-0.0597,-0.05,0.11,STATIONARY
33783,-0.0555,-0.15,0.09,STATIONARY
33786,-0.0590,-0.25,0.07,STATIONARY
33787,-0.0538,-0.33,0.05,STATIONARY
33789,-0.0605,-0.41,0.02,STATIONARY
33791,-0.0518,-0.47,-0.01,STATIONARY
33793,-0.0523,-0.53,-0.04,STATIONARY
33796,-0.0619,-0.60,-0.07,STATIONARY
33797,-0.0634,-0.67,-0.11,STATIONARY
33800,-0.0512,-0.71,-0.14,STATIONARY
33801,-0.0330,-0.72,-0.18,STATIONARY
33803,-0.0080,-0.67,-0.21,STATIONARY
33806,0.0046,-0.61,-0.23,STATIONARY
33807,0.0123,-0.54,-0.25,STATIONARY
33809,0.0092,-0.48,-0.26,STATIONARY
33811,-0.0063,-0.45,-0.27,STATIONARY
33813,0.0115,-0.40,-0.28,STATIONARY
33815,0.0377,-0.29,-0.28,STATIONARY
33817,0.0473,-0.18,-0.28,STATIONARY
33819,0.0514,-0.07,-0.26,STATIONARY
33822,0.0671,0.06,-0.25,STATIONARY
33823,0.0771,0.19,-0.22,STATIONARY
33825,0.0985,0.36,-0.19,STATIONARY
33827,0.1106,0.58,-0.14,STATIONARY
33829,0.0914,0.70,-0.09,STATIONARY
33831,0.0554,0.75,-0.04,STATIONARY
33833,0.0262,0.74,0.00,STATIONARY
33835,-0.0102,0.66,0.04,STATIONARY
33837,-0.0364,0.54,0.07,STATIONARY
33839,-0.0350,0.43,0.09,STATIONARY
33841,-0.0315,0.34,0.11,STATIONARY
33844,-0.0206,0.27,0.12,STATIONARY
33845,-0.0093,0.23,0.12,STATIONARY
33847,-0.0020,0.21,0.13,STATIONARY
33849,-0.0068,0.18,0.13,STATIONARY
33851,-0.0035,0.16,0.13,STATIONARY
33854,-0.0079,0.13,0.13,STATIONARY
33855,-0.0113,0.10,0.13,STATIONARY
33857,-0.0084,0.08,0.13,STATIONARY
33859,-0.0031,0.07,0.13,STATIONARY
33861,0.0084,0.08,0.12,STATIONARY
33863,0.0249,0.12,0.12,STATIONARY
33865,0.0326,0.17,0.13,STATIONARY
33867,0.0358,0.22,0.13,STATIONARY
33869,0.0406,0.28,0.14,STATIONARY
33871,0.0345,0.32,0.15,STATIONARY
33873,0.0172,0.32,0.16,STATIONARY
33875,0.0022,0.30,0.17,STATIONARY
33877,0.0002,0.28,0.18,STATIONARY
33879,0.0001,0.26,0.18,STATIONARY
33881,0.0041,0.24,0.18,STATIONARY
33883,0.0171,0.26,0.19,STATIONARY
33885,0.0204,0.27,0.19,STATIONARY
33887,0.0276,0.30,0.20,STATIONARY
33889,0.0305,0.33,0.21,STATIONARY
33891,0.0236,0.35,0.22,STATIONARY
33893,0.0138,0.35,0.22,STATIONARY
33895,0.0116,0.34,0.23,STATIONARY
33897,0.0156,0.34,0.24,STATIONARY
33899,0.0207,0.35,0.24,STATIONARY
33902,0.0207,0.36,0.25,STATIONARY
33903,0.0169,0.37,0.26,STATIONARY
33905,0.0136,0.36,0.26,STATIONARY
33907,0.0263,0.38,0.27,STATIONARY
33909,0.0360,0.42,0.28,STATIONARY
33911,0.0289,0.44,0.29,STATIONARY
33913,0.0183,0.44,0.30,STATIONARY
33915,0.0137,0.43,0.31,STATIONARY
33917,0.0040,0.40,0.31,STATIONARY
33919,-0.0107,0.35,0.31,STATIONARY
33921,-0.0179,0.29,0.31,STATIONARY
33923,-0.0042,0.26,0.31,STATIONARY
33925,0.0216,0.28,0.31,STATIONARY
33927,0.0491,0.34,0.31,STATIONARY
33930,0.0587,0.42,0.32,STATIONARY
33931,0.0585,0.50,0.33,STATIONARY
33933,0.0567,0.56,0.34,STATIONARY
33935,0.0506,0.61,0.36,STATIONARY
33937,0.0375,0.63,0.37,STATIONARY
33939,0.0298,0.63,0.39,STATIONARY
33941,0.0065,0.60,0.40,STATIONARY
33943,-0.0034,0.54,0.41,STATIONARY
33945,-0.0105,0.48,0.41,STATIONARY
33947,-0.0073,0.43,0.41,STATIONARY
33949,-0.0035,0.39,0.41,STATIONARY
33951,0.0005,0.36,0.41,STATIONARY
33953,-0.0006,0.33,0.40,STATIONARY
33955,-0.0029,0.30,0.40,STATIONARY
33957,0.0058,0.28,0.39,STATIONARY
33959,0.0207,0.30,0.39,STATIONARY
33962,0.0409,0.35,0.38,STATIONARY
33964,0.0400,0.40,0.38,STATIONARY
33965,0.0307,0.42,0.39,STATIONARY
33967,0.0048,0.40,0.39,STATIONARY
33969,-0.0372,0.30,0.38,STATIONARY
33971,-0.0652,0.15,0.37,STATIONARY
33973,-0.0587,0.03,0.35,STATIONARY
33975,-0.0367,-0.04,0.32,STATIONARY
33977,-0.0210,-0.07,0.30,STATIONARY
33979,-0.0013,-0.07,0.28,STATIONARY
33981,0.0158,-0.04,0.26,STATIONARY
33984,0.0152,-0.00,0.24,STATIONARY
33985,-0.0037,-0.01,0.23,STATIONARY
33987,-0.0299,-0.07,0.21,STATIONARY
33989,-0.0484,-0.15,0.19,STATIONARY
33991,-0.0556,-0.24,0.17,STATIONARY
33994,-0.0477,-0.31,0.14,STATIONARY
33995,-0.0421,-0.36,0.11,STATIONARY
33997,-0.0426,-0.41,0.08,STATIONARY
34000,-0.0311,-0.43,0.05,STATIONARY
34001,-0.0162,-0.43,0.02,STATIONARY
34003,0.0060,-0.38,-0.00,STATIONARY
34005,0.0172,-0.32,-0.02,STATIONARY
34007,0.0208,-0.26,-0.04,STATIONARY
34009,0.0203,-0.20,-0.05,STATIONARY
34011,0.0131,-0.16,-0.05,STATIONARY
34013,-0.0041,-0.15,-0.06,STATIONARY
34015,-0.0116,-0.16,-0.07,STATIONARY
34018,-0.0187,-0.19,-0.07,STATIONARY
34019,-0.0209,-0.21,-0.08,STATIONARY
34021,-0.0105,-0.21,-0.09,STATIONARY
34023,0.0035,-0.19,-0.09,STATIONARY
34025,0.0219,-0.13,-0.10,STATIONARY
34027,0.0446,-0.04,-0.09,STATIONARY
34029,0.0454,0.05,-0.09,STATIONARY
34031,0.0239,0.09,-0.07,STATIONARY
34033,-0.0038,0.07,-0.07,STATIONARY
34035,-0.0363,0.00,-0.06,STATIONARY
34037,-0.0572,-0.10,-0.06,STATIONARY
34039,-0.0516,-0.19,-0.07,STATIONARY
34042,-0.0449,-0.26,-0.08,STATIONARY
34043,-0.0359,-0.30,-0.10,STATIONARY
34045,-0.0078,-0.29,-0.11,STATIONARY
34047,0.0234,-0.23,-0.12,STATIONARY
34049,0.0435,-0.13,-0.12,STATIONARY
34051,0.0574,-0.01,-0.11,STATIONARY
34053,0.0455,0.07,-0.10,STATIONARY
34055,0.0298,0.12,-0.09,STATIONARY
34057,0.0309,0.17,-0.07,STATIONARY
34059,0.0282,0.21,-0.05,STATIONARY
34061,0.0431,0.27,-0.04,STATIONARY
34063,0.0485,0.34,-0.01,STATIONARY
34065,0.0482,0.40,0.01,STATIONARY
34067,0.0296,0.42,0.04,STATIONARY
34070,0.0303,0.44,0.06,STATIONARY
34071,0.0302,0.46,0.08,STATIONARY
34073,0.0187,0.46,0.11,STATIONARY
34076,0.0183,0.46,0.13,STATIONARY
34077,0.0137,0.45,0.15,STATIONARY
34079,-0.0022,0.41,0.16,STATIONARY
34081,-0.0183,0.34,0.17,STATIONARY
34083,-0.0282,0.26,0.18,STATIONARY
34086,-0.0316,0.18,0.18,STATIONARY
34087,-0.0357,0.10,0.17,STATIONARY
34089,-0.0291,0.04,0.16,STATIONARY
34091,-0.0164,0.01,0.16,STATIONARY
34093,0.0042,0.01,0.15,STATIONARY
34095,0.0194,0.05,0.14,STATIONARY
34097,0.0268,0.09,0.14,STATIONARY
34099,0.0238,0.13,0.14,STATIONARY
34102,0.0187,0.15,0.14,STATIONARY
34103,0.0170,0.17,0.14,STATIONARY
34105,0.0145,0.19,0.14,STATIONARY
34107,0.0191,0.21,0.15,STATIONARY
34109,0.0053,0.20,0.15,STATIONARY
34111,0.0065,0.20,0.15,STATIONARY
34113,0.0056,0.19,0.16,STATIONARY
34115,-0.0160,0.15,0.15,STATIONARY
34117,-0.0418,0.06,0.15,STATIONARY
34119,-0.0536,-0.05,0.14,STATIONARY
34121,-0.0444,-0.12,0.12,STATIONARY
34123,-0.0460,-0.20,0.10,STATIONARY
34125,-0.0372,-0.25,0.08,STATIONARY
34127,-0.0124,-0.25,0.06,STATIONARY
34129,0.0029,-0.23,0.04,STATIONARY
34131,-0.0043,-0.22,0.03,STATIONARY
34133,-0.0051,-0.21,0.02,STATIONARY
34135,-0.0116,-0.21,0.00,STATIONARY
34137,-0.0249,-0.24,-0.01,STATIONARY
34139,-0.0338,-0.29,-0.03,STATIONARY
34141,-0.0290,-0.32,-0.05,STATIONARY
34144,-0.0265,-0.34,-0.06,STATIONARY
34145,-0.0121,-0.34,-0.08,STATIONARY
34147,-0.0052,-0.32,-0.09,STATIONARY
34149,-0.0102,-0.31,-0.11,STATIONARY
34151,-0.0104,-0.31,-0.12,STATIONARY
34153,-0.0040,-0.29,-0.13,STATIONARY
34156,0.0028,-0.26,-0.14,STATIONARY
34157,0.0216,-0.20,-0.14,STATIONARY
34159,0.0422,-0.11,-0.14,STATIONARY
34161,0.0396,-0.02,-0.13,STATIONARY
34163,0.0229,0.02,-0.12,STATIONARY
34166,0.0186,0.05,-0.11,STATIONARY
34167,0.0208,0.09,-0.10,STATIONARY
34169,0.0049,0.09,-0.09,STATIONARY
34171,0.0065,0.09,-0.08,STATIONARY
34173,0.0061,0.10,-0.07,STATIONARY
34175,0.0060,0.10,-0.06,STATIONARY
34177,0.0165,0.12,-0.05,STATIONARY
34179,0.0119,0.13,-0.04,STATIONARY
34182,-0.0045,0.12,-0.03,STATIONARY
34184,-0.0179,0.07,-0.02,STATIONARY
34186,-0.0310,0.01,-0.02,STATIONARY
34187,-0.0465,-0.08,-0.02,STATIONARY
34189,-0.0549,-0.17,-0.03,STATIONARY
34191,-0.0512,-0.25,-0.04,STATIONARY
34193,-0.0373,-0.30,-0.06,STATIONARY
34196,-0.0198,-0.31,-0.07,STATIONARY
34198,-0.0073,-0.30,-0.09,STATIONARY
34199,0.0099,-0.26,-0.10,STATIONARY
34201,0.0279,-0.19,-0.10,STATIONARY
34203,0.0407,-0.10,-0.10,STATIONARY
34205,0.0461,-0.00,-0.10,STATIONARY
34207,0.0393,0.07,-0.09,STATIONARY
34209,0.0478,0.15,-0.07,STATIONARY
34211,0.0508,0.23,-0.06,STATIONARY
34214,0.0566,0.32,-0.03,STATIONARY
34215,0.0678,0.42,-0.01,STATIONARY
34217,0.0511,0.48,0.02,STATIONARY
34219,0.0403,0.51,0.05,STATIONARY
34221,0.0332,0.53,0.08,STATIONARY
34224,0.0353,0.56,0.11,STATIONARY
34225,0.0412,0.59,0.14,STATIONARY
34227,0.0464,0.63,0.17,STATIONARY
34229,0.0505,0.67,0.19,STATIONARY
34231,0.0336,0.68,0.22,STATIONARY
34233,0.0202,0.66,0.25,STATIONARY
34235,0.0009,0.61,0.27,STATIONARY
34237,-0.0105,0.54,0.29,STATIONARY
34239,-0.0163,0.47,0.30,STATIONARY
34241,-0.0143,0.40,0.30,STATIONARY
34244,-0.0039,0.36,0.31,STATIONARY
34246,0.0126,0.36,0.31,STATIONARY
34247,0.0192,0.36,0.31,STATIONARY
34249,0.0269,0.39,0.32,STATIONARY
34251,0.0151,0.38,0.32,STATIONARY
34253,0.0122,0.37,0.32,STATIONARY
34255,-0.0094,0.33,0.32,STATIONARY
34257,-0.0084,0.29,0.32,STATIONARY
34259,0.0144,0.29,0.32,STATIONARY
34261,0.0338,0.33,0.32,STATIONARY
34263,0.0459,0.39,0.32,STATIONARY
34265,0.0463,0.44,0.33,STATIONARY
34267,0.0439,0.49,0.34,STATIONARY
34269,0.0303,0.50,0.35,STATIONARY
34271,0.0157,0.49,0.36,STATIONARY
34273,-0.0045,0.44,0.36,STATIONARY
34275,-0.0115,0.39,0.37,STATIONARY
34277,-0.0096,0.34,0.36,STATIONARY
34279,-0.0011,0.31,0.36,STATIONARY
34281,0.0037,0.29,0.36,STATIONARY
34284,0.0022,0.27,0.35,STATIONARY
34285,-0.0124,0.23,0.34,STATIONARY
34287,-0.0221,0.17,0.33,STATIONARY
34289,-0.0365,0.09,0.32,STATIONARY
34291,-0.0331,0.02,0.30,STATIONARY
34293,-0.0253,-0.03,0.28,STATIONARY
34295,-0.0213,-0.07,0.26,STATIONARY
34297,-0.0182,-0.09,0.24,STATIONARY
34300,-0.0143,-0.11,0.22,STATIONARY
34301,-0.0209,-0.14,0.20,STATIONARY
34304,-0.0226,-0.17,0.18,STATIONARY
34306,-0.0135,-0.18,0.16,STATIONARY
34307,-0.0111,-0.19,0.13,STATIONARY
34309,0.0021,-0.17,0.12,STATIONARY
34311,0.0193,-0.12,0.10,STATIONARY
34313,0.0339,-0.05,0.09,STATIONARY
34315,0.0270,0.01,0.09,STATIONARY
34317,0.0293,0.06,0.09,STATIONARY
34319,0.0334,0.12,0.09,STATIONARY
34321,0.0181,0.14,0.09,STATIONARY
34323,0.0037,0.14,0.09,STATIONARY
34325,-0.0077,0.11,0.09,STATIONARY
34327,-0.0058,0.09,0.09,STATIONARY
34329,0.0059,0.09,0.09,STATIONARY
34331,0.0031,0.09,0.09,STATIONARY
34333,-0.0175,0.05,0.09,STATIONARY
34335,-0.0232,0.01,0.09,STATIONARY
34337,-0.0264,-0.04,0.08,STATIONARY
34339,-0.0304,-0.10,0.07,STATIONARY
34341,-0.0385,-0.16,0.06,STATIONARY
34344,-0.0356,-0.21,0.04,STATIONARY
34345,-0.0129,-0.22,0.02,STATIONARY
34347,-0.0055,-0.21,0.01,STATIONARY
34349,-0.0020,-0.20,-0.00,STATIONARY
34351,-0.0170,-0.21,-0.01,STATIONARY
34354,-0.0371,-0.26,-0.03,STATIONARY
34355,-0.0508,-0.34,-0.05,STATIONARY
34357,-0.0558,-0.41,-0.07,STATIONARY
34359,-0.0549,-0.48,-0.09,STATIONARY
34361,-0.0293,-0.50,-0.12,STATIONARY
34363,-0.0032,-0.46,-0.14,STATIONARY
34365,0.0029,-0.42,-0.15,STATIONARY
34367,0.0115,-0.37,-0.17,STATIONARY
34369,0.0109,-0.32,-0.18,STATIONARY
34371,0.0156,-0.26,-0.18,STATIONARY
34373,0.0161,-0.21,-0.18,STATIONARY
34375,0.0199,-0.16,-0.18,STATIONARY
34377,0.0173,-0.11,-0.18,STATIONARY
34379,0.0269,-0.06,-0.17,STATIONARY
34381,0.0228,-0.01,-0.16,STATIONARY
34383,0.0215,0.03,-0.15,STATIONARY
34386,0.0227,0.07,-0.14,STATIONARY
34387,0.0188,0.10,-0.12,STATIONARY
34389,0.0166,0.12,-0.11,STATIONARY
34391,0.0151,0.14,-0.09,STATIONARY
34393,0.0256,0.18,-0.08,STATIONARY
34395,0.0295,0.22,-0.06,STATIONARY
34397,0.0365,0.27,-0.04,STATIONARY
34399,0.0337,0.31,-0.02,STATIONARY
34402,0.0182,0.32,-0.00,STATIONARY
34403,-0.0063,0.28,0.02,STATIONARY
34405,-0.0330,0.20,0.03,STATIONARY
34407,-0.0458,0.10,0.03,STATIONARY
34409,-0.0530,-0.01,0.03,STATIONARY
34411,-0.0362,-0.07,0.02,STATIONARY
34413,-0.0125,-0.09,0.02,STATIONARY
34415,0.0194,-0.05,0.01,STATIONARY
34417,0.0434,0.03,0.01,STATIONARY
34419,0.0587,0.14,0.02,STATIONARY
34421,0.0580,0.24,0.03,STATIONARY
34424,0.0561,0.32,0.05,STATIONARY
34425,0.0560,0.40,0.07,STATIONARY
34427,0.0510,0.46,0.09,STATIONARY
34430,0.0407,0.50,0.12,STATIONARY
34431,0.0485,0.55,0.14,STATIONARY
34433,0.0559,0.61,0.17,STATIONARY
34435,0.0481,0.65,0.20,STATIONARY
34437,0.0406,0.67,0.23,STATIONARY
34439,0.0411,0.69,0.25,STATIONARY
34441,0.0376,0.71,0.28,STATIONARY
34444,0.0273,0.70,0.31,STATIONARY
34445,0.0216,0.68,0.33,STATIONARY
34447,0.0129,0.65,0.35,STATIONARY
34449,-0.0037,0.59,0.36,STATIONARY
34451,-0.0167,0.51,0.37,STATIONARY
34453,-0.0317,0.42,0.37,STATIONARY
34456,-0.0508,0.29,0.37,STATIONARY
34457,-0.0586,0.16,0.36,STATIONARY
34459,-0.0656,0.02,0.34,STATIONARY
34461,-0.0488,-0.07,0.31,STATIONARY
34464,-0.0263,-0.11,0.29,STATIONARY
34465,0.0006,-0.10,0.26,STATIONARY
34467,0.0070,-0.08,0.24,STATIONARY
34469,0.0089,-0.06,0.23,STATIONARY
34471,0.0095,-0.03,0.21,STATIONARY
34473,-0.0095,-0.05,0.20,STATIONARY
34475,-0.0188,-0.08,0.18,STATIONARY
34477,-0.0126,-0.10,0.16,STATIONARY
34479,-0.0042,-0.10,0.15,STATIONARY
34481,0.0063,-0.08,0.13,STATIONARY
34484,0.0134,-0.05,0.12,STATIONARY
34485,0.0051,-0.03,0.11,STATIONARY
34487,0.0061,-0.02,0.11,STATIONARY
34489,0.0129,0.01,0.10,STATIONARY
34491,0.0071,0.02,0.10,STATIONARY
34493,-0.0024,0.01,0.09,STATIONARY
34495,-0.0066,-0.00,0.09,STATIONARY
34497,-0.0006,-0.00,0.08,STATIONARY
34500,0.0043,0.01,0.08,STATIONARY
34501,0.0044,0.01,0.07,STATIONARY
34504,0.0051,0.02,0.07,STATIONARY
34505,-0.0078,0.01,0.07,STATIONARY
34507,-0.0209,-0.03,0.06,STATIONARY
34509,-0.0205,-0.07,0.05,STATIONARY
34511,-0.0197,-0.10,0.04,STATIONARY
34513,-0.0145,-0.12,0.03,STATIONARY
34515,-0.0123,-0.13,0.02,STATIONARY
34518,-0.0236,-0.16,0.01,STATIONARY
34519,-0.0343,-0.21,-0.00,STATIONARY
34521,-0.0360,-0.26,-0.02,STATIONARY
34523,-0.0454,-0.33,-0.03,STATIONARY
34526,-0.0341,-0.36,-0.05,STATIONARY
34527,-0.0206,-0.37,-0.07,STATIONARY
34529,-0.0186,-0.38,-0.09,STATIONARY
34531,-0.0001,-0.35,-0.11,STATIONARY
34533,-0.0041,-0.33,-0.12,STATIONARY
34535,0.0064,-0.29,-0.13,STATIONARY
34537,0.0032,-0.26,-0.14,STATIONARY
34539,-0.0022,-0.24,-0.14,STATIONARY
34542,-0.0030,-0.23,-0.15,STATIONARY
34543,0.0033,-0.20,-0.15,STATIONARY
34545,0.0276,-0.14,-0.15,STATIONARY
34547,0.0387,-0.05,-0.14,STATIONARY
34549,0.0584,0.06,-0.13,STATIONARY
34551,0.0731,0.19,-0.11,STATIONARY
34553,0.0648,0.29,-0.09,STATIONARY
34555,0.0545,0.37,-0.06,STATIONARY
34557,0.0246,0.38,-0.04,STATIONARY
34559,0.0119,0.38,-0.01,STATIONARY
34561,0.0030,0.35,0.01,STATIONARY
34564,-0.0090,0.31,0.03,STATIONARY
34565,-0.0267,0.23,0.04,STATIONARY
34567,-0.0289,0.16,0.05,STATIONARY
34570,-0.0324,0.09,0.05,STATIONARY
34571,-0.0440,0.00,0.05,STATIONARY
34573,-0.0534,-0.10,0.04,STATIONARY
34575,-0.0621,-0.20,0.02,STATIONARY
34577,-0.0571,-0.29,0.00,STATIONARY
34579,-0.0437,-0.35,-0.02,STATIONARY
34581,-0.0291,-0.38,-0.04,STATIONARY
34583,-0.0120,-0.37,-0.06,STATIONARY
34586,0.0007,-0.34,-0.07,STATIONARY
34587,0.0226,-0.27,-0.08,STATIONARY
34590,0.0371,-0.18,-0.09,STATIONARY
34591,0.0590,-0.06,-0.09,STATIONARY
34593,0.0749,0.09,-0.08,STATIONARY
34596,0.0726,0.21,-0.06,STATIONARY
34598,0.0724,0.33,-0.04,STATIONARY
34599,0.0779,0.45,-0.01,STATIONARY
34602,0.0783,0.55,0.02,STATIONARY
34603,0.0663,0.63,0.06,STATIONARY
34605,0.0595,0.69,0.10,STATIONARY
34607,0.0298,0.69,0.13,STATIONARY
34609,0.0200,0.67,0.16,STATIONARY
34611,0.0008,0.62,0.19,STATIONARY
34613,-0.0049,0.56,0.21,STATIONARY
34615,-0.0049,0.51,0.23,STATIONARY
34617,-0.0010,0.46,0.24,STATIONARY
34619,-0.0009,0.43,0.26,STATIONARY
34621,-0.0059,0.38,0.26,STATIONARY
34624,-0.0041,0.34,0.27,STATIONARY
34625,-0.0074,0.30,0.27,STATIONARY
34627,0.0000,0.28,0.27,STATIONARY
34629,0.0121,0.28,0.27,STATIONARY
34631,0.0145,0.28,0.27,STATIONARY
34633,0.0137,0.28,0.27,STATIONARY
34635,0.0064,0.27,0.27,STATIONARY
34637,-0.0081,0.24,0.27,STATIONARY
34639,-0.0131,0.19,0.27,STATIONARY
34641,-0.0089,0.16,0.26,STATIONARY
34643,-0.0034,0.14,0.25,STATIONARY
34645,-0.0074,0.12,0.24,STATIONARY
34647,-0.0059,0.10,0.24,STATIONARY
34649,0.0159,0.12,0.23,STATIONARY
34651,0.0107,0.13,0.22,STATIONARY
34653,0.0173,0.15,0.22,STATIONARY
34656,0.0139,0.16,0.22,STATIONARY
34657,0.0076,0.16,0.21,STATIONARY
34659,0.0104,0.17,0.21,STATIONARY
34661,0.0051,0.17,0.21,STATIONARY
34663,0.0150,0.18,0.21,STATIONARY
34665,0.0178,0.20,0.21,STATIONARY
34667,0.0161,0.21,0.21,STATIONARY
34669,0.0087,0.21,0.21,STATIONARY
34672,0.0068,0.21,0.21,STATIONARY
34673,-0.0040,0.18,0.20,STATIONARY
34675,-0.0267,0.12,0.20,STATIONARY
34677,-0.0500,0.02,0.19,STATIONARY
34679,-0.0646,-0.10,0.17,STATIONARY
34682,-0.0659,-0.22,0.15,STATIONARY
34683,-0.0606,-0.31,0.12,STATIONARY
34685,-0.0546,-0.39,0.09,STATIONARY
34687,-0.0367,-0.42,0.06,STATIONARY
34689,-0.0208,-0.43,0.03,STATIONARY
34691,-0.0166,-0.42,0.01,STATIONARY
34693,-0.0138,-0.41,-0.02,STATIONARY
34695,0.0012,-0.38,-0.04,STATIONARY
34697,0.0041,-0.34,-0.06,STATIONARY
34699,0.0105,-0.29,-0.07,STATIONARY
34701,0.0044,-0.26,-0.08,STATIONARY
34703,-0.0065,-0.25,-0.09,STATIONARY
34705,-0.0005,-0.23,-0.10,STATIONARY
34707,-0.0109,-0.24,-0.11,STATIONARY
34709,-0.0187,-0.25,-0.12,STATIONARY
34711,-0.0245,-0.28,-0.13,STATIONARY
34714,-0.0280,-0.31,-0.14,STATIONARY
34715,-0.0334,-0.34,-0.15,STATIONARY
34717,-0.0395,-0.39,-0.16,STATIONARY
34720,-0.0394,-0.43,-0.18,STATIONARY
34721,-0.0395,-0.47,-0.20,STATIONARY
34723,-0.0419,-0.51,-0.22,STATIONARY
34726,-0.0502,-0.56,-0.24,STATIONARY
34727,-0.0615,-0.63,-0.26,STATIONARY
34729,-0.0498,-0.67,-0.28,STATIONARY
34731,-0.0351,-0.68,-0.31,STATIONARY
34733,-0.0198,-0.66,-0.33,STATIONARY
34735,-0.0047,-0.62,-0.34,STATIONARY
34737,0.0148,-0.54,-0.36,STATIONARY
34739,0.0322,-0.44,-0.36,STATIONARY
34742,0.0382,-0.33,-0.36,STATIONARY
34743,0.0362,-0.24,-0.35,STATIONARY
34745,0.0326,-0.16,-0.34,STATIONARY
34747,0.0294,-0.09,-0.33,STATIONARY
34749,0.0258,-0.04,-0.31,STATIONARY
34751,0.0270,0.01,-0.29,STATIONARY
34753,0.0185,0.05,-0.27,STATIONARY
34755,0.0051,0.05,-0.25,STATIONARY
34758,0.0007,0.05,-0.23,STATIONARY
34759,0.0013,0.05,-0.22,STATIONARY
34762,-0.0057,0.03,-0.20,STATIONARY
34764,-0.0156,0.00,-0.19,STATIONARY
34765,-0.0199,-0.03,-0.18,STATIONARY
34767,-0.0120,-0.05,-0.17,STATIONARY
34769,-0.0039,-0.06,-0.17,STATIONARY
34771,-0.0073,-0.07,-0.16,STATIONARY
34773,-0.0052,-0.07,-0.16,STATIONARY
34775,-0.0036,-0.07,-0.15,STATIONARY
34777,-0.0119,-0.09,-0.15,STATIONARY
34779,-0.0217,-0.12,-0.14,STATIONARY
34781,-0.0208,-0.15,-0.15,STATIONARY
34783,-0.0083,-0.15,-0.15,STATIONARY
34786,0.0073,-0.13,-0.14,STATIONARY
34787,0.0151,-0.09,-0.14,STATIONARY
34789,0.0108,-0.06,-0.14,STATIONARY
34791,0.0128,-0.03,-0.13,STATIONARY
34793,0.0146,-0.00,-0.12,STATIONARY
34796,0.0126,0.02,-0.11,STATIONARY
34797,0.0124,0.04,-0.11,STATIONARY
34800,0.0060,0.05,-0.10,STATIONARY
34801,-0.0118,0.02,-0.09,STATIONARY
34803,-0.0075,0.01,-0.08,STATIONARY
34806,0.0151,0.03,-0.08,STATIONARY
34807,0.0263,0.08,-0.07,STATIONARY
34809,0.0350,0.14,-0.06,STATIONARY
34811,0.0419,0.20,-0.04,STATIONARY
34813,0.0347,0.25,-0.02,STATIONARY
34815,0.0361,0.30,-0.00,STATIONARY
34817,0.0296,0.33,0.02,STATIONARY
34819,0.0305,0.36,0.04,STATIONARY
34821,0.0307,0.39,0.06,STATIONARY
34824,0.0106,0.37,0.08,STATIONARY
34825,-0.0118,0.32,0.09,STATIONARY
34828,-0.0316,0.24,0.10,STATIONARY
34829,-0.0390,0.15,0.10,STATIONARY
34831,-0.0323,0.08,0.10,STATIONARY
34833,-0.0238,0.03,0.10,STATIONARY
34835,-0.0075,0.01,0.09,STATIONARY
34837,0.0089,0.03,0.09,STATIONARY
34839,0.0184,0.06,0.09,STATIONARY
34841,0.0172,0.09,0.09,STATIONARY
34844,0.0024,0.08,0.09,STATIONARY
34845,-0.0016,0.07,0.08,STATIONARY
34847,-0.0044,0.06,0.08,STATIONARY
34849,-0.0136,0.03,0.08,STATIONARY
34851,-0.0116,0.01,0.08,STATIONARY
34854,-0.0075,-0.01,0.07,STATIONARY
34855,0.0063,0.00,0.07,STATIONARY
34857,0.0122,0.03,0.06,STATIONARY
34860,0.0128,0.05,0.06,STATIONARY
34861,0.0189,0.08,0.06,STATIONARY
34863,0.0223,0.11,0.07,STATIONARY
34865,0.0173,0.14,0.07,STATIONARY
34867,0.0013,0.13,0.07,STATIONARY
34869,-0.0102,0.10,0.08,STATIONARY
34871,-0.0164,0.06,0.08,STATIONARY
34873,-0.0104,0.04,0.07,STATIONARY
34875,-0.0212,-0.01,0.07,STATIONARY
34877,-0.0188,-0.04,0.06,STATIONARY
34879,-0.0106,-0.06,0.05,STATIONARY
34881,-0.0084,-0.07,0.05,STATIONARY
34883,-0.0087,-0.08,0.04,STATIONARY
34886,0.0017,-0.07,0.03,STATIONARY
34887,0.0001,-0.06,0.03,STATIONARY
34889,-0.0166,-0.09,0.02,STATIONARY
34892,-0.0180,-0.11,0.01,STATIONARY
34893,-0.0197,-0.14,0.00,STATIONARY
34895,-0.0288,-0.18,-0.01,STATIONARY
34897,-0.0274,-0.22,-0.02,STATIONARY
34899,-0.0207,-0.24,-0.03,STATIONARY
34901,-0.0166,-0.25,-0.05,STATIONARY
34903,-0.0179,-0.26,-0.06,STATIONARY
34905,-0.0158,-0.27,-0.07,STATIONARY
34907,-0.0139,-0.28,-0.08,STATIONARY
34909,-0.0096,-0.27,-0.09,STATIONARY
34911,-0.0001,-0.25,-0.10,STATIONARY
34913,-0.0051,-0.24,-0.11,STATIONARY
34915,0.0069,-0.21,-0.12,STATIONARY
34918,0.0160,-0.16,-0.12,STATIONARY
34919,0.0161,-0.12,-0.12,STATIONARY
34921,0.0189,-0.07,-0.12,STATIONARY
34923,0.0120,-0.05,-0.11,STATIONARY
34925,0.0079,-0.03,-0.11,STATIONARY
34927,0.0005,-0.02,-0.10,STATIONARY
34930,0.0011,-0.02,-0.10,STATIONARY
34931,0.0079,-0.00,-0.09,STATIONARY
34934,0.0125,0.02,-0.09,STATIONARY
34935,0.0285,0.07,-0.08,STATIONARY
34937,0.0283,0.12,-0.07,STATIONARY
34939,0.0158,0.14,-0.05,STATIONARY
34941,0.0075,0.14,-0.04,STATIONARY
34943,-0.0083,0.11,-0.03,STATIONARY
34946,-0.0237,0.06,-0.03,STATIONARY
34947,-0.0317,-0.00,-0.03,STATIONARY
34949,-0.0371,-0.07,-0.03,STATIONARY
34951,-0.0375,-0.13,-0.03,STATIONARY
34953,-0.0340,-0.19,-0.04,STATIONARY
34955,-0.0230,-0.21,-0.05,STATIONARY
34957,-0.0203,-0.23,-0.06,STATIONARY
34959,-0.0228,-0.26,-0.08,STATIONARY
34961,-0.0106,-0.26,-0.09,STATIONARY
34963,-0.0085,-0.25,-0.10,STATIONARY
34965,-0.0088,-0.25,-0.11,STATIONARY
34967,-0.0080,-0.24,-0.11,STATIONARY
34969,-0.0050,-0.23,-0.12,STATIONARY
34971,-0.0134,-0.24,-0.13,STATIONARY
34973,-0.0215,-0.26,-0.14,STATIONARY
34975,-0.0199,-0.27,-0.14,STATIONARY
34977,-0.0140,-0.28,-0.15,STATIONARY
34979,0.0024,-0.25,-0.16,STATIONARY
34981,0.0114,-0.21,-0.16,STATIONARY
34983,0.0121,-0.17,-0.16,STATIONARY
34986,0.0094,-0.14,-0.16,STATIONARY
34987,0.0059,-0.12,-0.16,STATIONARY
34989,0.0099,-0.09,-0.15,STATIONARY
34991,0.0156,-0.05,-0.15,STATIONARY
34994,0.0205,-0.01,-0.14,STATIONARY
34995,0.0231,0.03,-0.13,STATIONARY
34997,0.0259,0.08,-0.12,STATIONARY
35000,0.0265,0.12,-0.10,STATIONARY
35001,0.0199,0.15,-0.09,STATIONARY
35004,0.0245,0.18,-0.07,STATIONARY
35005,0.0259,0.21,-0.06,STATIONARY
35007,0.0102,0.21,-0.04,STATIONARY
35009,-0.0036,0.19,-0.03,STATIONARY
35011,-0.0127,0.15,-0.02,STATIONARY
35013,-0.0228,0.10,-0.01,STATIONARY
35015,-0.0203,0.05,-0.01,STATIONARY
35018,-0.0311,-0.01,-0.01,STATIONARY
35019,-0.0312,-0.07,-0.01,STATIONARY
35021,-0.0226,-0.10,-0.01,STATIONARY
35023,-0.0187,-0.13,-0.02,STATIONARY
35025,-0.0159,-0.15,-0.03,STATIONARY
35027,-0.0114,-0.16,-0.04,STATIONARY
35029,-0.0013,-0.15,-0.04,STATIONARY
35031,0.0127,-0.11,-0.05,STATIONARY
35033,0.0101,-0.08,-0.05,STATIONARY
35035,0.0124,-0.05,-0.05,STATIONARY
35037,0.0054,-0.04,-0.05,STATIONARY
35039,0.0035,-0.03,-0.05,STATIONARY
35041,0.0043,-0.02,-0.05,STATIONARY
35044,-0.0037,-0.03,-0.04,STATIONARY
35045,0.0038,-0.02,-0.04,STATIONARY
35047,0.0079,-0.00,-0.04,STATIONARY
35049,0.0195,0.04,-0.04,STATIONARY
35051,0.0257,0.08,-0.03,STATIONARY
35053,0.0136,0.10,-0.02,STATIONARY
35055,0.0004,0.09,-0.01,STATIONARY
35057,-0.0118,0.06,-0.01,STATIONARY
35059,-0.0225,0.02,-0.01,STATIONARY
35061,-0.0481,-0.07,-0.01,STATIONARY
35064,-0.0667,-0.19,-0.02,STATIONARY
35065,-0.0744,-0.31,-0.04,STATIONARY
35067,-0.0645,-0.41,-0.06,STATIONARY
35070,-0.0549,-0.47,-0.09,STATIONARY
35071,-0.0339,-0.50,-0.11,STATIONARY
35073,-0.0110,-0.48,-0.13,STATIONARY
35076,0.0123,-0.42,-0.15,STATIONARY
35078,0.0272,-0.33,-0.16,STATIONARY
35079,0.0313,-0.25,-0.17,STATIONARY
35081,0.0380,-0.16,-0.17,STATIONARY
35084,0.0048,-0.14,-0.16,STATIONARY
35086,-0.0002,-0.13,-0.16,STATIONARY
35087,-0.0167,-0.15,-0.16,STATIONARY
35089,-0.0216,-0.18,-0.16,STATIONARY
35091,-0.0173,-0.19,-0.16,STATIONARY
35093,-0.0148,-0.21,-0.17,STATIONARY
35095,0.0043,-0.18,-0.17,STATIONARY
35097,0.0188,-0.13,-0.17,STATIONARY
35099,0.0399,-0.05,-0.16,STATIONARY
35102,0.0422,0.03,-0.15,STATIONARY
35103,0.0464,0.12,-0.13,STATIONARY
35105,0.0552,0.21,-0.11,STATIONARY
35107,0.0352,0.26,-0.09,STATIONARY
35109,0.0244,0.28,-0.07,STATIONARY
35111,0.0137,0.28,-0.05,STATIONARY
35113,0.0109,0.28,-0.03,STATIONARY
35115,0.0222,0.30,-0.01,STATIONARY
35117,0.0262,0.32,0.01,STATIONARY
35119,0.0423,0.38,0.03,STATIONARY
35121,0.0468,0.43,0.06,STATIONARY
35123,0.0313,0.45,0.08,STATIONARY
35125,0.0282,0.47,0.10,STATIONARY
35127,0.0221,0.47,0.13,STATIONARY
35129,0.0099,0.45,0.14,STATIONARY
35131,0.0036,0.42,0.16,STATIONARY
35133,0.0014,0.39,0.17,STATIONARY
35135,-0.0036,0.35,0.19,STATIONARY
35137,-0.0058,0.32,0.19,STATIONARY
35139,-0.0080,0.28,0.20,STATIONARY
35141,-0.0103,0.23,0.20,STATIONARY
35143,0.0014,0.22,0.20,STATIONARY
35145,0.0023,0.21,0.20,STATIONARY
35147,0.0148,0.22,0.20,STATIONARY
35149,0.0172,0.23,0.20,STATIONARY
35151,0.0020,0.22,0.20,STATIONARY
35153,-0.0123,0.18,0.20,STATIONARY
35156,-0.0259,0.11,0.20,STATIONARY
35157,-0.0262,0.06,0.19,STATIONARY
35159,-0.0316,-0.01,0.18,STATIONARY
35161,-0.0239,-0.05,0.16,STATIONARY
35163,-0.0181,-0.08,0.15,STATIONARY
35165,-0.0161,-0.10,0.14,STATIONARY
35167,-0.0213,-0.13,0.12,STATIONARY
35169,-0.0235,-0.17,0.10,STATIONARY
35171,-0.0031,-0.16,0.09,STATIONARY
35173,-0.0024,-0.15,0.07,STATIONARY
35175,-0.0188,-0.17,0.06,STATIONARY
35177,-0.0433,-0.24,0.04,STATIONARY
35179,-0.0518,-0.31,0.02,STATIONARY
35182,-0.0657,-0.41,-0.01,STATIONARY
35183,-0.0639,-0.49,-0.03,STATIONARY
35186,-0.0583,-0.56,-0.07,STATIONARY
35188,-0.0416,-0.59,-0.10,STATIONARY
35189,-0.0404,-0.62,-0.13,STATIONARY
35191,-0.0354,-0.64,-0.16,STATIONARY
35193,-0.0263,-0.63,-0.19,STATIONARY
35195,-0.0276,-0.63,-0.21,STATIONARY
35198,-0.0196,-0.62,-0.24,STATIONARY
35199,-0.0164,-0.60,-0.26,STATIONARY
35201,-0.0212,-0.59,-0.28,STATIONARY
35203,-0.0242,-0.59,-0.30,STATIONARY
35205,-0.0489,-0.63,-0.32,STATIONARY
35207,-0.0602,-0.69,-0.34,STATIONARY
35209,-0.0580,-0.74,-0.36,STATIONARY
35211,-0.0263,-0.73,-0.38,STATIONARY
35213,-0.0135,-0.70,-0.40,STATIONARY
35215,0.0133,-0.62,-0.42,STATIONARY
35217,0.0276,-0.52,-0.42,STATIONARY
35219,0.0228,-0.43,-0.42,STATIONARY
35221,0.0038,-0.39,-0.42,STATIONARY
35224,0.0023,-0.36,-0.42,STATIONARY
35225,-0.0049,-0.34,-0.41,STATIONARY
35227,-0.0129,-0.33,-0.41,STATIONARY
35229,-0.0231,-0.35,-0.40,STATIONARY
35231,-0.0330,-0.38,-0.40,STATIONARY
35233,-0.0267,-0.40,-0.40,STATIONARY
35235,-0.0225,-0.41,-0.40,STATIONARY
35237,-0.0052,-0.39,-0.40,STATIONARY
35239,0.0096,-0.34,-0.40,STATIONARY
35242,0.0030,-0.31,-0.39,STATIONARY
35243,0.0117,-0.26,-0.38,STATIONARY
35245,0.0069,-0.23,-0.38,STATIONARY
35247,0.0001,-0.21,-0.37,STATIONARY
35249,0.0016,-0.19,-0.36,STATIONARY
35251,-0.0016,-0.18,-0.34,STATIONARY
35253,0.0007,-0.16,-0.33,STATIONARY
35255,0.0063,-0.14,-0.32,STATIONARY
35258,0.0060,-0.11,-0.31,STATIONARY
35259,0.0067,-0.09,-0.30,STATIONARY
35261,0.0079,-0.07,-0.28,STATIONARY
35263,0.0187,-0.03,-0.27,STATIONARY
35265,0.0208,0.01,-0.25,STATIONARY
35267,0.0219,0.05,-0.23,STATIONARY
35269,0.0114,0.07,-0.22,STATIONARY
35271,-0.0006,0.06,-0.20,STATIONARY
35274,-0.0169,0.02,-0.19,STATIONARY
35275,-0.0133,-0.00,-0.18,STATIONARY
35277,-0.0132,-0.03,-0.17,STATIONARY
35279,-0.0004,-0.03,-0.16,STATIONARY
35281,0.0204,0.01,-0.15,STATIONARY
35284,0.0371,0.08,-0.14,STATIONARY
35285,0.0574,0.18,-0.12,STATIONARY
35287,0.0574,0.27,-0.09,STATIONARY
35289,0.0564,0.35,-0.07,STATIONARY
35291,0.0440,0.41,-0.04,STATIONARY
35293,0.0344,0.44,-0.01,STATIONARY
35295,0.0265,0.45,0.02,STATIONARY
35298,0.0127,0.44,0.04,STATIONARY
35300,0.0062,0.41,0.06,STATIONARY
35301,0.0005,0.38,0.08,STATIONARY
35303,-0.0105,0.33,0.10,STATIONARY
35306,-0.0073,0.29,0.11,STATIONARY
35307,-0.0078,0.25,0.12,STATIONARY
35309,0.0138,0.26,0.13,STATIONARY
35311,0.0191,0.27,0.13,STATIONARY
35313,0.0324,0.31,0.15,STATIONARY
35315,0.0399,0.36,0.16,STATIONARY
35317,0.0378,0.40,0.17,STATIONARY
35319,0.0244,0.41,0.19,STATIONARY
35321,0.0086,0.40,0.20,STATIONARY
35323,-0.0027,0.36,0.21,STATIONARY
35325,-0.0176,0.30,0.21,STATIONARY
35327,-0.0226,0.23,0.21,STATIONARY
35329,-0.0283,0.16,0.21,STATIONARY
35331,-0.0332,0.09,0.20,STATIONARY
35333,-0.0327,0.02,0.19,STATIONARY
35335,-0.0304,-0.04,0.18,STATIONARY
35337,-0.0325,-0.09,0.16,STATIONARY
35339,-0.0241,-0.13,0.15,STATIONARY
35341,-0.0275,-0.17,0.13,STATIONARY
35344,-0.0225,-0.20,0.11,STATIONARY
35345,-0.0108,-0.20,0.09,STATIONARY
35347,-0.0112,-0.21,0.07,STATIONARY
35349,-0.0233,-0.23,0.05,STATIONARY
35351,-0.0262,-0.26,0.04,STATIONARY
35354,-0.0249,-0.29,0.02,STATIONARY
35355,-0.0178,-0.30,-0.00,STATIONARY
35357,-0.0139,-0.30,-0.02,STATIONARY
35360,-0.0059,-0.29,-0.04,STATIONARY
35361,0.0019,-0.26,-0.05,STATIONARY
35363,0.0028,-0.23,-0.06,STATIONARY
35365,0.0028,-0.21,-0.07,STATIONARY
35367,0.0011,-0.19,-0.08,STATIONARY
35369,-0.0138,-0.20,-0.08,STATIONARY
35371,-0.0230,-0.23,-0.09,STATIONARY
35373,-0.0384,-0.28,-0.10,STATIONARY
35375,-0.0410,-0.33,-0.12,STATIONARY
35377,-0.0366,-0.37,-0.13,STATIONARY
35379,-0.0413,-0.42,-0.15,STATIONARY
35381,-0.0442,-0.47,-0.17,STATIONARY
35383,-0.0383,-0.50,-0.19,STATIONARY
35386,-0.0287,-0.51,-0.21,STATIONARY
35387,-0.0133,-0.50,-0.22,STATIONARY
35389,-0.0064,-0.47,-0.24,STATIONARY
35391,-0.0155,-0.46,-0.25,STATIONARY
35393,-0.0214,-0.46,-0.26,STATIONARY
35396,-0.0171,-0.46,-0.28,STATIONARY
35397,-0.0178,-0.45,-0.29,STATIONARY
35399,-0.0249,-0.46,-0.30,STATIONARY
35401,-0.0213,-0.46,-0.31,STATIONARY
35403,-0.0139,-0.45,-0.31,STATIONARY
35405,-0.0100,-0.44,-0.32,STATIONARY
35407,0.0003,-0.40,-0.33,STATIONARY
35409,0.0108,-0.35,-0.33,STATIONARY
35411,0.0212,-0.28,-0.32,STATIONARY
35413,0.0281,-0.21,-0.32,STATIONARY
35415,0.0320,-0.13,-0.31,STATIONARY
35417,0.0339,-0.06,-0.29,STATIONARY
35419,0.0264,-0.01,-0.28,STATIONARY
35421,0.0185,0.03,-0.26,STATIONARY
35424,0.0151,0.05,-0.24,STATIONARY
35425,0.0214,0.09,-0.22,STATIONARY
35427,0.0157,0.11,-0.20,STATIONARY
35430,0.0153,0.13,-0.18,STATIONARY
35431,0.0266,0.17,-0.16,STATIONARY
35433,0.0335,0.22,-0.14,STATIONARY
35435,0.0283,0.25,-0.11,STATIONARY
35437,0.0217,0.27,-0.09,STATIONARY
35439,0.0235,0.29,-0.07,STATIONARY
35441,0.0204,0.31,-0.05,STATIONARY
35444,0.0176,0.32,-0.03,STATIONARY
35446,0.0092,0.31,-0.01,STATIONARY
35447,-0.0030,0.28,0.01,STATIONARY
35449,-0.0148,0.23,0.02,STATIONARY
35451,-0.0120,0.19,0.03,STATIONARY
35453,-0.0182,0.14,0.04,STATIONARY
35455,-0.0182,0.09,0.04,STATIONARY
35457,-0.0186,0.05,0.04,STATIONARY
35459,-0.0200,0.01,0.04,STATIONARY
35461,-0.0101,-0.01,0.04,STATIONARY
35463,0.0001,-0.01,0.04,STATIONARY
35465,-0.0012,-0.01,0.03,STATIONARY
35467,-0.0064,-0.02,0.03,STATIONARY
35469,-0.0065,-0.03,0.03,STATIONARY
35471,0.0004,-0.03,0.02,STATIONARY
35473,0.0013,-0.02,0.02,STATIONARY
35475,0.0030,-0.02,0.02,STATIONARY
35477,0.0047,-0.01,0.02,STATIONARY
35479,0.0071,0.01,0.02,STATIONARY
35481,0.0085,0.02,0.02,STATIONARY
35483,0.0082,0.04,0.02,STATIONARY
35485,0.0101,0.05,0.02,STATIONARY
35487,0.0102,0.07,0.02,STATIONARY
35489,0.0081,0.08,0.03,STATIONARY
35491,0.0053,0.08,0.03,STATIONARY
35493,0.0020,0.08,0.03,STATIONARY
35495,-0.0133,0.05,0.03,STATIONARY
35497,-0.0249,-0.00,0.03,STATIONARY
35500,-0.0264,-0.05,0.03,STATIONARY
35501,-0.0294,-0.10,0.02,STATIONARY
35504,-0.0262,-0.14,0.01,STATIONARY
35505,-0.0245,-0.18,-0.00,STATIONARY
35507,-0.0165,-0.19,-0.01,STATIONARY
35509,-0.0101,-0.19,-0.02,STATIONARY
35511,-0.0072,-0.19,-0.03,STATIONARY
35513,-0.0084,-0.19,-0.04,STATIONARY
35515,-0.0131,-0.20,-0.05,STATIONARY
35518,-0.0150,-0.21,-0.06,STATIONARY
35519,-0.0159,-0.22,-0.07,STATIONARY
35521,-0.0182,-0.24,-0.08,STATIONARY
35523,-0.0194,-0.26,-0.09,STATIONARY
35525,-0.0232,-0.28,-0.10,STATIONARY
35527,-0.0177,-0.29,-0.11,STATIONARY
35529,-0.0062,-0.28,-0.12,STATIONARY
35531,0.0046,-0.25,-0.13,STATIONARY
35533,0.0115,-0.21,-0.14,STATIONARY
35535,0.0048,-0.18,-0.14,STATIONARY
35537,0.0014,-0.16,-0.14,STATIONARY
35539,-0.0144,-0.18,-0.14,STATIONARY
35542,-0.0178,-0.20,-0.15,STATIONARY
35543,-0.0200,-0.22,-0.15,STATIONARY
35545,-0.0151,-0.23,-0.15,STATIONARY
35547,-0.0162,-0.24,-0.16,STATIONARY
35549,-0.0072,-0.23,-0.16,STATIONARY
35551,0.0037,-0.21,-0.17,STATIONARY
35553,0.0027,-0.19,-0.17,STATIONARY
35555,0.0100,-0.15,-0.17,STATIONARY
35557,0.0182,-0.11,-0.16,STATIONARY
35559,0.0306,-0.04,-0.16,STATIONARY
35561,0.0185,-0.00,-0.15,STATIONARY
35563,0.0054,0.01,-0.14,STATIONARY
35565,0.0040,0.01,-0.13,STATIONARY
35567,0.0013,0.01,-0.12,STATIONARY
35569,0.0034,0.02,-0.11,STATIONARY
35571,0.0062,0.03,-0.10,STATIONARY
35573,0.0143,0.05,-0.09,STATIONARY
35575,0.0138,0.07,-0.08,STATIONARY
35577,0.0085,0.08,-0.07,STATIONARY
35579,0.0063,0.09,-0.06,STATIONARY
35581,0.0142,0.11,-0.05,STATIONARY
35583,0.0116,0.12,-0.04,STATIONARY
35586,0.0129,0.13,-0.03,STATIONARY
35587,0.0275,0.17,-0.02,STATIONARY
35590,0.0361,0.23,-0.01,STATIONARY
35591,0.0426,0.29,0.01,STATIONARY
35593,0.0362,0.33,0.03,STATIONARY
35596,0.0321,0.36,0.05,STATIONARY
35597,0.0363,0.40,0.07,STATIONARY
35599,0.0322,0.43,0.09,STATIONARY
35602,0.0185,0.43,0.11,STATIONARY
35603,0.0104,0.41,0.13,STATIONARY
35606,0.0116,0.40,0.15,STATIONARY
35607,0.0032,0.37,0.16,STATIONARY
35609,-0.0053,0.34,0.17,STATIONARY
35611,-0.0121,0.29,0.18,STATIONARY
35613,-0.0201,0.23,0.18,STATIONARY
35615,-0.0217,0.17,0.18,STATIONARY
35617,-0.0262,0.11,0.17,STATIONARY
35619,-0.0308,0.04,0.17,STATIONARY
35621,-0.0287,-0.01,0.16,STATIONARY
35623,-0.0286,-0.07,0.14,STATIONARY
35625,-0.0212,-0.10,0.13,STATIONARY
35627,-0.0105,-0.11,0.11,STATIONARY
35629,0.0012,-0.10,0.10,STATIONARY
35631,-0.0082,-0.11,0.09,STATIONARY
35633,-0.0098,-0.12,0.08,STATIONARY
35635,-0.0139,-0.13,0.06,STATIONARY
35637,-0.0217,-0.16,0.05,STATIONARY
35639,-0.0299,-0.20,0.04,STATIONARY
35641,-0.0217,-0.23,0.02,STATIONARY
35644,-0.0164,-0.24,0.00,STATIONARY
35645,-0.0087,-0.24,-0.01,STATIONARY
35647,-0.0139,-0.24,-0.02,STATIONARY
35650,-0.0165,-0.25,-0.04,STATIONARY
35651,-0.0219,-0.27,-0.05,STATIONARY
35653,-0.0115,-0.27,-0.06,STATIONARY
35656,-0.0109,-0.27,-0.08,STATIONARY
35657,-0.0188,-0.28,-0.09,STATIONARY
35659,-0.0279,-0.31,-0.10,STATIONARY
35661,-0.0213,-0.33,-0.12,STATIONARY
35663,-0.0157,-0.33,-0.13,STATIONARY
35665,-0.0170,-0.33,-0.14,STATIONARY
35667,-0.0062,-0.32,-0.15,STATIONARY
35669,-0.0064,-0.31,-0.16,STATIONARY
35672,-0.0157,-0.31,-0.17,STATIONARY
35673,-0.0242,-0.33,-0.18,STATIONARY
35675,-0.0256,-0.35,-0.19,STATIONARY
35677,-0.0259,-0.37,-0.20,STATIONARY
35679,-0.0309,-0.40,-0.21,STATIONARY
35681,-0.0272,-0.42,-0.22,STATIONARY
35683,-0.0217,-0.42,-0.23,STATIONARY
35685,-0.0209,-0.43,-0.25,STATIONARY
35687,-0.0236,-0.44,-0.26,STATIONARY
35689,-0.0069,-0.41,-0.27,STATIONARY
35692,-0.0048,-0.39,-0.27,STATIONARY
35693,-0.0041,-0.37,-0.28,STATIONARY
35695,-0.0039,-0.34,-0.28,STATIONARY
35697,0.0002,-0.32,-0.29,STATIONARY
35699,0.0022,-0.29,-0.29,STATIONARY
35701,0.0024,-0.26,-0.28,STATIONARY
35703,0.0058,-0.23,-0.28,STATIONARY
35705,-0.0020,-0.21,-0.28,STATIONARY
35707,0.0012,-0.19,-0.27,STATIONARY
35709,0.0100,-0.16,-0.27,STATIONARY
35711,0.0134,-0.12,-0.26,STATIONARY
35714,0.0104,-0.09,-0.25,STATIONARY
35715,0.0170,-0.06,-0.24,STATIONARY
35717,0.0227,-0.01,-0.22,STATIONARY
35720,0.0195,0.03,-0.21,STATIONARY
35721,0.0131,0.05,-0.19,STATIONARY
35723,0.0146,0.07,-0.18,STATIONARY
35725,0.0209,0.11,-0.16,STATIONARY
35727,0.0198,0.13,-0.14,STATIONARY
35729,0.0101,0.14,-0.13,STATIONARY
35731,0.0068,0.14,-0.11,STATIONARY
35733,0.0158,0.16,-0.09,STATIONARY
35735,0.0201,0.18,-0.08,STATIONARY
35737,0.0091,0.19,-0.06,STATIONARY
35739,0.0000,0.17,-0.05,STATIONARY
35741,0.0012,0.16,-0.04,STATIONARY
35743,-0.0033,0.14,-0.03,STATIONARY
35745,-0.0018,0.13,-0.02,STATIONARY
35747,-0.0071,0.10,-0.01,STATIONARY
35749,-0.0021,0.09,-0.00,STATIONARY
35751,0.0011,0.09,0.00,STATIONARY
35753,0.0074,0.09,0.01,STATIONARY
35755,0.0114,0.11,0.01,STATIONARY
35758,0.0106,0.12,0.02,STATIONARY
35759,-0.0017,0.10,0.02,STATIONARY
35761,-0.0053,0.09,0.03,STATIONARY
35763,-0.0033,0.07,0.03,STATIONARY
35765,-0.0147,0.04,0.03,STATIONARY
35767,-0.0117,0.02,0.03,STATIONARY
35769,-0.0140,-0.01,0.03,STATIONARY
35771,-0.0181,-0.04,0.02,STATIONARY
35773,-0.0230,-0.08,0.02,STATIONARY
35775,-0.0159,-0.11,0.01,STATIONARY
35777,-0.0144,-0.12,0.00,STATIONARY
35779,-0.0178,-0.15,-0.01,STATIONARY
35781,-0.0120,-0.16,-0.02,STATIONARY
35784,-0.0021,-0.15,-0.02,STATIONARY
35786,-0.0039,-0.14,-0.03,STATIONARY
35787,-0.0073,-0.15,-0.04,STATIONARY
35790,-0.0051,-0.14,-0.04,STATIONARY
35791,-0.0070,-0.14,-0.05,STATIONARY
35793,-0.0106,-0.15,-0.06,STATIONARY
35796,-0.0076,-0.15,-0.06,STATIONARY
35797,-0.0124,-0.16,-0.07,STATIONARY
35800,-0.0141,-0.18,-0.07,STATIONARY
35801,-0.0110,-0.18,-0.08,STATIONARY
35803,-0.0104,-0.19,-0.09,STATIONARY
35806,0.0035,-0.17,-0.09,STATIONARY
35807,0.0029,-0.15,-0.09,STATIONARY
35809,-0.0020,-0.14,-0.10,STATIONARY
35811,0.0044,-0.12,-0.10,STATIONARY
35813,0.0045,-0.10,-0.10,STATIONARY
35815,-0.0011,-0.10,-0.10,STATIONARY
35817,-0.0019,-0.09,-0.10,STATIONARY
35819,-0.0013,-0.09,-0.10,STATIONARY
35821,-0.0101,-0.10,-0.10,STATIONARY
35824,-0.0118,-0.11,-0.10,STATIONARY
35825,-0.0170,-0.13,-0.10,STATIONARY
35828,-0.0079,-0.14,-0.10,STATIONARY
35829,-0.0022,-0.13,-0.10,STATIONARY
35831,-0.0026,-0.13,-0.11,STATIONARY
35833,-0.0064,-0.13,-0.11,STATIONARY
35835,-0.0073,-0.13,-0.11,STATIONARY
35837,0.0048,-0.11,-0.11,STATIONARY
35839,-0.0003,-0.10,-0.11,STATIONARY
35841,0.0027,-0.09,-0.11,STATIONARY
35844,0.0070,-0.07,-0.11,STATIONARY
35845,0.0106,-0.04,-0.10,STATIONARY
35847,0.0198,-0.00,-0.10,STATIONARY
35849,0.0204,0.03,-0.09,STATIONARY
35851,0.0153,0.06,-0.08,STATIONARY
35854,0.0091,0.07,-0.07,STATIONARY
35855,0.0105,0.08,-0.06,STATIONARY
35857,0.0101,0.10,-0.05,STATIONARY
35859,0.0131,0.11,-0.04,STATIONARY
35861,0.0086,0.12,-0.03,STATIONARY
35863,0.0089,0.13,-0.02,STATIONARY
35865,0.0209,0.15,-0.01,STATIONARY
35867,0.0270,0.19,-0.00,STATIONARY
35869,0.0243,0.22,0.01,STATIONARY
35871,0.0111,0.22,0.02,STATIONARY
35873,-0.0004,0.21,0.04,STATIONARY
35875,-0.0024,0.18,0.04,STATIONARY
35877,-0.0101,0.15,0.05,STATIONARY
35879,-0.0140,0.11,0.05,STATIONARY
35881,-0.0148,0.08,0.06,STATIONARY
35883,-0.0079,0.06,0.06,STATIONARY
35885,-0.0065,0.04,0.05,STATIONARY
35887,-0.0073,0.02,0.05,STATIONARY
35889,-0.0181,-0.01,0.05,STATIONARY
35891,-0.0146,-0.04,0.04,STATIONARY
35893,-0.0177,-0.07,0.04,STATIONARY
35895,-0.0232,-0.10,0.03,STATIONARY
35897,-0.0128,-0.12,0.02,STATIONARY
35899,-0.0145,-0.14,0.01,STATIONARY
35901,-0.0086,-0.14,0.00,STATIONARY
35903,0.0087,-0.11,-0.00,STATIONARY
35905,0.0089,-0.09,-0.01,STATIONARY
35907,0.0082,-0.07,-0.01,STATIONARY
35909,0.0133,-0.04,-0.01,STATIONARY
35911,0.0187,0.00,-0.01,STATIONARY
35913,0.0033,0.01,-0.01,STATIONARY
35915,0.0037,0.01,-0.01,STATIONARY
35918,0.0048,0.02,-0.01,STATIONARY
35919,-0.0060,0.01,-0.01,STATIONARY
35921,-0.0185,-0.03,-0.01,STATIONARY
35923,-0.0153,-0.05,-0.01,STATIONARY
35925,-0.0124,-0.07,-0.02,STATIONARY
35927,-0.0074,-0.08,-0.02,STATIONARY
35930,-0.0065,-0.08,-0.02,STATIONARY
35931,-0.0152,-0.11,-0.03,STATIONARY
35933,-0.0269,-0.15,-0.03,STATIONARY
35935,-0.0163,-0.17,-0.04,STATIONARY
35937,-0.0147,-0.18,-0.05,STATIONARY
35939,-0.0214,-0.20,-0.06,STATIONARY
35941,-0.0187,-0.22,-0.07,STATIONARY
35943,-0.0136,-0.23,-0.08,STATIONARY
35946,-0.0134,-0.24,-0.09,STATIONARY
35947,-0.0074,-0.23,-0.10,STATIONARY
35949,-0.0014,-0.21,-0.10,STATIONARY
35951,0.0051,-0.19,-0.11,STATIONARY
35953,-0.0004,-0.17,-0.11,STATIONARY
35955,-0.0014,-0.16,-0.12,STATIONARY
35957,-0.0000,-0.15,-0.12,STATIONARY
35959,-0.0037,-0.14,-0.12,STATIONARY
35961,-0.0033,-0.14,-0.12,STATIONARY
35964,0.0015,-0.13,-0.12,STATIONARY
35965,-0.0002,-0.12,-0.12,STATIONARY
35967,-0.0027,-0.11,-0.12,STATIONARY
35969,-0.0018,-0.11,-0.12,STATIONARY
35971,0.0081,-0.08,-0.12,STATIONARY
35973,0.0107,-0.06,-0.11,STATIONARY
35975,0.0096,-0.03,-0.11,STATIONARY
35977,0.0036,-0.02,-0.10,STATIONARY
35979,0.0029,-0.02,-0.10,STATIONARY
35981,0.0068,-0.00,-0.09,STATIONARY
35983,0.0042,0.00,-0.09,STATIONARY
35986,-0.0005,0.00,-0.08,STATIONARY
35988,-0.0046,-0.01,-0.08,STATIONARY
35989,-0.0022,-0.01,-0.07,STATIONARY
35991,-0.0060,-0.02,-0.07,STATIONARY
35994,-0.0057,-0.03,-0.07,STATIONARY
35995,0.0016,-0.02,-0.06,STATIONARY
35997,0.0069,-0.01,-0.06,STATIONARY
36000,0.0041,-0.00,-0.06,STATIONARY
36001,0.0020,0.00,-0.05,STATIONARY
36003,0.0100,0.02,-0.05,STATIONARY
36005,0.0094,0.04,-0.04,STATIONARY
36007,0.0106,0.05,-0.04,STATIONARY
36009,0.0143,0.08,-0.03,STATIONARY
36011,0.0129,0.09,-0.02,STATIONARY
36013,0.0023,0.09,-0.02,STATIONARY
36016,-0.0022,0.08,-0.01,STATIONARY
36018,0.0022,0.08,-0.01,STATIONARY
36019,0.0018,0.07,-0.00,STATIONARY
36021,0.0056,0.08,0.00,STATIONARY
36023,0.0065,0.08,0.01,STATIONARY
36026,0.0105,0.10,0.01,STATIONARY
36027,0.0042,0.10,0.02,STATIONARY
36029,-0.0008,0.09,0.02,STATIONARY
36032,-0.0055,0.07,0.02,STATIONARY
36033,-0.0042,0.06,0.03,STATIONARY
36035,-0.0080,0.04,0.03,STATIONARY
36037,-0.0037,0.03,0.03,STATIONARY
36039,-0.0035,0.02,0.03,STATIONARY
36042,-0.0113,-0.00,0.03,STATIONARY
36043,-0.0083,-0.02,0.02,STATIONARY
36045,-0.0032,-0.02,0.02,STATIONARY
36047,-0.0054,-0.03,0.02,STATIONARY
36049,-0.0044,-0.04,0.01,STATIONARY
36051,-0.0033,-0.04,0.01,STATIONARY
36053,-0.0060,-0.05,0.01,STATIONARY
36055,-0.0131,-0.07,0.00,STATIONARY
36057,-0.0191,-0.10,-0.00,STATIONARY
36059,-0.0180,-0.12,-0.01,STATIONARY
36061,-0.0058,-0.12,-0.02,STATIONARY
36064,0.0001,-0.11,-0.02,STATIONARY
36065,-0.0074,-0.12,-0.03,STATIONARY
36067,-0.0047,-0.12,-0.03,STATIONARY
36069,-0.0022,-0.11,-0.04,STATIONARY
36071,-0.0086,-0.12,-0.04,STATIONARY
36073,-0.0154,-0.14,-0.05,STATIONARY
36075,-0.0125,-0.15,-0.05,STATIONARY
36077,-0.0044,-0.15,-0.06,STATIONARY
36079,0.0002,-0.13,-0.06,STATIONARY
36081,-0.0009,-0.12,-0.07,STATIONARY
36083,-0.0078,-0.13,-0.07,STATIONARY
36086,-0.0082,-0.13,-0.08,STATIONARY
36087,0.0099,-0.10,-0.08,STATIONARY
36090,0.0135,-0.07,-0.08,STATIONARY
36091,0.0121,-0.04,-0.07,STATIONARY
36093,0.0044,-0.03,-0.07,STATIONARY
36095,0.0033,-0.02,-0.07,STATIONARY
36097,0.0057,-0.01,-0.07,STATIONARY
36099,0.0103,0.01,-0.06,STATIONARY
36102,0.0122,0.03,-0.06,STATIONARY
36104,0.0074,0.04,-0.05,STATIONARY
36106,0.0081,0.05,-0.04,STATIONARY
36107,0.0116,0.07,-0.04,STATIONARY
36109,0.0053,0.07,-0.03,STATIONARY
36111,-0.0021,0.06,-0.03,STATIONARY
36113,0.0087,0.08,-0.02,STATIONARY
36115,0.0062,0.08,-0.01,STATIONARY
36117,0.0044,0.08,-0.01,STATIONARY
36119,0.0051,0.09,-0.00,STATIONARY
36121,0.0106,0.10,0.00,STATIONARY
36124,0.0074,0.10,0.01,STATIONARY
36125,0.0183,0.13,0.02,STATIONARY
36127,0.0192,0.15,0.02,STATIONARY
36129,0.0108,0.16,0.03,STATIONARY
36131,0.0077,0.16,0.04,STATIONARY
36133,0.0022,0.15,0.05,STATIONARY
36135,-0.0043,0.13,0.05,STATIONARY
36137,-0.0065,0.11,0.06,STATIONARY
36139,-0.0107,0.08,0.06,STATIONARY
36141,-0.0096,0.06,0.06,STATIONARY
36143,-0.0045,0.05,0.06,STATIONARY
36145,-0.0069,0.03,0.06,STATIONARY
36147,-0.0012,0.02,0.05,STATIONARY
36149,-0.0051,0.01,0.05,STATIONARY
36151,-0.0066,-0.00,0.05,STATIONARY
36153,-0.0079,-0.01,0.04,STATIONARY
36155,-0.0098,-0.03,0.04,STATIONARY
36157,-0.0124,-0.05,0.03,STATIONARY
36159,-0.0149,-0.08,0.03,STATIONARY
36161,-0.0153,-0.10,0.02,STATIONARY
36163,0.0022,-0.09,0.01,STATIONARY
36165,0.0100,-0.06,0.01,STATIONARY
36167,0.0046,-0.05,0.01,STATIONARY
36169,0.0095,-0.03,0.00,STATIONARY
36171,0.0061,-0.01,0.00,STATIONARY
36173,0.0091,0.01,0.00,STATIONARY
36175,0.0160,0.03,0.01,STATIONARY
36177,0.0067,0.04,0.01,STATIONARY
36179,0.0035,0.05,0.01,STATIONARY
36182,0.0059,0.05,0.01,STATIONARY
36183,0.0062,0.06,0.02,STATIONARY
36186,0.0114,0.08,0.02,STATIONARY
36188,0.0054,0.08,0.02,STATIONARY
36189,0.0009,0.08,0.03,STATIONARY
36191,0.0106,0.09,0.03,STATIONARY
36193,0.0019,0.09,0.03,STATIONARY
36196,0.0056,0.09,0.04,STATIONARY
36198,0.0127,0.11,0.04,STATIONARY
36199,0.0059,0.11,0.04,STATIONARY
36201,0.0009,0.10,0.05,STATIONARY
36203,0.0088,0.11,0.05,STATIONARY
36205,0.0058,0.11,0.05,STATIONARY
36207,0.0015,0.10,0.06,STATIONARY
36209,0.0082,0.11,0.06,STATIONARY
36211,0.0061,0.11,0.06,STATIONARY
36214,-0.0001,0.10,0.07,STATIONARY
36215,0.0056,0.11,0.07,STATIONARY
36218,-0.0008,0.10,0.07,STATIONARY
36220,-0.0027,0.08,0.07,STATIONARY
36221,-0.0102,0.06,0.07,STATIONARY
36223,-0.0091,0.04,0.07,STATIONARY
36225,-0.0052,0.02,0.07,STATIONARY
36227,-0.0007,0.02,0.06,STATIONARY
36230,0.0037,0.03,0.06,STATIONARY
36231,-0.0013,0.02,0.06,STATIONARY
36233,-0.0078,0.01,0.06,STATIONARY
36236,-0.0083,-0.01,0.05,STATIONARY
36237,-0.0015,-0.01,0.05,STATIONARY
36239,-0.0003,-0.01,0.04,STATIONARY
36242,-0.0081,-0.03,0.04,STATIONARY
36243,-0.0044,-0.03,0.04,STATIONARY
36246,-0.0006,-0.03,0.03,STATIONARY
36247,-0.0080,-0.04,0.03,STATIONARY
36249,-0.0038,-0.05,0.02,STATIONARY
36252,-0.0074,-0.06,0.02,STATIONARY
36253,-0.0051,-0.06,0.01,STATIONARY
36255,-0.0021,-0.06,0.01,STATIONARY
36258,-0.0060,-0.07,0.01,STATIONARY
36259,-0.0070,-0.07,0.00,STATIONARY
36262,0.0039,-0.06,-0.00,STATIONARY
36263,0.0000,-0.06,-0.01,STATIONARY
36265,-0.0042,-0.06,-0.01,STATIONARY
36267,-0.0068,-0.07,-0.01,STATIONARY
36269,-0.0018,-0.06,-0.02,STATIONARY
36271,0.0027,-0.05,-0.02,STATIONARY
36273,-0.0008,-0.05,-0.02,STATIONARY
36275,0.0007,-0.05,-0.02,STATIONARY
36277,0.0049,-0.03,-0.02,STATIONARY
36279,0.0031,-0.03,-0.02,STATIONARY
36281,-0.0111,-0.04,-0.02,STATIONARY
36284,-0.0097,-0.06,-0.03,STATIONARY
36285,-0.0042,-0.06,-0.03,STATIONARY
36287,-0.0132,-0.08,-0.03,STATIONARY
36289,-0.0108,-0.09,-0.03,STATIONARY
36291,-0.0126,-0.11,-0.04,STATIONARY
36293,-0.0067,-0.11,-0.04,STATIONARY
36295,-0.0044,-0.11,-0.05,STATIONARY
36297,0.0020,-0.10,-0.05,STATIONARY
36300,0.0025,-0.09,-0.05,STATIONARY
36301,-0.0049,-0.09,-0.05,STATIONARY
36304,0.0016,-0.08,-0.06,STATIONARY
36306,-0.0020,-0.08,-0.06,STATIONARY
36307,-0.0015,-0.07,-0.06,STATIONARY
36309,-0.0067,-0.08,-0.06,STATIONARY
36311,-0.0118,-0.09,-0.06,STATIONARY
36313,-0.0023,-0.09,-0.06,STATIONARY
36316,-0.0035,-0.09,-0.07,STATIONARY
36317,-0.0052,-0.09,-0.07,STATIONARY
36319,-0.0097,-0.10,-0.07,STATIONARY
36321,-0.0080,-0.11,-0.07,STATIONARY
36323,0.0040,-0.09,-0.07,STATIONARY
36325,0.0134,-0.06,-0.07,STATIONARY
36328,0.0011,-0.05,-0.07,STATIONARY
36329,-0.0058,-0.06,-0.07,STATIONARY
36331,-0.0030,-0.06,-0.07,STATIONARY
36333,-0.0095,-0.07,-0.07,STATIONARY
36335,-0.0064,-0.08,-0.07,STATIONARY
36337,-0.0101,-0.09,-0.07,STATIONARY
36340,-0.0057,-0.10,-0.07,STATIONARY
36341,-0.0054,-0.10,-0.07,STATIONARY
36344,-0.0013,-0.09,-0.08,STATIONARY
36345,-0.0017,-0.09,-0.08,STATIONARY
36347,-0.0061,-0.09,-0.08,STATIONARY
36349,-0.0062,-0.10,-0.08,STATIONARY
36351,-0.0037,-0.10,-0.08,STATIONARY
36354,-0.0092,-0.10,-0.08,STATIONARY
36355,-0.0092,-0.11,-0.08,STATIONARY
36357,-0.0008,-0.11,-0.08,STATIONARY
36360,-0.0023,-0.10,-0.09,STATIONARY
36361,0.0004,-0.09,-0.09,STATIONARY
36363,-0.0035,-0.09,-0.09,STATIONARY
36365,0.0047,-0.08,-0.09,STATIONARY
36367,0.0015,-0.07,-0.08,STATIONARY
36369,-0.0071,-0.07,-0.08,STATIONARY
36371,-0.0078,-0.08,-0.08,STATIONARY
36373,0.0046,-0.07,-0.08,STATIONARY
36375,0.0094,-0.04,-0.08,STATIONARY
36377,0.0087,-0.03,-0.08,STATIONARY
36379,-0.0057,-0.03,-0.07,STATIONARY
36381,-0.0004,-0.03,-0.07,STATIONARY
36383,0.0026,-0.02,-0.07,STATIONARY
36386,-0.0009,-0.02,-0.07,STATIONARY
36387,-0.0045,-0.03,-0.06,STATIONARY
36389,-0.0129,-0.05,-0.06,STATIONARY
36391,-0.0134,-0.07,-0.06,STATIONARY
36394,-0.0014,-0.07,-0.06,STATIONARY
36396,-0.0037,-0.07,-0.06,STATIONARY
36397,-0.0009,-0.07,-0.07,STATIONARY
36399,-0.0075,-0.08,-0.07,STATIONARY
36402,-0.0053,-0.08,-0.07,STATIONARY
36403,-0.0072,-0.09,-0.07,STATIONARY
36405,-0.0049,-0.09,-0.07,STATIONARY
36407,-0.0088,-0.10,-0.07,STATIONARY
36409,-0.0029,-0.09,-0.07,STATIONARY
36411,0.0030,-0.08,-0.07,STATIONARY
36414,0.0043,-0.07,-0.07,STATIONARY
36415,0.0042,-0.05,-0.07,STATIONARY
36417,-0.0026,-0.05,-0.07,STATIONARY
36419,-0.0018,-0.05,-0.07,STATIONARY
36421,0.0028,-0.04,-0.07,STATIONARY
36424,0.0058,-0.03,-0.07,STATIONARY
36425,-0.0057,-0.04,-0.06,STATIONARY
36427,0.0038,-0.03,-0.06,STATIONARY
36430,0.0094,-0.01,-0.06,STATIONARY
36431,0.0101,0.01,-0.05,STATIONARY
36433,0.0025,0.01,-0.05,STATIONARY
36435,-0.0033,0.01,-0.05,STATIONARY
36437,-0.0093,-0.01,-0.04,STATIONARY
36439,-0.0126,-0.03,-0.04,STATIONARY
36441,-0.0089,-0.05,-0.04,STATIONARY
36444,-0.0020,-0.05,-0.04,STATIONARY
36446,0.0074,-0.03,-0.04,STATIONARY
36447,-0.0007,-0.03,-0.04,STATIONARY
36449,-0.0050,-0.04,-0.04,STATIONARY
36451,-0.0103,-0.05,-0.04,STATIONARY
36453,-0.0078,-0.06,-0.04,STATIONARY
36456,0.0039,-0.05,-0.04,STATIONARY
36457,0.0083,-0.03,-0.04,STATIONARY
36459,0.0148,-0.00,-0.04,STATIONARY
36462,0.0187,0.03,-0.04,STATIONARY
36463,0.0177,0.06,-0.03,STATIONARY
36465,0.0137,0.08,-0.02,STATIONARY
36467,0.0079,0.09,-0.02,STATIONARY
36469,0.0069,0.10,-0.01,STATIONARY
36471,0.0163,0.12,-0.00,STATIONARY
36473,0.0120,0.13,0.01,STATIONARY
36475,0.0124,0.14,0.01,STATIONARY
36477,0.0098,0.15,0.02,STATIONARY
36479,0.0031,0.14,0.03,STATIONARY
36481,-0.0054,0.12,0.03,STATIONARY
36483,-0.0051,0.10,0.04,STATIONARY
36485,-0.0076,0.08,0.04,STATIONARY
36487,-0.0120,0.05,0.04,STATIONARY
36489,-0.0161,0.02,0.04,STATIONARY
36491,-0.0081,0.00,0.04,STATIONARY
36494,0.0021,0.01,0.04,STATIONARY
36495,0.0000,0.01,0.03,STATIONARY
36497,0.0053,0.02,0.03,STATIONARY
36500,0.0018,0.02,0.03,STATIONARY
36501,0.0018,0.02,0.03,STATIONARY
36504,0.0032,0.02,0.03,STATIONARY
36505,-0.0033,0.02,0.03,STATIONARY
36507,-0.0082,-0.00,0.03,STATIONARY
36509,-0.0005,-0.00,0.03,STATIONARY
36511,0.0085,0.01,0.03,STATIONARY
36513,-0.0036,0.01,0.02,STATIONARY
36515,-0.0053,-0.00,0.02,STATIONARY
36518,-0.0119,-0.03,0.02,STATIONARY
36519,-0.0128,-0.05,0.02,STATIONARY
36521,-0.0027,-0.05,0.01,STATIONARY
36523,0.0088,-0.03,0.01,STATIONARY
36525,0.0115,-0.00,0.01,STATIONARY
36527,0.0059,0.01,0.01,STATIONARY
36529,0.0103,0.03,0.01,STATIONARY
36531,0.0179,0.06,0.01,STATIONARY
36533,0.0098,0.07,0.02,STATIONARY
36535,0.0112,0.08,0.02,STATIONARY
36537,0.0017,0.08,0.02,STATIONARY
36539,-0.0097,0.06,0.03,STATIONARY
36541,-0.0138,0.03,0.03,STATIONARY
36543,-0.0105,0.01,0.02,STATIONARY
36545,-0.0080,-0.01,0.02,STATIONARY
36547,-0.0083,-0.02,0.02,STATIONARY
36549,-0.0078,-0.04,0.02,STATIONARY
36551,0.0031,-0.03,0.01,STATIONARY
36553,-0.0018,-0.03,0.01,STATIONARY
36555,0.0002,-0.03,0.01,STATIONARY
36557,0.0040,-0.02,0.01,STATIONARY
36559,0.0072,-0.00,0.01,STATIONARY
36561,0.0000,-0.00,0.01,STATIONARY
36564,-0.0071,-0.02,0.00,STATIONARY
36565,-0.0057,-0.02,0.00,STATIONARY
36567,-0.0029,-0.03,0.00,STATIONARY
36569,0.0044,-0.02,0.00,STATIONARY
36571,0.0095,0.00,0.00,STATIONARY
36573,0.0063,0.01,0.00,STATIONARY
36575,0.0024,0.02,0.00,STATIONARY
36577,-0.0105,-0.00,0.00,STATIONARY
36579,0.0026,0.00,0.00,STATIONARY
36581,0.0076,0.01,0.00,STATIONARY
36583,0.0041,0.02,0.00,STATIONARY
36586,-0.0008,0.02,0.00,STATIONARY
36588,0.0042,0.02,0.01,STATIONARY
36590,0.0063,0.03,0.01,STATIONARY
36591,0.0040,0.04,0.01,STATIONARY
36593,0.0034,0.04,0.01,STATIONARY
36596,0.0027,0.04,0.01,STATIONARY
36598,0.0068,0.05,0.02,STATIONARY
36599,0.0017,0.05,0.02,STATIONARY
36602,-0.0001,0.05,0.02,STATIONARY
36603,0.0099,0.06,0.02,STATIONARY
36606,0.0052,0.07,0.02,STATIONARY
36607,-0.0071,0.05,0.03,STATIONARY
36609,-0.0063,0.03,0.03,STATIONARY
36611,0.0013,0.03,0.03,STATIONARY
36613,0.0052,0.04,0.03,STATIONARY
36615,-0.0003,0.04,0.03,STATIONARY
36617,-0.0109,0.01,0.03,STATIONARY
36619,-0.0102,-0.01,0.02,STATIONARY
36621,-0.0156,-0.04,0.02,STATIONARY
36623,-0.0053,-0.04,0.02,STATIONARY
36625,0.0030,-0.03,0.01,STATIONARY
36627,0.0050,-0.02,0.01,STATIONARY
36629,0.0026,-0.02,0.01,STATIONARY
36631,0.0059,-0.00,0.01,STATIONARY
36633,0.0078,0.01,0.01,STATIONARY
36635,0.0058,0.02,0.01,STATIONARY
36637,0.0115,0.04,0.01,STATIONARY
36639,0.0077,0.05,0.01,STATIONARY
36641,-0.0008,0.05,0.02,STATIONARY
36643,-0.0014,0.04,0.02,STATIONARY
36645,-0.0051,0.03,0.02,STATIONARY
36647,-0.0066,0.01,0.02,STATIONARY
36649,-0.0028,0.01,0.02,STATIONARY
36651,-0.0069,-0.01,0.02,STATIONARY
36653,-0.0029,-0.01,0.01,STATIONARY
36655,0.0010,-0.01,0.01,STATIONARY
36657,-0.0019,-0.01,0.01,STATIONARY
36659,0.0004,-0.01,0.01,STATIONARY
36661,0.0034,-0.00,0.01,STATIONARY
36663,0.0087,0.01,0.01,STATIONARY
36665,-0.0001,0.01,0.01,STATIONARY
36667,-0.0040,0.00,0.01,STATIONARY
36669,0.0024,0.01,0.01,STATIONARY
36672,0.0019,0.01,0.01,STATIONARY
36673,-0.0044,0.00,0.01,STATIONARY
36675,-0.0019,-0.00,0.01,STATIONARY
36677,0.0025,0.00,0.01,STATIONARY
36679,0.0047,0.01,0.01,STATIONARY
36681,0.0023,0.01,0.01,STATIONARY
36683,-0.0005,0.01,0.01,STATIONARY
36685,0.0026,0.02,0.01,STATIONARY
36687,0.0013,0.02,0.01,STATIONARY
36689,0.0016,0.02,0.01,STATIONARY
36691,0.0028,0.02,0.01,STATIONARY
36693,-0.0045,0.01,0.01,STATIONARY
36695,-0.0092,-0.01,0.01,STATIONARY
36697,-0.0069,-0.02,0.01,STATIONARY
36699,0.0040,-0.01,0.01,STATIONARY
36701,0.0002,-0.01,0.01,STATIONARY
36703,-0.0004,-0.01,0.01,STATIONARY
36705,0.0008,-0.01,0.01,STATIONARY
36707,-0.0005,-0.01,0.00,STATIONARY
36709,0.0077,0.01,0.00,STATIONARY
36711,0.0201,0.04,0.01,STATIONARY
36713,0.0156,0.07,0.01,STATIONARY
36715,0.0133,0.09,0.02,STATIONARY
36717,0.0087,0.10,0.02,STATIONARY
36719,0.0051,0.10,0.02,STATIONARY
36721,0.0028,0.10,0.03,STATIONARY
36723,0.0070,0.10,0.03,STATIONARY
36725,0.0099,0.11,0.04,STATIONARY
36727,-0.0022,0.10,0.04,STATIONARY
36729,-0.0051,0.08,0.04,STATIONARY
36731,-0.0040,0.07,0.05,STATIONARY
36733,-0.0006,0.06,0.05,STATIONARY
36735,-0.0005,0.06,0.05,STATIONARY
36738,-0.0050,0.04,0.05,STATIONARY
36739,-0.0136,0.01,0.04,STATIONARY
36741,-0.0115,-0.01,0.04,STATIONARY
36743,-0.0132,-0.03,0.04,STATIONARY
36746,-0.0027,-0.03,0.03,STATIONARY
36747,0.0063,-0.02,0.03,STATIONARY
36749,0.0046,-0.01,0.03,STATIONARY
36751,0.0095,0.01,0.03,STATIONARY
36753,0.0105,0.03,0.03,STATIONARY
36755,0.0082,0.04,0.03,STATIONARY
36758,-0.0005,0.04,0.03,STATIONARY
36759,0.0061,0.04,0.03,STATIONARY
36761,0.0025,0.04,0.03,STATIONARY
36763,0.0020,0.04,0.03,STATIONARY
36765,-0.0008,0.04,0.03,STATIONARY
36767,-0.0044,0.03,0.03,STATIONARY
36769,-0.0041,0.02,0.03,STATIONARY
36771,-0.0024,0.01,0.03,STATIONARY
36773,-0.0056,0.00,0.03,STATIONARY
36775,0.0020,0.01,0.03,STATIONARY
36777,0.0046,0.01,0.03,STATIONARY
36779,0.0041,0.02,0.02,STATIONARY
36781,0.0057,0.03,0.03,STATIONARY
36783,0.0115,0.05,0.03,STATIONARY
36786,0.0043,0.05,0.03,STATIONARY
36787,0.0011,0.05,0.03,STATIONARY
36790,-0.0124,0.02,0.03,STATIONARY
36791,-0.0122,-0.00,0.03,STATIONARY
36794,-0.0138,-0.03,0.02,STATIONARY
36796,0.0022,-0.02,0.02,STATIONARY
36797,0.0020,-0.02,0.02,STATIONARY
36800,0.0033,-0.01,0.02,STATIONARY
36801,0.0046,0.00,0.02,STATIONARY
36803,0.0128,0.02,0.02,STATIONARY
36806,0.0058,0.03,0.02,STATIONARY
36807,0.0115,0.05,0.02,STATIONARY
