time_ms,original_az,accel_z_mps2,velocity_mm_s,smooth_mm_s,direction
0,0.0366,0.0000,-0.57,-0.57,STATIONARY
10,0.0466,0.0000,-0.57,-0.57,STATIONARY
19,0.0119,0.0000,-0.57,-0.57,STATIONARY
30,0.0171,0.0000,-0.57,-0.57,STATIONARY
40,0.0401,0.0000,-0.57,-0.57,STATIONARY
50,0.0404,0.0000,-0.57,-0.57,STATIONARY
60,0.0205,0.0000,-0.57,-0.57,STATIONARY
70,0.0208,0.0000,-0.57,-0.57,STATIONARY
80,0.0353,0.0000,-0.57,-0.57,STATIONARY
89,0.0383,0.0000,-0.57,-0.57,STATIONARY
100,0.0187,0.0000,-0.57,-0.57,STATIONARY
110,0.0087,0.0000,-0.57,-0.57,STATIONARY
120,0.0184,0.0000,-0.57,-0.57,STATIONARY
130,0.0393,0.0000,-0.57,-0.57,STATIONARY
140,0.0191,0.0000,-0.57,-0.57,STATIONARY
150,0.0424,0.0000,-0.57,-0.57,STATIONARY
159,0.0347,0.0000,-0.57,-0.57,STATIONARY
170,0.0268,0.0000,-0.57,-0.57,STATIONARY
180,0.0181,0.0000,-0.57,-0.57,STATIONARY
190,0.0253,0.0000,-0.57,-0.57,STATIONARY
200,0.0175,0.0000,-0.57,-0.57,STATIONARY
210,0.0330,0.0000,-0.57,-0.57,STATIONARY
220,0.0123,0.0000,-0.57,-0.57,STATIONARY
229,0.0247,0.0000,-0.57,-0.57,STATIONARY
240,0.0198,0.0000,-0.57,-0.57,STATIONARY
250,0.0175,0.0000,-0.57,-0.57,STATIONARY
260,0.0227,0.0000,-0.57,-0.57,STATIONARY
270,0.0232,0.0000,-0.57,-0.57,STATIONARY
280,0.0257,0.0000,-0.57,-0.57,STATIONARY
290,0.0284,0.0000,-0.57,-0.57,STATIONARY
300,0.0204,0.0000,-0.57,-0.57,STATIONARY
310,0.0249,0.0000,-0.57,-0.57,STATIONARY
320,0.0232,0.0000,-0.57,-0.57,STATIONARY
330,0.0173,0.0000,-0.57,-0.57,STATIONARY
340,0.0073,0.0000,-0.57,-0.57,STATIONARY
350,0.0154,0.0000,-0.57,-0.57,STATIONARY
360,0.0093,0.0000,-0.57,-0.57,STATIONARY
370,0.0096,0.0000,-0.57,-0.57,STATIONARY
380,0.0337,0.0000,-0.57,-0.57,STATIONARY
390,0.0114,0.0000,-0.57,-0.57,STATIONARY
400,0.0268,0.0000,-0.57,-0.57,STATIONARY
410,0.0114,0.0000,-0.57,-0.57,STATIONARY
420,0.0183,0.0000,-0.57,-0.57,STATIONARY
430,0.0169,0.0000,-0.57,-0.57,STATIONARY
440,0.0033,0.0000,-0.57,-0.57,STATIONARY
450,0.0154,0.0000,-0.57,-0.57,STATIONARY
460,0.0179,0.0000,-0.57,-0.57,STATIONARY
470,0.0185,0.0000,-0.57,-0.57,STATIONARY
480,-0.0003,0.0000,-0.57,-0.57,STATIONARY
490,0.0042,0.0000,-0.57,-0.57,STATIONARY
500,0.0061,0.0000,-0.57,-0.57,STATIONARY
510,0.0085,0.0000,-0.57,-0.57,STATIONARY
519,0.0116,0.0000,-0.57,-0.57,STATIONARY
530,0.0101,0.0000,-0.57,-0.57,STATIONARY
540,0.0259,0.0000,-0.57,-0.57,STATIONARY
550,0.0031,0.0000,-0.57,-0.57,STATIONARY
560,-0.0000,0.0000,-0.57,-0.57,STATIONARY
570,0.0048,0.0000,-0.57,-0.57,STATIONARY
579,0.0105,0.0000,-0.57,-0.57,STATIONARY
590,-0.0045,0.0000,-0.57,-0.57,STATIONARY
600,-0.0053,0.0000,-0.57,-0.57,STATIONARY
610,0.0121,0.0000,-0.57,-0.57,STATIONARY
620,-0.0060,0.0000,-0.57,-0.57,STATIONARY
630,0.0066,0.0000,-0.57,-0.57,STATIONARY
640,0.0072,0.0000,-0.57,-0.57,STATIONARY
650,-0.0041,0.0000,-0.57,-0.57,STATIONARY
659,-0.0072,0.0000,-0.57,-0.57,STATIONARY
670,-0.0035,0.0000,-0.57,-0.57,STATIONARY
680,-0.0019,0.0000,-0.57,-0.57,STATIONARY
690,0.0112,0.0000,-0.57,-0.57,STATIONARY
700,0.0230,0.0000,-0.57,-0.57,STATIONARY
710,0.0103,0.0000,-0.57,-0.57,STATIONARY
720,0.0088,0.0000,-0.57,-0.57,STATIONARY
730,0.0040,0.0000,-0.57,-0.57,STATIONARY
740,0.0088,0.0000,-0.57,-0.57,STATIONARY
750,0.0046,0.0000,-0.57,-0.57,STATIONARY
760,0.0064,0.0000,-0.57,-0.57,STATIONARY
770,0.0070,0.0000,-0.57,-0.57,STATIONARY
780,0.0055,0.0000,-0.57,-0.57,STATIONARY
790,0.0079,0.0000,-0.57,-0.57,STATIONARY
799,-0.0099,0.0000,-0.57,-0.57,STATIONARY
810,-0.0088,0.0000,-0.57,-0.57,STATIONARY
820,-0.0058,0.0000,-0.57,-0.57,STATIONARY
830,0.0063,0.0000,-0.57,-0.57,STATIONARY
839,-0.0039,0.0000,-0.57,-0.57,STATIONARY
850,-0.0112,0.0000,-0.57,-0.57,STATIONARY
859,-0.0119,0.0000,-0.57,-0.57,STATIONARY
869,0.0087,0.0000,-0.57,-0.57,STATIONARY
880,-0.0094,0.0000,-0.57,-0.57,STATIONARY
890,-0.0105,0.0000,-0.57,-0.57,STATIONARY
900,-0.0131,0.0000,-0.57,-0.57,STATIONARY
910,-0.0030,0.0000,-0.57,-0.57,STATIONARY
920,-0.0150,0.0000,-0.57,-0.57,STATIONARY
930,-0.0075,0.0000,-0.57,-0.57,STATIONARY
940,0.0012,0.0000,-0.57,-0.57,STATIONARY
950,-0.0014,0.0000,-0.57,-0.57,STATIONARY
960,-0.0137,0.0000,-0.57,-0.57,STATIONARY
970,-0.0085,0.0000,-0.57,-0.57,STATIONARY
980,-0.0057,0.0000,-0.57,-0.57,STATIONARY
990,-0.0022,0.0000,-0.57,-0.57,STATIONARY
1000,0.0025,0.0000,-0.57,-0.57,STATIONARY
1009,-0.0054,0.0000,-0.57,-0.57,STATIONARY
1019,-0.0142,0.0000,-0.57,-0.57,STATIONARY
1030,-0.0149,0.0000,-0.57,-0.57,STATIONARY
1040,-0.0142,0.0000,-0.57,-0.57,STATIONARY
1050,0.0006,0.0000,-0.57,-0.57,STATIONARY
1059,-0.0047,0.0000,-0.57,-0.57,STATIONARY
1070,-0.0095,0.0000,-0.57,-0.57,STATIONARY
1080,0.0023,0.0000,-0.57,-0.57,STATIONARY
1089,0.0126,0.0000,-0.57,-0.57,STATIONARY
1100,-0.0121,0.0000,-0.57,-0.57,STATIONARY
1110,-0.0039,0.0000,-0.57,-0.57,STATIONARY
1120,-0.0059,0.0000,-0.57,-0.57,STATIONARY
1130,-0.0205,0.0000,-0.57,-0.57,STATIONARY
1139,-0.0032,0.0000,-0.57,-0.57,STATIONARY
1150,-0.0115,0.0000,-0.57,-0.57,STATIONARY
1159,-0.0237,0.0000,-0.57,-0.57,STATIONARY
1170,-0.0076,0.0000,-0.57,-0.57,STATIONARY
1180,-0.0002,0.0000,-0.57,-0.57,STATIONARY
1190,-0.0137,0.0000,-0.57,-0.57,STATIONARY
1200,-0.0028,0.0000,-0.57,-0.57,STATIONARY
1210,-0.0126,0.0000,-0.57,-0.57,STATIONARY
1220,-0.0112,0.0000,-0.57,-0.57,STATIONARY
1230,-0.0054,0.0000,-0.57,-0.57,STATIONARY
1240,-0.0175,0.0000,-0.57,-0.57,STATIONARY
1250,-0.0139,0.0000,-0.57,-0.57,STATIONARY
1259,0.0034,0.0000,-0.57,-0.57,STATIONARY
1270,0.0048,0.0000,-0.57,-0.57,STATIONARY
1280,0.0111,0.0000,-0.57,-0.57,STATIONARY
1290,0.0061,0.0000,-0.57,-0.57,STATIONARY
1300,0.0061,0.0000,-0.57,-0.57,STATIONARY
1310,-0.0015,0.0000,-0.57,-0.57,STATIONARY
1320,-0.0149,0.0000,-0.57,-0.57,STATIONARY
1330,-0.0176,0.0000,-0.57,-0.57,STATIONARY
1340,-0.0117,0.0000,-0.57,-0.57,STATIONARY
1350,-0.0100,0.0000,-0.57,-0.57,STATIONARY
1360,0.0107,0.0000,-0.57,-0.57,STATIONARY
1369,-0.0181,0.0000,-0.57,-0.57,STATIONARY
1380,-0.0041,0.0000,-0.57,-0.57,STATIONARY
1390,0.0112,0.0000,-0.57,-0.57,STATIONARY
1400,-0.0055,0.0000,-0.57,-0.57,STATIONARY
1410,-0.0143,0.0000,-0.57,-0.57,STATIONARY
1420,-0.0048,0.0000,-0.57,-0.57,STATIONARY
1430,-0.0109,0.0000,-0.57,-0.57,STATIONARY
1439,-0.0002,0.0000,-0.57,-0.57,STATIONARY
1449,0.0011,0.0000,-0.57,-0.57,STATIONARY
1460,-0.0140,0.0000,-0.57,-0.57,STATIONARY
1470,-0.0030,0.0000,-0.57,-0.57,STATIONARY
1480,0.0031,0.0000,-0.57,-0.57,STATIONARY
1490,-0.0009,0.0000,-0.57,-0.57,STATIONARY
1500,-0.0046,0.0000,-0.57,-0.57,STATIONARY
1510,-0.0008,0.0000,-0.57,-0.57,STATIONARY
1519,-0.0240,0.0000,-0.57,-0.57,STATIONARY
1530,-0.0085,0.0000,-0.57,-0.57,STATIONARY
1540,-0.0013,0.0000,-0.57,-0.57,STATIONARY
1550,-0.0077,0.0000,-0.57,-0.57,STATIONARY
1560,-0.0023,0.0000,-0.57,-0.57,STATIONARY
1570,-0.0013,0.0000,-0.57,-0.57,STATIONARY
1579,-0.0106,0.0000,-0.57,-0.57,STATIONARY
1589,-0.0079,0.0000,-0.57,-0.57,STATIONARY
1600,-0.0058,0.0000,-0.57,-0.57,STATIONARY
1610,-0.0063,0.0000,-0.57,-0.57,STATIONARY
1620,-0.0290,0.0000,-0.57,-0.57,STATIONARY
1630,-0.0074,0.0000,-0.57,-0.57,STATIONARY
1640,-0.0015,0.0000,-0.57,-0.57,STATIONARY
1650,-0.0098,0.0000,-0.57,-0.57,STATIONARY
1660,-0.0008,0.0000,-0.57,-0.57,STATIONARY
1670,-0.0129,0.0000,-0.57,-0.57,STATIONARY
1680,0.0006,0.0000,-0.57,-0.57,STATIONARY
1690,-0.0080,0.0000,-0.57,-0.57,STATIONARY
1700,0.0017,0.0000,-0.57,-0.57,STATIONARY
1710,-0.0090,0.0000,-0.57,-0.57,STATIONARY
1720,-0.0031,0.0000,-0.57,-0.57,STATIONARY
1730,-0.0073,0.0000,-0.57,-0.57,STATIONARY
1740,-0.0130,0.0000,-0.57,-0.57,STATIONARY
1750,-0.0073,0.0000,-0.57,-0.57,STATIONARY
1760,-0.0113,0.0000,-0.57,-0.57,STATIONARY
1770,0.0037,0.0000,-0.57,-0.57,STATIONARY
1780,-0.0118,0.0000,-0.57,-0.57,STATIONARY
1790,-0.0196,0.0000,-0.57,-0.57,STATIONARY
1799,-0.0227,0.0000,-0.57,-0.57,STATIONARY
1810,-0.0068,0.0000,-0.57,-0.57,STATIONARY
1820,-0.0041,0.0000,-0.57,-0.57,STATIONARY
1830,-0.0187,0.0000,-0.57,-0.57,STATIONARY
1840,-0.0432,0.0000,-0.57,-0.57,STATIONARY
1850,-0.0264,0.0000,-0.57,-0.57,STATIONARY
1860,-0.0160,0.0000,-0.57,-0.57,STATIONARY
1870,-0.0185,0.0000,-0.57,-0.57,STATIONARY
1880,-0.0218,0.0000,-0.57,-0.57,STATIONARY
1890,-0.0253,0.0000,-0.57,-0.57,STATIONARY
1900,-0.0155,0.0000,-0.57,-0.57,STATIONARY
1909,-0.0124,0.0000,-0.57,-0.57,STATIONARY
1920,-0.0103,0.0000,-0.57,-0.57,STATIONARY
1930,-0.0168,0.0000,-0.57,-0.57,STATIONARY
1940,-0.0350,0.0000,-0.57,-0.57,STATIONARY
1949,-0.0345,0.0000,-0.57,-0.57,STATIONARY
1960,-0.0238,0.0000,-0.57,-0.57,STATIONARY
1970,-0.0238,0.0000,-0.57,-0.57,STATIONARY
1980,-0.0285,0.0000,-0.57,-0.57,STATIONARY
1990,-0.0283,0.0000,-0.57,-0.57,STATIONARY
2000,-0.0297,0.0000,-0.57,-0.57,STATIONARY
2009,-0.0312,0.0000,-0.57,-0.57,STATIONARY
2019,-0.0247,0.0000,-0.57,-0.57,STATIONARY
2030,-0.0346,0.0000,-0.57,-0.57,STATIONARY
2040,-0.0389,0.0000,-0.57,-0.57,STATIONARY
2050,-0.0476,0.0000,-0.57,-0.57,STATIONARY
2060,-0.0268,0.0000,-0.57,-0.57,STATIONARY
2070,-0.0406,0.0000,-0.57,-0.57,STATIONARY
2080,-0.0477,0.0000,-0.57,-0.57,STATIONARY
2089,-0.0444,0.0000,-0.57,-0.57,STATIONARY
2100,-0.0337,0.0000,-0.57,-0.57,STATIONARY
2110,-0.0461,0.0000,-0.57,-0.57,STATIONARY
2120,-0.0467,0.0000,-0.57,-0.57,STATIONARY
2130,-0.0518,0.0000,-0.57,-0.57,STATIONARY
2140,-0.0447,0.0000,-0.57,-0.57,STATIONARY
2150,-0.0374,0.0000,-0.57,-0.57,STATIONARY
2159,-0.0237,0.0000,-0.57,-0.57,STATIONARY
2170,-0.0479,0.0000,-0.57,-0.57,STATIONARY
2180,-0.0305,0.0000,-0.57,-0.57,STATIONARY
2190,-0.0428,0.0000,-0.57,-0.57,STATIONARY
2200,-0.0517,0.0000,-0.57,-0.57,STATIONARY
2210,-0.0594,0.0000,-0.57,-0.57,STATIONARY
2220,-0.0335,0.0000,-0.57,-0.57,STATIONARY
2229,-0.0454,0.0000,-0.57,-0.57,STATIONARY
2240,-0.0481,0.0000,-0.57,-0.57,STATIONARY
2250,-0.0524,0.0000,-0.57,-0.57,STATIONARY
2260,-0.0398,0.0000,-0.57,-0.57,STATIONARY
2270,-0.0616,0.0000,-0.57,-0.57,STATIONARY
2280,-0.0559,0.0000,-0.57,-0.57,STATIONARY
2290,-0.0538,0.0000,-0.57,-0.57,STATIONARY
2299,-0.0568,0.0000,-0.57,-0.57,STATIONARY
2310,-0.0454,0.0000,-0.57,-0.57,STATIONARY
2320,-0.0452,0.0000,-0.57,-0.57,STATIONARY
2330,-0.0479,0.0000,-0.57,-0.57,STATIONARY
2339,-0.0404,0.0000,-0.57,-0.57,STATIONARY
2350,-0.0557,0.0000,-0.57,-0.57,STATIONARY
2360,-0.0390,0.0000,-0.57,-0.57,STATIONARY
2370,-0.0491,0.0000,-0.57,-0.57,STATIONARY
2380,-0.0541,0.0000,-0.57,-0.57,STATIONARY
2390,-0.0447,0.0000,-0.57,-0.57,STATIONARY
2400,-0.0619,0.0000,-0.57,-0.57,STATIONARY
2410,-0.0533,0.0000,-0.57,-0.57,STATIONARY
2420,-0.0715,0.0000,-1.10,-0.70,STATIONARY
2430,-0.0563,0.0000,-1.10,-0.80,STATIONARY
2439,-0.0536,0.0000,-1.10,-0.87,STATIONARY
2449,-0.0554,0.0000,-1.10,-0.93,STATIONARY
2460,-0.0488,0.0000,-1.10,-0.97,STATIONARY
2470,-0.0718,0.0000,-3.24,-1.51,STATIONARY
2480,-0.0523,0.0000,-3.24,-1.93,STATIONARY
2490,-0.0443,0.0000,-3.24,-2.24,STATIONARY
2500,-0.0591,0.0000,-3.24,-2.48,STATIONARY
2510,-0.0581,0.0000,-3.24,-2.66,STATIONARY
2519,-0.0457,0.0000,-3.24,-2.80,STATIONARY
2530,-0.0567,0.0000,-3.24,-2.91,STATIONARY
2540,-0.0502,0.0000,-3.24,-2.99,STATIONARY
2550,-0.0439,0.0000,-3.24,-3.05,STATIONARY
2560,-0.0516,0.0000,-3.24,-3.10,STATIONARY
2570,-0.0589,0.0000,-3.24,-3.13,STATIONARY
2580,-0.0661,0.0000,-3.24,-3.16,STATIONARY
2589,-0.0508,0.0000,-3.24,-3.18,STATIONARY
2600,-0.0677,0.0000,-3.75,-3.32,STATIONARY
2610,-0.0459,0.0000,-3.75,-3.42,STATIONARY
2620,-0.0496,0.0000,-3.75,-3.50,STATIONARY
2630,-0.0436,0.0000,-3.75,-3.56,STATIONARY
2639,-0.0577,0.0000,-3.75,-3.61,STATIONARY
2650,-0.0633,0.0000,-5.72,-4.11,STATIONARY
2660,-0.0740,0.0000,-5.72,-4.50,STATIONARY
2670,-0.0701,0.0000,-7.79,-5.28,STATIONARY
2680,-0.0511,0.0000,-7.79,-5.88,STATIONARY
2690,-0.0663,0.0000,-8.31,-6.46,STATIONARY
2700,-0.0488,0.0000,-8.31,-6.90,STATIONARY
2710,-0.0584,0.0000,-8.31,-7.24,STATIONARY
2720,-0.0616,0.0000,-9.38,-7.75,STATIONARY
2729,-0.0629,0.0000,-9.38,-8.14,STATIONARY
2740,-0.0552,0.0000,-9.38,-8.44,STATIONARY
2750,-0.0668,0.0000,-9.93,-8.79,STATIONARY
2760,-0.0530,0.0000,-9.93,-9.07,STATIONARY
2769,-0.0595,0.0000,-9.93,-9.27,STATIONARY
2780,-0.0673,0.0000,-11.06,-9.70,STATIONARY
2790,-0.0627,0.0000,-11.06,-10.02,STATIONARY
2799,-0.0573,0.0000,-11.06,-10.27,STATIONARY
2810,-0.0491,0.0000,-11.06,-10.46,STATIONARY
2820,-0.0578,0.0000,-11.06,-10.60,STATIONARY
2830,-0.0623,0.0000,-12.70,-11.10,STATIONARY
2839,-0.0552,0.0000,-12.70,-11.48,STATIONARY
2850,-0.0488,0.0000,-12.70,-11.77,STATIONARY
2860,-0.0564,0.0000,-12.70,-11.99,STATIONARY
2870,-0.0631,0.0000,-14.30,-12.55,STATIONARY
2880,-0.0691,0.0000,-14.30,-12.97,STATIONARY
2890,-0.0592,0.0000,-14.30,-13.29,STATIONARY
2900,-0.0633,0.0000,-14.89,-13.67,STATIONARY
2910,-0.0603,0.0000,-14.89,-13.96,STATIONARY
2920,-0.0555,0.0000,-14.89,-14.18,STATIONARY
2930,-0.0571,0.0000,-14.89,-14.35,STATIONARY
2940,-0.0537,0.0000,-14.89,-14.48,STATIONARY
2949,-0.0661,0.0000,-16.56,-14.98,STATIONARY
2960,-0.0496,0.0000,-16.56,-15.36,STATIONARY
2970,-0.0558,0.0000,-16.56,-15.64,STATIONARY
2980,-0.0621,0.0000,-17.61,-16.11,STATIONARY
2990,-0.0578,0.0000,-17.61,-16.47,STATIONARY
3000,-0.0681,0.0000,-18.19,-16.88,STATIONARY
3009,-0.0573,0.0000,-18.19,-17.19,STATIONARY
3019,-0.0781,0.0000,-18.76,-17.57,STATIONARY
3030,-0.0637,0.0000,-18.76,-17.85,STATIONARY
3040,-0.0416,0.0000,-18.76,-18.07,STATIONARY
3050,-0.0551,0.0000,-18.76,-18.24,STATIONARY
3060,-0.0583,0.0000,-18.76,-18.36,STATIONARY
3070,-0.0566,0.0000,-18.76,-18.46,STATIONARY
3080,-0.0660,0.0000,-20.88,-19.04,STATIONARY
3090,-0.0578,0.0000,-20.88,-19.48,STATIONARY
3100,-0.0611,0.0000,-21.46,-19.95,STATIONARY
3110,-0.0572,0.0000,-21.46,-20.31,STATIONARY
3120,-0.0487,0.0000,-21.46,-20.58,STATIONARY
3130,-0.0703,0.0000,-22.52,-21.05,STATIONARY
3140,-0.0704,0.0000,-22.52,-21.40,STATIONARY
3150,-0.0715,0.0000,-24.64,-22.17,STATIONARY
3159,-0.0564,0.0000,-24.64,-22.76,STATIONARY
3170,-0.0626,0.0000,-25.20,-23.34,STATIONARY
3180,-0.0609,0.0000,-25.20,-23.79,STATIONARY
3190,-0.0546,0.0000,-25.20,-24.13,STATIONARY
3200,-0.0685,0.0000,-25.75,-24.51,STATIONARY
3210,-0.0498,0.0000,-25.75,-24.81,STATIONARY
3220,-0.0708,0.0000,-25.75,-25.03,STATIONARY
3230,-0.0314,0.0000,-25.75,-25.20,STATIONARY
3240,-0.0488,0.0000,-25.75,-25.33,STATIONARY
3250,-0.0506,0.0000,-25.75,-25.43,STATIONARY
3260,-0.0426,0.0000,-25.75,-25.51,STATIONARY
3270,-0.0572,0.0000,-25.75,-25.56,STATIONARY
3280,-0.0522,0.0000,-25.75,-25.61,STATIONARY
3290,-0.0574,0.0000,-25.75,-25.64,STATIONARY
3299,-0.0521,0.0000,-25.75,-25.67,STATIONARY
3310,-0.0641,0.0000,-29.67,-26.62,STATIONARY
3320,-0.0500,0.0000,-29.67,-27.35,STATIONARY
3330,-0.0445,0.0000,-29.67,-27.91,STATIONARY
3340,-0.0459,0.0000,-29.67,-28.33,STATIONARY
3350,-0.0506,0.0000,-29.67,-28.65,STATIONARY
3360,-0.0645,0.0000,-31.58,-29.35,STATIONARY
3370,-0.0556,0.0000,-31.58,-29.88,STATIONARY
3380,-0.0539,0.0000,-31.58,-30.29,STATIONARY
3390,-0.0567,0.0000,-31.58,-30.60,STATIONARY
3400,-0.0698,0.0000,-33.24,-31.23,STATIONARY
3410,-0.0490,0.0000,-33.24,-31.71,STATIONARY
3420,-0.0627,0.0000,-33.24,-32.08,STATIONARY
3430,-0.0382,0.0000,-33.24,-32.36,STATIONARY
3439,-0.0585,0.0000,-33.24,-32.57,STATIONARY
3449,-0.0361,0.0000,-33.24,-32.73,STATIONARY
3460,-0.0477,0.0000,-33.24,-32.85,STATIONARY
3470,-0.0673,0.0000,-35.05,-33.38,STATIONARY
3480,-0.0540,0.0000,-35.05,-33.78,STATIONARY
3490,-0.0748,0.0000,-35.59,-34.21,STATIONARY
3500,-0.0462,0.0000,-35.59,-34.54,STATIONARY
3509,-0.0676,0.0000,-35.59,-34.79,STATIONARY
3519,-0.0383,0.0000,-35.59,-34.98,STATIONARY
3530,-0.0620,0.0000,-35.59,-35.13,STATIONARY
3540,-0.0387,0.0000,-35.59,-35.24,STATIONARY
3550,-0.0402,0.0000,-35.59,-35.32,STATIONARY
3560,-0.0556,0.0000,-35.59,-35.38,STATIONARY
3570,-0.0429,0.0000,-35.59,-35.43,STATIONARY
3580,-0.0620,0.0000,-37.36,-35.89,STATIONARY
3589,-0.0528,0.0000,-37.36,-36.25,STATIONARY
3600,-0.0683,0.0000,-37.89,-36.64,STATIONARY
3610,-0.0554,0.0000,-37.89,-36.94,STATIONARY
3620,-0.0541,0.0000,-37.89,-37.17,STATIONARY
3630,0.0129,0.0000,-37.89,-37.34,STATIONARY
3640,0.0382,0.0000,-37.89,-37.47,STATIONARY
3650,0.0621,0.0000,-38.47,-37.71,STATIONARY
3659,0.0710,0.0000,-38.47,-37.89,STATIONARY
3670,0.0659,0.0000,-36.48,-37.56,STATIONARY
3680,0.0732,0.0732,-35.75,-37.13,STATIONARY
3690,0.0930,0.0930,-34.82,-36.57,STATIONARY
3700,0.1842,0.1842,-32.98,-35.72,STATIONARY
3710,0.2244,0.2244,-30.74,-34.53,STATIONARY
3720,0.2330,0.2330,-28.41,-33.06,STATIONARY
3730,0.2125,0.2125,-26.28,-31.44,STATIONARY
3740,0.1643,0.1643,-24.64,-29.81,STATIONARY
3750,0.1480,0.1480,-23.16,-28.22,STATIONARY
3760,0.0991,0.0991,-22.17,-26.78,STATIONARY
3770,0.0719,0.0719,-21.45,-25.50,STATIONARY
3780,0.0191,0.0000,-21.45,-24.53,STATIONARY
3790,-0.0076,0.0000,-21.45,-23.80,STATIONARY
3799,-0.0825,0.0000,-21.45,-23.23,STATIONARY
3810,-0.0595,0.0000,-21.45,-22.81,STATIONARY
3820,-0.0781,0.0000,-22.04,-22.62,STATIONARY
3830,-0.0847,0.0000,-22.04,-22.48,STATIONARY
3839,-0.0762,0.0000,-24.43,-22.95,STATIONARY
3850,-0.0554,0.0000,-24.43,-23.30,STATIONARY
3860,-0.0328,0.0000,-24.43,-23.57,STATIONARY
3870,-0.0259,0.0000,-24.43,-23.78,STATIONARY
3880,-0.0229,0.0000,-24.43,-23.93,STATIONARY
3890,0.0004,0.0000,-24.43,-24.05,STATIONARY
3900,0.0455,0.0000,-24.43,-24.14,STATIONARY
3910,0.0564,0.0000,-24.43,-24.21,STATIONARY
3920,0.0806,0.0000,-24.78,-24.35,STATIONARY
3930,0.0904,0.0000,-24.78,-24.45,STATIONARY
3940,0.0904,0.0000,-22.16,-23.90,STATIONARY
3949,0.1074,0.1074,-21.09,-23.23,STATIONARY
3960,0.1117,0.1117,-19.97,-22.45,STATIONARY
3970,0.0990,0.0990,-18.98,-21.62,STATIONARY
3980,0.0996,0.0996,-17.99,-20.75,STATIONARY
3990,0.0911,0.0911,-17.08,-19.88,STATIONARY
4000,0.0686,0.0686,-16.39,-19.04,STATIONARY
4010,0.0511,0.0000,-16.39,-18.41,STATIONARY
4019,0.0448,0.0000,-16.39,-17.93,STATIONARY
4030,0.0275,0.0000,-16.39,-17.56,STATIONARY
4040,0.0061,0.0000,-16.39,-17.28,STATIONARY
4050,0.0210,0.0000,-16.39,-17.07,STATIONARY
4060,0.0017,0.0000,-16.39,-16.91,STATIONARY
4070,-0.0092,0.0000,-16.39,-16.78,STATIONARY
4080,0.0067,0.0000,-16.39,-16.69,STATIONARY
4089,-0.0048,0.0000,-16.39,-16.62,STATIONARY
4100,0.0230,0.0000,-16.39,-16.56,STATIONARY
4110,0.0311,0.0000,-16.39,-16.52,STATIONARY
4120,0.0574,0.0000,-16.39,-16.49,STATIONARY
4130,0.0477,0.0000,-16.39,-16.47,STATIONARY
4140,0.0705,0.0000,-16.39,-16.45,STATIONARY
4150,0.0689,0.0000,-16.39,-16.44,STATIONARY
4159,0.0995,0.0000,-14.00,-15.85,STATIONARY
4170,0.1098,0.1098,-12.90,-15.15,STATIONARY
4180,0.0947,0.0947,-11.96,-14.39,STATIONARY
4190,0.1189,0.1189,-10.77,-13.52,STATIONARY
4200,0.1114,0.1114,-9.65,-12.60,STATIONARY
4210,0.1144,0.1144,-8.51,-11.62,STATIONARY
4220,0.1003,0.1003,-7.51,-10.64,STATIONARY
4230,0.0856,0.0856,-6.65,-9.68,STATIONARY
4240,0.0843,0.0843,-5.81,-8.76,STATIONARY
4250,0.0694,0.0694,-5.11,-7.89,STATIONARY
4259,0.0804,0.0804,-4.31,-7.03,STATIONARY
4270,0.0787,0.0787,-3.52,-6.19,STATIONARY
4280,0.0562,0.0000,-3.52,-5.55,STATIONARY
4290,0.0598,0.0000,-3.52,-5.07,STATIONARY
4299,0.0594,0.0000,-3.52,-4.70,STATIONARY
4310,0.0689,0.0000,-1.77,-4.00,STATIONARY
4320,0.0811,0.0000,-1.77,-3.46,STATIONARY
4330,0.0978,0.0000,0.71,-2.47,STATIONARY
4340,0.1086,0.1086,1.79,-1.45,STATIONARY
4350,0.1372,0.1372,3.17,-0.34,STATIONARY
4360,0.1550,0.1550,4.72,0.87,STATIONARY
4370,0.1698,0.1698,6.41,2.19,STATIONARY
4380,0.2013,0.2013,8.43,3.68,STATIONARY
4390,0.2493,0.2493,10.92,5.41,STATIONARY
4400,0.2419,0.2419,13.34,7.31,STATIONARY
4410,0.2851,0.2851,16.19,9.43,STATIONARY
4420,0.3062,0.3062,19.25,11.78,STATIONARY
4430,0.3111,0.3111,22.36,14.31,STATIONARY
4439,0.3186,0.3186,25.55,17.00,STATIONARY
4449,0.3123,0.3123,28.67,19.79,STATIONARY
4460,0.3208,0.3208,31.88,22.68,STATIONARY
4470,0.2874,0.2874,34.75,25.57,STATIONARY
4480,0.3035,0.3035,37.79,28.49,STATIONARY
4490,0.2738,0.2738,40.53,31.37,STATIONARY
4500,0.2666,0.2666,43.19,34.19,STATIONARY
4509,0.2662,0.2662,45.85,36.98,STATIONARY
4519,0.2510,0.2510,48.37,39.70,STATIONARY
4530,0.2347,0.2347,50.71,42.33,STATIONARY
4540,0.2420,0.2420,53.13,44.92,UP
4550,0.2527,0.2527,55.66,47.48,UP
4560,0.2698,0.2698,58.36,50.08,UP
4570,0.2600,0.2600,60.96,52.68,UP
4580,0.2841,0.2841,63.80,55.34,UP
4589,0.2874,0.2874,66.67,58.05,UP
4600,0.3055,0.3055,69.73,60.84,UP
4610,0.3164,0.3164,72.89,63.72,UP
4620,0.3295,0.3295,76.19,66.70,UP
4630,0.3353,0.3353,79.54,69.77,UP
4640,0.3297,0.3297,82.84,72.89,UP
4650,0.3603,0.3603,86.44,76.13,UP
4659,0.3524,0.3524,89.96,79.44,UP
4670,0.3593,0.3593,93.56,82.81,UP
4680,0.3709,0.3709,97.27,86.27,UP
4690,0.3446,0.3446,100.71,89.72,UP
4700,0.3573,0.3573,104.28,93.20,UP
4710,0.3574,0.3574,107.86,96.71,UP
4720,0.3556,0.3556,111.41,100.22,UP
4729,0.3678,0.3678,115.09,103.78,UP
4740,0.3574,0.3574,118.67,107.34,UP
4750,0.3586,0.3586,122.25,110.90,UP
4760,0.3749,0.3749,126.00,114.51,UP
4770,0.3676,0.3676,129.68,118.14,UP
4780,0.3680,0.3680,133.36,121.78,UP
4790,0.3773,0.3773,137.13,125.45,UP
4799,0.3628,0.3628,140.76,129.11,UP
4810,0.3568,0.3568,144.33,132.75,UP
4820,0.3557,0.3557,147.88,136.36,UP
4830,0.3573,0.3573,151.46,139.97,UP
4840,0.3583,0.3583,155.04,143.57,UP
4850,0.3591,0.3591,158.63,147.17,UP
4860,0.3687,0.3687,162.32,150.79,UP
4870,0.3786,0.3786,166.10,154.45,UP
4879,0.3920,0.3920,170.02,158.18,UP
4890,0.4022,0.4022,174.05,161.97,UP
4900,0.4159,0.4159,178.21,165.85,UP
4910,0.4240,0.4240,182.44,169.82,UP
4920,0.4207,0.4207,186.65,173.84,UP
4930,0.4141,0.4141,190.79,177.89,UP
4940,0.4378,0.4378,195.17,182.02,UP
4949,0.4465,0.4465,199.63,186.23,UP
4960,0.4363,0.4363,204.00,190.48,UP
4970,0.4408,0.4408,208.41,194.77,UP
4980,0.4289,0.4289,212.70,199.05,UP
4990,0.4279,0.4279,216.97,203.34,UP
5000,0.4329,0.4329,221.30,207.63,UP
5010,0.4292,0.4292,225.60,211.93,UP
5020,0.4395,0.4395,229.99,216.24,UP
5030,0.4185,0.4185,234.18,220.53,UP
5040,0.4183,0.4183,238.36,224.79,UP
5050,0.4419,0.4419,242.78,229.09,UP
5060,0.4248,0.4248,247.03,233.38,UP
5070,0.4278,0.4278,251.30,237.66,UP
5080,0.4379,0.4379,255.68,241.97,UP
5089,0.4536,0.4536,260.22,246.33,UP
5100,0.4644,0.4644,264.86,250.76,UP
5110,0.4388,0.4388,269.25,255.18,UP
5120,0.4203,0.4203,273.45,259.55,UP
5130,0.4624,0.4624,278.08,263.98,UP
5140,0.4766,0.4766,282.84,268.49,UP
5150,0.4759,0.4759,287.60,273.06,UP
5160,0.4835,0.4835,292.44,277.69,UP
5170,0.4563,0.4563,297.00,282.31,UP
5180,0.5075,0.5075,302.08,287.03,UP
5190,0.5219,0.5219,307.29,291.88,UP
5200,0.5224,0.5224,312.52,296.81,UP
5210,0.5071,0.5071,317.59,301.78,UP
5220,0.5057,0.5057,322.65,306.77,UP
5230,0.5039,0.5039,327.69,311.77,UP
5240,0.4992,0.4992,332.68,316.77,UP
5250,0.4816,0.4816,337.50,321.72,UP
5260,0.4704,0.4704,342.20,326.62,UP
5270,0.5024,0.5024,347.22,331.54,UP
5280,0.4998,0.4998,352.22,336.49,UP
5290,0.5060,0.5060,357.28,341.46,UP
5299,0.4906,0.4906,362.19,346.41,UP
5310,0.5019,0.5019,367.21,351.38,UP
5320,0.5191,0.5191,372.40,356.41,UP
5330,0.4985,0.4985,377.38,361.42,UP
5340,0.5145,0.5145,382.53,366.47,UP
5350,0.4990,0.4990,387.52,371.50,UP
5360,0.5111,0.5111,392.63,376.55,UP
5369,0.5427,0.5427,398.05,381.69,UP
5379,0.5416,0.5416,403.47,386.90,UP
5390,0.5306,0.5306,408.78,392.13,UP
5400,0.5446,0.5446,414.22,397.41,UP
5410,0.5404,0.5404,419.63,402.72,UP
5420,0.5387,0.5387,425.01,408.05,UP
5430,0.5503,0.5503,430.52,413.42,UP
5439,0.5666,0.5666,436.18,418.86,UP
5449,0.5747,0.5747,441.93,424.37,UP
5460,0.5668,0.5668,447.60,429.93,UP
5470,0.5563,0.5563,453.16,435.48,UP
5480,0.5529,0.5529,458.69,441.03,UP
5490,0.5586,0.5586,464.27,446.59,UP
5500,0.5732,0.5732,470.01,452.18,UP
5510,0.5541,0.5541,475.55,457.77,UP
5519,0.5247,0.5247,480.79,463.27,UP
5530,0.5273,0.5273,486.07,468.72,UP
5540,0.5736,0.5736,491.80,474.24,UP
5550,0.5677,0.5677,497.48,479.80,UP
5560,0.5610,0.5610,503.09,485.36,UP
5570,0.5702,0.5702,508.79,490.96,UP
5580,0.6021,0.6021,514.81,496.67,UP
5589,0.6307,0.6307,521.12,502.51,UP
5600,0.6065,0.6065,527.19,508.41,UP
5610,0.6097,0.6097,533.28,514.36,UP
5620,0.6249,0.6249,539.53,520.37,UP
5630,0.6543,0.6543,546.07,526.52,UP
5639,0.6468,0.6468,552.54,532.74,UP
5650,0.6008,0.6008,558.55,538.91,UP
5659,0.5778,0.5778,564.33,544.98,UP
5670,0.5981,0.5981,570.31,551.04,UP
5680,0.6527,0.6527,576.84,557.21,UP
5690,0.6281,0.6281,583.12,563.40,UP
5700,0.6181,0.6181,589.30,569.59,UP
5710,0.5644,0.5644,594.94,575.65,UP
5720,0.5602,0.5602,600.54,581.60,UP
5730,0.6389,0.6389,606.93,587.66,UP
5740,0.6624,0.6624,613.56,593.85,UP
5750,0.6251,0.6251,619.81,600.05,UP
5760,0.5824,0.5824,625.63,606.17,UP
5770,0.6001,0.6001,631.63,612.25,UP
5780,0.6418,0.6418,638.05,618.42,UP
5790,0.6469,0.6469,644.52,624.66,UP
5799,0.6615,0.6615,651.13,630.99,UP
5810,0.6396,0.6396,657.53,637.33,UP
5820,0.6541,0.6541,664.07,643.73,UP
5830,0.6525,0.6525,670.60,650.15,UP
5839,0.6770,0.6770,677.36,656.65,UP
5850,0.6713,0.6713,684.08,663.21,UP
5860,0.6338,0.6338,690.42,669.71,UP
5870,0.6086,0.6086,696.50,676.12,UP
5880,0.5904,0.5904,702.41,682.40,UP
5890,0.5970,0.5970,708.38,688.61,UP
5900,0.6096,0.6096,714.47,694.80,UP
5910,0.5762,0.5762,720.23,700.88,UP
5920,0.5172,0.5172,725.41,706.74,UP
5930,0.4937,0.4937,730.34,712.38,UP
5939,0.5496,0.5496,735.84,717.99,UP
5950,0.5582,0.5582,741.42,723.59,UP
5960,0.5167,0.5167,746.59,729.09,UP
5970,0.4610,0.4610,751.20,734.37,UP
5980,0.4452,0.4452,755.65,739.46,UP
5990,0.4645,0.4645,760.30,744.44,UP
6000,0.4621,0.4621,764.92,749.34,UP
6010,0.4499,0.4499,769.42,754.14,UP
6019,0.4013,0.4013,773.43,758.75,UP
6030,0.3638,0.3638,777.07,763.13,UP
6040,0.3507,0.3507,780.57,767.30,UP
6050,0.3546,0.3546,784.12,771.32,UP
6060,0.3444,0.3444,787.56,775.20,UP
6070,0.2956,0.2956,790.52,778.86,UP
6080,0.2586,0.2586,793.12,782.29,UP
6090,0.2718,0.2718,795.82,785.51,UP
6100,0.3146,0.3146,798.97,788.73,UP
6110,0.3167,0.3167,802.14,791.93,UP
6120,0.2589,0.2589,804.73,794.99,UP
6130,0.2605,0.2605,807.33,797.94,UP
6140,0.3068,0.3068,810.40,800.92,UP
6150,0.3485,0.3485,813.88,804.02,UP
6159,0.2960,0.2960,816.84,807.08,UP
6170,0.2172,0.2172,819.02,809.94,UP
6180,0.2586,0.2586,821.60,812.73,UP
6190,0.2987,0.2987,824.59,815.56,UP
6200,0.2470,0.2470,827.06,818.31,UP
6210,0.1638,0.1638,828.70,820.79,UP
6220,0.1617,0.1617,830.31,823.07,UP
6230,0.1543,0.1543,831.86,825.17,UP
6240,0.1295,0.1295,833.15,827.08,UP
6250,0.0757,0.0757,833.91,828.71,UP
6260,0.0309,0.0000,833.91,829.95,UP
6270,0.0499,0.0000,833.91,830.90,UP
6280,0.0056,0.0000,833.91,831.62,UP
6290,-0.0201,0.0000,833.91,832.17,UP
6300,-0.0413,0.0000,833.91,832.58,UP
6310,0.0420,0.0000,833.91,832.90,UP
6320,0.0471,0.0000,833.91,833.14,UP
6330,-0.0142,0.0000,833.91,833.32,UP
6340,0.0011,0.0000,833.91,833.46,UP
6350,0.0207,0.0000,833.91,833.57,UP
6360,0.0682,0.0000,833.91,833.65,UP
6370,-0.0150,0.0000,833.91,833.71,UP
6379,-0.0448,0.0000,833.91,833.76,UP
6390,-0.0604,0.0000,833.91,833.79,UP
6400,-0.0254,0.0000,833.91,833.82,UP
6410,-0.1096,0.0000,833.91,833.84,UP
6420,-0.1145,0.0000,833.91,833.86,UP
6430,-0.0516,0.0000,833.91,833.87,UP
6440,-0.0489,0.0000,833.91,833.88,UP
6449,-0.0748,0.0000,832.90,833.65,UP
6460,-0.0983,0.0000,832.90,833.47,UP
6470,-0.0569,0.0000,832.90,833.33,UP
6480,-0.0312,0.0000,832.90,833.23,UP
6490,-0.0880,0.0000,832.02,832.94,UP
6500,-0.1348,0.0000,832.02,832.72,UP
6510,-0.1152,0.0000,828.64,831.75,UP
6520,-0.0851,-0.0851,827.79,830.80,UP
6530,-0.1586,-0.1586,826.21,829.70,UP
6540,-0.1778,-0.1778,824.43,828.44,UP
6550,-0.0963,-0.0963,823.47,827.25,UP
6560,-0.0460,0.0000,823.47,826.35,UP
6570,-0.1149,0.0000,823.47,825.66,UP
6580,-0.1466,0.0000,823.47,825.13,UP
6589,-0.0961,0.0000,819.89,823.88,UP
6600,-0.0551,0.0000,819.89,822.93,UP
6610,-0.0963,0.0000,819.34,822.07,UP
6620,-0.1390,0.0000,819.34,821.42,UP
6630,-0.1113,0.0000,815.87,820.09,UP
6640,-0.0544,0.0000,815.87,819.08,UP
6650,-0.0840,0.0000,815.33,818.18,UP
6660,-0.1566,0.0000,815.33,817.50,UP
6670,-0.1073,0.0000,811.85,816.15,UP
6680,-0.0816,-0.0816,811.03,814.93,UP
6690,-0.0739,-0.0739,810.29,813.82,UP
6700,-0.1159,-0.1159,809.13,812.70,UP
6710,-0.1004,-0.1004,808.13,811.61,UP
6720,-0.0330,0.0000,808.13,810.77,UP
6730,-0.0546,0.0000,808.13,810.14,UP
6740,-0.0884,0.0000,807.25,809.45,UP
6750,-0.0895,0.0000,807.25,808.93,UP
6760,-0.0530,0.0000,807.25,808.53,UP
6770,-0.0767,0.0000,806.72,808.09,UP
6780,-0.1320,0.0000,806.72,807.77,UP
6790,-0.1264,0.0000,803.37,806.72,UP
6800,-0.0634,-0.0634,802.74,805.76,UP
6810,-0.0453,0.0000,802.74,805.04,UP
6820,-0.1058,0.0000,802.74,804.49,UP
6830,-0.1242,0.0000,802.74,804.07,UP
6840,-0.0693,0.0000,799.74,803.04,UP
6850,-0.0074,0.0000,799.74,802.25,UP
6860,-0.0579,0.0000,799.74,801.65,UP
6869,-0.0822,0.0000,799.09,801.04,UP
6880,-0.0505,0.0000,799.09,800.57,UP
6890,-0.0006,0.0000,799.09,800.22,UP
6900,-0.0431,0.0000,799.09,799.95,UP
6910,-0.0925,0.0000,798.15,799.52,UP
6920,-0.0509,0.0000,798.15,799.19,UP
6930,0.0050,0.0000,798.15,798.94,UP
6940,-0.0280,0.0000,798.15,798.75,UP
6950,-0.0927,0.0000,797.41,798.43,UP
6960,-0.0777,0.0000,797.41,798.19,UP
6970,-0.0136,0.0000,797.41,798.00,UP
6980,0.0113,0.0000,797.41,797.86,UP
6990,-0.0821,0.0000,797.41,797.75,UP
7000,-0.0793,0.0000,797.41,797.67,UP
7010,-0.0039,0.0000,797.41,797.61,UP
7019,0.0102,0.0000,797.41,797.56,UP
7030,-0.0782,0.0000,797.41,797.52,UP
7040,-0.0958,0.0000,797.41,797.50,UP
7050,-0.0092,0.0000,797.41,797.48,UP
7060,0.0286,0.0000,797.41,797.46,UP
7070,-0.0545,0.0000,797.41,797.45,UP
7080,-0.0824,0.0000,797.06,797.35,UP
7089,-0.0022,0.0000,797.06,797.28,UP
7100,0.0653,0.0000,797.06,797.23,UP
7110,0.0106,0.0000,797.06,797.19,UP
7120,-0.0368,0.0000,797.06,797.16,UP
7130,0.0067,0.0000,797.06,797.13,UP
7140,0.0793,0.0000,797.06,797.12,UP
7150,0.0454,0.0000,797.06,797.10,UP
7159,-0.0246,0.0000,797.06,797.09,UP
7170,0.0080,0.0000,797.06,797.08,UP
7180,0.0609,0.0000,797.06,797.08,UP
7190,0.0370,0.0000,797.06,797.07,UP
7200,-0.0438,0.0000,797.06,797.07,UP
7210,-0.0397,0.0000,797.06,797.07,UP
7220,0.0410,0.0000,797.06,797.06,UP
7229,0.0350,0.0000,797.06,797.06,UP
7240,-0.0605,0.0000,797.06,797.06,UP
7250,-0.0178,0.0000,797.06,797.06,UP
7260,0.0225,0.0000,797.06,797.06,UP
7270,0.0547,0.0000,797.06,797.06,UP
7280,0.0054,0.0000,797.06,797.06,UP
7290,0.0239,0.0000,797.06,797.06,UP
7299,0.0851,0.0000,797.94,797.27,UP
7310,0.1043,0.0000,797.94,797.43,UP
7320,0.0410,0.0000,797.94,797.55,UP
7330,-0.0004,0.0000,797.94,797.65,UP
7340,0.0503,0.0000,797.94,797.72,UP
7350,0.1032,0.0000,798.85,797.99,UP
7360,0.0433,0.0000,798.85,798.20,UP
7369,-0.0322,0.0000,798.85,798.35,UP
7379,0.0221,0.0000,798.85,798.47,UP
7390,0.1079,0.0000,798.85,798.56,UP
7400,0.0513,0.0000,798.85,798.63,UP
7410,-0.0084,0.0000,798.85,798.69,UP
7420,0.0019,0.0000,798.85,798.73,UP
7430,0.0966,0.0000,799.30,798.86,UP
7440,0.0696,0.0000,799.30,798.97,UP
7449,-0.0036,0.0000,799.30,799.05,UP
7460,0.0094,0.0000,799.30,799.11,UP
7470,0.0549,0.0000,799.30,799.15,UP
7480,0.0810,0.0000,799.91,799.34,UP
7490,0.0289,0.0000,799.91,799.47,UP
7500,-0.0137,0.0000,799.91,799.58,UP
7510,0.0498,0.0000,799.91,799.66,UP
7519,0.0789,0.0000,799.91,799.72,UP
7530,0.0272,0.0000,799.91,799.76,UP
7540,-0.0103,0.0000,799.91,799.80,UP
7550,0.0278,0.0000,799.91,799.82,UP
7560,0.0941,0.0000,799.91,799.84,UP
7570,0.0741,0.0000,799.91,799.86,UP
7580,0.0148,0.0000,799.91,799.87,UP
7590,0.0259,0.0000,799.91,799.88,UP
7600,0.1092,0.0000,799.91,799.89,UP
7610,0.0814,0.0000,799.91,799.89,UP
7620,0.0436,0.0000,799.91,799.90,UP
7630,0.0358,0.0000,799.91,799.90,UP
7640,0.0726,0.0000,799.91,799.90,UP
7650,0.0828,0.0000,799.91,799.90,UP
7660,0.0347,0.0000,799.91,799.90,UP
7670,0.0157,0.0000,799.91,799.91,UP
7680,0.0562,0.0000,799.91,799.91,UP
7690,0.0903,0.0000,800.98,800.16,UP
7700,0.0571,0.0000,800.98,800.36,UP
7710,0.0404,0.0000,800.98,800.50,UP
7720,0.0349,0.0000,800.98,800.62,UP
7730,0.0797,0.0000,802.30,801.02,UP
7740,0.0808,0.0000,802.30,801.32,UP
7750,0.0501,0.0000,802.30,801.56,UP
7760,0.0359,0.0000,802.30,801.73,UP
7770,0.0655,0.0000,803.16,802.07,UP
7780,0.1067,0.0000,803.16,802.33,UP
7790,0.0746,0.0000,805.63,803.12,UP
7799,0.0439,0.0000,805.63,803.72,UP
7809,0.0927,0.0000,805.63,804.18,UP
7820,0.0963,0.0000,805.63,804.52,UP
7830,0.0652,0.0000,808.17,805.40,UP
7840,0.0044,0.0000,808.17,806.06,UP
7850,0.0157,0.0000,808.17,806.56,UP
7860,0.0794,0.0000,808.17,806.95,UP
7870,0.0794,0.0000,808.17,807.24,UP
7880,0.0125,0.0000,808.17,807.46,UP
7890,0.0241,0.0000,808.17,807.63,UP
7900,0.0889,0.0000,808.17,807.76,UP
7910,0.0645,0.0000,808.17,807.86,UP
7920,0.0362,0.0000,808.17,807.93,UP
7930,0.0113,0.0000,808.17,807.99,UP
7940,0.0702,0.0000,808.17,808.03,UP
7950,0.0842,0.0000,808.17,808.07,UP
7960,0.0412,0.0000,808.17,808.09,UP
7970,0.0170,0.0000,808.17,808.11,UP
7979,0.0726,0.0000,808.17,808.12,UP
7990,0.1332,0.0000,808.17,808.14,UP
8000,0.0725,0.0000,810.95,808.81,UP
8010,0.0349,0.0000,810.95,809.32,UP
8020,0.0619,0.0000,810.95,809.71,UP
8030,0.1274,0.0000,810.95,810.01,UP
8040,0.1033,0.0000,813.88,810.93,UP
8050,0.0174,0.0000,813.88,811.64,UP
8060,0.0292,0.0000,813.88,812.17,UP
8070,0.0939,0.0000,813.88,812.58,UP
8080,0.0782,0.0000,813.88,812.89,UP
8089,-0.0065,0.0000,813.88,813.13,UP
8100,-0.0185,0.0000,813.88,813.31,UP
8110,0.0625,0.0000,813.88,813.45,UP
8120,0.0912,0.0000,813.88,813.55,UP
8130,0.0276,0.0000,813.88,813.63,UP
8140,0.0108,0.0000,813.88,813.69,UP
8150,0.0895,0.0000,813.88,813.73,UP
8160,0.1149,0.0000,813.88,813.77,UP
8170,0.0557,0.0000,813.88,813.80,UP
8180,0.0170,0.0000,813.88,813.82,UP
8190,0.0769,0.0000,814.61,814.01,UP
8200,0.1230,0.0000,814.61,814.15,UP
8210,0.0867,0.0000,817.47,814.94,UP
8220,0.0464,0.0000,817.47,815.55,UP
8230,0.0610,0.0000,817.47,816.01,UP
8240,0.1073,0.0000,817.47,816.36,UP
8250,0.1007,0.0000,820.16,817.27,UP
8260,0.0312,0.0000,820.16,817.96,UP
8270,0.0318,0.0000,820.16,818.49,UP
8280,0.0880,0.0000,820.16,818.89,UP
8290,0.0749,0.0000,820.16,819.19,UP
8300,0.0120,0.0000,820.16,819.42,UP
8309,0.0071,0.0000,820.16,819.60,UP
8320,0.0680,0.0000,820.16,819.74,UP
8330,0.0933,0.0000,820.16,819.84,UP
8340,0.0254,0.0000,820.16,819.92,UP
8350,0.0207,0.0000,820.16,819.98,UP
8360,0.0804,0.0000,820.16,820.02,UP
8370,0.1253,0.0000,820.16,820.05,UP
8379,0.0814,0.0000,823.03,820.77,UP
8390,0.0174,0.0000,823.03,821.31,UP
8400,0.0511,0.0000,823.03,821.72,UP
8410,0.0988,0.0000,823.72,822.20,UP
8420,0.0880,0.0000,823.72,822.56,UP
8430,0.0285,0.0000,823.72,822.84,UP
8440,0.0281,0.0000,823.72,823.05,UP
8449,0.0855,0.0000,823.72,823.21,UP
8460,0.1002,0.0000,823.72,823.33,UP
8470,0.0218,0.0000,823.72,823.42,UP
8480,-0.0201,0.0000,823.72,823.50,UP
8490,0.0687,0.0000,823.72,823.55,UP
8500,0.0859,0.0000,823.72,823.59,UP
8510,0.0659,0.0000,825.92,824.15,UP
8519,-0.0082,0.0000,825.92,824.57,UP
8530,0.0462,0.0000,825.92,824.90,UP
8540,0.1156,0.0000,825.92,825.14,UP
8550,0.0773,0.0000,825.92,825.33,UP
8560,0.0326,0.0000,825.92,825.47,UP
8570,0.0338,0.0000,825.92,825.58,UP
8580,0.0973,0.0000,825.92,825.66,UP
8589,0.0593,0.0000,825.92,825.72,UP
8600,-0.0020,0.0000,825.92,825.77,UP
8610,0.0126,0.0000,825.92,825.81,UP
8620,0.0860,0.0000,826.62,826.00,UP
8630,0.0644,0.0000,826.62,826.15,UP
8640,0.0244,0.0000,826.62,826.26,UP
8650,0.0213,0.0000,826.62,826.35,UP
8660,0.0894,0.0000,826.62,826.42,UP
8670,0.1073,0.0000,826.62,826.46,UP
8680,0.0216,0.0000,826.62,826.50,UP
8690,-0.0024,0.0000,826.62,826.53,UP
8700,0.0626,0.0000,826.62,826.55,UP
8710,0.1123,0.0000,826.62,826.57,UP
8720,0.0667,0.0000,829.04,827.16,UP
8730,0.0121,0.0000,829.04,827.61,UP
8740,0.0364,0.0000,829.04,827.95,UP
8750,0.1016,0.0000,829.04,828.21,UP
8760,0.0555,0.0000,829.04,828.41,UP
8770,0.0020,0.0000,829.04,828.56,UP
8780,0.0419,0.0000,829.04,828.67,UP
8790,0.0909,0.0000,830.03,829.00,UP
8800,0.0408,0.0000,830.03,829.25,UP
8809,0.0037,0.0000,830.03,829.43,UP
8820,0.0301,0.0000,830.03,829.58,UP
8830,0.0781,0.0000,830.03,829.69,UP
8840,0.0636,0.0000,830.03,829.77,UP
8850,0.0389,0.0000,830.03,829.83,UP
8860,0.0145,0.0000,830.03,829.88,UP
8870,0.0602,0.0000,830.03,829.92,UP
8880,0.0855,0.0000,830.03,829.94,UP
8890,0.0103,0.0000,830.03,829.96,UP
8900,-0.0095,0.0000,830.03,829.98,UP
8910,0.0172,0.0000,830.03,829.99,UP
8920,0.0465,0.0000,830.03,830.00,UP
8930,0.0548,0.0000,830.03,830.01,UP
8940,0.0155,0.0000,830.03,830.01,UP
8950,0.0292,0.0000,830.03,830.02,UP
8960,0.0674,0.0000,831.67,830.41,UP
8970,0.0513,0.0000,831.67,830.72,UP
8980,0.0301,0.0000,831.67,830.94,UP
8990,0.0162,0.0000,831.67,831.12,UP
9000,0.0414,0.0000,831.67,831.25,UP
9010,0.0548,0.0000,831.67,831.35,UP
9019,0.0190,0.0000,831.67,831.43,UP
9030,-0.0007,0.0000,831.67,831.49,UP
9040,0.0490,0.0000,831.67,831.53,UP
9050,0.0641,0.0000,834.28,832.19,UP
9060,0.0603,0.0000,834.28,832.69,UP
9070,0.0143,0.0000,834.28,833.07,UP
9080,0.0197,0.0000,834.28,833.36,UP
9089,0.0805,0.0000,834.28,833.58,UP
9100,0.1030,0.0000,834.28,833.75,UP
9110,0.0165,0.0000,834.28,833.88,UP
9120,0.0333,0.0000,834.28,833.97,UP
9130,0.0943,0.0000,834.28,834.05,UP
9140,0.0732,0.0000,834.28,834.10,UP
9150,0.0357,0.0000,834.28,834.15,UP
9159,0.0128,0.0000,834.28,834.18,UP
9170,0.0644,0.0000,834.28,834.21,UP
9180,0.0786,0.0000,834.28,834.22,UP
9190,0.0035,0.0000,834.28,834.24,UP
9200,-0.0210,0.0000,834.28,834.25,UP
9210,0.0450,0.0000,834.28,834.26,UP
9220,0.0893,0.0000,834.28,834.26,UP
9230,0.0279,0.0000,834.28,834.27,UP
9240,0.0072,0.0000,834.28,834.27,UP
9250,0.0175,0.0000,834.28,834.28,UP
9260,0.0781,0.0000,834.28,834.28,UP
9270,0.0683,0.0000,834.28,834.28,UP
9280,-0.0091,0.0000,834.28,834.28,UP
9290,-0.0057,0.0000,834.28,834.28,UP
9299,0.0835,0.0000,834.28,834.28,UP
9309,0.0813,0.0000,834.28,834.28,UP
9320,0.0135,0.0000,834.28,834.28,UP
9330,0.0131,0.0000,834.28,834.28,UP
9340,0.0530,0.0000,834.28,834.28,UP
9350,0.0920,0.0000,835.08,834.47,UP
9360,0.0142,0.0000,835.08,834.62,UP
9370,-0.0040,0.0000,835.08,834.73,UP
9379,0.0467,0.0000,835.08,834.81,UP
9390,0.0778,0.0000,835.08,834.88,UP
9400,0.0478,0.0000,835.08,834.93,UP
9410,0.0136,0.0000,835.08,834.96,UP
9420,0.0234,0.0000,835.08,834.99,UP
9430,0.0743,0.0000,835.08,835.01,UP
9440,0.0546,0.0000,835.08,835.03,UP
9449,0.0076,0.0000,835.08,835.04,UP
9460,-0.0042,0.0000,835.08,835.05,UP
9470,0.0385,0.0000,835.08,835.06,UP
9480,0.0374,0.0000,835.08,835.06,UP
9490,-0.0045,0.0000,835.08,835.07,UP
9500,-0.0208,0.0000,835.08,835.07,UP
9510,0.0304,0.0000,835.08,835.07,UP
9519,0.0580,0.0000,835.08,835.07,UP
9530,0.0147,0.0000,835.08,835.08,UP
9540,0.0206,0.0000,835.08,835.08,UP
9550,0.0287,0.0000,835.08,835.08,UP
9560,0.0753,0.0000,835.08,835.08,UP
9570,0.0834,0.0000,835.08,835.08,UP
9580,0.0077,0.0000,835.08,835.08,UP
9589,0.0149,0.0000,835.08,835.08,UP
9600,0.0586,0.0000,835.08,835.08,UP
9610,0.0541,0.0000,835.08,835.08,UP
9620,0.0159,0.0000,835.08,835.08,UP
9630,0.0152,0.0000,835.08,835.08,UP
9640,0.0559,0.0000,835.08,835.08,UP
9650,0.0878,0.0000,837.30,835.61,UP
9660,0.0115,0.0000,837.30,836.02,UP
9670,0.0047,0.0000,837.30,836.32,UP
9680,0.0520,0.0000,837.30,836.56,UP
9690,0.0500,0.0000,837.30,836.74,UP
9700,0.0054,0.0000,837.30,836.87,UP
9709,-0.0290,0.0000,837.30,836.98,UP
9720,0.0038,0.0000,837.30,837.05,UP
9730,0.0810,0.0000,838.29,837.35,UP
9740,0.0562,0.0000,838.29,837.57,UP
9750,-0.0173,0.0000,838.29,837.74,UP
9760,-0.0133,0.0000,838.29,837.87,UP
9770,0.0501,0.0000,838.29,837.97,UP
9780,0.0606,0.0000,839.04,838.23,UP
9790,-0.0228,0.0000,839.04,838.42,UP
9800,-0.0127,0.0000,839.04,838.57,UP
9809,0.0631,0.0000,839.04,838.68,UP
9820,0.0449,0.0000,839.04,838.77,UP
9830,0.0049,0.0000,839.04,838.84,UP
9840,-0.0067,0.0000,839.04,838.89,UP
9850,0.0319,0.0000,839.04,838.92,UP
9860,0.0601,0.0000,839.04,838.95,UP
9870,0.0064,0.0000,839.04,838.97,UP
9880,-0.0057,0.0000,839.04,838.99,UP
9890,0.0030,0.0000,839.04,839.00,UP
9900,0.0437,0.0000,839.04,839.01,UP
9910,0.0096,0.0000,839.04,839.02,UP
9920,-0.0045,0.0000,839.04,839.03,UP
9930,-0.0096,0.0000,839.04,839.03,UP
9940,0.0436,0.0000,839.04,839.03,UP
9950,0.0536,0.0000,839.04,839.04,UP
9960,0.0141,0.0000,839.04,839.04,UP
9970,-0.0157,0.0000,839.04,839.04,UP
9980,0.0506,0.0000,839.04,839.04,UP
9990,0.0734,0.0000,839.04,839.04,UP
10000,0.0267,0.0000,839.04,839.04,UP
10010,-0.0192,0.0000,839.04,839.04,UP
10019,0.0212,0.0000,839.04,839.04,UP
10030,0.0268,0.0000,839.04,839.04,UP
10040,0.0316,0.0000,839.04,839.04,UP
10050,-0.0125,0.0000,839.04,839.04,UP
10060,-0.0251,0.0000,839.04,839.04,UP
10070,0.0467,0.0000,839.04,839.04,UP
10080,0.0332,0.0000,839.04,839.04,UP
10089,-0.0400,0.0000,839.04,839.04,UP
10100,-0.0183,0.0000,839.04,839.04,UP
10110,0.0174,0.0000,839.04,839.04,UP
10120,0.0325,0.0000,839.04,839.04,UP
10130,-0.0252,0.0000,839.04,839.04,UP
10140,-0.0149,0.0000,839.04,839.04,UP
10150,0.0393,0.0000,839.04,839.04,UP
10159,0.0532,0.0000,839.04,839.04,UP
10170,0.0193,0.0000,839.04,839.04,UP
10180,-0.0105,0.0000,839.04,839.04,UP
10190,0.0035,0.0000,839.04,839.04,UP
10200,0.0332,0.0000,839.04,839.04,UP
10210,0.0467,0.0000,839.04,839.04,UP
10220,0.0144,0.0000,839.04,839.04,UP
10229,0.0220,0.0000,839.04,839.04,UP
10239,0.0543,0.0000,839.04,839.04,UP
10250,0.0338,0.0000,839.04,839.04,UP
10260,-0.0038,0.0000,839.04,839.04,UP
10270,-0.0184,0.0000,839.04,839.04,UP
10280,0.0185,0.0000,839.04,839.04,UP
10290,0.0104,0.0000,839.04,839.04,UP
10299,-0.0558,0.0000,839.04,839.04,UP
10309,-0.0514,0.0000,839.04,839.04,UP
10320,-0.0041,0.0000,839.04,839.04,UP
10330,0.0005,0.0000,839.04,839.04,UP
10340,-0.0207,0.0000,839.04,839.04,UP
10350,-0.0222,0.0000,839.04,839.04,UP
10360,0.0154,0.0000,839.04,839.04,UP
10369,0.0366,0.0000,839.04,839.04,UP
10379,-0.0026,0.0000,839.04,839.04,UP
10390,0.0063,0.0000,839.04,839.04,UP
10400,-0.0014,0.0000,839.04,839.04,UP
10410,0.0188,0.0000,839.04,839.04,UP
10420,-0.0064,0.0000,839.04,839.04,UP
10430,-0.0396,0.0000,839.04,839.04,UP
10440,-0.0117,0.0000,839.04,839.04,UP
10449,0.0068,0.0000,839.04,839.04,UP
10460,0.0331,0.0000,839.04,839.04,UP
10470,-0.0163,0.0000,839.04,839.04,UP
10480,0.0041,0.0000,839.04,839.04,UP
10490,0.0357,0.0000,839.04,839.04,UP
10500,0.0289,0.0000,839.04,839.04,UP
10510,0.0062,0.0000,839.04,839.04,UP
10519,-0.0362,0.0000,839.04,839.04,UP
10530,0.0080,0.0000,839.04,839.04,UP
10540,0.0083,0.0000,839.04,839.04,UP
10550,0.0111,0.0000,839.04,839.04,UP
10560,-0.0441,0.0000,839.04,839.04,UP
10570,-0.0313,0.0000,839.04,839.04,UP
10580,0.0407,0.0000,839.04,839.04,UP
10589,0.0095,0.0000,839.04,839.04,UP
10600,-0.0165,0.0000,839.04,839.04,UP
10610,-0.0309,0.0000,839.04,839.04,UP
10620,0.0286,0.0000,839.04,839.04,UP
10630,0.0296,0.0000,839.04,839.04,UP
10640,-0.0029,0.0000,839.04,839.04,UP
10650,-0.0082,0.0000,839.04,839.04,UP
10660,0.0237,0.0000,839.04,839.04,UP
10670,0.0319,0.0000,839.04,839.04,UP
10680,0.0003,0.0000,839.04,839.04,UP
10690,-0.0190,0.0000,839.04,839.04,UP
10700,-0.0162,0.0000,839.04,839.04,UP
10710,0.0426,0.0000,839.04,839.04,UP
10720,0.0043,0.0000,839.04,839.04,UP
10730,-0.0258,0.0000,839.04,839.04,UP
10740,-0.0097,0.0000,839.04,839.04,UP
10750,0.0156,0.0000,839.04,839.04,UP
10760,-0.0003,0.0000,839.04,839.04,UP
10770,-0.0267,0.0000,839.04,839.04,UP
10780,-0.0383,0.0000,839.04,839.04,UP
10790,0.0130,0.0000,839.04,839.04,UP
10799,0.0112,0.0000,839.04,839.04,UP
10809,-0.0599,0.0000,839.04,839.04,UP
10820,-0.0471,0.0000,839.04,839.04,UP
10830,-0.0017,0.0000,839.04,839.04,UP
10840,0.0006,0.0000,839.04,839.04,UP
10850,-0.0092,0.0000,839.04,839.04,UP
10860,-0.0322,0.0000,839.04,839.04,UP
10870,-0.0285,0.0000,839.04,839.04,UP
10880,0.0071,0.0000,839.04,839.04,UP
10890,-0.0194,0.0000,839.04,839.04,UP
10900,-0.0456,0.0000,839.04,839.04,UP
10910,0.0096,0.0000,839.04,839.04,UP
10920,0.0408,0.0000,839.04,839.04,UP
10930,0.0050,0.0000,839.04,839.04,UP
10940,-0.0109,0.0000,839.04,839.04,UP
10949,-0.0317,0.0000,839.04,839.04,UP
10960,0.0350,0.0000,839.04,839.04,UP
10970,0.0311,0.0000,839.04,839.04,UP
10980,-0.0359,0.0000,839.04,839.04,UP
10990,-0.0240,0.0000,839.04,839.04,UP
11000,-0.0027,0.0000,839.04,839.04,UP
11010,0.0202,0.0000,839.04,839.04,UP
11020,-0.0136,0.0000,839.04,839.04,UP
11030,-0.0331,0.0000,839.04,839.04,UP
11040,-0.0102,0.0000,839.04,839.04,UP
11050,0.0358,0.0000,839.04,839.04,UP
11060,0.0219,0.0000,839.04,839.04,UP
11070,-0.0286,0.0000,839.04,839.04,UP
11080,0.0031,0.0000,839.04,839.04,UP
11090,0.0535,0.0000,839.04,839.04,UP
11100,0.0079,0.0000,839.04,839.04,UP
11110,-0.0106,0.0000,839.04,839.04,UP
11120,-0.0360,0.0000,839.04,839.04,UP
11130,0.0155,0.0000,839.04,839.04,UP
11140,0.0326,0.0000,839.04,839.04,UP
11150,-0.0387,0.0000,839.04,839.04,UP
11159,-0.0400,0.0000,839.04,839.04,UP
11170,0.0031,0.0000,839.04,839.04,UP
11180,0.0257,0.0000,839.04,839.04,UP
11190,-0.0038,0.0000,839.04,839.04,UP
11200,-0.0449,0.0000,839.04,839.04,UP
11210,-0.0254,0.0000,839.04,839.04,UP
11220,0.0404,0.0000,839.04,839.04,UP
11230,0.0123,0.0000,839.04,839.04,UP
11239,-0.0321,0.0000,839.04,839.04,UP
11250,0.0014,0.0000,839.04,839.04,UP
11260,0.0074,0.0000,839.04,839.04,UP
11270,0.0040,0.0000,839.04,839.04,UP
11280,-0.0169,0.0000,839.04,839.04,UP
11290,-0.0260,0.0000,839.04,839.04,UP
11299,0.0331,0.0000,839.04,839.04,UP
11309,-0.0089,0.0000,839.04,839.04,UP
11320,-0.0366,0.0000,839.04,839.04,UP
11330,-0.0200,0.0000,839.04,839.04,UP
11340,0.0004,0.0000,839.04,839.04,UP
11350,0.0118,0.0000,839.04,839.04,UP
11360,-0.0154,0.0000,839.04,839.04,UP
11370,-0.0368,0.0000,839.04,839.04,UP
11379,-0.0125,0.0000,839.04,839.04,UP
11390,0.0372,0.0000,839.04,839.04,UP
11400,-0.0028,0.0000,839.04,839.04,UP
11410,-0.0501,0.0000,839.04,839.04,UP
11420,-0.0601,0.0000,839.04,839.04,UP
11430,-0.0307,0.0000,839.04,839.04,UP
11440,0.0125,0.0000,839.04,839.04,UP
11450,-0.0545,0.0000,839.04,839.04,UP
11460,-0.0115,0.0000,839.04,839.04,UP
11470,0.0024,0.0000,839.04,839.04,UP
11480,0.0261,0.0000,839.04,839.04,UP
11490,0.0195,0.0000,839.04,839.04,UP
11500,-0.0120,0.0000,839.04,839.04,UP
11510,0.0226,0.0000,839.04,839.04,UP
11519,0.0435,0.0000,839.04,839.04,UP
11530,0.0525,0.0000,839.04,839.04,UP
11540,-0.0034,0.0000,839.04,839.04,UP
11550,-0.0077,0.0000,839.04,839.04,UP
11560,0.0042,0.0000,839.04,839.04,UP
11570,0.0131,0.0000,839.04,839.04,UP
11580,-0.0229,0.0000,839.04,839.04,UP
11590,-0.0398,0.0000,839.04,839.04,UP
11600,-0.0132,0.0000,839.04,839.04,UP
11610,0.0038,0.0000,839.04,839.04,UP
11620,-0.0354,0.0000,839.04,839.04,UP
11630,-0.0460,0.0000,839.04,839.04,UP
11640,-0.0198,0.0000,839.04,839.04,UP
11650,-0.0070,0.0000,839.04,839.04,UP
11660,-0.0134,0.0000,839.04,839.04,UP
11670,-0.0298,0.0000,839.04,839.04,UP
11680,-0.0522,0.0000,839.04,839.04,UP
11690,-0.0050,0.0000,839.04,839.04,UP
11700,-0.0186,0.0000,839.04,839.04,UP
11710,-0.0326,0.0000,839.04,839.04,UP
11720,-0.0073,0.0000,839.04,839.04,UP
11730,0.0055,0.0000,839.04,839.04,UP
11740,0.0246,0.0000,839.04,839.04,UP
11750,0.0019,0.0000,839.04,839.04,UP
11760,-0.0058,0.0000,839.04,839.04,UP
11770,0.0231,0.0000,839.04,839.04,UP
11780,0.0205,0.0000,839.04,839.04,UP
11790,-0.0072,0.0000,839.04,839.04,UP
11800,-0.0217,0.0000,839.04,839.04,UP
11809,0.0004,0.0000,839.04,839.04,UP
11820,0.0086,0.0000,839.04,839.04,UP
11830,-0.0020,0.0000,839.04,839.04,UP
11840,-0.0138,0.0000,839.04,839.04,UP
11850,-0.0223,0.0000,839.04,839.04,UP
11860,0.0068,0.0000,839.04,839.04,UP
11870,0.0024,0.0000,839.04,839.04,UP
11880,-0.0289,0.0000,839.04,839.04,UP
11890,-0.0171,0.0000,839.04,839.04,UP
11900,0.0025,0.0000,839.04,839.04,UP
11910,0.0108,0.0000,839.04,839.04,UP
11920,-0.0361,0.0000,839.04,839.04,UP
11930,-0.0261,0.0000,839.04,839.04,UP
11940,-0.0244,0.0000,839.04,839.04,UP
11949,-0.0079,0.0000,839.04,839.04,UP
11960,-0.0079,0.0000,839.04,839.04,UP
11970,0.0028,0.0000,839.04,839.04,UP
11980,0.0079,0.0000,839.04,839.04,UP
11990,0.0206,0.0000,839.04,839.04,UP
12000,0.0101,0.0000,839.04,839.04,UP
12010,-0.0012,0.0000,839.04,839.04,UP
12019,0.0244,0.0000,839.04,839.04,UP
12030,0.0283,0.0000,839.04,839.04,UP
12040,0.0174,0.0000,839.04,839.04,UP
12050,0.0079,0.0000,839.04,839.04,UP
12060,-0.0250,0.0000,839.04,839.04,UP
12070,0.0283,0.0000,839.04,839.04,UP
12080,0.0202,0.0000,839.04,839.04,UP
12089,-0.0152,0.0000,839.04,839.04,UP
12100,-0.0142,0.0000,839.04,839.04,UP
12110,-0.0020,0.0000,839.04,839.04,UP
12120,0.0199,0.0000,839.04,839.04,UP
12130,0.0083,0.0000,839.04,839.04,UP
12140,-0.0033,0.0000,839.04,839.04,UP
12150,-0.0249,0.0000,839.04,839.04,UP
12160,0.0027,0.0000,839.04,839.04,UP
12170,-0.0120,0.0000,839.04,839.04,UP
12180,-0.0366,0.0000,839.04,839.04,UP
12190,-0.0340,0.0000,839.04,839.04,UP
12199,-0.0033,0.0000,839.04,839.04,UP
12210,-0.0104,0.0000,839.04,839.04,UP
12220,-0.0220,0.0000,839.04,839.04,UP
12230,-0.0283,0.0000,839.04,839.04,UP
12240,-0.0103,0.0000,839.04,839.04,UP
12250,0.0074,0.0000,839.04,839.04,UP
12260,0.0043,0.0000,839.04,839.04,UP
12270,-0.0052,0.0000,839.04,839.04,UP
12280,0.0099,0.0000,839.04,839.04,UP
12290,0.0013,0.0000,839.04,839.04,UP
12299,0.0064,0.0000,839.04,839.04,UP
12309,-0.0057,0.0000,839.04,839.04,UP
12320,-0.0107,0.0000,839.04,839.04,UP
12330,-0.0047,0.0000,839.04,839.04,UP
12340,-0.0158,0.0000,839.04,839.04,UP
12350,-0.0056,0.0000,839.04,839.04,UP
12360,-0.0254,0.0000,839.04,839.04,UP
12370,-0.0240,0.0000,839.04,839.04,UP
12379,-0.0033,0.0000,839.04,839.04,UP
12390,-0.0101,0.0000,839.04,839.04,UP
12400,-0.0066,0.0000,839.04,839.04,UP
12410,-0.0175,0.0000,839.04,839.04,UP
12420,0.0055,0.0000,839.04,839.04,UP
12430,-0.0260,0.0000,839.04,839.04,UP
12440,0.0003,0.0000,839.04,839.04,UP
12450,0.0100,0.0000,839.04,839.04,UP
12459,0.0172,0.0000,839.04,839.04,UP
12470,0.0435,0.0000,839.04,839.04,UP
12480,0.0188,0.0000,839.04,839.04,UP
12490,0.0291,0.0000,839.04,839.04,UP
12500,0.0228,0.0000,839.04,839.04,UP
12510,-0.0061,0.0000,839.04,839.04,UP
12519,0.0238,0.0000,839.04,839.04,UP
12530,-0.0004,0.0000,839.04,839.04,UP
12540,-0.0030,0.0000,839.04,839.04,UP
12550,-0.0218,0.0000,839.04,839.04,UP
12560,-0.0167,0.0000,839.04,839.04,UP
12570,-0.0196,0.0000,839.04,839.04,UP
12580,-0.0041,0.0000,839.04,839.04,UP
12589,-0.0036,0.0000,839.04,839.04,UP
12600,-0.0345,0.0000,839.04,839.04,UP
12610,-0.0173,0.0000,839.04,839.04,UP
12620,-0.0018,0.0000,839.04,839.04,UP
12630,-0.0135,0.0000,839.04,839.04,UP
12640,-0.0075,0.0000,839.04,839.04,UP
12650,-0.0212,0.0000,839.04,839.04,UP
12660,0.0009,0.0000,839.04,839.04,UP
12670,0.0183,0.0000,839.04,839.04,UP
12680,-0.0063,0.0000,839.04,839.04,UP
12690,-0.0056,0.0000,839.04,839.04,UP
12700,0.0256,0.0000,839.04,839.04,UP
12710,0.0234,0.0000,839.04,839.04,UP
12720,-0.0023,0.0000,839.04,839.04,UP
12729,-0.0199,0.0000,839.04,839.04,UP
12739,-0.0228,0.0000,839.04,839.04,UP
12750,0.0139,0.0000,839.04,839.04,UP
12760,0.0082,0.0000,839.04,839.04,UP
12770,-0.0479,0.0000,839.04,839.04,UP
12780,-0.0219,0.0000,839.04,839.04,UP
12790,0.0079,0.0000,839.04,839.04,UP
12800,0.0037,0.0000,839.04,839.04,UP
12809,-0.0170,0.0000,839.04,839.04,UP
12820,-0.0077,0.0000,839.04,839.04,UP
12830,0.0183,0.0000,839.04,839.04,UP
12840,0.0265,0.0000,839.04,839.04,UP
12850,0.0077,0.0000,839.04,839.04,UP
12860,-0.0060,0.0000,839.04,839.04,UP
12869,0.0019,0.0000,839.04,839.04,UP
12880,0.0318,0.0000,839.04,839.04,UP
12890,0.0018,0.0000,839.04,839.04,UP
12900,-0.0511,0.0000,839.04,839.04,UP
12910,0.0039,0.0000,839.04,839.04,UP
12920,0.0235,0.0000,839.04,839.04,UP
12930,-0.0056,0.0000,839.04,839.04,UP
12940,-0.0315,0.0000,839.04,839.04,UP
12950,-0.0132,0.0000,839.04,839.04,UP
12960,0.0362,0.0000,839.04,839.04,UP
12970,0.0109,0.0000,839.04,839.04,UP
12979,-0.0218,0.0000,839.04,839.04,UP
12990,-0.0052,0.0000,839.04,839.04,UP
13000,0.0184,0.0000,839.04,839.04,UP
13010,0.0236,0.0000,839.04,839.04,UP
13019,-0.0206,0.0000,839.04,839.04,UP
13030,0.0072,0.0000,839.04,839.04,UP
13040,0.0139,0.0000,839.04,839.04,UP
13050,0.0291,0.0000,839.04,839.04,UP
13060,-0.0134,0.0000,839.04,839.04,UP
13070,-0.0312,0.0000,839.04,839.04,UP
13080,0.0201,0.0000,839.04,839.04,UP
13089,0.0231,0.0000,839.04,839.04,UP
13100,-0.0203,0.0000,839.04,839.04,UP
13110,-0.0349,0.0000,839.04,839.04,UP
13120,-0.0063,0.0000,839.04,839.04,UP
13130,0.0248,0.0000,839.04,839.04,UP
13140,-0.0072,0.0000,839.04,839.04,UP
13150,-0.0323,0.0000,839.04,839.04,UP
13159,-0.0110,0.0000,839.04,839.04,UP
13169,0.0232,0.0000,839.04,839.04,UP
13180,0.0224,0.0000,839.04,839.04,UP
13190,0.0009,0.0000,839.04,839.04,UP
13200,-0.0036,0.0000,839.04,839.04,UP
13210,0.0176,0.0000,839.04,839.04,UP
13220,0.0335,0.0000,839.04,839.04,UP
13229,0.0115,0.0000,839.04,839.04,UP
13240,-0.0287,0.0000,839.04,839.04,UP
13250,-0.0012,0.0000,839.04,839.04,UP
13260,0.0463,0.0000,839.04,839.04,UP
13270,-0.0255,0.0000,839.04,839.04,UP
13280,-0.0655,0.0000,839.04,839.04,UP
13290,-0.0239,0.0000,839.04,839.04,UP
13299,0.0217,0.0000,839.04,839.04,UP
13309,-0.0013,0.0000,839.04,839.04,UP
13320,-0.0594,0.0000,839.04,839.04,UP
13330,-0.0155,0.0000,839.04,839.04,UP
13340,0.0226,0.0000,839.04,839.04,UP
13350,0.0262,0.0000,839.04,839.04,UP
13360,-0.0405,0.0000,839.04,839.04,UP
13370,-0.0120,0.0000,839.04,839.04,UP
13379,0.0414,0.0000,839.04,839.04,UP
13390,0.0487,0.0000,839.04,839.04,UP
13400,0.0125,0.0000,839.04,839.04,UP
13410,-0.0036,0.0000,839.04,839.04,UP
13420,0.0297,0.0000,839.04,839.04,UP
13430,0.0367,0.0000,839.04,839.04,UP
13440,-0.0026,0.0000,839.04,839.04,UP
13449,-0.0462,0.0000,839.04,839.04,UP
13460,0.0035,0.0000,839.04,839.04,UP
13470,0.0211,0.0000,839.04,839.04,UP
13480,-0.0050,0.0000,839.04,839.04,UP
13490,-0.0368,0.0000,839.04,839.04,UP
13500,-0.0291,0.0000,839.04,839.04,UP
13510,0.0274,0.0000,839.04,839.04,UP
13520,0.0143,0.0000,839.04,839.04,UP
13530,-0.0241,0.0000,839.04,839.04,UP
13540,-0.0346,0.0000,839.04,839.04,UP
13550,0.0064,0.0000,839.04,839.04,UP
13560,0.0259,0.0000,839.04,839.04,UP
13570,0.0070,0.0000,839.04,839.04,UP
13580,-0.0451,0.0000,839.04,839.04,UP
13590,-0.0113,0.0000,839.04,839.04,UP
13600,0.0409,0.0000,839.04,839.04,UP
13610,-0.0014,0.0000,839.04,839.04,UP
13620,-0.0679,0.0000,839.04,839.04,UP
13630,0.0140,0.0000,839.04,839.04,UP
13640,0.0372,0.0000,839.04,839.04,UP
13650,0.0181,0.0000,839.04,839.04,UP
13660,-0.0206,0.0000,839.04,839.04,UP
13669,-0.0385,0.0000,839.04,839.04,UP
13680,0.0204,0.0000,839.04,839.04,UP
13690,0.0361,0.0000,839.04,839.04,UP
13700,-0.0467,0.0000,839.04,839.04,UP
13710,-0.0733,0.0000,839.04,839.04,UP
13720,0.0181,0.0000,839.04,839.04,UP
13730,0.0491,0.0000,839.04,839.04,UP
13740,0.0028,0.0000,839.04,839.04,UP
13750,-0.0674,0.0000,839.04,839.04,UP
13760,-0.0045,0.0000,839.04,839.04,UP
13770,0.0704,0.0000,839.04,839.04,UP
13780,0.0247,0.0000,839.04,839.04,UP
13790,-0.0504,0.0000,839.04,839.04,UP
13800,-0.0173,0.0000,839.04,839.04,UP
13810,0.0509,0.0000,839.04,839.04,UP
13820,0.0124,0.0000,839.04,839.04,UP
13830,-0.0360,0.0000,839.04,839.04,UP
13840,-0.0299,0.0000,839.04,839.04,UP
13850,0.0410,0.0000,839.04,839.04,UP
13859,0.0580,0.0000,839.04,839.04,UP
13870,-0.0032,0.0000,839.04,839.04,UP
13880,-0.0458,0.0000,839.04,839.04,UP
13890,0.0407,0.0000,839.04,839.04,UP
13900,0.0579,0.0000,839.04,839.04,UP
13910,-0.0111,0.0000,839.04,839.04,UP
13920,-0.0333,0.0000,839.04,839.04,UP
13930,-0.0283,0.0000,839.04,839.04,UP
13940,0.0381,0.0000,839.04,839.04,UP
13950,0.0181,0.0000,839.04,839.04,UP
13960,-0.0675,0.0000,839.04,839.04,UP
13970,-0.0211,0.0000,839.04,839.04,UP
13980,0.0628,0.0000,839.04,839.04,UP
13990,0.0208,0.0000,839.04,839.04,UP
14000,-0.0097,0.0000,839.04,839.04,UP
14010,-0.0359,0.0000,839.04,839.04,UP
14019,0.0335,0.0000,839.04,839.04,UP
14030,0.0785,0.0000,839.04,839.04,UP
14040,-0.0114,0.0000,839.04,839.04,UP
14050,-0.0372,0.0000,839.04,839.04,UP
14060,0.0116,0.0000,839.04,839.04,UP
14070,0.0683,0.0000,839.04,839.04,UP
14080,-0.0112,0.0000,839.04,839.04,UP
14090,-0.0590,0.0000,839.04,839.04,UP
14100,0.0005,0.0000,839.04,839.04,UP
14110,0.0427,0.0000,839.04,839.04,UP
14120,0.0275,0.0000,839.04,839.04,UP
14130,-0.0464,0.0000,839.04,839.04,UP
14140,-0.0359,0.0000,839.04,839.04,UP
14150,0.0436,0.0000,839.04,839.04,UP
14159,0.0267,0.0000,839.04,839.04,UP
14169,-0.0229,0.0000,839.04,839.04,UP
14180,-0.0566,0.0000,839.04,839.04,UP
14190,0.0253,0.0000,839.04,839.04,UP
14200,0.0317,0.0000,839.04,839.04,UP
14210,-0.0165,0.0000,839.04,839.04,UP
14220,-0.0572,0.0000,839.04,839.04,UP
14230,0.0365,0.0000,839.04,839.04,UP
14240,0.0617,0.0000,839.04,839.04,UP
14250,0.0158,0.0000,839.04,839.04,UP
14260,-0.0349,0.0000,839.04,839.04,UP
14270,-0.0240,0.0000,839.04,839.04,UP
14280,0.0475,0.0000,839.04,839.04,UP
14290,0.0185,0.0000,839.04,839.04,UP
14300,-0.0550,0.0000,839.04,839.04,UP
14309,-0.0397,0.0000,839.04,839.04,UP
14320,0.0600,0.0000,838.33,838.87,UP
14330,0.0298,0.0000,838.33,838.74,UP
14340,-0.0197,0.0000,838.33,838.64,UP
14350,-0.0416,0.0000,838.33,838.57,UP
14360,0.0347,0.0000,838.33,838.51,UP
14370,0.0673,0.0000,838.33,838.47,UP
14379,-0.0164,0.0000,838.33,838.43,UP
14390,-0.0510,0.0000,838.33,838.41,UP
14400,0.0071,0.0000,838.33,838.39,UP
14410,0.0655,0.0000,837.72,838.23,UP
14420,0.0067,0.0000,837.72,838.11,UP
14430,-0.0548,0.0000,837.72,838.02,UP
14440,-0.0037,0.0000,837.72,837.95,UP
14450,0.0460,0.0000,837.72,837.89,UP
14460,0.0309,0.0000,837.72,837.85,UP
14470,-0.0285,0.0000,837.72,837.82,UP
14480,-0.0477,0.0000,837.72,837.80,UP
14490,0.0487,0.0000,837.72,837.78,UP
14500,0.0163,0.0000,837.72,837.77,UP
14510,-0.0407,0.0000,837.72,837.76,UP
14520,-0.0493,0.0000,837.72,837.75,UP
14530,0.0241,0.0000,837.72,837.74,UP
14540,0.0514,0.0000,837.72,837.74,UP
14550,-0.0100,0.0000,837.72,837.73,UP
14560,-0.0434,0.0000,837.72,837.73,UP
14570,0.0020,0.0000,837.72,837.73,UP
14580,0.0639,0.0000,837.72,837.73,UP
14589,0.0115,0.0000,837.72,837.73,UP
14600,-0.0214,0.0000,837.72,837.73,UP
14610,0.0005,0.0000,837.72,837.72,UP
14620,0.0290,0.0000,837.72,837.72,UP
14630,0.0256,0.0000,837.72,837.72,UP
14640,-0.0146,0.0000,837.72,837.72,UP
14650,-0.0081,0.0000,837.72,837.72,UP
14660,0.0509,0.0000,837.72,837.72,UP
14669,0.0349,0.0000,837.72,837.72,UP
14680,-0.0288,0.0000,837.72,837.72,UP
14690,-0.0336,0.0000,837.72,837.72,UP
14700,0.0444,0.0000,837.72,837.72,UP
14710,0.0876,0.0000,837.72,837.72,UP
14720,0.0211,0.0000,837.72,837.72,UP
14730,0.0038,0.0000,837.72,837.72,UP
14739,0.0327,0.0000,837.72,837.72,UP
14750,0.0786,0.0000,837.72,837.72,UP
14760,0.0201,0.0000,837.72,837.72,UP
14770,-0.0143,0.0000,837.72,837.72,UP
14780,0.0206,0.0000,837.72,837.72,UP
14790,0.0564,0.0000,837.72,837.72,UP
14800,0.0066,0.0000,837.72,837.72,UP
14809,-0.0773,0.0000,838.62,837.94,UP
14820,-0.0066,0.0000,838.62,838.10,UP
14830,0.0595,0.0000,838.62,838.22,UP
14840,0.0277,0.0000,838.62,838.32,UP
14850,-0.0417,0.0000,838.62,838.39,UP
14860,-0.0237,0.0000,838.62,838.44,UP
14870,0.0726,0.0000,838.77,838.52,UP
14880,0.0550,0.0000,838.77,838.58,UP
14890,-0.0013,0.0000,838.77,838.63,UP
14900,-0.0247,0.0000,838.77,838.66,UP
14909,0.0517,0.0000,838.77,838.69,UP
14920,0.0819,0.0000,839.58,838.90,UP
14930,0.0351,0.0000,839.58,839.06,UP
14940,-0.0221,0.0000,839.58,839.18,UP
14950,0.0271,0.0000,839.58,839.28,UP
14960,0.0643,0.0000,839.58,839.35,UP
14970,0.0402,0.0000,839.58,839.40,UP
14980,-0.0400,0.0000,839.58,839.44,UP
14990,-0.0030,0.0000,839.58,839.48,UP
15000,0.0468,0.0000,839.58,839.50,UP
15010,0.0309,0.0000,839.58,839.52,UP
15019,-0.0235,0.0000,839.58,839.53,UP
15030,-0.0429,0.0000,839.58,839.54,UP
15040,0.0388,0.0000,839.58,839.55,UP
15050,0.0406,0.0000,839.58,839.56,UP
15060,0.0033,0.0000,839.58,839.56,UP
15070,-0.0439,0.0000,839.58,839.56,UP
15080,-0.0002,0.0000,839.58,839.57,UP
15090,0.0526,0.0000,839.58,839.57,UP
15100,0.0320,0.0000,839.58,839.57,UP
15110,-0.0202,0.0000,839.58,839.57,UP
15120,0.0156,0.0000,839.58,839.57,UP
15130,0.0824,0.0000,839.58,839.57,UP
15140,0.0177,0.0000,839.58,839.57,UP
15150,-0.0400,0.0000,839.58,839.57,UP
15159,0.0112,0.0000,839.58,839.57,UP
15169,0.0627,0.0000,839.58,839.57,UP
15180,0.0600,0.0000,839.58,839.58,UP
15190,-0.0242,0.0000,839.58,839.58,UP
15200,0.0021,0.0000,839.58,839.58,UP
15210,0.0475,0.0000,839.58,839.58,UP
15220,0.0645,0.0000,840.43,839.78,UP
15230,0.0120,0.0000,840.43,839.93,UP
15240,-0.0132,0.0000,840.43,840.05,UP
15250,0.0395,0.0000,840.43,840.14,UP
15259,0.0481,0.0000,840.43,840.21,UP
15270,0.0115,0.0000,840.43,840.26,UP
15280,-0.0238,0.0000,840.43,840.30,UP
15290,0.0216,0.0000,840.43,840.33,UP
15300,0.0482,0.0000,840.43,840.36,UP
15309,0.0393,0.0000,840.43,840.37,UP
15320,-0.0323,0.0000,840.43,840.39,UP
15330,0.0072,0.0000,840.43,840.40,UP
15340,0.0530,0.0000,840.43,840.41,UP
15350,0.0406,0.0000,840.43,840.41,UP
15360,-0.0400,0.0000,840.43,840.42,UP
15370,-0.0332,0.0000,840.43,840.42,UP
15379,0.0221,0.0000,840.43,840.42,UP
15390,0.0302,0.0000,840.43,840.42,UP
15399,-0.0155,0.0000,840.43,840.42,UP
15410,-0.0424,0.0000,840.43,840.43,UP
15420,0.0179,0.0000,840.43,840.43,UP
15430,0.0819,0.0000,840.43,840.43,UP
15440,0.0048,0.0000,840.43,840.43,UP
15449,-0.0347,0.0000,840.43,840.43,UP
15460,0.0100,0.0000,840.43,840.43,UP
15470,0.0525,0.0000,840.43,840.43,UP
15480,0.0249,0.0000,840.43,840.43,UP
15490,-0.0334,0.0000,840.43,840.43,UP
15500,-0.0180,0.0000,840.43,840.43,UP
15510,0.0666,0.0000,840.49,840.44,UP
15519,0.0306,0.0000,840.49,840.46,UP
15530,-0.0369,0.0000,840.49,840.46,UP
15540,-0.0411,0.0000,840.49,840.47,UP
15550,0.0439,0.0000,840.49,840.48,UP
15560,0.0410,0.0000,840.49,840.48,UP
15570,-0.0083,0.0000,840.49,840.48,UP
15580,-0.0489,0.0000,840.49,840.48,UP
15590,0.0057,0.0000,840.49,840.49,UP
15600,0.0594,0.0000,840.49,840.49,UP
15609,-0.0015,0.0000,840.49,840.49,UP
15620,-0.0441,0.0000,840.49,840.49,UP
15630,-0.0063,0.0000,840.49,840.49,UP
15640,0.0646,0.0000,840.49,840.49,UP
15650,0.0346,0.0000,840.49,840.49,UP
15660,-0.0418,0.0000,840.49,840.49,UP
15669,-0.0281,0.0000,840.49,840.49,UP
15680,0.0551,0.0000,840.49,840.49,UP
15690,0.0443,0.0000,840.49,840.49,UP
15700,-0.0221,0.0000,840.49,840.49,UP
15710,-0.0382,0.0000,840.49,840.49,UP
15720,0.0328,0.0000,840.49,840.49,UP
15730,0.0335,0.0000,840.49,840.49,UP
15740,0.0033,0.0000,840.49,840.49,UP
15750,-0.0535,0.0000,840.49,840.49,UP
15760,-0.0156,0.0000,840.49,840.49,UP
15770,0.0748,0.0000,840.49,840.49,UP
15780,0.0128,0.0000,840.49,840.49,UP
15790,-0.0359,0.0000,840.49,840.49,UP
15800,-0.0181,0.0000,840.49,840.49,UP
15809,0.0504,0.0000,840.49,840.49,UP
15820,0.0405,0.0000,840.49,840.49,UP
15830,-0.0229,0.0000,840.49,840.49,UP
15840,-0.0177,0.0000,840.49,840.49,UP
15850,0.0333,0.0000,840.49,840.49,UP
15860,0.0654,0.0000,840.92,840.59,UP
15870,0.0008,0.0000,840.92,840.67,UP
15880,-0.0195,0.0000,840.92,840.73,UP
15890,0.0374,0.0000,840.92,840.77,UP
15900,0.0650,0.0000,840.92,840.81,UP
15910,0.0142,0.0000,840.92,840.83,UP
15920,-0.0688,0.0000,840.92,840.85,UP
15930,-0.0335,0.0000,840.92,840.87,UP
15940,0.0568,0.0000,840.92,840.88,UP
15949,0.0171,0.0000,840.92,840.89,UP
15960,-0.0447,0.0000,840.92,840.90,UP
15970,-0.0050,0.0000,840.92,840.90,UP
15980,0.0477,0.0000,840.92,840.90,UP
15990,0.0262,0.0000,840.92,840.91,UP
16000,-0.0251,0.0000,840.92,840.91,UP
16010,-0.0582,0.0000,840.92,840.91,UP
16019,0.0356,0.0000,840.92,840.91,UP
16030,0.0318,0.0000,840.92,840.91,UP
16040,-0.0222,0.0000,840.92,840.91,UP
16050,-0.0323,0.0000,840.92,840.92,UP
16060,0.0087,0.0000,840.92,840.92,UP
16070,0.0278,0.0000,840.92,840.92,UP
16080,0.0055,0.0000,840.92,840.92,UP
16089,-0.0710,0.0000,840.92,840.92,UP
16099,-0.0127,0.0000,840.92,840.92,UP
16110,0.0777,0.0000,840.92,840.92,UP
16120,0.0224,0.0000,840.92,840.92,UP
16130,-0.0162,0.0000,840.92,840.92,UP
16140,0.0023,0.0000,840.92,840.92,UP
16150,0.0065,0.0000,840.92,840.92,UP
16159,0.0193,0.0000,840.92,840.92,UP
16169,-0.0272,0.0000,840.92,840.92,UP
16180,-0.0394,0.0000,840.92,840.92,UP
16190,0.0304,0.0000,840.92,840.92,UP
16200,0.0552,0.0000,840.92,840.92,UP
16210,0.0031,0.0000,840.92,840.92,UP
16220,0.0052,0.0000,840.92,840.92,UP
16230,0.0100,0.0000,840.92,840.92,UP
16239,0.0524,0.0000,840.92,840.92,UP
16250,-0.0007,0.0000,840.92,840.92,UP
16260,-0.0814,0.0000,840.92,840.92,UP
16270,-0.0172,0.0000,840.92,840.92,UP
16280,0.0210,0.0000,840.92,840.92,UP
16290,0.0162,0.0000,840.92,840.92,UP
16300,-0.0427,0.0000,840.92,840.92,UP
16309,-0.0368,0.0000,840.92,840.92,UP
16320,0.0297,0.0000,840.92,840.92,UP
16330,0.0262,0.0000,840.92,840.92,UP
16340,-0.0217,0.0000,840.92,840.92,UP
16350,-0.0331,0.0000,840.92,840.92,UP
16360,0.0102,0.0000,840.92,840.92,UP
16370,0.0207,0.0000,840.92,840.92,UP
16379,-0.0091,0.0000,840.92,840.92,UP
16390,-0.0476,0.0000,840.92,840.92,UP
16400,-0.0037,0.0000,840.92,840.92,UP
16410,0.0493,0.0000,840.92,840.92,UP
16420,-0.0123,0.0000,840.92,840.92,UP
16430,-0.0411,0.0000,840.92,840.92,UP
16440,-0.0106,0.0000,840.92,840.92,UP
16449,0.0176,0.0000,840.92,840.92,UP
16460,0.0047,0.0000,840.92,840.92,UP
16470,-0.0337,0.0000,840.92,840.92,UP
16480,-0.0132,0.0000,840.92,840.92,UP
16490,0.0240,0.0000,840.92,840.92,UP
16500,-0.0006,0.0000,840.92,840.92,UP
16510,-0.0335,0.0000,840.92,840.92,UP
16520,-0.0358,0.0000,840.92,840.92,UP
16530,0.0132,0.0000,840.92,840.92,UP
16540,0.0340,0.0000,840.92,840.92,UP
16550,0.0068,0.0000,840.92,840.92,UP
16560,-0.0112,0.0000,840.92,840.92,UP
16570,0.0450,0.0000,840.92,840.92,UP
16580,0.0540,0.0000,840.92,840.92,UP
16589,0.0178,0.0000,840.92,840.92,UP
16599,-0.0280,0.0000,840.92,840.92,UP
16610,0.0186,0.0000,840.92,840.92,UP
16620,0.0218,0.0000,840.92,840.92,UP
16630,0.0025,0.0000,840.92,840.92,UP
16640,-0.0261,0.0000,840.92,840.92,UP
16650,-0.0387,0.0000,840.92,840.92,UP
16659,0.0222,0.0000,840.92,840.92,UP
16669,0.0013,0.0000,840.92,840.92,UP
16680,-0.0625,0.0000,840.92,840.92,UP
16690,-0.0503,0.0000,840.92,840.92,UP
16700,0.0031,0.0000,840.92,840.92,UP
16710,0.0045,0.0000,840.92,840.92,UP
16720,-0.0006,0.0000,840.92,840.92,UP
16730,-0.0162,0.0000,840.92,840.92,UP
16740,0.0203,0.0000,840.92,840.92,UP
16750,0.0743,0.0000,840.53,840.82,UP
16760,-0.0192,0.0000,840.53,840.75,UP
16770,-0.0040,0.0000,840.53,840.70,UP
16780,0.0174,0.0000,840.53,840.66,UP
16790,0.0304,0.0000,840.53,840.62,UP
16800,0.0346,0.0000,840.53,840.60,UP
16809,-0.0434,0.0000,840.53,840.58,UP
16820,-0.0319,0.0000,840.53,840.57,UP
16830,0.0098,0.0000,840.53,840.56,UP
16840,-0.0020,0.0000,840.53,840.55,UP
16850,-0.0636,0.0000,840.53,840.54,UP
16860,-0.0174,0.0000,840.53,840.54,UP
16870,0.0218,0.0000,840.53,840.54,UP
16880,0.0365,0.0000,840.53,840.53,UP
16890,0.0078,0.0000,840.53,840.53,UP
16900,-0.0185,0.0000,840.53,840.53,UP
16910,0.0358,0.0000,840.53,840.53,UP
16920,0.0463,0.0000,840.53,840.53,UP
16930,0.0115,0.0000,840.53,840.53,UP
16940,-0.0409,0.0000,840.53,840.53,UP
16950,-0.0172,0.0000,840.53,840.53,UP
16960,0.0023,0.0000,840.53,840.53,UP
16970,0.0071,0.0000,840.53,840.53,UP
16980,-0.0555,0.0000,840.53,840.53,UP
16989,-0.0449,0.0000,840.53,840.53,UP
17000,0.0271,0.0000,840.53,840.53,UP
17010,0.0219,0.0000,840.53,840.53,UP
17019,-0.0282,0.0000,840.53,840.53,UP
17030,-0.0485,0.0000,840.53,840.53,UP
17040,0.0042,0.0000,840.53,840.53,UP
17050,0.0255,0.0000,840.53,840.53,UP
17060,-0.0262,0.0000,840.53,840.53,UP
17070,-0.0506,0.0000,840.53,840.53,UP
17080,0.0180,0.0000,840.53,840.53,UP
17089,0.0649,0.0000,840.53,840.53,UP
17099,0.0048,0.0000,840.53,840.53,UP
17110,-0.0481,0.0000,840.53,840.53,UP
17120,0.0343,0.0000,840.53,840.53,UP
17130,0.0839,0.0000,840.53,840.53,UP
17140,0.0115,0.0000,840.53,840.53,UP
17150,-0.0106,0.0000,840.53,840.53,UP
17159,-0.0175,0.0000,840.53,840.53,UP
17169,0.0562,0.0000,840.53,840.53,UP
17180,0.0318,0.0000,840.53,840.53,UP
17190,-0.0703,0.0000,841.24,840.70,UP
17200,-0.0346,0.0000,841.24,840.83,UP
17210,0.0415,0.0000,841.24,840.92,UP
17220,0.0654,0.0000,841.24,841.00,UP
17230,-0.0324,0.0000,841.24,841.06,UP
17240,-0.0738,0.0000,841.24,841.10,UP
17250,0.0066,0.0000,841.24,841.13,UP
17260,0.0310,0.0000,841.24,841.16,UP
17270,-0.0132,0.0000,841.24,841.18,UP
17280,-0.0877,0.0000,841.24,841.19,UP
17290,-0.0175,0.0000,841.24,841.20,UP
17300,0.0383,0.0000,841.24,841.21,UP
17309,0.0093,0.0000,841.24,841.22,UP
17320,-0.0624,0.0000,841.24,841.22,UP
17330,-0.0342,0.0000,841.24,841.23,UP
17340,0.0666,0.0000,841.24,841.23,UP
17350,0.0489,0.0000,841.24,841.23,UP
17360,-0.0397,0.0000,841.24,841.23,UP
17370,-0.0364,0.0000,841.24,841.23,UP
17379,0.0857,0.0000,841.24,841.24,UP
17390,0.0619,0.0000,841.24,841.24,UP
17399,-0.0216,0.0000,841.24,841.24,UP
17410,-0.0272,0.0000,841.24,841.24,UP
17420,0.0185,0.0000,841.24,841.24,UP
17430,0.0820,0.0000,841.24,841.24,UP
17440,-0.0264,0.0000,841.24,841.24,UP
17450,-0.0697,0.0000,841.24,841.24,UP
17460,-0.0172,0.0000,841.24,841.24,UP
17470,0.0489,0.0000,841.24,841.24,UP
17480,0.0057,0.0000,841.24,841.24,UP
17490,-0.0636,0.0000,841.24,841.24,UP
17500,-0.0064,0.0000,841.24,841.24,UP
17510,0.0855,0.0000,841.24,841.24,UP
17519,0.0745,0.0000,841.24,841.24,UP
17530,-0.0031,0.0000,841.24,841.24,UP
17540,-0.0246,0.0000,841.24,841.24,UP
17550,0.0561,0.0000,841.24,841.24,UP
17560,0.0900,0.0000,841.52,841.31,UP
17570,0.0033,0.0000,841.52,841.36,UP
17580,-0.0294,0.0000,841.52,841.40,UP
17590,0.0298,0.0000,841.52,841.43,UP
17600,0.0416,0.0000,841.52,841.45,UP
17610,-0.0018,0.0000,841.52,841.47,UP
17620,-0.0949,0.0000,841.52,841.48,UP
17630,-0.0284,0.0000,841.52,841.49,UP
17640,0.0566,0.0000,841.52,841.50,UP
17650,0.0232,0.0000,841.52,841.50,UP
17660,-0.0717,0.0000,842.04,841.63,UP
17670,-0.0135,0.0000,842.04,841.73,UP
17680,0.0446,0.0000,842.04,841.80,UP
17690,0.0630,0.0000,842.04,841.86,UP
17700,0.0016,0.0000,842.04,841.90,UP
17710,-0.0373,0.0000,842.04,841.93,UP
17720,0.0737,0.0000,842.04,841.96,UP
17730,0.0818,0.0000,842.04,841.98,UP
17739,0.0116,0.0000,842.04,841.99,UP
17750,-0.0376,0.0000,842.04,842.00,UP
17760,0.0138,0.0000,842.04,842.01,UP
17770,0.0725,0.0000,842.04,842.02,UP
17780,0.0001,0.0000,842.04,842.02,UP
17790,-0.0232,0.0000,842.04,842.02,UP
17800,-0.0407,0.0000,842.04,842.03,UP
17809,0.0660,0.0000,842.04,842.03,UP
17820,0.0422,0.0000,842.04,842.03,UP
17830,-0.0635,0.0000,842.04,842.03,UP
17840,-0.0103,0.0000,842.04,842.03,UP
17850,0.0540,0.0000,842.04,842.03,UP
17860,0.0368,0.0000,842.04,842.03,UP
17870,-0.0112,0.0000,842.04,842.04,UP
17880,-0.0492,0.0000,842.04,842.04,UP
17890,0.0279,0.0000,842.04,842.04,UP
17900,0.0739,0.0000,842.52,842.15,UP
17909,0.0145,0.0000,842.52,842.24,UP
17920,-0.0323,0.0000,842.52,842.30,UP
17930,-0.0192,0.0000,842.52,842.36,UP
17940,0.0667,0.0000,842.52,842.39,UP
17950,0.0117,0.0000,842.52,842.42,UP
17960,-0.0361,0.0000,842.52,842.45,UP
17970,-0.0039,0.0000,842.52,842.46,UP
17980,0.0492,0.0000,842.52,842.48,UP
17990,0.0612,0.0000,842.52,842.48,UP
18000,-0.0265,0.0000,842.52,842.49,UP
18010,-0.0169,0.0000,842.52,842.50,UP
18019,0.0651,0.0000,842.52,842.50,UP
18030,0.0588,0.0000,842.52,842.51,UP
18040,0.0251,0.0000,842.52,842.51,UP
18050,-0.0369,0.0000,842.52,842.51,UP
18060,0.0205,0.0000,842.52,842.51,UP
18070,0.0454,0.0000,842.52,842.51,UP
18080,0.0287,0.0000,842.52,842.51,UP
18090,-0.0469,0.0000,842.52,842.51,UP
18100,-0.0057,0.0000,842.52,842.51,UP
18110,0.0809,0.0000,843.41,842.73,UP
18120,0.0164,0.0000,843.41,842.89,UP
18130,-0.0305,0.0000,843.41,843.01,UP
18140,-0.0018,0.0000,843.41,843.11,UP
18150,0.0561,0.0000,843.41,843.18,UP
18159,0.0347,0.0000,843.41,843.23,UP
18169,-0.0160,0.0000,843.41,843.28,UP
18180,-0.0422,0.0000,843.41,843.31,UP
18190,0.0302,0.0000,843.41,843.33,UP
18200,0.0446,0.0000,843.41,843.35,UP
18210,0.0130,0.0000,843.41,843.36,UP
18220,-0.0118,0.0000,843.41,843.37,UP
18230,0.0021,0.0000,843.41,843.38,UP
18240,0.0450,0.0000,843.41,843.39,UP
18250,-0.0050,0.0000,843.41,843.39,UP
18260,-0.0381,0.0000,843.41,843.40,UP
18270,-0.0208,0.0000,843.41,843.40,UP
18280,0.0445,0.0000,843.41,843.40,UP
18290,0.0013,0.0000,843.41,843.40,UP
18300,-0.0041,0.0000,843.41,843.40,UP
18310,-0.0096,0.0000,843.41,843.41,UP
18320,0.0453,0.0000,843.41,843.41,UP
18330,0.0576,0.0000,843.41,843.41,UP
18340,-0.0126,0.0000,843.41,843.41,UP
18350,0.0045,0.0000,843.41,843.41,UP
18360,0.0296,0.0000,843.41,843.41,UP
18370,0.0375,0.0000,843.41,843.41,UP
18379,-0.0315,0.0000,843.41,843.41,UP
18390,-0.0795,0.0000,843.41,843.41,UP
18400,0.0214,0.0000,843.41,843.41,UP
18410,0.0111,0.0000,843.41,843.41,UP
18420,0.0004,0.0000,843.41,843.41,UP
18430,-0.0411,0.0000,843.41,843.41,UP
18440,-0.0370,0.0000,843.41,843.41,UP
18450,0.0692,0.0000,843.41,843.41,UP
18460,-0.0194,0.0000,843.41,843.41,UP
18470,-0.0427,0.0000,843.41,843.41,UP
18480,-0.0569,0.0000,843.41,843.41,UP
18490,-0.0038,0.0000,843.41,843.41,UP
18500,-0.0021,0.0000,843.41,843.41,UP
18510,-0.0907,0.0000,842.16,843.11,UP
18519,-0.0576,0.0000,842.16,842.88,UP
18530,-0.0505,0.0000,842.16,842.71,UP
18540,-0.0155,0.0000,842.16,842.58,UP
18550,-0.0977,0.0000,840.92,842.18,UP
18560,-0.1105,0.0000,840.92,841.88,UP
18570,-0.0762,0.0000,838.08,840.97,UP
18580,-0.0369,0.0000,838.08,840.28,UP
18589,-0.0786,0.0000,838.08,839.75,UP
18599,-0.1291,0.0000,838.08,839.35,UP
18610,-0.1012,0.0000,834.99,838.31,UP
18620,-0.0763,-0.0763,834.23,837.33,UP
18630,-0.1026,-0.1026,833.20,836.35,UP
18640,-0.1709,-0.1709,831.49,835.19,UP
18650,-0.1433,-0.1433,830.06,833.96,UP
18660,-0.1081,-0.1081,828.98,832.77,UP
18669,-0.1341,-0.1341,827.64,831.54,UP
18680,-0.1849,-0.1849,825.79,830.17,UP
18690,-0.2108,-0.2108,823.68,828.62,UP
18700,-0.1402,-0.1402,822.28,827.10,UP
18710,-0.1496,-0.1496,820.78,825.59,UP
18720,-0.2214,-0.2214,818.57,823.91,UP
18730,-0.2149,-0.2149,816.42,822.12,UP
18740,-0.1775,-0.1775,814.64,820.33,UP
18750,-0.1724,-0.1724,812.92,818.56,UP
18760,-0.2004,-0.2004,810.92,816.73,UP
18770,-0.2447,-0.2447,808.47,814.76,UP
18780,-0.2250,-0.2250,806.22,812.72,UP
18790,-0.2035,-0.2035,804.18,810.68,UP
18800,-0.2543,-0.2543,801.64,808.52,UP
18809,-0.2418,-0.2418,799.22,806.29,UP
18820,-0.3001,-0.3001,796.22,803.89,UP
18830,-0.2795,-0.2795,793.42,801.38,UP
18840,-0.2740,-0.2740,790.69,798.83,UP
18850,-0.2871,-0.2871,787.81,796.19,UP
18860,-0.3139,-0.3139,784.68,793.44,UP
18870,-0.3161,-0.3161,781.51,790.59,UP
18880,-0.2796,-0.2796,778.71,787.75,UP
18890,-0.2938,-0.2938,775.78,784.89,UP
18900,-0.3058,-0.3058,772.72,781.98,UP
18910,-0.3502,-0.3502,769.22,778.93,UP
18920,-0.3322,-0.3322,765.90,775.82,UP
18930,-0.3052,-0.3052,762.85,772.72,UP
18940,-0.3156,-0.3156,759.69,769.60,UP
18949,-0.3751,-0.3751,755.94,766.34,UP
18960,-0.3619,-0.3619,752.32,762.98,UP
18970,-0.3614,-0.3614,748.71,759.57,UP
18980,-0.3690,-0.3690,745.02,756.09,UP
18990,-0.3564,-0.3564,741.45,752.59,UP
19000,-0.4221,-0.4221,737.23,748.92,UP
19010,-0.4000,-0.4000,733.23,745.17,UP
19020,-0.3537,-0.3537,729.69,741.47,UP
19030,-0.3925,-0.3925,725.77,737.72,UP
19040,-0.4324,-0.4324,721.44,733.83,UP
19050,-0.4547,-0.4547,716.90,729.78,UP
19060,-0.4111,-0.4111,712.79,725.72,UP
19070,-0.3976,-0.3976,708.81,721.68,UP
19080,-0.4227,-0.4227,704.58,717.59,UP
19090,-0.4763,-0.4763,699.82,713.34,UP
19099,-0.4917,-0.4917,694.90,708.93,UP
19110,-0.4648,-0.4648,690.25,704.47,UP
19120,-0.4374,-0.4374,685.88,700.02,UP
19130,-0.4809,-0.4809,681.07,695.49,UP
19140,-0.4893,-0.4893,676.18,690.88,UP
19150,-0.5069,-0.5069,671.11,686.15,UP
19160,-0.4816,-0.4816,666.29,681.40,UP
19170,-0.4653,-0.4653,661.64,676.68,UP
19180,-0.4881,-0.4881,656.76,671.92,UP
19190,-0.5156,-0.5156,651.60,667.06,UP
19200,-0.5328,-0.5328,646.28,662.09,UP
19210,-0.5348,-0.5348,640.93,657.03,UP
19220,-0.5170,-0.5170,635.76,651.95,UP
19230,-0.5195,-0.5195,630.56,646.83,UP
19240,-0.5799,-0.5799,624.76,641.56,UP
19250,-0.6110,-0.6110,618.65,636.08,UP
19260,-0.5615,-0.5615,613.04,630.57,UP
19270,-0.5755,-0.5755,607.28,625.01,UP
19280,-0.5538,-0.5538,601.74,619.44,UP
19290,-0.5822,-0.5822,595.92,613.82,UP
19300,-0.5952,-0.5952,589.97,608.12,UP
19310,-0.6268,-0.6268,583.70,602.28,UP
19320,-0.5944,-0.5944,577.76,596.42,UP
19330,-0.5789,-0.5789,571.97,590.57,UP
19340,-0.6064,-0.6064,565.91,584.68,UP
19350,-0.6051,-0.6051,559.86,578.74,UP
19360,-0.6363,-0.6363,553.49,572.71,UP
19370,-0.6209,-0.6209,547.28,566.63,UP
19380,-0.6425,-0.6425,540.86,560.47,UP
19390,-0.6401,-0.6401,534.46,554.25,UP
19400,-0.6393,-0.6393,528.06,547.99,UP
19410,-0.6446,-0.6446,521.62,541.69,UP
19420,-0.6568,-0.6568,515.05,535.32,UP
19430,-0.6815,-0.6815,508.24,528.84,UP
19440,-0.6804,-0.6804,501.43,522.29,UP
19449,-0.6723,-0.6723,494.71,515.70,UP
19460,-0.6581,-0.6581,488.13,509.11,UP
19470,-0.6960,-0.6960,481.17,502.43,UP
19480,-0.6948,-0.6948,474.22,495.68,UP
19490,-0.7161,-0.7161,467.06,488.84,UP
19500,-0.6918,-0.6918,460.14,481.98,UP
19510,-0.6926,-0.6926,453.22,475.10,UP
19519,-0.7203,-0.7203,446.01,468.15,UP
19529,-0.7221,-0.7221,438.79,461.13,UP
19540,-0.7140,-0.7140,431.65,454.08,UP
19550,-0.7358,-0.7358,424.29,446.96,UP
19560,-0.7473,-0.7473,416.82,439.76,UP
19570,-0.7578,-0.7578,409.24,432.46,UP
19580,-0.7909,-0.7909,401.33,425.02,UP
19590,-0.7770,-0.7770,393.56,417.50,UP
19599,-0.7669,-0.7669,385.90,409.95,UP
19610,-0.7607,-0.7607,378.29,402.38,UP
19620,-0.7844,-0.7844,370.44,394.74,UP
19630,-0.7919,-0.7919,362.53,387.04,UP
19640,-0.7670,-0.7670,354.86,379.35,UP
19650,-0.7853,-0.7853,347.00,371.62,UP
19660,-0.8068,-0.8068,338.93,363.80,UP
19670,-0.7870,-0.7870,331.06,355.98,UP
19680,-0.7711,-0.7711,323.35,348.18,UP
19690,-0.7564,-0.7564,315.79,340.43,UP
19699,-0.7466,-0.7466,308.33,332.76,UP
19710,-0.7454,-0.7454,300.87,325.14,UP
19720,-0.7676,-0.7676,293.19,317.50,UP
19730,-0.7626,-0.7626,285.57,309.87,UP
19740,-0.7775,-0.7775,277.79,302.20,UP
19750,-0.7711,-0.7711,270.08,294.52,UP
19760,-0.7721,-0.7721,262.36,286.83,UP
19770,-0.7653,-0.7653,254.71,279.15,UP
19780,-0.7524,-0.7524,247.18,271.51,UP
19790,-0.7215,-0.7215,239.97,263.97,UP
19800,-0.6914,-0.6914,233.06,256.58,UP
19809,-0.6732,-0.6732,226.32,249.35,UP
19820,-0.6849,-0.6849,219.47,242.20,UP
19830,-0.7080,-0.7080,212.39,235.08,UP
19840,-0.6990,-0.6990,205.40,227.99,UP
19850,-0.7037,-0.7037,198.37,220.90,UP
19860,-0.6974,-0.6974,191.39,213.85,UP
19870,-0.6890,-0.6890,184.50,206.83,UP
19880,-0.6405,-0.6405,178.09,199.96,UP
19890,-0.6258,-0.6258,171.84,193.24,UP
19900,-0.6421,-0.6421,165.42,186.59,UP
19910,-0.6166,-0.6166,159.25,180.05,UP
19920,-0.6140,-0.6140,153.11,173.61,UP
19930,-0.6180,-0.6180,146.93,167.24,UP
19940,-0.6283,-0.6283,140.65,160.88,UP
19950,-0.6089,-0.6089,134.56,154.59,UP
19960,-0.5834,-0.5834,128.73,148.41,UP
19970,-0.5703,-0.5703,123.02,142.34,UP
19980,-0.5743,-0.5743,117.28,136.35,UP
19990,-0.5635,-0.5635,111.65,130.44,UP
20000,-0.5775,-0.5775,105.87,124.57,UP
20010,-0.5465,-0.5465,100.41,118.79,UP
20019,-0.5400,-0.5400,95.01,113.11,UP
20029,-0.5263,-0.5263,89.74,107.52,UP
20040,-0.5308,-0.5308,84.44,102.00,UP
20050,-0.5191,-0.5191,79.24,96.56,UP
20060,-0.5229,-0.5229,74.02,91.17,UP
20070,-0.4981,-0.4981,69.03,85.88,UP
20080,-0.4815,-0.4815,64.22,80.70,UP
20090,-0.4728,-0.4728,59.49,75.63,UP
20099,-0.4742,-0.4742,54.75,70.64,UP
20110,-0.4496,-0.4496,50.25,65.76,UP
20120,-0.4238,-0.4238,46.01,61.04,UP
20130,-0.4213,-0.4213,41.80,56.44,UP
20140,-0.4188,-0.4188,37.61,51.94,UP
20150,-0.4246,-0.4246,33.37,47.50,UP
20160,-0.4301,-0.4301,29.07,43.10,UP
20169,-0.4147,-0.4147,24.92,38.75,UP
20180,-0.4016,-0.4016,20.90,34.48,UP
20190,-0.3901,-0.3901,17.00,30.30,UP
20200,-0.3669,-0.3669,13.33,26.25,UP
20210,-0.3871,-0.3871,9.46,22.24,UP
20220,-0.3789,-0.3789,5.67,18.28,UP
20230,-0.3864,-0.3864,1.81,14.34,UP
20239,-0.3766,-0.3766,-1.95,10.45,UP
20250,-0.3527,-0.3527,-5.48,6.64,UP
20260,-0.3375,-0.3375,-8.86,2.93,UP
20269,-0.3425,-0.3425,-12.28,-0.70,UP
20280,-0.2992,-0.2992,-15.27,-4.19,UP
20290,-0.3038,-0.3038,-18.31,-7.56,UP
20300,-0.3063,-0.3063,-21.37,-10.87,UP
20309,-0.2802,-0.2802,-24.18,-14.05,UP
20320,-0.2697,-0.2697,-26.87,-17.11,UP
20330,-0.2720,-0.2720,-29.59,-20.10,UP
20340,-0.2500,-0.2500,-32.09,-22.96,UP
20350,-0.2457,-0.2457,-34.55,-25.73,UP
20360,-0.2425,-0.2425,-36.98,-28.42,UP
20370,-0.2322,-0.2322,-39.30,-31.02,UP
20379,-0.2202,-0.2202,-41.50,-33.53,UP
20390,-0.2300,-0.2300,-43.80,-35.98,UP
20400,-0.2202,-0.2202,-46.00,-38.38,UP
20410,-0.2142,-0.2142,-48.14,-40.71,UP
20420,-0.2039,-0.2039,-50.18,-42.98,UP
20430,-0.1995,-0.1995,-52.18,-45.18,UP
20440,-0.1880,-0.1880,-54.06,-47.30,UP
20449,-0.1829,-0.1829,-55.89,-49.35,UP
20460,-0.1859,-0.1859,-57.75,-51.36,UP
20470,-0.1769,-0.1769,-59.52,-53.31,UP
20480,-0.1846,-0.1846,-61.36,-55.23,UP
20490,-0.1462,-0.1462,-62.82,-57.05,UP
20500,-0.1453,-0.1453,-64.28,-58.78,UP
20509,-0.1206,-0.1206,-65.48,-60.38,UP
20519,-0.1144,-0.1144,-66.63,-61.87,UP
20529,-0.1101,-0.1101,-67.73,-63.27,UP
20540,-0.1115,-0.1115,-68.84,-64.60,UP
20550,-0.0923,-0.0923,-69.76,-65.84,UP
20560,-0.0866,-0.0866,-70.63,-66.98,UP
20570,-0.0905,-0.0905,-71.53,-68.07,UP
20580,-0.1016,-0.1016,-72.55,-69.14,UP
20590,-0.0786,-0.0786,-73.34,-70.14,UP
20599,-0.0605,-0.0605,-73.94,-71.05,UP
20610,-0.0732,-0.0732,-74.67,-71.92,UP
20620,-0.0557,0.0000,-74.67,-72.58,UP
20630,-0.0199,0.0000,-74.67,-73.08,UP
20640,-0.0160,0.0000,-74.67,-73.46,UP
20650,-0.0138,0.0000,-74.67,-73.75,UP
20660,-0.0054,0.0000,-74.67,-73.97,UP
20669,0.0237,0.0000,-74.67,-74.14,UP
20680,0.0205,0.0000,-74.67,-74.27,UP
20690,0.0418,0.0000,-74.67,-74.36,UP
20700,0.0489,0.0000,-74.67,-74.44,UP
20710,0.0522,0.0000,-74.67,-74.49,UP
20720,0.0530,0.0000,-74.67,-74.54,UP
20730,0.0560,0.0000,-74.67,-74.57,UP
20740,0.0673,0.0000,-74.67,-74.59,UP
20750,0.0477,0.0000,-74.67,-74.61,UP
20760,0.0555,0.0000,-74.67,-74.63,UP
20770,0.0535,0.0000,-74.67,-74.64,UP
20780,0.0404,0.0000,-74.67,-74.65,UP
20790,0.0334,0.0000,-74.67,-74.65,UP
20800,0.0531,0.0000,-74.67,-74.66,UP
20810,0.0553,0.0000,-74.67,-74.66,UP
20820,0.0375,0.0000,-74.67,-74.66,UP
20830,0.0283,0.0000,-74.67,-74.67,UP
20840,0.0420,0.0000,-74.67,-74.67,UP
20850,0.0363,0.0000,-74.67,-74.67,UP
20859,0.0309,0.0000,-74.67,-74.67,UP
20870,0.0365,0.0000,-74.67,-74.67,UP
20880,0.0501,0.0000,-74.67,-74.67,UP
20890,0.0488,0.0000,-74.67,-74.67,UP
20900,0.0337,0.0000,-74.67,-74.67,UP
20910,0.0313,0.0000,-74.67,-74.67,UP
20920,0.0524,0.0000,-74.67,-74.67,UP
20930,0.0505,0.0000,-74.67,-74.67,UP
20940,0.0605,0.0000,-74.67,-74.67,UP
20950,0.0446,0.0000,-74.67,-74.67,UP
20960,0.0509,0.0000,0.00,0.00,STATIONARY
20970,0.0416,0.0000,0.00,0.00,STATIONARY
20980,0.0481,0.0000,0.00,0.00,STATIONARY
20990,0.0550,0.0000,0.00,0.00,STATIONARY
21000,0.0280,0.0000,0.00,0.00,STATIONARY
21010,0.0403,0.0000,0.00,0.00,STATIONARY
21020,0.0458,0.0000,0.00,0.00,STATIONARY
21029,0.0463,0.0000,0.00,0.00,STATIONARY
21040,0.0535,0.0000,0.00,0.00,STATIONARY
21050,0.0371,0.0000,0.00,0.00,STATIONARY
21060,0.0210,0.0000,0.00,0.00,STATIONARY
21070,0.0313,0.0000,0.00,0.00,STATIONARY
21080,0.0152,0.0000,0.00,0.00,STATIONARY
21090,0.0083,0.0000,0.00,0.00,STATIONARY
21100,0.0200,0.0000,0.00,0.00,STATIONARY
21110,0.0186,0.0000,0.00,0.00,STATIONARY
21120,0.0233,0.0000,0.00,0.00,STATIONARY
21130,0.0294,0.0000,0.00,0.00,STATIONARY
21140,0.0386,0.0000,0.00,0.00,STATIONARY
21150,0.0366,0.0000,0.00,0.00,STATIONARY
21160,0.0201,0.0000,0.00,0.00,STATIONARY
21169,0.0362,0.0000,0.00,0.00,STATIONARY
21180,0.0316,0.0000,0.00,0.00,STATIONARY
21190,0.0245,0.0000,0.00,0.00,STATIONARY
21200,0.0292,0.0000,0.00,0.00,STATIONARY
21209,0.0411,0.0000,0.00,0.00,STATIONARY
21220,0.0292,0.0000,0.00,0.00,STATIONARY
21230,0.0221,0.0000,0.00,0.00,STATIONARY
21240,0.0313,0.0000,0.00,0.00,STATIONARY
21250,0.0163,0.0000,0.00,0.00,STATIONARY
21260,0.0218,0.0000,0.00,0.00,STATIONARY
21270,0.0095,0.0000,0.00,0.00,STATIONARY
21280,0.0351,0.0000,0.00,0.00,STATIONARY
21290,0.0194,0.0000,0.00,0.00,STATIONARY
21299,0.0255,0.0000,0.00,0.00,STATIONARY
21310,0.0097,0.0000,0.00,0.00,STATIONARY
21320,0.0104,0.0000,0.00,0.00,STATIONARY
21330,0.0074,0.0000,0.00,0.00,STATIONARY
21340,0.0114,0.0000,0.00,0.00,STATIONARY
21350,-0.0007,0.0000,0.00,0.00,STATIONARY
21360,0.0209,0.0000,0.00,0.00,STATIONARY
21370,0.0166,0.0000,0.00,0.00,STATIONARY
21379,0.0247,0.0000,0.00,0.00,STATIONARY
21390,0.0148,0.0000,0.00,0.00,STATIONARY
21400,0.0046,0.0000,0.00,0.00,STATIONARY
21410,0.0004,0.0000,0.00,0.00,STATIONARY
21420,0.0046,0.0000,0.00,0.00,STATIONARY
21430,0.0140,0.0000,0.00,0.00,STATIONARY
21440,0.0002,0.0000,0.00,0.00,STATIONARY
21450,0.0136,0.0000,0.00,0.00,STATIONARY
21460,0.0154,0.0000,0.00,0.00,STATIONARY
21470,-0.0102,0.0000,0.00,0.00,STATIONARY
21480,0.0001,0.0000,0.00,0.00,STATIONARY
21490,0.0113,0.0000,0.00,0.00,STATIONARY
21500,-0.0010,0.0000,0.00,0.00,STATIONARY
21510,0.0181,0.0000,0.00,0.00,STATIONARY
21519,0.0057,0.0000,0.00,0.00,STATIONARY
21530,0.0212,0.0000,0.00,0.00,STATIONARY
21540,0.0308,0.0000,0.00,0.00,STATIONARY
21550,0.0125,0.0000,0.00,0.00,STATIONARY
21560,0.0143,0.0000,0.00,0.00,STATIONARY
21570,0.0120,0.0000,0.00,0.00,STATIONARY
21580,-0.0053,0.0000,0.00,0.00,STATIONARY
21589,0.0120,0.0000,0.00,0.00,STATIONARY
21599,0.0126,0.0000,0.00,0.00,STATIONARY
21610,-0.0103,0.0000,0.00,0.00,STATIONARY
21620,0.0106,0.0000,0.00,0.00,STATIONARY
21630,0.0101,0.0000,0.00,0.00,STATIONARY
21640,-0.0145,0.0000,0.00,0.00,STATIONARY
21650,-0.0126,0.0000,0.00,0.00,STATIONARY
21660,0.0024,0.0000,0.00,0.00,STATIONARY
21669,0.0075,0.0000,0.00,0.00,STATIONARY
21680,0.0086,0.0000,0.00,0.00,STATIONARY
21690,-0.0030,0.0000,0.00,0.00,STATIONARY
21700,0.0035,0.0000,0.00,0.00,STATIONARY
21710,0.0194,0.0000,0.00,0.00,STATIONARY
21720,0.0224,0.0000,0.00,0.00,STATIONARY
21730,0.0038,0.0000,0.00,0.00,STATIONARY
21739,0.0182,0.0000,0.00,0.00,STATIONARY
21750,-0.0014,0.0000,0.00,0.00,STATIONARY
21760,0.0061,0.0000,0.00,0.00,STATIONARY
21770,0.0081,0.0000,0.00,0.00,STATIONARY
21780,-0.0034,0.0000,0.00,0.00,STATIONARY
21790,-0.0344,0.0000,0.00,0.00,STATIONARY
21800,-0.0204,0.0000,0.00,0.00,STATIONARY
21809,-0.0125,0.0000,0.00,0.00,STATIONARY
21820,-0.0058,0.0000,0.00,0.00,STATIONARY
21830,-0.0069,0.0000,0.00,0.00,STATIONARY
21840,-0.0056,0.0000,0.00,0.00,STATIONARY
21850,-0.0032,0.0000,0.00,0.00,STATIONARY
21860,0.0020,0.0000,0.00,0.00,STATIONARY
21870,0.0088,0.0000,0.00,0.00,STATIONARY
21880,0.0220,0.0000,0.00,0.00,STATIONARY
21890,0.0271,0.0000,0.00,0.00,STATIONARY
21900,0.0169,0.0000,0.00,0.00,STATIONARY
21910,0.0165,0.0000,0.00,0.00,STATIONARY
21920,0.0143,0.0000,0.00,0.00,STATIONARY
21930,0.0044,0.0000,0.00,0.00,STATIONARY
21940,0.0029,0.0000,0.00,0.00,STATIONARY
21950,-0.0104,0.0000,0.00,0.00,STATIONARY
21959,-0.0008,0.0000,0.00,0.00,STATIONARY
21970,-0.0130,0.0000,0.00,0.00,STATIONARY
21980,-0.0116,0.0000,0.00,0.00,STATIONARY
21990,-0.0342,0.0000,0.00,0.00,STATIONARY
22000,-0.0299,0.0000,0.00,0.00,STATIONARY
22010,-0.0289,0.0000,0.00,0.00,STATIONARY
22019,-0.0193,0.0000,0.00,0.00,STATIONARY
22029,-0.0205,0.0000,0.00,0.00,STATIONARY
22040,-0.0097,0.0000,0.00,0.00,STATIONARY
22050,-0.0138,0.0000,0.00,0.00,STATIONARY
22060,-0.0090,0.0000,0.00,0.00,STATIONARY
22070,-0.0121,0.0000,0.00,0.00,STATIONARY
22080,-0.0167,0.0000,0.00,0.00,STATIONARY
22090,-0.0140,0.0000,0.00,0.00,STATIONARY
22099,-0.0097,0.0000,0.00,0.00,STATIONARY
22110,-0.0032,0.0000,0.00,0.00,STATIONARY
22120,-0.0261,0.0000,0.00,0.00,STATIONARY
22130,-0.0259,0.0000,0.00,0.00,STATIONARY
22140,-0.0276,0.0000,0.00,0.00,STATIONARY
22150,-0.0444,0.0000,0.00,0.00,STATIONARY
22160,-0.0341,0.0000,0.00,0.00,STATIONARY
22169,-0.0326,0.0000,0.00,0.00,STATIONARY
22180,-0.0520,0.0000,0.00,0.00,STATIONARY
22190,-0.0694,0.0000,0.00,0.00,STATIONARY
22200,-0.0403,0.0000,0.00,0.00,STATIONARY
22210,-0.0375,0.0000,0.00,0.00,STATIONARY
22219,-0.0425,0.0000,0.00,0.00,STATIONARY
22230,-0.0336,0.0000,0.00,0.00,STATIONARY
22240,-0.0477,0.0000,0.00,0.00,STATIONARY
22250,-0.0477,0.0000,0.00,0.00,STATIONARY
22260,-0.0627,0.0000,0.00,0.00,STATIONARY
22270,-0.0529,0.0000,0.00,0.00,STATIONARY
22280,-0.0549,0.0000,0.00,0.00,STATIONARY
22290,-0.0620,0.0000,-1.08,-0.26,STATIONARY
22300,-0.0577,0.0000,-1.08,-0.45,STATIONARY
22309,-0.0518,0.0000,-1.08,-0.60,STATIONARY
22320,-0.0616,0.0000,-2.17,-0.98,STATIONARY
22330,-0.0608,0.0000,-2.17,-1.26,STATIONARY
22340,-0.0658,0.0000,-4.05,-1.93,STATIONARY
22350,-0.0733,-0.0733,-4.79,-2.61,STATIONARY
22360,-0.0694,-0.0694,-5.48,-3.30,STATIONARY
22370,-0.0779,-0.0779,-6.26,-4.01,STATIONARY
22379,-0.0733,-0.0733,-6.99,-4.72,STATIONARY
22390,-0.0813,-0.0813,-7.81,-5.46,STATIONARY
22400,-0.0799,-0.0799,-8.61,-6.21,STATIONARY
22410,-0.0820,-0.0820,-9.43,-6.98,STATIONARY
22420,-0.0860,-0.0860,-10.29,-7.77,STATIONARY
22430,-0.0971,-0.0971,-11.26,-8.60,STATIONARY
22440,-0.0829,-0.0829,-12.09,-9.44,STATIONARY
22449,-0.0903,-0.0903,-12.99,-10.29,STATIONARY
22459,-0.1062,-0.1062,-14.05,-11.19,STATIONARY
22470,-0.1056,-0.1056,-15.11,-12.12,STATIONARY
22480,-0.1140,-0.1140,-16.25,-13.11,STATIONARY
22490,-0.1038,-0.1038,-17.29,-14.11,STATIONARY
22500,-0.0939,-0.0939,-18.22,-15.09,STATIONARY
22510,-0.0989,-0.0989,-19.21,-16.08,STATIONARY
22519,-0.1163,-0.1163,-20.38,-17.11,STATIONARY
22529,-0.0961,-0.0961,-21.34,-18.12,STATIONARY
22540,-0.0965,-0.0965,-22.30,-19.12,STATIONARY
22550,-0.1014,-0.1014,-23.32,-20.12,STATIONARY
22560,-0.1112,-0.1112,-24.43,-21.15,STATIONARY
22570,-0.1147,-0.1147,-25.58,-22.21,STATIONARY
22580,-0.1057,-0.1057,-26.63,-23.27,STATIONARY
22590,-0.1164,-0.1164,-27.80,-24.35,STATIONARY
22599,-0.1099,-0.1099,-28.90,-25.44,STATIONARY
22610,-0.1273,-0.1273,-30.17,-26.57,STATIONARY
22620,-0.1128,-0.1128,-31.30,-27.70,STATIONARY
22630,-0.1041,-0.1041,-32.34,-28.81,STATIONARY
22640,-0.1169,-0.1169,-33.51,-29.93,STATIONARY
22650,-0.1254,-0.1254,-34.76,-31.09,STATIONARY
22660,-0.1206,-0.1206,-35.97,-32.25,STATIONARY
22669,-0.1231,-0.1231,-37.20,-33.43,STATIONARY
22680,-0.1303,-0.1303,-38.50,-34.65,STATIONARY
22690,-0.1177,-0.1177,-39.68,-35.85,STATIONARY
22700,-0.1298,-0.1298,-40.98,-37.07,STATIONARY
22710,-0.1227,-0.1227,-42.20,-38.30,STATIONARY
22720,-0.1030,-0.1030,-43.23,-39.48,STATIONARY
22730,-0.1019,-0.1019,-44.25,-40.62,STATIONARY
22739,-0.0989,-0.0989,-45.24,-41.72,STATIONARY
22750,-0.1021,-0.1021,-46.26,-42.81,STATIONARY
22760,-0.0969,-0.0969,-47.23,-43.87,STATIONARY
22770,-0.1008,-0.1008,-48.24,-44.91,STATIONARY
22780,-0.1061,-0.1061,-49.30,-45.96,STATIONARY
22790,-0.0989,-0.0989,-50.29,-47.00,STATIONARY
22800,-0.0828,-0.0828,-51.12,-47.98,STATIONARY
22810,-0.0882,-0.0882,-52.00,-48.94,STATIONARY
22820,-0.0739,-0.0739,-52.74,-49.85,STATIONARY
22830,-0.0779,-0.0779,-53.52,-50.73,STATIONARY
22840,-0.0896,-0.0896,-54.41,-51.61,STATIONARY
22850,-0.0896,-0.0896,-55.31,-52.49,STATIONARY
22860,-0.0774,-0.0774,-56.08,-53.35,STATIONARY
22870,-0.0830,-0.0830,-56.91,-54.20,STATIONARY
22880,-0.0673,-0.0673,-57.59,-55.01,STATIONARY
22890,-0.0648,-0.0648,-58.23,-55.78,STATIONARY
22900,-0.0576,0.0000,-58.23,-56.37,STATIONARY
22910,-0.0576,0.0000,-58.23,-56.81,STATIONARY
22920,-0.0675,0.0000,-59.39,-57.43,STATIONARY
22930,-0.0551,0.0000,-59.39,-57.90,STATIONARY
22940,-0.0697,0.0000,-59.94,-58.39,STATIONARY
22950,-0.1256,0.0000,-59.94,-58.76,STATIONARY
22959,-0.1692,0.0000,-63.58,-59.91,STATIONARY
22970,-0.0929,-0.0929,-64.51,-61.01,STATIONARY
22980,0.0048,0.0000,-64.51,-61.85,STATIONARY
22990,0.0153,0.0000,-64.51,-62.48,STATIONARY
23000,-0.0473,0.0000,-64.51,-62.97,STATIONARY
23010,0.0162,0.0000,-64.51,-63.34,STATIONARY
23019,0.0876,0.0000,-64.51,-63.62,STATIONARY
23029,0.0551,0.0000,-64.51,-63.83,STATIONARY
23040,0.0521,0.0000,-64.51,-63.99,STATIONARY
23050,0.0707,0.0000,-63.44,-63.86,STATIONARY
23060,0.0834,0.0000,-63.44,-63.76,STATIONARY
23070,0.0393,0.0000,-63.44,-63.68,STATIONARY
23080,0.0699,0.0000,-63.44,-63.63,STATIONARY
23090,0.0199,0.0000,-63.44,-63.58,STATIONARY
23099,-0.0186,0.0000,-63.44,-63.55,STATIONARY
23110,-0.0225,0.0000,-63.44,-63.52,STATIONARY
23120,-0.0236,0.0000,-63.44,-63.50,STATIONARY
23130,-0.0347,0.0000,-63.44,-63.49,STATIONARY
23140,-0.0538,0.0000,-63.44,-63.48,STATIONARY
23150,-0.0038,0.0000,-63.44,-63.47,STATIONARY
23160,-0.0487,0.0000,-63.44,-63.46,STATIONARY
23169,-0.0534,0.0000,-63.44,-63.46,STATIONARY
23180,-0.0111,0.0000,-63.44,-63.45,STATIONARY
23190,0.0005,0.0000,-63.44,-63.45,STATIONARY
23200,0.0145,0.0000,-63.44,-63.45,STATIONARY
23210,-0.0120,0.0000,-63.44,-63.45,STATIONARY
23220,0.0177,0.0000,-63.44,-63.44,STATIONARY
23230,0.0167,0.0000,-63.44,-63.44,STATIONARY
23240,0.0101,0.0000,-63.44,-63.44,STATIONARY
23250,-0.0053,0.0000,-63.44,-63.44,STATIONARY
23260,0.0044,0.0000,-63.44,-63.44,STATIONARY
23270,0.0132,0.0000,-63.44,-63.44,STATIONARY
23280,0.0014,0.0000,-63.44,-63.44,STATIONARY
23290,-0.0027,0.0000,-63.44,-63.44,STATIONARY
23300,0.0206,0.0000,-63.44,-63.44,STATIONARY
23309,0.0234,0.0000,-63.44,-63.44,STATIONARY
23320,0.0083,0.0000,-63.44,-63.44,STATIONARY
23330,0.0030,0.0000,-63.44,-63.44,STATIONARY
23340,-0.0017,0.0000,-63.44,-63.44,STATIONARY
23350,-0.0119,0.0000,-63.44,-63.44,STATIONARY
23360,-0.0030,0.0000,-63.44,-63.44,STATIONARY
23370,0.0005,0.0000,-63.44,-63.44,STATIONARY
23379,-0.0059,0.0000,-63.44,-63.44,STATIONARY
23390,-0.0295,0.0000,-63.44,-63.44,STATIONARY
23400,-0.0102,0.0000,-63.44,-63.44,STATIONARY
23410,-0.0017,0.0000,-63.44,-63.44,STATIONARY
23420,0.0032,0.0000,-63.44,-63.44,STATIONARY
23430,-0.0189,0.0000,-63.44,-63.44,STATIONARY
23440,-0.0083,0.0000,-63.44,-63.44,STATIONARY
23449,0.0067,0.0000,-63.44,-63.44,STATIONARY
23460,0.0044,0.0000,-63.44,-63.44,STATIONARY
23470,0.0244,0.0000,-63.44,-63.44,STATIONARY
23480,0.0132,0.0000,-63.44,-63.44,STATIONARY
23490,0.0063,0.0000,-63.44,-63.44,STATIONARY
23500,0.0250,0.0000,-63.44,-63.44,STATIONARY
23510,0.0084,0.0000,-63.44,-63.44,STATIONARY
23519,0.0012,0.0000,-63.44,-63.44,STATIONARY
23530,0.0076,0.0000,-63.44,-63.44,STATIONARY
23540,-0.0166,0.0000,-63.44,-63.44,STATIONARY
23550,-0.0014,0.0000,-63.44,-63.44,STATIONARY
23560,-0.0079,0.0000,-63.44,-63.44,STATIONARY
23570,-0.0153,0.0000,-63.44,-63.44,STATIONARY
23580,-0.0183,0.0000,-63.44,-63.44,STATIONARY
23590,-0.0149,0.0000,-63.44,-63.44,STATIONARY
23599,-0.0026,0.0000,-63.44,-63.44,STATIONARY
23610,-0.0169,0.0000,-63.44,-63.44,STATIONARY
23620,0.0050,0.0000,-63.44,-63.44,STATIONARY
23630,-0.0137,0.0000,-63.44,-63.44,STATIONARY
23640,-0.0004,0.0000,-63.44,-63.44,STATIONARY
23650,0.0033,0.0000,-63.44,-63.44,STATIONARY
23659,0.0190,0.0000,-63.44,-63.44,STATIONARY
23670,0.0114,0.0000,-63.44,-63.44,STATIONARY
23680,-0.0067,0.0000,-63.44,-63.44,STATIONARY
23690,0.0070,0.0000,-63.44,-63.44,STATIONARY
23700,-0.0002,0.0000,-63.44,-63.44,STATIONARY
23710,0.0159,0.0000,-63.44,-63.44,STATIONARY
23720,0.0054,0.0000,-63.44,-63.44,STATIONARY
23730,0.0001,0.0000,-63.44,-63.44,STATIONARY
23740,-0.0025,0.0000,-63.44,-63.44,STATIONARY
23750,-0.0098,0.0000,-63.44,-63.44,STATIONARY
23760,-0.0029,0.0000,-63.44,-63.44,STATIONARY
23770,-0.0028,0.0000,-63.44,-63.44,STATIONARY
23780,-0.0059,0.0000,-63.44,-63.44,STATIONARY
23790,-0.0117,0.0000,-63.44,-63.44,STATIONARY
23800,-0.0055,0.0000,-63.44,-63.44,STATIONARY
23809,0.0071,0.0000,-63.44,-63.44,STATIONARY
23820,0.0005,0.0000,-63.44,-63.44,STATIONARY
23830,0.0019,0.0000,-63.44,-63.44,STATIONARY
23840,-0.0058,0.0000,-63.44,-63.44,STATIONARY
23850,0.0020,0.0000,-63.44,-63.44,STATIONARY
23860,0.0079,0.0000,-63.44,-63.44,STATIONARY
23870,0.0177,0.0000,-63.44,-63.44,STATIONARY
23880,0.0182,0.0000,-63.44,-63.44,STATIONARY
23890,0.0031,0.0000,-63.44,-63.44,STATIONARY
23900,0.0078,0.0000,-63.44,-63.44,STATIONARY
23910,0.0023,0.0000,-63.44,-63.44,STATIONARY
23920,0.0065,0.0000,-63.44,-63.44,STATIONARY
23930,-0.0070,0.0000,-63.44,-63.44,STATIONARY
23940,0.0030,0.0000,-63.44,-63.44,STATIONARY
23950,-0.0031,0.0000,-63.44,-63.44,STATIONARY
23959,-0.0040,0.0000,-63.44,-63.44,STATIONARY
23970,-0.0070,0.0000,-63.44,-63.44,STATIONARY
23980,0.0014,0.0000,-63.44,-63.44,STATIONARY
23990,-0.0022,0.0000,-63.44,-63.44,STATIONARY
24000,-0.0125,0.0000,-63.44,-63.44,STATIONARY
24010,-0.0046,0.0000,-63.44,-63.44,STATIONARY
24019,0.0058,0.0000,-63.44,-63.44,STATIONARY
24029,-0.0199,0.0000,-63.44,-63.44,STATIONARY
24040,-0.0077,0.0000,-63.44,-63.44,STATIONARY
24050,0.0014,0.0000,-63.44,-63.44,STATIONARY
24060,0.0027,0.0000,-63.44,-63.44,STATIONARY
24070,0.0015,0.0000,-63.44,-63.44,STATIONARY
24080,0.0209,0.0000,-63.44,-63.44,STATIONARY
24090,-0.0003,0.0000,-63.44,-63.44,STATIONARY
24099,0.0013,0.0000,-63.44,-63.44,STATIONARY
24110,0.0125,0.0000,-63.44,-63.44,STATIONARY
24120,-0.0045,0.0000,-63.44,-63.44,STATIONARY
24130,0.0056,0.0000,-63.44,-63.44,STATIONARY
24140,-0.0009,0.0000,-63.44,-63.44,STATIONARY
24150,-0.0213,0.0000,-63.44,-63.44,STATIONARY
24160,0.0003,0.0000,-63.44,-63.44,STATIONARY
24169,-0.0112,0.0000,-63.44,-63.44,STATIONARY
24180,-0.0098,0.0000,-63.44,-63.44,STATIONARY
24190,0.0068,0.0000,-63.44,-63.44,STATIONARY
24200,-0.0054,0.0000,-63.44,-63.44,STATIONARY
24210,-0.0018,0.0000,-63.44,-63.44,STATIONARY
24220,-0.0047,0.0000,-63.44,-63.44,STATIONARY
24230,-0.0178,0.0000,-63.44,-63.44,STATIONARY
24240,-0.0206,0.0000,-63.44,-63.44,STATIONARY
24250,-0.0126,0.0000,-63.44,-63.44,STATIONARY
24260,-0.0003,0.0000,-63.44,-63.44,STATIONARY
24270,0.0032,0.0000,-63.44,-63.44,STATIONARY
24280,-0.0039,0.0000,-63.44,-63.44,STATIONARY
24290,0.0131,0.0000,-63.44,-63.44,STATIONARY
24300,0.0101,0.0000,-63.44,-63.44,STATIONARY
24309,0.0090,0.0000,-63.44,-63.44,STATIONARY
24320,-0.0004,0.0000,-63.44,-63.44,STATIONARY
24330,-0.0071,0.0000,-63.44,-63.44,STATIONARY
24340,-0.0043,0.0000,-63.44,-63.44,STATIONARY
24350,-0.0055,0.0000,-63.44,-63.44,STATIONARY
24359,-0.0072,0.0000,-63.44,-63.44,STATIONARY
24370,-0.0176,0.0000,-63.44,-63.44,STATIONARY
24379,0.0093,0.0000,-63.44,-63.44,STATIONARY
24390,0.0002,0.0000,-63.44,-63.44,STATIONARY
24400,0.0075,0.0000,-63.44,-63.44,STATIONARY
24410,-0.0077,0.0000,-63.44,-63.44,STATIONARY
24420,-0.0144,0.0000,-63.44,-63.44,STATIONARY
24430,-0.0125,0.0000,-63.44,-63.44,STATIONARY
24440,0.0097,0.0000,-63.44,-63.44,STATIONARY
24450,-0.0058,0.0000,-63.44,-63.44,STATIONARY
24459,-0.0009,0.0000,-63.44,-63.44,STATIONARY
24470,-0.0037,0.0000,-63.44,-63.44,STATIONARY
24480,-0.0059,0.0000,-63.44,-63.44,STATIONARY
24490,0.0001,0.0000,-63.44,-63.44,STATIONARY
24500,0.0090,0.0000,-63.44,-63.44,STATIONARY
24510,-0.0082,0.0000,-63.44,-63.44,STATIONARY
24520,0.0051,0.0000,-63.44,-63.44,STATIONARY
24530,0.0044,0.0000,-63.44,-63.44,STATIONARY
24540,0.0032,0.0000,-63.44,-63.44,STATIONARY
24550,0.0139,0.0000,-63.44,-63.44,STATIONARY
24560,0.0036,0.0000,-63.44,-63.44,STATIONARY
24570,0.0066,0.0000,-63.44,-63.44,STATIONARY
24580,-0.0096,0.0000,-63.44,-63.44,STATIONARY
24590,-0.0134,0.0000,-63.44,-63.44,STATIONARY
24599,-0.0164,0.0000,-63.44,-63.44,STATIONARY
24610,-0.0065,0.0000,-63.44,-63.44,STATIONARY
24620,0.0055,0.0000,-63.44,-63.44,STATIONARY
24630,-0.0138,0.0000,-63.44,-63.44,STATIONARY
24640,-0.0047,0.0000,-63.44,-63.44,STATIONARY
24650,0.0041,0.0000,-63.44,-63.44,STATIONARY
24660,-0.0016,0.0000,-63.44,-63.44,STATIONARY
24669,0.0108,0.0000,-63.44,-63.44,STATIONARY
24680,-0.0130,0.0000,-63.44,-63.44,STATIONARY
24690,-0.0097,0.0000,-63.44,-63.44,STATIONARY
24700,0.0097,0.0000,-63.44,-63.44,STATIONARY
24710,0.0088,0.0000,-63.44,-63.44,STATIONARY
24720,-0.0110,0.0000,-63.44,-63.44,STATIONARY
24730,0.0022,0.0000,-63.44,-63.44,STATIONARY
24739,0.0004,0.0000,-63.44,-63.44,STATIONARY
24750,-0.0002,0.0000,-63.44,-63.44,STATIONARY
24760,0.0157,0.0000,-63.44,-63.44,STATIONARY
24770,0.0074,0.0000,-63.44,-63.44,STATIONARY
24780,0.0162,0.0000,-63.44,-63.44,STATIONARY
24790,0.0176,0.0000,-63.44,-63.44,STATIONARY
24800,0.0018,0.0000,-63.44,-63.44,STATIONARY
24809,-0.0045,0.0000,-63.44,-63.44,STATIONARY
24820,-0.0195,0.0000,-63.44,-63.44,STATIONARY
24830,0.0078,0.0000,-63.44,-63.44,STATIONARY
24840,-0.0124,0.0000,-63.44,-63.44,STATIONARY
24850,0.0150,0.0000,-63.44,-63.44,STATIONARY
24860,-0.0045,0.0000,-63.44,-63.44,STATIONARY
24870,-0.0440,0.0000,-63.44,-63.44,STATIONARY
24880,0.0104,0.0000,-63.44,-63.44,STATIONARY
24889,0.0000,0.0000,-63.44,-63.44,STATIONARY
24900,0.0160,0.0000,-63.44,-63.44,STATIONARY
24910,-0.0072,0.0000,-63.44,-63.44,STATIONARY
24920,-0.0213,0.0000,-63.44,-63.44,STATIONARY
24930,0.0085,0.0000,-63.44,-63.44,STATIONARY
24940,0.0001,0.0000,-63.44,-63.44,STATIONARY
24950,0.0159,0.0000,-63.44,-63.44,STATIONARY
24959,-0.0032,0.0000,-63.44,-63.44,STATIONARY
24970,0.0056,0.0000,-63.44,-63.44,STATIONARY
24980,-0.0232,0.0000,-63.44,-63.44,STATIONARY
24990,-0.0374,0.0000,-63.44,-63.44,STATIONARY
25000,0.0046,0.0000,-63.44,-63.44,STATIONARY
25010,-0.0020,0.0000,-63.44,-63.44,STATIONARY
25020,-0.0153,0.0000,-63.44,-63.44,STATIONARY
25029,-0.0333,0.0000,-63.44,-63.44,STATIONARY
25040,0.0363,0.0000,-63.44,-63.44,STATIONARY
25050,0.0294,0.0000,-63.44,-63.44,STATIONARY
25059,-0.0193,0.0000,-63.44,-63.44,STATIONARY
25070,-0.0007,0.0000,-63.44,-63.44,STATIONARY
25080,0.0017,0.0000,-63.44,-63.44,STATIONARY
25090,0.0136,0.0000,-63.44,-63.44,STATIONARY
25100,0.0318,0.0000,-63.44,-63.44,STATIONARY
25110,0.0152,0.0000,-63.44,-63.44,STATIONARY
25120,-0.0003,0.0000,-63.44,-63.44,STATIONARY
25130,-0.0618,0.0000,-63.44,-63.44,STATIONARY
25140,0.0159,0.0000,-63.44,-63.44,STATIONARY
25150,-0.0342,0.0000,-63.44,-63.44,STATIONARY
25160,0.0052,0.0000,-63.44,-63.44,STATIONARY
25170,-0.0361,0.0000,-63.44,-63.44,STATIONARY
25180,0.0032,0.0000,-63.44,-63.44,STATIONARY
25190,-0.0097,0.0000,-63.44,-63.44,STATIONARY
25200,-0.0116,0.0000,-63.44,-63.44,STATIONARY
25210,0.0736,0.0000,-63.44,-63.44,STATIONARY
25220,-0.0450,0.0000,-63.44,-63.44,STATIONARY
25230,0.0387,0.0000,-63.44,-63.44,STATIONARY
25240,0.0153,0.0000,-63.44,-63.44,STATIONARY
25250,-0.0276,0.0000,-63.44,-63.44,STATIONARY
25260,0.0435,0.0000,-63.44,-63.44,STATIONARY
25270,-0.0654,0.0000,-63.44,-63.44,STATIONARY
25280,0.0661,0.0000,-63.44,-63.44,STATIONARY
25290,-0.0323,0.0000,-63.44,-63.44,STATIONARY
25300,0.0013,0.0000,-63.44,-63.44,STATIONARY
25310,-0.0067,0.0000,-63.44,-63.44,STATIONARY
25320,-0.0336,0.0000,-63.44,-63.44,STATIONARY
25330,0.0145,0.0000,-63.44,-63.44,STATIONARY
25340,-0.0143,0.0000,-63.44,-63.44,STATIONARY
25350,0.0184,0.0000,-63.44,-63.44,STATIONARY
25360,-0.0100,0.0000,-63.44,-63.44,STATIONARY
25370,0.0066,0.0000,-63.44,-63.44,STATIONARY
25379,0.0098,0.0000,-63.44,-63.44,STATIONARY
25389,-0.0078,0.0000,-63.44,-63.44,STATIONARY
25400,-0.0060,0.0000,-63.44,-63.44,STATIONARY
25410,-0.0768,0.0000,-63.44,-63.44,STATIONARY
25420,0.0326,0.0000,-63.44,-63.44,STATIONARY
25430,-0.0513,0.0000,-63.44,-63.44,STATIONARY
25440,-0.0047,0.0000,-63.44,-63.44,STATIONARY
25450,0.0055,0.0000,-63.44,-63.44,STATIONARY
25460,-0.0143,0.0000,-63.44,-63.44,STATIONARY
25470,0.0196,0.0000,-63.44,-63.44,STATIONARY
25480,0.0416,0.0000,-63.44,-63.44,STATIONARY
25490,-0.0202,0.0000,-63.44,-63.44,STATIONARY
25500,0.0431,0.0000,-63.44,-63.44,STATIONARY
25510,-0.0262,0.0000,-63.44,-63.44,STATIONARY
25520,0.0133,0.0000,-63.44,-63.44,STATIONARY
25529,0.0403,0.0000,-63.44,-63.44,STATIONARY
25540,0.0186,0.0000,-63.44,-63.44,STATIONARY
25550,0.0313,0.0000,-63.44,-63.44,STATIONARY
25560,-0.0209,0.0000,-63.44,-63.44,STATIONARY
25570,-0.0116,0.0000,-63.44,-63.44,STATIONARY
25580,0.0226,0.0000,-63.44,-63.44,STATIONARY
25590,0.0154,0.0000,-63.44,-63.44,STATIONARY
25599,-0.0167,0.0000,-63.44,-63.44,STATIONARY
25610,0.0061,0.0000,-63.44,-63.44,STATIONARY
25620,-0.0278,0.0000,-63.44,-63.44,STATIONARY
25630,-0.0411,0.0000,-63.44,-63.44,STATIONARY
25640,0.0486,0.0000,-63.44,-63.44,STATIONARY
25650,-0.0120,0.0000,-63.44,-63.44,STATIONARY
25660,0.0050,0.0000,-63.44,-63.44,STATIONARY
25670,-0.0303,0.0000,-63.44,-63.44,STATIONARY
25680,-0.0549,0.0000,-63.44,-63.44,STATIONARY
25690,-0.0569,0.0000,-63.44,-63.44,STATIONARY
25700,0.0022,0.0000,-63.44,-63.44,STATIONARY
25710,0.0156,0.0000,-63.44,-63.44,STATIONARY
25720,0.0896,0.0000,-63.44,-63.44,STATIONARY
25730,0.0341,0.0000,-63.44,-63.44,STATIONARY
25740,-0.0312,0.0000,-63.44,-63.44,STATIONARY
25750,0.0022,0.0000,-63.44,-63.44,STATIONARY
25760,-0.0307,0.0000,-63.44,-63.44,STATIONARY
25770,0.0506,0.0000,-63.44,-63.44,STATIONARY
25780,0.0072,0.0000,-63.44,-63.44,STATIONARY
25790,-0.0073,0.0000,-63.44,-63.44,STATIONARY
25800,0.0199,0.0000,-63.44,-63.44,STATIONARY
25810,0.0340,0.0000,-63.44,-63.44,STATIONARY
25820,-0.0111,0.0000,-63.44,-63.44,STATIONARY
25830,0.0293,0.0000,-63.44,-63.44,STATIONARY
25840,-0.0159,0.0000,-63.44,-63.44,STATIONARY
25850,-0.0011,0.0000,-63.44,-63.44,STATIONARY
25860,0.0006,0.0000,-63.44,-63.44,STATIONARY
25870,-0.0701,0.0000,-63.44,-63.44,STATIONARY
25880,-0.0009,0.0000,-63.44,-63.44,STATIONARY
25889,-0.0568,0.0000,-63.44,-63.44,STATIONARY
25900,0.0312,0.0000,-63.44,-63.44,STATIONARY
25910,0.0019,0.0000,-63.44,-63.44,STATIONARY
25920,0.0199,0.0000,-63.44,-63.44,STATIONARY
25930,-0.0066,0.0000,-63.44,-63.44,STATIONARY
25940,-0.0306,0.0000,-63.44,-63.44,STATIONARY
25950,0.0219,0.0000,-63.44,-63.44,STATIONARY
25959,0.0380,0.0000,-63.44,-63.44,STATIONARY
25970,0.0157,0.0000,-63.44,-63.44,STATIONARY
25980,-0.0166,0.0000,-63.44,-63.44,STATIONARY
25990,0.0114,0.0000,-63.44,-63.44,STATIONARY
26000,-0.0020,0.0000,-63.44,-63.44,STATIONARY
26010,0.0077,0.0000,-63.44,-63.44,STATIONARY
26020,-0.0348,0.0000,-63.44,-63.44,STATIONARY
26030,0.0032,0.0000,-63.44,-63.44,STATIONARY
26040,-0.0249,0.0000,-63.44,-63.44,STATIONARY
26050,-0.0060,0.0000,-63.44,-63.44,STATIONARY
26060,0.0193,0.0000,-63.44,-63.44,STATIONARY
26070,0.0023,0.0000,-63.44,-63.44,STATIONARY
26080,0.0094,0.0000,-63.44,-63.44,STATIONARY
26090,-0.0207,0.0000,-63.44,-63.44,STATIONARY
26099,0.0071,0.0000,-63.44,-63.44,STATIONARY
26110,0.0177,0.0000,-63.44,-63.44,STATIONARY
26120,0.0256,0.0000,-63.44,-63.44,STATIONARY
26130,0.0050,0.0000,-63.44,-63.44,STATIONARY
26140,0.0005,0.0000,-63.44,-63.44,STATIONARY
26150,-0.0096,0.0000,-63.44,-63.44,STATIONARY
26160,-0.0031,0.0000,-63.44,-63.44,STATIONARY
26170,-0.0051,0.0000,-63.44,-63.44,STATIONARY
26180,-0.0390,0.0000,-63.44,-63.44,STATIONARY
26190,-0.0089,0.0000,-63.44,-63.44,STATIONARY
26200,-0.0377,0.0000,-63.44,-63.44,STATIONARY
26210,0.0002,0.0000,-63.44,-63.44,STATIONARY
26220,0.0028,0.0000,-63.44,-63.44,STATIONARY
26230,0.0269,0.0000,-63.44,-63.44,STATIONARY
26240,-0.0114,0.0000,-63.44,-63.44,STATIONARY
26250,0.0162,0.0000,-63.44,-63.44,STATIONARY
26260,-0.0397,0.0000,-63.44,-63.44,STATIONARY
26270,0.0135,0.0000,-63.44,-63.44,STATIONARY
26280,0.0350,0.0000,-63.44,-63.44,STATIONARY
26290,0.0343,0.0000,-63.44,-63.44,STATIONARY
26300,-0.0174,0.0000,-63.44,-63.44,STATIONARY
26310,-0.0195,0.0000,-63.44,-63.44,STATIONARY
26320,0.0075,0.0000,-63.44,-63.44,STATIONARY
26330,0.0197,0.0000,-63.44,-63.44,STATIONARY
26340,0.0369,0.0000,-63.44,-63.44,STATIONARY
26350,-0.0090,0.0000,-63.44,-63.44,STATIONARY
26360,-0.0167,0.0000,-63.44,-63.44,STATIONARY
26370,-0.0055,0.0000,-63.44,-63.44,STATIONARY
26380,-0.0156,0.0000,-63.44,-63.44,STATIONARY
26390,0.0135,0.0000,-63.44,-63.44,STATIONARY
26400,-0.0094,0.0000,-63.44,-63.44,STATIONARY
26410,0.0016,0.0000,-63.44,-63.44,STATIONARY
26420,-0.0006,0.0000,-63.44,-63.44,STATIONARY
26430,-0.0329,0.0000,-63.44,-63.44,STATIONARY
26440,0.0182,0.0000,-63.44,-63.44,STATIONARY
26450,-0.0392,0.0000,-63.44,-63.44,STATIONARY
26459,0.0005,0.0000,-63.44,-63.44,STATIONARY
26470,0.0256,0.0000,-63.44,-63.44,STATIONARY
26480,-0.0157,0.0000,-63.44,-63.44,STATIONARY
26490,-0.0067,0.0000,-63.44,-63.44,STATIONARY
26500,-0.0190,0.0000,-63.44,-63.44,STATIONARY
26510,0.0712,0.0000,-63.44,-63.44,STATIONARY
26520,-0.0118,0.0000,-63.44,-63.44,STATIONARY
26530,0.0058,0.0000,-63.44,-63.44,STATIONARY
26540,-0.0014,0.0000,-63.44,-63.44,STATIONARY
26550,-0.0260,0.0000,-63.44,-63.44,STATIONARY
26560,0.0120,0.0000,-63.44,-63.44,STATIONARY
26570,0.0199,0.0000,-63.44,-63.44,STATIONARY
26580,-0.0013,0.0000,-63.44,-63.44,STATIONARY
26590,-0.0405,0.0000,-63.44,-63.44,STATIONARY
26600,-0.0296,0.0000,-63.44,-63.44,STATIONARY
26610,0.0373,0.0000,-63.44,-63.44,STATIONARY
26620,-0.0115,0.0000,-63.44,-63.44,STATIONARY
26630,-0.0359,0.0000,-63.44,-63.44,STATIONARY
26640,-0.0837,0.0000,-63.44,-63.44,STATIONARY
26650,0.0233,0.0000,-63.44,-63.44,STATIONARY
26660,0.0354,0.0000,-63.44,-63.44,STATIONARY
26670,-0.0582,0.0000,-63.44,-63.44,STATIONARY
26680,0.0192,0.0000,-63.44,-63.44,STATIONARY
26690,0.0016,0.0000,-63.44,-63.44,STATIONARY
26700,-0.0283,0.0000,-63.44,-63.44,STATIONARY
26710,-0.0018,0.0000,-63.44,-63.44,STATIONARY
26720,-0.0102,0.0000,-63.44,-63.44,STATIONARY
26730,0.0462,0.0000,-63.44,-63.44,STATIONARY
26740,-0.0388,0.0000,-63.44,-63.44,STATIONARY
26750,-0.0004,0.0000,-63.44,-63.44,STATIONARY
26760,0.0170,0.0000,-63.44,-63.44,STATIONARY
26770,0.0040,0.0000,-63.44,-63.44,STATIONARY
26780,0.0206,0.0000,-63.44,-63.44,STATIONARY
26790,0.0321,0.0000,-63.44,-63.44,STATIONARY
26800,0.0184,0.0000,-63.44,-63.44,STATIONARY
26810,-0.0385,0.0000,-63.44,-63.44,STATIONARY
26820,-0.0443,0.0000,-63.44,-63.44,STATIONARY
26830,-0.0158,0.0000,-63.44,-63.44,STATIONARY
26840,-0.0368,0.0000,-63.44,-63.44,STATIONARY
26850,0.0015,0.0000,-63.44,-63.44,STATIONARY
26860,-0.0126,0.0000,-63.44,-63.44,STATIONARY
26870,0.0071,0.0000,-63.44,-63.44,STATIONARY
26880,-0.0107,0.0000,-63.44,-63.44,STATIONARY
26889,-0.0100,0.0000,-63.44,-63.44,STATIONARY
26900,0.0180,0.0000,-63.44,-63.44,STATIONARY
26910,0.0113,0.0000,-63.44,-63.44,STATIONARY
26920,0.0234,0.0000,-63.44,-63.44,STATIONARY
26930,-0.0026,0.0000,-63.44,-63.44,STATIONARY
26940,-0.0014,0.0000,-63.44,-63.44,STATIONARY
26950,0.0058,0.0000,-63.44,-63.44,STATIONARY
26959,-0.0292,0.0000,-63.44,-63.44,STATIONARY
26970,-0.0010,0.0000,-63.44,-63.44,STATIONARY
26980,-0.0039,0.0000,-63.44,-63.44,STATIONARY
26990,0.0011,0.0000,-63.44,-63.44,STATIONARY
27000,-0.0118,0.0000,-63.44,-63.44,STATIONARY
27010,-0.0065,0.0000,-63.44,-63.44,STATIONARY
27020,-0.0196,0.0000,-63.44,-63.44,STATIONARY
27030,0.0327,0.0000,-63.44,-63.44,STATIONARY
27040,0.0134,0.0000,-63.44,-63.44,STATIONARY
27050,-0.0027,0.0000,-63.44,-63.44,STATIONARY
27060,0.0113,0.0000,-63.44,-63.44,STATIONARY
27070,0.0032,0.0000,-63.44,-63.44,STATIONARY
27080,0.0249,0.0000,-63.44,-63.44,STATIONARY
27090,-0.0037,0.0000,-63.44,-63.44,STATIONARY
27099,-0.0108,0.0000,-63.44,-63.44,STATIONARY
27110,0.0036,0.0000,-63.44,-63.44,STATIONARY
27120,-0.0442,0.0000,-63.44,-63.44,STATIONARY
27130,-0.0212,0.0000,-63.44,-63.44,STATIONARY
27140,-0.0544,0.0000,-63.44,-63.44,STATIONARY
27150,-0.0575,0.0000,-63.44,-63.44,STATIONARY
27160,-0.0272,0.0000,-63.44,-63.44,STATIONARY
27169,-0.0115,0.0000,-63.44,-63.44,STATIONARY
27180,0.0502,0.0000,-63.44,-63.44,STATIONARY
27190,0.0193,0.0000,-63.44,-63.44,STATIONARY
27200,-0.0151,0.0000,-63.44,-63.44,STATIONARY
27210,0.0257,0.0000,-63.44,-63.44,STATIONARY
27220,0.0153,0.0000,-63.44,-63.44,STATIONARY
27230,0.0487,0.0000,-63.44,-63.44,STATIONARY
27239,0.0366,0.0000,-63.44,-63.44,STATIONARY
27250,0.0114,0.0000,-63.44,-63.44,STATIONARY
27260,-0.0061,0.0000,-63.44,-63.44,STATIONARY
27270,-0.0289,0.0000,-63.44,-63.44,STATIONARY
27280,-0.0289,0.0000,-63.44,-63.44,STATIONARY
27290,-0.0263,0.0000,-63.44,-63.44,STATIONARY
27300,-0.0218,0.0000,-63.44,-63.44,STATIONARY
27310,-0.0538,0.0000,-63.44,-63.44,STATIONARY
27320,-0.0186,0.0000,-63.44,-63.44,STATIONARY
27330,0.0150,0.0000,-63.44,-63.44,STATIONARY
27340,0.0018,0.0000,-63.44,-63.44,STATIONARY
27350,0.0091,0.0000,-63.44,-63.44,STATIONARY
27360,0.0046,0.0000,-63.44,-63.44,STATIONARY
27370,0.0365,0.0000,-63.44,-63.44,STATIONARY
27379,0.0365,0.0000,-63.44,-63.44,STATIONARY
27389,-0.0027,0.0000,-63.44,-63.44,STATIONARY
27400,0.0021,0.0000,-63.44,-63.44,STATIONARY
27410,0.0066,0.0000,-63.44,-63.44,STATIONARY
27420,-0.0108,0.0000,-63.44,-63.44,STATIONARY
27430,0.0137,0.0000,-63.44,-63.44,STATIONARY
27440,-0.0197,0.0000,-63.44,-63.44,STATIONARY
27449,-0.0142,0.0000,-63.44,-63.44,STATIONARY
27459,-0.0321,0.0000,-63.44,-63.44,STATIONARY
27470,-0.0131,0.0000,-63.44,-63.44,STATIONARY
27480,-0.0097,0.0000,-63.44,-63.44,STATIONARY
27490,-0.0014,0.0000,-63.44,-63.44,STATIONARY
27500,0.0105,0.0000,-63.44,-63.44,STATIONARY
27510,0.0167,0.0000,-63.44,-63.44,STATIONARY
27520,0.0320,0.0000,-63.44,-63.44,STATIONARY
27529,0.0073,0.0000,-63.44,-63.44,STATIONARY
27540,0.0247,0.0000,-63.44,-63.44,STATIONARY
27550,0.0144,0.0000,-63.44,-63.44,STATIONARY
27560,-0.0131,0.0000,-63.44,-63.44,STATIONARY
27570,-0.0009,0.0000,-63.44,-63.44,STATIONARY
27580,-0.0196,0.0000,-63.44,-63.44,STATIONARY
27590,-0.0044,0.0000,-63.44,-63.44,STATIONARY
27599,-0.0081,0.0000,-63.44,-63.44,STATIONARY
27610,0.0027,0.0000,-63.44,-63.44,STATIONARY
27620,0.0117,0.0000,-63.44,-63.44,STATIONARY
27630,0.0058,0.0000,-63.44,-63.44,STATIONARY
27640,0.0118,0.0000,-63.44,-63.44,STATIONARY
27650,0.0120,0.0000,-63.44,-63.44,STATIONARY
27660,0.0040,0.0000,-63.44,-63.44,STATIONARY
27670,0.0187,0.0000,-63.44,-63.44,STATIONARY
27680,0.0027,0.0000,-63.44,-63.44,STATIONARY
27690,0.0211,0.0000,-63.44,-63.44,STATIONARY
27700,0.0220,0.0000,-63.44,-63.44,STATIONARY
27710,0.0105,0.0000,-63.44,-63.44,STATIONARY
27720,-0.0199,0.0000,-63.44,-63.44,STATIONARY
27730,-0.0043,0.0000,-63.44,-63.44,STATIONARY
27740,-0.0149,0.0000,-63.44,-63.44,STATIONARY
27750,-0.0142,0.0000,-63.44,-63.44,STATIONARY
27760,0.0016,0.0000,-63.44,-63.44,STATIONARY
27770,0.0031,0.0000,-63.44,-63.44,STATIONARY
27780,0.0254,0.0000,-63.44,-63.44,STATIONARY
27790,-0.0105,0.0000,-63.44,-63.44,STATIONARY
27800,0.0007,0.0000,-63.44,-63.44,STATIONARY
27809,0.0122,0.0000,-63.44,-63.44,STATIONARY
27819,0.0171,0.0000,-63.44,-63.44,STATIONARY
27830,0.0241,0.0000,-63.44,-63.44,STATIONARY
27840,0.0184,0.0000,-63.44,-63.44,STATIONARY
27850,0.0185,0.0000,-63.44,-63.44,STATIONARY
27859,0.0049,0.0000,-63.44,-63.44,STATIONARY
27870,0.0052,0.0000,-63.44,-63.44,STATIONARY
27879,0.0143,0.0000,-63.44,-63.44,STATIONARY
27889,0.0036,0.0000,-63.44,-63.44,STATIONARY
27900,-0.0030,0.0000,-63.44,-63.44,STATIONARY
27910,-0.0136,0.0000,-63.44,-63.44,STATIONARY
27920,-0.0006,0.0000,-63.44,-63.44,STATIONARY
27930,-0.0095,0.0000,-63.44,-63.44,STATIONARY
27940,-0.0158,0.0000,-63.44,-63.44,STATIONARY
27949,0.0019,0.0000,-63.44,-63.44,STATIONARY
27959,0.0114,0.0000,-63.44,-63.44,STATIONARY
27970,0.0158,0.0000,-63.44,-63.44,STATIONARY
27980,0.0057,0.0000,-63.44,-63.44,STATIONARY
27990,-0.0062,0.0000,-63.44,-63.44,STATIONARY
28000,0.0096,0.0000,-63.44,-63.44,STATIONARY
28010,0.0028,0.0000,-63.44,-63.44,STATIONARY
28020,0.0101,0.0000,-63.44,-63.44,STATIONARY
28029,-0.0006,0.0000,-63.44,-63.44,STATIONARY
28040,-0.0017,0.0000,-63.44,-63.44,STATIONARY
28050,-0.0122,0.0000,-63.44,-63.44,STATIONARY
28059,-0.0078,0.0000,-63.44,-63.44,STATIONARY
28070,0.0087,0.0000,-63.44,-63.44,STATIONARY
28080,0.0051,0.0000,-63.44,-63.44,STATIONARY
28090,0.0018,0.0000,-63.44,-63.44,STATIONARY
28099,-0.0039,0.0000,-63.44,-63.44,STATIONARY
28110,0.0051,0.0000,-63.44,-63.44,STATIONARY
28120,-0.0074,0.0000,-63.44,-63.44,STATIONARY
28130,-0.0027,0.0000,-63.44,-63.44,STATIONARY
28139,-0.0124,0.0000,-63.44,-63.44,STATIONARY
28150,-0.0065,0.0000,-63.44,-63.44,STATIONARY
28159,-0.0116,0.0000,-63.44,-63.44,STATIONARY
28169,-0.0148,0.0000,-63.44,-63.44,STATIONARY
28180,-0.0057,0.0000,-63.44,-63.44,STATIONARY
28190,-0.0240,0.0000,-63.44,-63.44,STATIONARY
28200,-0.0191,0.0000,-63.44,-63.44,STATIONARY
28210,0.0016,0.0000,-63.44,-63.44,STATIONARY
28220,-0.0215,0.0000,-63.44,-63.44,STATIONARY
28230,-0.0168,0.0000,-63.44,-63.44,STATIONARY
28240,-0.0115,0.0000,-63.44,-63.44,STATIONARY
28250,-0.0249,0.0000,-63.44,-63.44,STATIONARY
28260,-0.0062,0.0000,-63.44,-63.44,STATIONARY
28270,-0.0128,0.0000,-63.44,-63.44,STATIONARY
28280,-0.0111,0.0000,-63.44,-63.44,STATIONARY
28290,-0.0369,0.0000,-63.44,-63.44,STATIONARY
28300,-0.0336,0.0000,-63.44,-63.44,STATIONARY
28310,-0.0226,0.0000,-63.44,-63.44,STATIONARY
28319,-0.0222,0.0000,-63.44,-63.44,STATIONARY
28330,-0.0149,0.0000,-63.44,-63.44,STATIONARY
28340,-0.0273,0.0000,-63.44,-63.44,STATIONARY
28350,-0.0215,0.0000,-63.44,-63.44,STATIONARY
28360,-0.0219,0.0000,-63.44,-63.44,STATIONARY
28370,-0.0293,0.0000,-63.44,-63.44,STATIONARY
28380,-0.0262,0.0000,-63.44,-63.44,STATIONARY
28389,-0.0353,0.0000,-63.44,-63.44,STATIONARY
28400,-0.0346,0.0000,-63.44,-63.44,STATIONARY
28410,-0.0364,0.0000,-63.44,-63.44,STATIONARY
28420,-0.0303,0.0000,-63.44,-63.44,STATIONARY
28430,-0.0243,0.0000,-63.44,-63.44,STATIONARY
28440,-0.0327,0.0000,-63.44,-63.44,STATIONARY
28450,-0.0414,0.0000,-63.44,-63.44,STATIONARY
28459,-0.0411,0.0000,-63.44,-63.44,STATIONARY
28470,-0.0231,0.0000,-63.44,-63.44,STATIONARY
28480,-0.0283,0.0000,-63.44,-63.44,STATIONARY
28490,-0.0403,0.0000,-63.44,-63.44,STATIONARY
28500,-0.0401,0.0000,-63.44,-63.44,STATIONARY
28510,-0.0392,0.0000,-63.44,-63.44,STATIONARY
28520,-0.0195,0.0000,-63.44,-63.44,STATIONARY
28529,-0.0277,0.0000,-63.44,-63.44,STATIONARY
28540,-0.0384,0.0000,-63.44,-63.44,STATIONARY
28550,-0.0445,0.0000,-63.44,-63.44,STATIONARY
28560,-0.0378,0.0000,-63.44,-63.44,STATIONARY
28570,-0.0472,0.0000,-63.44,-63.44,STATIONARY
28580,-0.0466,0.0000,-63.44,-63.44,STATIONARY
28590,-0.0257,0.0000,-63.44,-63.44,STATIONARY
28600,-0.0504,0.0000,-63.44,-63.44,STATIONARY
28610,-0.0479,0.0000,-63.44,-63.44,STATIONARY
28620,-0.0412,0.0000,-63.44,-63.44,STATIONARY
28630,-0.0368,0.0000,-63.44,-63.44,STATIONARY
28640,-0.0374,0.0000,-63.44,-63.44,STATIONARY
28650,-0.0452,0.0000,-63.44,-63.44,STATIONARY
28660,-0.0451,0.0000,-63.44,-63.44,STATIONARY
28669,-0.0490,0.0000,-63.44,-63.44,STATIONARY
28680,-0.0601,0.0000,-63.44,-63.44,STATIONARY
28690,-0.0486,0.0000,-63.44,-63.44,STATIONARY
28700,-0.0398,0.0000,-63.44,-63.44,STATIONARY
28710,-0.0526,0.0000,-63.44,-63.44,STATIONARY
28720,-0.0526,0.0000,-63.44,-63.44,STATIONARY
28730,-0.0440,0.0000,-63.44,-63.44,STATIONARY
28740,-0.0388,0.0000,-63.44,-63.44,STATIONARY
28750,-0.0341,0.0000,-63.44,-63.44,STATIONARY
28760,-0.0577,0.0000,-63.44,-63.44,STATIONARY
28770,-0.0621,0.0000,-67.12,-64.32,STATIONARY
28780,-0.0384,0.0000,-67.12,-64.99,STATIONARY
28790,-0.0333,0.0000,-67.12,-65.50,STATIONARY
28800,-0.0534,0.0000,-67.12,-65.89,STATIONARY
28810,-0.0403,0.0000,-67.12,-66.18,STATIONARY
28819,-0.0535,0.0000,-67.12,-66.41,STATIONARY
28830,-0.0414,0.0000,-67.12,-66.58,STATIONARY
28840,-0.0415,0.0000,-67.12,-66.71,STATIONARY
28850,-0.0526,0.0000,-67.12,-66.80,STATIONARY
28860,-0.0691,0.0000,-70.66,-67.73,STATIONARY
28870,-0.0543,0.0000,-70.66,-68.43,STATIONARY
28880,-0.0462,0.0000,-70.66,-68.96,STATIONARY
28890,-0.0484,0.0000,-70.66,-69.37,STATIONARY
28900,-0.0507,0.0000,-70.66,-69.68,STATIONARY
28910,-0.0495,0.0000,-70.66,-69.91,STATIONARY
28920,-0.0513,0.0000,-70.66,-70.09,STATIONARY
28930,-0.0470,0.0000,-70.66,-70.23,STATIONARY
28940,-0.0337,0.0000,-70.66,-70.33,STATIONARY
28950,-0.0385,0.0000,-70.66,-70.41,STATIONARY
28959,-0.0556,0.0000,-70.66,-70.47,STATIONARY
28970,-0.0586,0.0000,-70.66,-70.52,STATIONARY
28980,-0.0546,0.0000,-70.66,-70.55,STATIONARY
28990,-0.0606,0.0000,-70.66,-70.58,STATIONARY
29000,-0.0592,0.0000,-70.66,-70.60,STATIONARY
29010,-0.0530,0.0000,-70.66,-70.62,STATIONARY
29020,-0.0543,0.0000,-70.66,-70.63,STATIONARY
29030,-0.0477,0.0000,-70.66,-70.64,STATIONARY
29040,-0.0416,0.0000,-70.66,-70.64,STATIONARY
29050,-0.0631,0.0000,-73.22,-71.26,STATIONARY
29060,-0.0649,0.0000,-73.22,-71.73,STATIONARY
29070,-0.0574,0.0000,-73.22,-72.09,STATIONARY
29080,-0.0487,0.0000,-73.22,-72.36,STATIONARY
29090,-0.0485,0.0000,-73.22,-72.56,STATIONARY
29099,-0.0789,0.0000,-74.77,-73.09,STATIONARY
29110,-0.0579,0.0000,-74.77,-73.49,STATIONARY
29120,-0.0507,0.0000,-74.77,-73.80,STATIONARY
29130,-0.0637,0.0000,-75.85,-74.29,STATIONARY
29140,-0.0665,0.0000,-75.85,-74.66,STATIONARY
29150,-0.0276,0.0000,-75.85,-74.95,STATIONARY
29160,-0.0507,0.0000,-75.85,-75.16,STATIONARY
29169,-0.0654,0.0000,-76.64,-75.52,STATIONARY
29180,-0.0330,0.0000,-76.64,-75.78,STATIONARY
29190,0.0127,0.0000,-76.64,-75.99,STATIONARY
29200,-0.0339,0.0000,-76.64,-76.14,STATIONARY
29210,-0.0672,0.0000,-76.64,-76.26,STATIONARY
29220,-0.0714,0.0000,-76.64,-76.35,STATIONARY
29230,-0.0067,0.0000,-76.64,-76.42,STATIONARY
29240,-0.0552,0.0000,-76.64,-76.47,STATIONARY
29250,-0.0546,0.0000,-76.64,-76.51,STATIONARY
29260,-0.0437,0.0000,-76.64,-76.54,STATIONARY
29270,-0.0548,0.0000,-76.64,-76.56,STATIONARY
29280,-0.0727,0.0000,-78.79,-77.10,STATIONARY
29290,-0.0319,0.0000,-78.79,-77.50,STATIONARY
29300,-0.0269,0.0000,-78.79,-77.81,STATIONARY
29310,-0.0749,0.0000,-78.79,-78.04,STATIONARY
29319,-0.1000,0.0000,-78.79,-78.22,STATIONARY
29330,-0.0378,0.0000,-78.79,-78.36,STATIONARY
29340,-0.0455,0.0000,-78.79,-78.46,STATIONARY
29350,-0.0952,0.0000,-78.79,-78.54,STATIONARY
29360,-0.0800,0.0000,-78.79,-78.60,STATIONARY
29370,-0.0632,0.0000,-81.17,-79.21,STATIONARY
29379,-0.0397,0.0000,-81.17,-79.68,STATIONARY
29389,-0.0206,0.0000,-81.17,-80.04,STATIONARY
29400,-0.0596,0.0000,-81.17,-80.31,STATIONARY
29410,-0.0539,0.0000,-81.17,-80.51,STATIONARY
29420,-0.0711,0.0000,-82.91,-81.09,STATIONARY
29430,-0.0586,0.0000,-82.91,-81.52,STATIONARY
29440,-0.0626,0.0000,-83.49,-81.99,STATIONARY
29450,-0.0813,0.0000,-83.49,-82.35,STATIONARY
29460,-0.0525,0.0000,-83.49,-82.62,STATIONARY
29470,-0.0309,0.0000,-83.49,-82.83,STATIONARY
29480,0.0052,0.0000,-83.49,-82.99,STATIONARY
29490,-0.0488,0.0000,-83.49,-83.11,STATIONARY
29500,-0.0687,0.0000,-84.76,-83.51,STATIONARY
29510,-0.0621,0.0000,-84.76,-83.81,STATIONARY
29520,-0.0584,0.0000,-84.76,-84.03,STATIONARY
29530,-0.0565,0.0000,-84.76,-84.21,STATIONARY
29540,-0.0598,0.0000,-84.76,-84.34,STATIONARY
29550,-0.0372,0.0000,-84.76,-84.44,STATIONARY
29560,-0.0622,0.0000,-86.88,-85.02,STATIONARY
29570,-0.0423,0.0000,-86.88,-85.47,STATIONARY
29580,-0.0388,0.0000,-86.88,-85.81,STATIONARY
29590,-0.0549,0.0000,-86.88,-86.06,STATIONARY
29599,-0.0737,0.0000,-88.24,-86.58,STATIONARY
29610,-0.0988,0.0000,-88.24,-86.98,STATIONARY
29620,-0.0397,0.0000,-88.24,-87.28,STATIONARY
29630,-0.0898,0.0000,-88.24,-87.51,STATIONARY
29640,-0.0531,0.0000,-88.24,-87.69,STATIONARY
29650,-0.0398,0.0000,-88.24,-87.82,STATIONARY
29660,-0.0158,0.0000,-88.24,-87.92,STATIONARY
29670,-0.0377,0.0000,-88.24,-88.00,STATIONARY
29680,-0.0608,0.0000,-89.71,-88.41,STATIONARY
29690,-0.0207,0.0000,-89.71,-88.72,STATIONARY
29700,-0.0715,0.0000,-89.71,-88.95,STATIONARY
29710,-0.0500,0.0000,-89.71,-89.13,STATIONARY
29720,-0.0725,0.0000,-89.71,-89.27,STATIONARY
29730,-0.0742,0.0000,-89.71,-89.37,STATIONARY
29740,-0.0513,0.0000,-89.71,-89.45,STATIONARY
29750,-0.0861,0.0000,-90.22,-89.64,STATIONARY
29760,-0.0470,0.0000,-90.22,-89.78,STATIONARY
29770,-0.0690,0.0000,-90.22,-89.88,STATIONARY
29780,-0.0282,0.0000,-90.22,-89.96,STATIONARY
29790,-0.0606,0.0000,-90.22,-90.02,STATIONARY
29800,-0.0617,0.0000,-90.22,-90.07,STATIONARY
29810,-0.0545,0.0000,-90.22,-90.11,STATIONARY
29819,-0.0188,0.0000,-90.22,-90.13,STATIONARY
29830,-0.0178,0.0000,-90.22,-90.15,STATIONARY
29840,-0.0313,0.0000,-90.22,-90.17,STATIONARY
29850,-0.0398,0.0000,-90.22,-90.18,STATIONARY
29860,-0.0367,0.0000,-90.22,-90.19,STATIONARY
29870,-0.0353,0.0000,-90.22,-90.20,STATIONARY
29880,-0.0618,0.0000,-92.56,-90.76,STATIONARY
29889,-0.0637,0.0000,-92.56,-91.19,STATIONARY
29900,-0.0497,0.0000,-92.56,-91.52,STATIONARY
29910,-0.0488,0.0000,-92.56,-91.77,STATIONARY
29920,-0.0743,0.0000,-92.56,-91.96,STATIONARY
29930,-0.0355,0.0000,-92.56,-92.10,STATIONARY
29940,-0.0389,0.0000,-92.56,-92.21,STATIONARY
29950,-0.0306,0.0000,-92.56,-92.29,STATIONARY
29959,-0.0481,0.0000,-92.56,-92.36,STATIONARY
29970,-0.0494,0.0000,-92.56,-92.41,STATIONARY
29980,-0.0807,0.0000,-92.56,-92.44,STATIONARY
29990,-0.1102,0.0000,-92.56,-92.47,STATIONARY
30000,-0.0582,0.0000,-92.56,-92.49,STATIONARY
30010,-0.0679,0.0000,-93.14,-92.65,STATIONARY
30020,-0.0183,0.0000,-93.14,-92.77,STATIONARY
30030,-0.0315,0.0000,-93.14,-92.86,STATIONARY
30040,-0.0380,0.0000,-93.14,-92.92,STATIONARY
30050,-0.0618,0.0000,-93.14,-92.98,STATIONARY
30060,-0.0668,0.0000,-93.14,-93.02,STATIONARY
30070,-0.0288,0.0000,-93.14,-93.05,STATIONARY
30080,-0.0446,0.0000,-93.14,-93.07,STATIONARY
30090,-0.0402,0.0000,-93.14,-93.09,STATIONARY
30099,-0.0674,0.0000,-93.14,-93.10,STATIONARY
30110,-0.0366,0.0000,-93.14,-93.11,STATIONARY
30120,-0.0509,0.0000,-93.14,-93.12,STATIONARY
30130,-0.0714,0.0000,-94.02,-93.33,STATIONARY
30140,-0.0820,0.0000,-94.02,-93.50,STATIONARY
30150,-0.0272,0.0000,-94.02,-93.62,STATIONARY
30160,-0.0407,0.0000,-94.02,-93.72,STATIONARY
30169,-0.0285,0.0000,-94.02,-93.79,STATIONARY
30180,-0.0434,0.0000,-94.02,-93.84,STATIONARY
30190,-0.0564,0.0000,-94.02,-93.88,STATIONARY
30200,-0.0283,0.0000,-94.02,-93.92,STATIONARY
30210,-0.0255,0.0000,-94.02,-93.94,STATIONARY
30220,-0.0175,0.0000,-94.02,-93.96,STATIONARY
30230,-0.0441,0.0000,-94.02,-93.97,STATIONARY
30240,-0.0614,0.0000,-94.02,-93.98,STATIONARY
30250,-0.0842,0.0000,-94.02,-93.99,STATIONARY
30260,-0.0733,0.0000,-96.21,-94.52,STATIONARY
30270,-0.0625,-0.0625,-96.83,-95.07,STATIONARY
30280,-0.0868,-0.0868,-97.70,-95.70,STATIONARY
30290,-0.0366,0.0000,-97.70,-96.18,STATIONARY
30300,-0.0335,0.0000,-97.70,-96.54,STATIONARY
30309,-0.0410,0.0000,-97.70,-96.82,STATIONARY
30319,-0.0212,0.0000,-97.70,-97.03,STATIONARY
30330,-0.0751,0.0000,-97.70,-97.19,STATIONARY
30340,-0.0441,0.0000,-97.70,-97.31,STATIONARY
30350,-0.0520,0.0000,-97.70,-97.40,STATIONARY
30360,-0.0491,0.0000,-97.70,-97.48,STATIONARY
30370,-0.0217,0.0000,-97.70,-97.53,STATIONARY
30379,-0.0461,0.0000,-97.70,-97.57,STATIONARY
30389,-0.0314,0.0000,-97.70,-97.60,STATIONARY
30400,-0.0645,0.0000,-100.14,-98.21,STATIONARY
30410,-0.0352,0.0000,-100.14,-98.67,STATIONARY
30420,-0.0382,0.0000,-100.14,-99.02,STATIONARY
30430,-0.0424,0.0000,-100.14,-99.29,STATIONARY
30440,-0.0593,0.0000,-100.14,-99.50,STATIONARY
30450,-0.0573,0.0000,-100.14,-99.65,STATIONARY
30460,-0.0411,0.0000,-100.14,-99.77,STATIONARY
30470,-0.0796,0.0000,-102.88,-100.51,STATIONARY
30480,-0.0486,0.0000,-102.88,-101.08,STATIONARY
30490,-0.0228,0.0000,-102.88,-101.51,STATIONARY
30500,-0.0377,0.0000,-102.88,-101.84,STATIONARY
30510,-0.0252,0.0000,-102.88,-102.09,STATIONARY
30520,-0.0589,0.0000,-102.88,-102.28,STATIONARY
30530,-0.0384,0.0000,-102.88,-102.42,STATIONARY
30540,-0.0613,0.0000,-105.20,-103.08,STATIONARY
30550,-0.0443,0.0000,-105.20,-103.59,STATIONARY
30560,-0.0314,0.0000,-105.20,-103.97,STATIONARY
30570,-0.0452,0.0000,-105.20,-104.27,STATIONARY
30580,-0.0566,0.0000,-105.20,-104.49,STATIONARY
30590,-0.0832,0.0000,-106.97,-105.08,STATIONARY
30599,-0.0443,0.0000,-106.97,-105.53,STATIONARY
30610,-0.0686,0.0000,-106.97,-105.88,STATIONARY
30620,-0.0614,0.0000,-106.97,-106.14,STATIONARY
30630,-0.0601,0.0000,-108.87,-106.79,STATIONARY
30640,-0.0493,0.0000,-108.87,-107.29,STATIONARY
30650,-0.0135,0.0000,-108.87,-107.67,STATIONARY
30659,0.0137,0.0000,-108.87,-107.95,STATIONARY
30669,-0.0050,0.0000,-108.87,-108.17,STATIONARY
30680,-0.0336,0.0000,-108.87,-108.34,STATIONARY
30690,-0.0162,0.0000,-108.87,-108.47,STATIONARY
30700,-0.0504,0.0000,-108.87,-108.56,STATIONARY
30710,-0.0657,0.0000,-110.41,-109.01,STATIONARY
30720,-0.1274,0.0000,-110.41,-109.34,STATIONARY
30730,-0.0863,0.0000,-113.21,-110.27,STATIONARY
30740,-0.0288,0.0000,-113.21,-110.97,STATIONARY
30749,-0.0727,0.0000,-113.21,-111.51,STATIONARY
30760,-0.0282,0.0000,-113.21,-111.91,STATIONARY
30770,-0.0088,0.0000,-113.21,-112.22,STATIONARY
30780,-0.0473,0.0000,-113.21,-112.46,STATIONARY
30790,-0.0359,0.0000,-113.21,-112.64,STATIONARY
30800,-0.0635,0.0000,-113.21,-112.77,STATIONARY
30810,-0.0424,0.0000,-113.21,-112.88,STATIONARY
30819,-0.0307,0.0000,-113.21,-112.96,STATIONARY
30830,-0.0399,0.0000,-113.21,-113.02,STATIONARY
30840,0.0276,0.0000,-113.21,-113.06,STATIONARY
30850,-0.0417,0.0000,-113.21,-113.10,STATIONARY
30860,-0.0500,0.0000,-113.21,-113.12,STATIONARY
30870,-0.0544,0.0000,-113.21,-113.14,STATIONARY
30880,-0.0238,0.0000,-113.21,-113.16,STATIONARY
30889,-0.0787,0.0000,-115.76,-113.78,STATIONARY
30900,-0.0851,0.0000,-115.76,-114.25,STATIONARY
30910,-0.0286,0.0000,-115.76,-114.61,STATIONARY
30920,-0.0912,0.0000,-115.76,-114.89,STATIONARY
30930,-0.0377,0.0000,-115.76,-115.10,STATIONARY
30940,-0.0425,0.0000,-115.76,-115.26,STATIONARY
30950,0.0001,0.0000,-115.76,-115.38,STATIONARY
30960,-0.0092,0.0000,-115.76,-115.47,STATIONARY
30970,-0.0176,0.0000,-115.76,-115.54,STATIONARY
30980,-0.0371,0.0000,-115.76,-115.59,STATIONARY
30990,-0.0616,0.0000,-115.76,-115.63,STATIONARY
31000,-0.0464,0.0000,-115.76,-115.66,STATIONARY
31010,-0.0401,0.0000,-115.76,-115.69,STATIONARY
31020,-0.0422,0.0000,-115.76,-115.70,STATIONARY
31029,-0.0124,0.0000,-115.76,-115.72,STATIONARY
31040,-0.0338,0.0000,-115.76,-115.73,STATIONARY
31050,-0.0672,0.0000,-115.76,-115.74,STATIONARY
31060,-0.0733,0.0000,-115.76,-115.74,STATIONARY
31070,-0.0598,0.0000,-115.76,-115.75,STATIONARY
31080,-0.0117,0.0000,-115.76,-115.75,STATIONARY
31090,-0.0151,0.0000,-115.76,-115.75,STATIONARY
31100,0.0160,0.0000,-115.76,-115.76,STATIONARY
31110,-0.0749,0.0000,-116.47,-115.93,STATIONARY
31120,-0.0867,0.0000,-116.47,-116.06,STATIONARY
31130,-0.0851,0.0000,-118.94,-116.74,STATIONARY
31140,0.0050,0.0000,-118.94,-117.27,STATIONARY
31150,-0.0074,0.0000,-118.94,-117.67,STATIONARY
31160,-0.0418,0.0000,-118.94,-117.97,STATIONARY
31170,-0.0482,0.0000,-118.94,-118.20,STATIONARY
31180,-0.0999,0.0000,-118.94,-118.38,STATIONARY
31190,-0.0207,0.0000,-118.94,-118.51,STATIONARY
31200,-0.0703,0.0000,-118.94,-118.61,STATIONARY
31210,0.0196,0.0000,-118.94,-118.69,STATIONARY
31220,-0.0402,0.0000,-118.94,-118.75,STATIONARY
31230,-0.0273,0.0000,-118.94,-118.79,STATIONARY
31240,-0.0228,0.0000,-118.94,-118.83,STATIONARY
31249,-0.0686,0.0000,-118.94,-118.85,STATIONARY
31260,-0.0667,0.0000,-118.94,-118.87,STATIONARY
31270,-0.0662,0.0000,-120.95,-119.37,STATIONARY
31280,-0.0056,0.0000,-120.95,-119.75,STATIONARY
31290,-0.0571,0.0000,-120.95,-120.03,STATIONARY
31300,-0.0744,0.0000,-121.58,-120.40,STATIONARY
31310,-0.0835,0.0000,-121.58,-120.68,STATIONARY
31319,-0.0217,0.0000,-121.58,-120.90,STATIONARY
31330,-0.0429,0.0000,-121.58,-121.06,STATIONARY
31340,-0.0479,0.0000,-121.58,-121.18,STATIONARY
31350,-0.0792,0.0000,-121.58,-121.28,STATIONARY
31360,-0.0158,0.0000,-121.58,-121.35,STATIONARY
31370,-0.0200,0.0000,-121.58,-121.40,STATIONARY
31380,-0.0520,0.0000,-121.58,-121.44,STATIONARY
31389,-0.0316,0.0000,-121.58,-121.48,STATIONARY
31400,-0.0628,0.0000,-122.77,-121.79,STATIONARY
31410,-0.0013,0.0000,-122.77,-122.02,STATIONARY
31420,-0.0111,0.0000,-122.77,-122.20,STATIONARY
31430,0.0015,0.0000,-122.77,-122.34,STATIONARY
31440,-0.0635,0.0000,-122.77,-122.44,STATIONARY
31450,-0.0410,0.0000,-122.77,-122.52,STATIONARY
31460,-0.0503,0.0000,-122.77,-122.58,STATIONARY
31470,-0.0572,0.0000,-122.77,-122.63,STATIONARY
31480,-0.0175,0.0000,-122.77,-122.66,STATIONARY
31490,-0.0595,0.0000,-122.77,-122.69,STATIONARY
31500,-0.0565,0.0000,-122.77,-122.71,STATIONARY
31510,-0.0660,0.0000,-125.59,-123.40,STATIONARY
31520,-0.0127,0.0000,-125.59,-123.92,STATIONARY
31529,-0.0463,0.0000,-125.59,-124.32,STATIONARY
31540,-0.0567,0.0000,-125.59,-124.62,STATIONARY
31550,-0.0597,0.0000,-125.59,-124.85,STATIONARY
31560,-0.0344,0.0000,-125.59,-125.03,STATIONARY
31570,-0.0216,0.0000,-125.59,-125.16,STATIONARY
31580,-0.0434,0.0000,-125.59,-125.27,STATIONARY
31590,-0.0631,0.0000,-128.34,-126.00,STATIONARY
31599,-0.0428,0.0000,-128.34,-126.56,STATIONARY
31610,-0.0550,0.0000,-128.34,-126.98,STATIONARY
31620,-0.0354,0.0000,-128.34,-127.31,STATIONARY
31630,-0.0415,0.0000,-128.34,-127.55,STATIONARY
31640,-0.0623,0.0000,-130.09,-128.16,STATIONARY
31650,-0.0542,0.0000,-130.09,-128.62,STATIONARY
31660,-0.0143,0.0000,-130.09,-128.97,STATIONARY
31670,-0.0151,0.0000,-130.09,-129.24,STATIONARY
31680,-0.0337,0.0000,-130.09,-129.44,STATIONARY
31690,-0.0305,0.0000,-130.09,-129.59,STATIONARY
31700,-0.0312,0.0000,-130.09,-129.71,STATIONARY
31710,-0.0197,0.0000,-130.09,-129.80,STATIONARY
31719,-0.0155,0.0000,-130.09,-129.87,STATIONARY
31730,-0.0413,0.0000,-130.09,-129.92,STATIONARY
31740,-0.0474,0.0000,-130.09,-129.96,STATIONARY
31749,-0.0562,0.0000,-130.09,-129.99,STATIONARY
31760,-0.0236,0.0000,-130.09,-130.01,STATIONARY
31770,-0.0486,0.0000,-130.09,-130.03,STATIONARY
31780,-0.0406,0.0000,-130.09,-130.04,STATIONARY
31790,-0.0507,0.0000,-130.09,-130.05,STATIONARY
31800,-0.0397,0.0000,-130.09,-130.06,STATIONARY
31809,-0.0502,0.0000,-130.09,-130.07,STATIONARY
31819,-0.0578,0.0000,-130.09,-130.07,STATIONARY
31830,-0.0364,0.0000,-130.09,-130.07,STATIONARY
31840,-0.0397,0.0000,-130.09,-130.08,STATIONARY
31850,-0.0059,0.0000,-130.09,-130.08,STATIONARY
31860,-0.0202,0.0000,-130.09,-130.08,STATIONARY
31870,-0.0297,0.0000,-130.09,-130.08,STATIONARY
31880,-0.0182,0.0000,-130.09,-130.08,STATIONARY
31889,-0.0356,0.0000,-130.09,-130.08,STATIONARY
31900,-0.0389,0.0000,-130.09,-130.08,STATIONARY
31910,-0.0323,0.0000,-130.09,-130.08,STATIONARY
31920,-0.0349,0.0000,-130.09,-130.08,STATIONARY
31930,-0.0518,0.0000,-130.09,-130.08,STATIONARY
31940,-0.0413,0.0000,-130.09,-130.08,STATIONARY
31950,-0.0438,0.0000,-130.09,-130.08,STATIONARY
31959,-0.0321,0.0000,-130.09,-130.08,STATIONARY
31970,-0.0508,0.0000,-130.09,-130.09,STATIONARY
31980,-0.0415,0.0000,-130.09,-130.09,STATIONARY
31990,-0.0321,0.0000,-130.09,-130.09,STATIONARY
32000,-0.0201,0.0000,-130.09,-130.09,STATIONARY
32010,-0.0640,0.0000,-130.09,-130.09,STATIONARY
32020,-0.0455,0.0000,-130.09,-130.09,STATIONARY
32029,-0.0426,0.0000,-130.09,-130.09,STATIONARY
32040,-0.0291,0.0000,-130.09,-130.09,STATIONARY
32050,-0.0245,0.0000,-130.09,-130.09,STATIONARY
32060,-0.0317,0.0000,-130.09,-130.09,STATIONARY
32070,-0.0413,0.0000,-130.09,-130.09,STATIONARY
32080,-0.0409,0.0000,-130.09,-130.09,STATIONARY
32090,-0.0458,0.0000,-130.09,-130.09,STATIONARY
32100,-0.0450,0.0000,-130.09,-130.09,STATIONARY
32110,-0.0562,0.0000,-130.09,-130.09,STATIONARY
32120,-0.0524,0.0000,-130.09,-130.09,STATIONARY
32130,-0.0352,0.0000,-130.09,-130.09,STATIONARY
32140,-0.0278,0.0000,-130.09,-130.09,STATIONARY
32150,-0.0426,0.0000,-130.09,-130.09,STATIONARY
32160,-0.0492,0.0000,-130.09,-130.09,STATIONARY
32169,-0.0338,0.0000,-130.09,-130.09,STATIONARY
32180,-0.0397,0.0000,-130.09,-130.09,STATIONARY
32190,-0.0395,0.0000,-130.09,-130.09,STATIONARY
32200,-0.0254,0.0000,-130.09,-130.09,STATIONARY
32210,-0.0363,0.0000,-130.09,-130.09,STATIONARY
32220,-0.0238,0.0000,-130.09,-130.09,STATIONARY
32230,-0.0299,0.0000,-130.09,-130.09,STATIONARY
32239,-0.0447,0.0000,-130.09,-130.09,STATIONARY
32249,-0.0156,0.0000,-130.09,-130.09,STATIONARY
32260,-0.0484,0.0000,-130.09,-130.09,STATIONARY
32270,-0.0265,0.0000,-130.09,-130.09,STATIONARY
32280,-0.0486,0.0000,-130.09,-130.09,STATIONARY
32290,-0.0152,0.0000,-130.09,-130.09,STATIONARY
32300,-0.0342,0.0000,-130.09,-130.09,STATIONARY
32310,-0.0230,0.0000,-130.09,-130.09,STATIONARY
32319,-0.0213,0.0000,-130.09,-130.09,STATIONARY
32330,-0.0547,0.0000,-130.09,-130.09,STATIONARY
32340,-0.0258,0.0000,-130.09,-130.09,STATIONARY
32350,-0.0496,0.0000,-130.09,-130.09,STATIONARY
32360,-0.0458,0.0000,-130.09,-130.09,STATIONARY
32370,-0.0511,0.0000,-130.09,-130.09,STATIONARY
32380,-0.0516,0.0000,-130.09,-130.09,STATIONARY
32390,-0.0382,0.0000,-130.09,-130.09,STATIONARY
32400,-0.0476,0.0000,-130.09,-130.09,STATIONARY
32409,-0.0174,0.0000,-130.09,-130.09,STATIONARY
32420,-0.0483,0.0000,-130.09,-130.09,STATIONARY
32430,-0.0318,0.0000,-130.09,-130.09,STATIONARY
32439,-0.0439,0.0000,-130.09,-130.09,STATIONARY
32450,-0.0366,0.0000,-130.09,-130.09,STATIONARY
32459,-0.0387,0.0000,-130.09,-130.09,STATIONARY
32470,-0.0292,0.0000,-130.09,-130.09,STATIONARY
32480,-0.0349,0.0000,-130.09,-130.09,STATIONARY
32490,-0.0239,0.0000,-130.09,-130.09,STATIONARY
32500,-0.0432,0.0000,-130.09,-130.09,STATIONARY
32510,-0.0481,0.0000,-130.09,-130.09,STATIONARY
32520,-0.0723,0.0000,-130.09,-130.09,STATIONARY
32529,-0.0423,0.0000,-130.09,-130.09,STATIONARY
32540,-0.0581,0.0000,-130.09,-130.09,STATIONARY
32550,-0.0332,0.0000,-130.09,-130.09,STATIONARY
32560,-0.0324,0.0000,-130.09,-130.09,STATIONARY
32570,-0.0484,0.0000,-130.09,-130.09,STATIONARY
32580,-0.0361,0.0000,-130.09,-130.09,STATIONARY
32589,-0.0405,0.0000,-130.09,-130.09,STATIONARY
32599,-0.0356,0.0000,-130.09,-130.09,STATIONARY
32610,-0.0392,0.0000,-130.09,-130.09,STATIONARY
32620,-0.0456,0.0000,-130.09,-130.09,STATIONARY
32630,-0.0335,0.0000,-130.09,-130.09,STATIONARY
32639,-0.0446,0.0000,-130.09,-130.09,STATIONARY
32650,-0.0354,0.0000,-130.09,-130.09,STATIONARY
32660,-0.0481,0.0000,-130.09,-130.09,STATIONARY
32669,-0.0518,0.0000,-130.09,-130.09,STATIONARY
32680,-0.0304,0.0000,-130.09,-130.09,STATIONARY
32690,-0.0493,0.0000,-130.09,-130.09,STATIONARY
32700,-0.0344,0.0000,-130.09,-130.09,STATIONARY
32710,-0.0270,0.0000,-130.09,-130.09,STATIONARY
32720,-0.0207,0.0000,-130.09,-130.09,STATIONARY
32730,-0.0473,0.0000,-130.09,-130.09,STATIONARY
32740,-0.0495,0.0000,-130.09,-130.09,STATIONARY
32749,-0.0306,0.0000,-130.09,-130.09,STATIONARY
32760,-0.0393,0.0000,-130.09,-130.09,STATIONARY
32770,-0.0447,0.0000,-130.09,-130.09,STATIONARY
32780,-0.0482,0.0000,-130.09,-130.09,STATIONARY
32790,-0.0457,0.0000,-130.09,-130.09,STATIONARY
32800,-0.0296,0.0000,-130.09,-130.09,STATIONARY
32810,-0.0290,0.0000,-130.09,-130.09,STATIONARY
32819,-0.0371,0.0000,-130.09,-130.09,STATIONARY
32830,-0.0207,0.0000,-130.09,-130.09,STATIONARY
32840,-0.0432,0.0000,-130.09,-130.09,STATIONARY
32850,-0.0277,0.0000,-130.09,-130.09,STATIONARY
32860,-0.0339,0.0000,-130.09,-130.09,STATIONARY
32870,-0.0448,0.0000,-130.09,-130.09,STATIONARY
32880,-0.0420,0.0000,-130.09,-130.09,STATIONARY
32889,-0.0402,0.0000,-130.09,-130.09,STATIONARY
32900,-0.0327,0.0000,-130.09,-130.09,STATIONARY
32910,-0.0400,0.0000,-130.09,-130.09,STATIONARY
32920,-0.0490,0.0000,-130.09,-130.09,STATIONARY
32930,-0.0446,0.0000,-130.09,-130.09,STATIONARY
32940,-0.0383,0.0000,-130.09,-130.09,STATIONARY
32950,-0.0355,0.0000,-130.09,-130.09,STATIONARY
32959,-0.0405,0.0000,-130.09,-130.09,STATIONARY
32970,-0.0257,0.0000,-130.09,-130.09,STATIONARY
32980,-0.0289,0.0000,-130.09,-130.09,STATIONARY
32990,-0.0359,0.0000,-130.09,-130.09,STATIONARY
33000,-0.0335,0.0000,-130.09,-130.09,STATIONARY
33010,-0.0349,0.0000,-130.09,-130.09,STATIONARY
33020,-0.0557,0.0000,-130.09,-130.09,STATIONARY
33029,-0.0401,0.0000,-130.09,-130.09,STATIONARY
33040,-0.0427,0.0000,-130.09,-130.09,STATIONARY
33050,-0.0366,0.0000,-130.09,-130.09,STATIONARY
33060,-0.0443,0.0000,-130.09,-130.09,STATIONARY
33070,-0.0437,0.0000,-130.09,-130.09,STATIONARY
33080,-0.0269,0.0000,-130.09,-130.09,STATIONARY
33090,-0.0352,0.0000,-130.09,-130.09,STATIONARY
33099,-0.0254,0.0000,-130.09,-130.09,STATIONARY
33110,-0.0468,0.0000,-130.09,-130.09,STATIONARY
33120,-0.0316,0.0000,-130.09,-130.09,STATIONARY
33130,-0.0425,0.0000,-130.09,-130.09,STATIONARY
33140,-0.0263,0.0000,-130.09,-130.09,STATIONARY
33150,-0.0484,0.0000,-130.09,-130.09,STATIONARY
33160,-0.0328,0.0000,-130.09,-130.09,STATIONARY
33169,-0.0552,0.0000,-130.09,-130.09,STATIONARY
33180,-0.0271,0.0000,-130.09,-130.09,STATIONARY
33190,-0.0292,0.0000,-130.09,-130.09,STATIONARY
33200,-0.0277,0.0000,-130.09,-130.09,STATIONARY
33210,-0.0322,0.0000,-130.09,-130.09,STATIONARY
33220,-0.0340,0.0000,-130.09,-130.09,STATIONARY
33230,-0.0214,0.0000,-130.09,-130.09,STATIONARY
33239,-0.0416,0.0000,-130.09,-130.09,STATIONARY
33249,-0.0362,0.0000,-130.09,-130.09,STATIONARY
33260,-0.0443,0.0000,-130.09,-130.09,STATIONARY
33270,-0.0217,0.0000,-130.09,-130.09,STATIONARY
33280,-0.0385,0.0000,-130.09,-130.09,STATIONARY
33290,-0.0364,0.0000,-130.09,-130.09,STATIONARY
33300,-0.0282,0.0000,-130.09,-130.09,STATIONARY
33310,-0.0383,0.0000,-130.09,-130.09,STATIONARY
33319,-0.0218,0.0000,-130.09,-130.09,STATIONARY
33330,-0.0216,0.0000,-130.09,-130.09,STATIONARY
33340,-0.0328,0.0000,-130.09,-130.09,STATIONARY
33350,-0.0403,0.0000,-130.09,-130.09,STATIONARY
33360,-0.0349,0.0000,-130.09,-130.09,STATIONARY
33370,-0.0451,0.0000,-130.09,-130.09,STATIONARY
33380,-0.0313,0.0000,-130.09,-130.09,STATIONARY
33389,-0.0240,0.0000,-130.09,-130.09,STATIONARY
33400,-0.0434,0.0000,-130.09,-130.09,STATIONARY
33410,-0.0276,0.0000,-130.09,-130.09,STATIONARY
33420,-0.0272,0.0000,-130.09,-130.09,STATIONARY
33430,-0.0257,0.0000,-130.09,-130.09,STATIONARY
33439,-0.0261,0.0000,-130.09,-130.09,STATIONARY
33450,-0.0294,0.0000,-130.09,-130.09,STATIONARY
33460,-0.0300,0.0000,-130.09,-130.09,STATIONARY
33470,-0.0282,0.0000,-130.09,-130.09,STATIONARY
33480,-0.0292,0.0000,-130.09,-130.09,STATIONARY
33490,-0.0415,0.0000,-130.09,-130.09,STATIONARY
33500,-0.0353,0.0000,-130.09,-130.09,STATIONARY
33510,-0.0424,0.0000,-130.09,-130.09,STATIONARY
33520,-0.0310,0.0000,-130.09,-130.09,STATIONARY
33529,-0.0317,0.0000,-130.09,-130.09,STATIONARY
33540,-0.0161,0.0000,-130.09,-130.09,STATIONARY
33550,-0.0370,0.0000,-130.09,-130.09,STATIONARY
33560,-0.0327,0.0000,-130.09,-130.09,STATIONARY
33570,-0.0335,0.0000,-130.09,-130.09,STATIONARY
33580,-0.0439,0.0000,-130.09,-130.09,STATIONARY
33590,-0.0350,0.0000,-130.09,-130.09,STATIONARY
33599,-0.0273,0.0000,-130.09,-130.09,STATIONARY
33610,-0.0236,0.0000,-130.09,-130.09,STATIONARY
33620,-0.0405,0.0000,-130.09,-130.09,STATIONARY
33630,-0.0433,0.0000,-130.09,-130.09,STATIONARY
33639,-0.0317,0.0000,-130.09,-130.09,STATIONARY
33650,-0.0382,0.0000,-130.09,-130.09,STATIONARY
33660,-0.0403,0.0000,-130.09,-130.09,STATIONARY
33669,-0.0377,0.0000,-130.09,-130.09,STATIONARY
33679,-0.0324,0.0000,-130.09,-130.09,STATIONARY
33690,-0.0466,0.0000,-130.09,-130.09,STATIONARY
33700,-0.0337,0.0000,-130.09,-130.09,STATIONARY
33710,-0.0329,0.0000,-130.09,-130.09,STATIONARY
33720,-0.0331,0.0000,-130.09,-130.09,STATIONARY
33730,-0.0466,0.0000,-130.09,-130.09,STATIONARY
33740,-0.0459,0.0000,-130.09,-130.09,STATIONARY
33749,-0.0399,0.0000,-130.09,-130.09,STATIONARY
33760,-0.0264,0.0000,-130.09,-130.09,STATIONARY
33770,-0.0132,0.0000,-130.09,-130.09,STATIONARY
33780,-0.0278,0.0000,-130.09,-130.09,STATIONARY
33790,-0.0225,0.0000,-130.09,-130.09,STATIONARY
33800,-0.0232,0.0000,-130.09,-130.09,STATIONARY
33810,-0.0352,0.0000,-130.09,-130.09,STATIONARY
33819,-0.0284,0.0000,-130.09,-130.09,STATIONARY
33830,-0.0301,0.0000,-130.09,-130.09,STATIONARY
33840,-0.0442,0.0000,-130.09,-130.09,STATIONARY
33850,-0.0469,0.0000,-130.09,-130.09,STATIONARY
33860,-0.0357,0.0000,-130.09,-130.09,STATIONARY
33870,-0.0326,0.0000,-130.09,-130.09,STATIONARY
33880,-0.0292,0.0000,-130.09,-130.09,STATIONARY
33889,-0.0259,0.0000,-130.09,-130.09,STATIONARY
33900,-0.0246,0.0000,-130.09,-130.09,STATIONARY
33910,-0.0468,0.0000,-130.09,-130.09,STATIONARY
33920,-0.0278,0.0000,-130.09,-130.09,STATIONARY
33930,-0.0283,0.0000,-130.09,-130.09,STATIONARY
33940,-0.0297,0.0000,-130.09,-130.09,STATIONARY
33950,-0.0294,0.0000,-130.09,-130.09,STATIONARY
33959,-0.0406,0.0000,-130.09,-130.09,STATIONARY
33970,-0.0300,0.0000,-130.09,-130.09,STATIONARY
33980,-0.0468,0.0000,-130.09,-130.09,STATIONARY
33990,-0.0252,0.0000,-130.09,-130.09,STATIONARY
34000,-0.0410,0.0000,-130.09,-130.09,STATIONARY
34010,-0.0482,0.0000,-130.09,-130.09,STATIONARY
34020,-0.0367,0.0000,-130.09,-130.09,STATIONARY
34029,-0.0447,0.0000,-130.09,-130.09,STATIONARY
34040,-0.0255,0.0000,-130.09,-130.09,STATIONARY
34050,-0.0393,0.0000,-130.09,-130.09,STATIONARY
34060,-0.0213,0.0000,-130.09,-130.09,STATIONARY
34070,-0.0236,0.0000,-130.09,-130.09,STATIONARY
34080,-0.0373,0.0000,-130.09,-130.09,STATIONARY
34090,-0.0361,0.0000,-130.09,-130.09,STATIONARY
34099,-0.0275,0.0000,-130.09,-130.09,STATIONARY
34110,-0.0217,0.0000,-130.09,-130.09,STATIONARY
34120,-0.0395,0.0000,-130.09,-130.09,STATIONARY
34130,-0.0220,0.0000,-130.09,-130.09,STATIONARY
34140,-0.0344,0.0000,-130.09,-130.09,STATIONARY
34150,-0.0372,0.0000,-130.09,-130.09,STATIONARY
34160,-0.0264,0.0000,-130.09,-130.09,STATIONARY
34170,-0.0361,0.0000,-130.09,-130.09,STATIONARY
34179,-0.0424,0.0000,-130.09,-130.09,STATIONARY
34190,-0.0380,0.0000,-130.09,-130.09,STATIONARY
34200,-0.0400,0.0000,-130.09,-130.09,STATIONARY
34210,-0.0236,0.0000,-130.09,-130.09,STATIONARY
34220,-0.0271,0.0000,-130.09,-130.09,STATIONARY
34230,-0.0332,0.0000,-130.09,-130.09,STATIONARY
34239,-0.0336,0.0000,-130.09,-130.09,STATIONARY
34249,-0.0317,0.0000,-130.09,-130.09,STATIONARY
34260,-0.0400,0.0000,-130.09,-130.09,STATIONARY
34270,-0.0304,0.0000,-130.09,-130.09,STATIONARY
34280,-0.0144,0.0000,-130.09,-130.09,STATIONARY
34290,-0.0231,0.0000,-130.09,-130.09,STATIONARY
34300,-0.0330,0.0000,-130.09,-130.09,STATIONARY
34310,-0.0306,0.0000,-130.09,-130.09,STATIONARY
34319,-0.0315,0.0000,-130.09,-130.09,STATIONARY
34330,-0.0308,0.0000,-130.09,-130.09,STATIONARY
34340,-0.0415,0.0000,-130.09,-130.09,STATIONARY
34350,-0.0255,0.0000,-130.09,-130.09,STATIONARY
34360,-0.0198,0.0000,-130.09,-130.09,STATIONARY
34370,-0.0423,0.0000,-130.09,-130.09,STATIONARY
34380,-0.0357,0.0000,-130.09,-130.09,STATIONARY
34389,-0.0400,0.0000,-130.09,-130.09,STATIONARY
34400,-0.0281,0.0000,-130.09,-130.09,STATIONARY
34410,-0.0356,0.0000,-130.09,-130.09,STATIONARY
34420,-0.0367,0.0000,-130.09,-130.09,STATIONARY
34430,-0.0282,0.0000,-130.09,-130.09,STATIONARY
34440,-0.0218,0.0000,-130.09,-130.09,STATIONARY
34450,-0.0217,0.0000,-130.09,-130.09,STATIONARY
34459,-0.0383,0.0000,-130.09,-130.09,STATIONARY
34470,-0.0347,0.0000,-130.09,-130.09,STATIONARY
34480,-0.0259,0.0000,-130.09,-130.09,STATIONARY
34490,-0.0312,0.0000,-130.09,-130.09,STATIONARY
34500,-0.0403,0.0000,-130.09,-130.09,STATIONARY
34510,-0.0497,0.0000,-130.09,-130.09,STATIONARY
34520,-0.0396,0.0000,-130.09,-130.09,STATIONARY
34530,-0.0254,0.0000,-130.09,-130.09,STATIONARY
34540,-0.0303,0.0000,-130.09,-130.09,STATIONARY
34550,-0.0476,0.0000,-130.09,-130.09,STATIONARY
34560,-0.0370,0.0000,-130.09,-130.09,STATIONARY
34570,-0.0395,0.0000,-130.09,-130.09,STATIONARY
34580,-0.0367,0.0000,-130.09,-130.09,STATIONARY
34590,-0.0268,0.0000,-130.09,-130.09,STATIONARY
34599,-0.0319,0.0000,-130.09,-130.09,STATIONARY
34610,-0.0332,0.0000,-130.09,-130.09,STATIONARY
34620,-0.0321,0.0000,-130.09,-130.09,STATIONARY
34630,-0.0352,0.0000,-130.09,-130.09,STATIONARY
34639,-0.0433,0.0000,-130.09,-130.09,STATIONARY
34650,-0.0247,0.0000,-130.09,-130.09,STATIONARY
34659,-0.0238,0.0000,-130.09,-130.09,STATIONARY
34670,-0.0332,0.0000,-130.09,-130.09,STATIONARY
34679,-0.0278,0.0000,-130.09,-130.09,STATIONARY
34690,-0.0424,0.0000,-130.09,-130.09,STATIONARY
34700,-0.0305,0.0000,-130.09,-130.09,STATIONARY
34710,-0.0360,0.0000,-130.09,-130.09,STATIONARY
34720,-0.0242,0.0000,-130.09,-130.09,STATIONARY
34730,-0.0450,0.0000,-130.09,-130.09,STATIONARY
34740,-0.0433,0.0000,-130.09,-130.09,STATIONARY
34749,-0.0356,0.0000,-130.09,-130.09,STATIONARY
34760,-0.0410,0.0000,-130.09,-130.09,STATIONARY
34770,-0.0334,0.0000,-130.09,-130.09,STATIONARY
34780,-0.0292,0.0000,-130.09,-130.09,STATIONARY
34790,-0.0280,0.0000,-130.09,-130.09,STATIONARY
34800,-0.0351,0.0000,-130.09,-130.09,STATIONARY
34810,-0.0242,0.0000,-130.09,-130.09,STATIONARY
34819,-0.0196,0.0000,-130.09,-130.09,STATIONARY
34830,-0.0338,0.0000,-130.09,-130.09,STATIONARY
34840,-0.0224,0.0000,-130.09,-130.09,STATIONARY
34850,-0.0366,0.0000,-130.09,-130.09,STATIONARY
34860,-0.0270,0.0000,-130.09,-130.09,STATIONARY
34870,-0.0295,0.0000,-130.09,-130.09,STATIONARY
34880,-0.0180,0.0000,-130.09,-130.09,STATIONARY
34889,-0.0454,0.0000,-130.09,-130.09,STATIONARY
34900,-0.0314,0.0000,-130.09,-130.09,STATIONARY
34910,-0.0294,0.0000,-130.09,-130.09,STATIONARY
34920,-0.0252,0.0000,-130.09,-130.09,STATIONARY
34930,-0.0297,0.0000,-130.09,-130.09,STATIONARY
34940,-0.0271,0.0000,-130.09,-130.09,STATIONARY
34950,-0.0280,0.0000,-130.09,-130.09,STATIONARY
34959,-0.0157,0.0000,-130.09,-130.09,STATIONARY
34970,-0.0355,0.0000,-130.09,-130.09,STATIONARY
34980,-0.0278,0.0000,-130.09,-130.09,STATIONARY
34990,-0.0298,0.0000,-130.09,-130.09,STATIONARY
35000,-0.0397,0.0000,-130.09,-130.09,STATIONARY
35010,-0.0242,0.0000,-130.09,-130.09,STATIONARY
35020,-0.0388,0.0000,-130.09,-130.09,STATIONARY
35029,-0.0310,0.0000,-130.09,-130.09,STATIONARY
35040,-0.0451,0.0000,-130.09,-130.09,STATIONARY
35050,-0.0229,0.0000,-130.09,-130.09,STATIONARY
35060,-0.0339,0.0000,-130.09,-130.09,STATIONARY
35070,-0.0255,0.0000,-130.09,-130.09,STATIONARY
35080,-0.0302,0.0000,-130.09,-130.09,STATIONARY
35090,-0.0295,0.0000,-130.09,-130.09,STATIONARY
35099,-0.0242,0.0000,-130.09,-130.09,STATIONARY
35110,-0.0213,0.0000,-130.09,-130.09,STATIONARY
35120,-0.0294,0.0000,-130.09,-130.09,STATIONARY
35130,-0.0274,0.0000,-130.09,-130.09,STATIONARY
35140,-0.0383,0.0000,-130.09,-130.09,STATIONARY
35150,-0.0348,0.0000,-130.09,-130.09,STATIONARY
35160,-0.0315,0.0000,-130.09,-130.09,STATIONARY
35170,-0.0364,0.0000,-130.09,-130.09,STATIONARY
35179,-0.0317,0.0000,-130.09,-130.09,STATIONARY
35190,-0.0317,0.0000,-130.09,-130.09,STATIONARY
35200,-0.0237,0.0000,-130.09,-130.09,STATIONARY
35210,-0.0281,0.0000,-130.09,-130.09,STATIONARY
35220,-0.0231,0.0000,-130.09,-130.09,STATIONARY
35230,-0.0280,0.0000,-130.09,-130.09,STATIONARY
35239,-0.0499,0.0000,-130.09,-130.09,STATIONARY
35250,-0.0279,0.0000,-130.09,-130.09,STATIONARY
35260,-0.0266,0.0000,-130.09,-130.09,STATIONARY
35270,-0.0279,0.0000,-130.09,-130.09,STATIONARY
35280,-0.0240,0.0000,-130.09,-130.09,STATIONARY
35290,-0.0239,0.0000,-130.09,-130.09,STATIONARY
35300,-0.0341,0.0000,-130.09,-130.09,STATIONARY
35310,-0.0180,0.0000,-130.09,-130.09,STATIONARY
35319,-0.0270,0.0000,-130.09,-130.09,STATIONARY
35330,-0.0301,0.0000,-130.09,-130.09,STATIONARY
35340,-0.0303,0.0000,-130.09,-130.09,STATIONARY
35350,-0.0322,0.0000,-130.09,-130.09,STATIONARY
35360,-0.0389,0.0000,-130.09,-130.09,STATIONARY
35370,-0.0405,0.0000,-130.09,-130.09,STATIONARY
35380,-0.0436,0.0000,-130.09,-130.09,STATIONARY
35389,-0.0371,0.0000,-130.09,-130.09,STATIONARY
35400,-0.0337,0.0000,-130.09,-130.09,STATIONARY
35410,-0.0371,0.0000,-130.09,-130.09,STATIONARY
35420,-0.0296,0.0000,-130.09,-130.09,STATIONARY
35430,-0.0210,0.0000,-130.09,-130.09,STATIONARY
35439,-0.0236,0.0000,-130.09,-130.09,STATIONARY
35450,-0.0215,0.0000,-130.09,-130.09,STATIONARY
35459,-0.0331,0.0000,-130.09,-130.09,STATIONARY
35470,-0.0241,0.0000,-130.09,-130.09,STATIONARY
35480,-0.0406,0.0000,-130.09,-130.09,STATIONARY
35490,-0.0184,0.0000,-130.09,-130.09,STATIONARY
35500,-0.0322,0.0000,-130.09,-130.09,STATIONARY
35510,-0.0323,0.0000,-130.09,-130.09,STATIONARY
35520,-0.0233,0.0000,-130.09,-130.09,STATIONARY
35529,-0.0262,0.0000,-130.09,-130.09,STATIONARY
35540,-0.0258,0.0000,-130.09,-130.09,STATIONARY
35550,-0.0224,0.0000,-130.09,-130.09,STATIONARY
35560,-0.0228,0.0000,-130.09,-130.09,STATIONARY
35570,-0.0441,0.0000,-130.09,-130.09,STATIONARY
35580,-0.0205,0.0000,-130.09,-130.09,STATIONARY
35590,-0.0387,0.0000,-130.09,-130.09,STATIONARY
35599,-0.0325,0.0000,-130.09,-130.09,STATIONARY
35610,-0.0250,0.0000,-130.09,-130.09,STATIONARY
35620,-0.0288,0.0000,-130.09,-130.09,STATIONARY
35630,-0.0209,0.0000,-130.09,-130.09,STATIONARY
35639,-0.0247,0.0000,-130.09,-130.09,STATIONARY
35650,-0.0121,0.0000,-130.09,-130.09,STATIONARY
35660,-0.0335,0.0000,-130.09,-130.09,STATIONARY
35670,-0.0172,0.0000,-130.09,-130.09,STATIONARY
35679,-0.0152,0.0000,-130.09,-130.09,STATIONARY
35690,-0.0124,0.0000,-130.09,-130.09,STATIONARY
35700,-0.0209,0.0000,-130.09,-130.09,STATIONARY
35710,-0.0245,0.0000,-130.09,-130.09,STATIONARY
35720,-0.0334,0.0000,-130.09,-130.09,STATIONARY
35730,-0.0239,0.0000,-130.09,-130.09,STATIONARY
35740,-0.0228,0.0000,-130.09,-130.09,STATIONARY
35749,-0.0332,0.0000,-130.09,-130.09,STATIONARY
35760,-0.0325,0.0000,-130.09,-130.09,STATIONARY
35770,-0.0353,0.0000,-130.09,-130.09,STATIONARY
35780,-0.0352,0.0000,-130.09,-130.09,STATIONARY
35790,-0.0233,0.0000,-130.09,-130.09,STATIONARY
35800,-0.0133,0.0000,-130.09,-130.09,STATIONARY
35810,-0.0169,0.0000,-130.09,-130.09,STATIONARY
35819,-0.0212,0.0000,-130.09,-130.09,STATIONARY
35830,-0.0304,0.0000,-130.09,-130.09,STATIONARY
35840,-0.0231,0.0000,-130.09,-130.09,STATIONARY
35849,-0.0252,0.0000,-130.09,-130.09,STATIONARY
35859,-0.0153,0.0000,-130.09,-130.09,STATIONARY
35870,-0.0192,0.0000,-130.09,-130.09,STATIONARY
35880,-0.0252,0.0000,-130.09,-130.09,STATIONARY
35889,-0.0284,0.0000,-130.09,-130.09,STATIONARY
35900,-0.0221,0.0000,-130.09,-130.09,STATIONARY
35910,-0.0289,0.0000,-130.09,-130.09,STATIONARY
35920,-0.0152,0.0000,-130.09,-130.09,STATIONARY
35930,-0.0253,0.0000,-130.09,-130.09,STATIONARY
35940,-0.0294,0.0000,-130.09,-130.09,STATIONARY
35950,-0.0131,0.0000,-130.09,-130.09,STATIONARY
35959,-0.0146,0.0000,-130.09,-130.09,STATIONARY
35970,-0.0158,0.0000,-130.09,-130.09,STATIONARY
35980,-0.0310,0.0000,-130.09,-130.09,STATIONARY
35990,-0.0173,0.0000,-130.09,-130.09,STATIONARY
36000,-0.0330,0.0000,-130.09,-130.09,STATIONARY
36010,-0.0257,0.0000,-130.09,-130.09,STATIONARY
36020,-0.0183,0.0000,-130.09,-130.09,STATIONARY
36030,-0.0187,0.0000,-130.09,-130.09,STATIONARY
36040,-0.0281,0.0000,-130.09,-130.09,STATIONARY
36050,-0.0145,0.0000,-130.09,-130.09,STATIONARY
36060,-0.0228,0.0000,-130.09,-130.09,STATIONARY
36070,-0.0268,0.0000,-130.09,-130.09,STATIONARY
36079,-0.0280,0.0000,-130.09,-130.09,STATIONARY
36090,-0.0117,0.0000,-130.09,-130.09,STATIONARY
36099,-0.0260,0.0000,-130.09,-130.09,STATIONARY
36110,-0.0304,0.0000,-130.09,-130.09,STATIONARY
36120,-0.0196,0.0000,-130.09,-130.09,STATIONARY
36130,-0.0306,0.0000,-130.09,-130.09,STATIONARY
36140,-0.0358,0.0000,-130.09,-130.09,STATIONARY
36150,-0.0355,0.0000,-130.09,-130.09,STATIONARY
36160,-0.0283,0.0000,-130.09,-130.09,STATIONARY
36170,-0.0208,0.0000,-130.09,-130.09,STATIONARY
36179,-0.0246,0.0000,-130.09,-130.09,STATIONARY
36190,-0.0293,0.0000,-130.09,-130.09,STATIONARY
36200,-0.0332,0.0000,-130.09,-130.09,STATIONARY
36210,-0.0277,0.0000,-130.09,-130.09,STATIONARY
36220,-0.0216,0.0000,-130.09,-130.09,STATIONARY
36230,-0.0283,0.0000,-130.09,-130.09,STATIONARY
36239,-0.0268,0.0000,-130.09,-130.09,STATIONARY
36250,-0.0306,0.0000,-130.09,-130.09,STATIONARY
36260,-0.0271,0.0000,-130.09,-130.09,STATIONARY
36270,-0.0291,0.0000,-130.09,-130.09,STATIONARY
36280,-0.0247,0.0000,-130.09,-130.09,STATIONARY
36290,-0.0232,0.0000,-130.09,-130.09,STATIONARY
36300,-0.0421,0.0000,-130.09,-130.09,STATIONARY
36310,-0.0345,0.0000,-130.09,-130.09,STATIONARY
36319,-0.0168,0.0000,-130.09,-130.09,STATIONARY
36330,-0.0221,0.0000,-130.09,-130.09,STATIONARY
36340,-0.0207,0.0000,-130.09,-130.09,STATIONARY
36350,-0.0047,0.0000,-130.09,-130.09,STATIONARY
36360,-0.0144,0.0000,-130.09,-130.09,STATIONARY
36370,-0.0312,0.0000,-130.09,-130.09,STATIONARY
36380,-0.0271,0.0000,-130.09,-130.09,STATIONARY
36389,-0.0377,0.0000,-130.09,-130.09,STATIONARY
36400,-0.0280,0.0000,-130.09,-130.09,STATIONARY
36410,-0.0194,0.0000,-130.09,-130.09,STATIONARY
36420,-0.0199,0.0000,-130.09,-130.09,STATIONARY
36430,-0.0325,0.0000,-130.09,-130.09,STATIONARY
36440,-0.0253,0.0000,-130.09,-130.09,STATIONARY
36450,-0.0173,0.0000,-130.09,-130.09,STATIONARY
36459,-0.0389,0.0000,-130.09,-130.09,STATIONARY
36470,-0.0154,0.0000,-130.09,-130.09,STATIONARY
36480,-0.0324,0.0000,-130.09,-130.09,STATIONARY
36490,-0.0310,0.0000,-130.09,-130.09,STATIONARY
36500,-0.0205,0.0000,-130.09,-130.09,STATIONARY
36510,-0.0252,0.0000,-130.09,-130.09,STATIONARY
36520,-0.0120,0.0000,-130.09,-130.09,STATIONARY
36529,-0.0350,0.0000,-130.09,-130.09,STATIONARY
36540,-0.0169,0.0000,-130.09,-130.09,STATIONARY
36550,-0.0359,0.0000,-130.09,-130.09,STATIONARY
36560,-0.0280,0.0000,-130.09,-130.09,STATIONARY
36570,-0.0312,0.0000,-130.09,-130.09,STATIONARY
36580,-0.0352,0.0000,-130.09,-130.09,STATIONARY
36590,-0.0363,0.0000,-130.09,-130.09,STATIONARY
36599,-0.0389,0.0000,-130.09,-130.09,STATIONARY
36609,-0.0054,0.0000,-130.09,-130.09,STATIONARY
36620,-0.0361,0.0000,-130.09,-130.09,STATIONARY
36630,0.0059,0.0000,-130.09,-130.09,STATIONARY
36639,-0.0171,0.0000,-130.09,-130.09,STATIONARY
36650,-0.0164,0.0000,-130.09,-130.09,STATIONARY
36659,-0.0285,0.0000,-130.09,-130.09,STATIONARY
36670,-0.0413,0.0000,-130.09,-130.09,STATIONARY
36680,-0.0102,0.0000,-130.09,-130.09,STATIONARY
36690,-0.0218,0.0000,-130.09,-130.09,STATIONARY
36700,-0.0173,0.0000,-130.09,-130.09,STATIONARY
36710,-0.0405,0.0000,-130.09,-130.09,STATIONARY
36720,-0.0292,0.0000,-130.09,-130.09,STATIONARY
36730,-0.0186,0.0000,-130.09,-130.09,STATIONARY
36740,-0.0162,0.0000,-130.09,-130.09,STATIONARY
36749,-0.0293,0.0000,-130.09,-130.09,STATIONARY
36760,-0.0185,0.0000,-130.09,-130.09,STATIONARY
36770,-0.0372,0.0000,-130.09,-130.09,STATIONARY
36780,-0.0163,0.0000,-130.09,-130.09,STATIONARY
36790,-0.0128,0.0000,-130.09,-130.09,STATIONARY
36800,-0.0367,0.0000,-130.09,-130.09,STATIONARY
36810,-0.0303,0.0000,-130.09,-130.09,STATIONARY
36819,-0.0434,0.0000,-130.09,-130.09,STATIONARY
36830,-0.0469,0.0000,-130.09,-130.09,STATIONARY
36840,-0.0541,0.0000,-130.09,-130.09,STATIONARY
36850,-0.0392,0.0000,-130.09,-130.09,STATIONARY
36860,-0.0699,0.0000,-130.09,-130.09,STATIONARY
36870,-0.0614,0.0000,-130.09,-130.09,STATIONARY
36880,-0.0603,0.0000,-132.00,-130.54,STATIONARY
36889,-0.0575,0.0000,-132.00,-130.89,STATIONARY
36900,-0.0700,0.0000,-132.58,-131.29,STATIONARY
36910,-0.1252,0.0000,-132.58,-131.60,STATIONARY
36920,-0.1067,0.0000,-135.60,-132.56,STATIONARY
36930,-0.1109,-0.1109,-136.70,-133.55,STATIONARY
36940,-0.1042,-0.1042,-137.75,-134.55,STATIONARY
36950,-0.1152,-0.1152,-138.90,-135.59,STATIONARY
36960,-0.1174,-0.1174,-140.07,-136.66,STATIONARY
36970,-0.1003,-0.1003,-141.08,-137.72,STATIONARY
36980,-0.1144,-0.1144,-142.22,-138.79,STATIONARY
36990,-0.1028,-0.1028,-143.25,-139.86,STATIONARY
37000,-0.1307,-0.1307,-144.55,-140.98,STATIONARY
37010,-0.1057,-0.1057,-145.61,-142.09,STATIONARY
37020,-0.1082,-0.1082,-146.69,-143.19,STATIONARY
37029,-0.1175,-0.1175,-147.87,-144.31,STATIONARY
37040,-0.1382,-0.1382,-149.25,-145.49,STATIONARY
37050,-0.1254,-0.1254,-150.51,-146.69,STATIONARY
37060,-0.1154,-0.1154,-151.66,-147.88,STATIONARY
37070,-0.1425,-0.1425,-153.08,-149.12,STATIONARY
37080,-0.1425,-0.1425,-154.51,-150.41,STATIONARY
37090,-0.1672,-0.1672,-156.18,-151.79,STATIONARY
37099,-0.1655,-0.1655,-157.83,-153.23,STATIONARY
37109,-0.1714,-0.1714,-159.55,-154.74,STATIONARY
37120,-0.1608,-0.1608,-161.16,-156.28,STATIONARY
37130,-0.1603,-0.1603,-162.76,-157.83,DOWN
37140,-0.1515,-0.1515,-164.27,-159.37,DOWN
37150,-0.1574,-0.1574,-165.85,-160.92,DOWN
37160,-0.1499,-0.1499,-167.35,-162.45,DOWN
37169,-0.1485,-0.1485,-168.83,-163.98,DOWN
37179,-0.1579,-0.1579,-170.41,-165.52,DOWN
37190,-0.1323,-0.1323,-171.73,-167.00,DOWN
37200,-0.1404,-0.1404,-173.14,-168.47,DOWN
37210,-0.1352,-0.1352,-174.49,-169.91,DOWN
37220,-0.1518,-0.1518,-176.01,-171.37,DOWN
37230,-0.1433,-0.1433,-177.44,-172.82,DOWN
37239,-0.1766,-0.1766,-179.21,-174.35,DOWN
37249,-0.1770,-0.1770,-180.98,-175.93,DOWN
37260,-0.1766,-0.1766,-182.74,-177.56,DOWN
37270,-0.1739,-0.1739,-184.48,-179.22,DOWN
37280,-0.1783,-0.1783,-186.27,-180.90,DOWN
37290,-0.1980,-0.1980,-188.25,-182.66,DOWN
37300,-0.1824,-0.1824,-190.07,-184.43,DOWN
37310,-0.2042,-0.2042,-192.11,-186.27,DOWN
37319,-0.1659,-0.1659,-193.77,-188.06,DOWN
37330,-0.1873,-0.1873,-195.64,-189.87,DOWN
37340,-0.1775,-0.1775,-197.42,-191.68,DOWN
37350,-0.1668,-0.1668,-199.09,-193.45,DOWN
37360,-0.1612,-0.1612,-200.70,-195.18,DOWN
37370,-0.1593,-0.1593,-202.29,-196.88,DOWN
37380,-0.1774,-0.1774,-204.07,-198.60,DOWN
37390,-0.1516,-0.1516,-205.58,-200.27,DOWN
37400,-0.1585,-0.1585,-207.17,-201.92,DOWN
37410,-0.1785,-0.1785,-208.95,-203.60,DOWN
37420,-0.1931,-0.1931,-210.88,-205.34,DOWN
37430,-0.2014,-0.2014,-212.90,-207.15,DOWN
37439,-0.2001,-0.2001,-214.90,-209.00,DOWN
37450,-0.2281,-0.2281,-217.18,-210.96,DOWN
37459,-0.2398,-0.2398,-219.58,-213.02,DOWN
37470,-0.2638,-0.2638,-222.22,-215.22,DOWN
37480,-0.2560,-0.2560,-224.77,-217.50,DOWN
37490,-0.2981,-0.2981,-227.76,-219.95,DOWN
37500,-0.3096,-0.3096,-230.85,-222.56,DOWN
37510,-0.3154,-0.3154,-234.01,-225.29,DOWN
37520,-0.3249,-0.3249,-237.25,-228.15,DOWN
37529,-0.3160,-0.3160,-240.41,-231.08,DOWN
37540,-0.3287,-0.3287,-243.70,-234.10,DOWN
37550,-0.3325,-0.3325,-247.03,-237.19,DOWN
37560,-0.3210,-0.3210,-250.24,-240.31,DOWN
37570,-0.2959,-0.2959,-253.20,-243.39,DOWN
37580,-0.3380,-0.3380,-256.58,-246.54,DOWN
37590,-0.3113,-0.3113,-259.69,-249.69,DOWN
37599,-0.3222,-0.3222,-262.91,-252.85,DOWN
37609,-0.3483,-0.3483,-266.39,-256.09,DOWN
37620,-0.3603,-0.3603,-270.00,-259.41,DOWN
37630,-0.3657,-0.3657,-273.66,-262.82,DOWN
37639,-0.3492,-0.3492,-277.15,-266.24,DOWN
37650,-0.3780,-0.3780,-280.93,-269.75,DOWN
37660,-0.4051,-0.4051,-284.98,-273.39,DOWN
37670,-0.4197,-0.4197,-289.18,-277.17,DOWN
37679,-0.3799,-0.3799,-292.97,-280.94,DOWN
37690,-0.3772,-0.3772,-296.75,-284.72,DOWN
37700,-0.3862,-0.3862,-300.61,-288.52,DOWN
37710,-0.3837,-0.3837,-304.45,-292.33,DOWN
37720,-0.3878,-0.3878,-308.32,-296.15,DOWN
37730,-0.3915,-0.3915,-312.24,-300.00,DOWN
37740,-0.3846,-0.3846,-316.08,-303.84,DOWN
37750,-0.3886,-0.3886,-319.97,-307.70,DOWN
37760,-0.4055,-0.4055,-324.03,-311.60,DOWN
37770,-0.4089,-0.4089,-328.12,-315.55,DOWN
37780,-0.3994,-0.3994,-332.11,-319.51,DOWN
37790,-0.3981,-0.3981,-336.09,-323.47,DOWN
37800,-0.4116,-0.4116,-340.21,-327.47,DOWN
37810,-0.4323,-0.4323,-344.53,-331.55,DOWN
37820,-0.4158,-0.4158,-348.69,-335.65,DOWN
37830,-0.4251,-0.4251,-352.94,-339.78,DOWN
37840,-0.4376,-0.4376,-357.31,-343.97,DOWN
37850,-0.4447,-0.4447,-361.76,-348.22,DOWN
37860,-0.4448,-0.4448,-366.21,-352.52,DOWN
37870,-0.4124,-0.4124,-370.33,-356.78,DOWN
37880,-0.4210,-0.4210,-374.54,-361.03,DOWN
37889,-0.4407,-0.4407,-378.95,-365.31,DOWN
37900,-0.4394,-0.4394,-383.35,-369.62,DOWN
37910,-0.4550,-0.4550,-387.90,-373.99,DOWN
37920,-0.4427,-0.4427,-392.32,-378.37,DOWN
37930,-0.4250,-0.4250,-396.57,-382.72,DOWN
37940,-0.4641,-0.4641,-401.21,-387.14,DOWN
37950,-0.4707,-0.4707,-405.92,-391.63,DOWN
37959,-0.4434,-0.4434,-410.35,-396.11,DOWN
37970,-0.4576,-0.4576,-414.93,-400.61,DOWN
37980,-0.4670,-0.4670,-419.60,-405.15,DOWN
37990,-0.4621,-0.4621,-424.22,-409.71,DOWN
38000,-0.4737,-0.4737,-428.96,-414.31,DOWN
38010,-0.4784,-0.4784,-433.74,-418.95,DOWN
38020,-0.4899,-0.4899,-438.64,-423.66,DOWN
38029,-0.4990,-0.4990,-443.63,-428.43,DOWN
38040,-0.4807,-0.4807,-448.44,-433.22,DOWN
38050,-0.4980,-0.4980,-453.42,-438.05,DOWN
38060,-0.5098,-0.5098,-458.52,-442.94,DOWN
38070,-0.5060,-0.5060,-463.58,-447.87,DOWN
38080,-0.4914,-0.4914,-468.49,-452.80,DOWN
38090,-0.5038,-0.5038,-473.53,-457.76,DOWN
38099,-0.5021,-0.5021,-478.55,-462.73,DOWN
38109,-0.5013,-0.5013,-483.56,-467.71,DOWN
38120,-0.5046,-0.5046,-488.61,-472.70,DOWN
38130,-0.4931,-0.4931,-493.54,-477.69,DOWN
38140,-0.4838,-0.4838,-498.38,-482.63,DOWN
38150,-0.4958,-0.4958,-503.33,-487.58,DOWN
38160,-0.5022,-0.5022,-508.36,-492.55,DOWN
38170,-0.4868,-0.4868,-513.22,-497.49,DOWN
38179,-0.4940,-0.4940,-518.16,-502.43,DOWN
38190,-0.5105,-0.5105,-523.27,-507.41,DOWN
38200,-0.5073,-0.5073,-528.34,-512.42,DOWN
38210,-0.5258,-0.5258,-533.60,-517.48,DOWN
38220,-0.5334,-0.5334,-538.93,-522.61,DOWN
38230,-0.5502,-0.5502,-544.44,-527.83,DOWN
38239,-0.5558,-0.5558,-549.99,-533.13,DOWN
38249,-0.5340,-0.5340,-555.33,-538.43,DOWN
38260,-0.5450,-0.5450,-560.78,-543.78,DOWN
38270,-0.5432,-0.5432,-566.22,-549.14,DOWN
38280,-0.5227,-0.5227,-571.44,-554.47,DOWN
38290,-0.5278,-0.5278,-576.72,-559.79,DOWN
38300,-0.5262,-0.5262,-581.98,-565.10,DOWN
38310,-0.5461,-0.5461,-587.44,-570.44,DOWN
38319,-0.5329,-0.5329,-592.77,-575.78,DOWN
38330,-0.5449,-0.5449,-598.22,-581.14,DOWN
38340,-0.5687,-0.5687,-603.91,-586.59,DOWN
38350,-0.5596,-0.5596,-609.51,-592.07,DOWN
38360,-0.5650,-0.5650,-615.16,-597.59,DOWN
38369,-0.5566,-0.5566,-620.72,-603.12,DOWN
38380,-0.5739,-0.5739,-626.46,-608.70,DOWN
38389,-0.5731,-0.5731,-632.19,-614.31,DOWN
38400,-0.5700,-0.5700,-637.89,-619.95,DOWN
38410,-0.5722,-0.5722,-643.61,-625.61,DOWN
38420,-0.5916,-0.5916,-649.53,-631.33,DOWN
38430,-0.5979,-0.5979,-655.51,-637.11,DOWN
38440,-0.5740,-0.5740,-661.25,-642.88,DOWN
38450,-0.5895,-0.5895,-667.14,-648.68,DOWN
38460,-0.6102,-0.6102,-673.25,-654.55,DOWN
38470,-0.5983,-0.5983,-679.23,-660.45,DOWN
38480,-0.6036,-0.6036,-685.27,-666.38,DOWN
38490,-0.5908,-0.5908,-691.17,-672.31,DOWN
38500,-0.5790,-0.5790,-696.96,-678.20,DOWN
38510,-0.5952,-0.5952,-702.92,-684.11,DOWN
38520,-0.5864,-0.5864,-708.78,-690.01,DOWN
38530,-0.5921,-0.5921,-714.70,-695.91,DOWN
38540,-0.6029,-0.6029,-720.73,-701.84,DOWN
38550,-0.6117,-0.6117,-726.85,-707.82,DOWN
38560,-0.6414,-0.6414,-733.26,-713.90,DOWN
38570,-0.6511,-0.6511,-739.77,-720.08,DOWN
38580,-0.6366,-0.6366,-746.14,-726.31,DOWN
38590,-0.6403,-0.6403,-752.54,-732.58,DOWN
38600,-0.6170,-0.6170,-758.71,-738.83,DOWN
38609,-0.6050,-0.6050,-764.76,-745.03,DOWN
38620,-0.6042,-0.6042,-770.80,-751.19,DOWN
38630,-0.6236,-0.6236,-777.04,-757.37,DOWN
38640,-0.6407,-0.6407,-783.44,-763.60,DOWN
38650,-0.6386,-0.6386,-789.83,-769.87,DOWN
38660,-0.6457,-0.6457,-796.29,-776.19,DOWN
38670,-0.6275,-0.6275,-802.56,-782.49,DOWN
38680,-0.6348,-0.6348,-808.92,-788.81,DOWN
38690,-0.6240,-0.6240,-815.15,-795.10,DOWN
38700,-0.6422,-0.6422,-821.57,-801.43,DOWN
38710,-0.6493,-0.6493,-828.06,-807.80,DOWN
38720,-0.6622,-0.6622,-834.69,-814.23,DOWN
38730,-0.6709,-0.6709,-841.40,-820.72,DOWN
38740,-0.6291,-0.6291,-847.69,-827.17,DOWN
38750,-0.6578,-0.6578,-854.26,-833.64,DOWN
38760,-0.6569,-0.6569,-860.83,-840.15,DOWN
38770,-0.6898,-0.6898,-867.73,-846.74,DOWN
38780,-0.6956,-0.6956,-874.69,-853.42,DOWN
38790,-0.6697,-0.6697,-881.38,-860.10,DOWN
38800,-0.6891,-0.6891,-888.27,-866.84,DOWN
38810,-0.6777,-0.6777,-895.05,-873.58,DOWN
38819,-0.7043,-0.7043,-902.09,-880.40,DOWN
38830,-0.6932,-0.6932,-909.03,-887.24,DOWN
38840,-0.7150,-0.7150,-916.18,-894.16,DOWN
38850,-0.6881,-0.6881,-923.06,-901.07,DOWN
38860,-0.6751,-0.6751,-929.81,-907.94,DOWN
38870,-0.7062,-0.7062,-936.87,-914.86,DOWN
38880,-0.6903,-0.6903,-943.80,-921.79,DOWN
38889,-0.7180,-0.7180,-950.95,-928.74,DOWN
38900,-0.7180,-0.7180,-958.13,-935.77,DOWN
38910,-0.7031,-0.7031,-965.17,-942.80,DOWN
38920,-0.6693,-0.6693,-971.86,-949.74,DOWN
38930,-0.6994,-0.6994,-978.85,-956.70,DOWN
38940,-0.7289,-0.7289,-986.14,-963.74,DOWN
38950,-0.7324,-0.7324,-993.46,-970.85,DOWN
38959,-0.7014,-0.7014,-1000.48,-977.93,DOWN
38970,-0.6981,-0.6981,-1007.46,-984.99,DOWN
38980,-0.6925,-0.6925,-1014.39,-992.02,DOWN
38990,-0.7025,-0.7025,-1021.41,-999.04,DOWN
39000,-0.7018,-0.7018,-1028.43,-1006.07,DOWN
39010,-0.6485,-0.6485,-1034.91,-1012.96,DOWN
39020,-0.6257,-0.6257,-1041.17,-1019.71,DOWN
39030,-0.6155,-0.6155,-1047.32,-1026.31,DOWN
39040,-0.6031,-0.6031,-1053.36,-1032.77,DOWN
39050,-0.6211,-0.6211,-1059.57,-1039.18,DOWN
39060,-0.5812,-0.5812,-1065.38,-1045.45,DOWN
39070,-0.5534,-0.5534,-1070.91,-1051.53,DOWN
39080,-0.5645,-0.5645,-1076.56,-1057.51,DOWN
39090,-0.5868,-0.5868,-1082.43,-1063.47,DOWN
39100,-0.5685,-0.5685,-1088.11,-1069.36,DOWN
39109,-0.5085,-0.5085,-1093.20,-1075.06,DOWN
39120,-0.4901,-0.4901,-1098.10,-1080.57,DOWN
39130,-0.4973,-0.4973,-1103.07,-1085.95,DOWN
39140,-0.5125,-0.5125,-1108.20,-1091.26,DOWN
39150,-0.4993,-0.4993,-1113.19,-1096.51,DOWN
39160,-0.4591,-0.4591,-1117.78,-1101.59,DOWN
39170,-0.4498,-0.4498,-1122.28,-1106.54,DOWN
39179,-0.4423,-0.4423,-1126.70,-1111.36,DOWN
39190,-0.4590,-0.4590,-1131.29,-1116.12,DOWN
39200,-0.4071,-0.4071,-1135.36,-1120.72,DOWN
39210,-0.4044,-0.4044,-1139.41,-1125.19,DOWN
39220,-0.3851,-0.3851,-1143.26,-1129.51,DOWN
39230,-0.3967,-0.3967,-1147.22,-1133.74,DOWN
39240,-0.4013,-0.4013,-1151.24,-1137.92,DOWN
39249,-0.3400,-0.3400,-1154.64,-1141.92,DOWN
39260,-0.3275,-0.3275,-1157.91,-1145.74,DOWN
39270,-0.3348,-0.3348,-1161.26,-1149.45,DOWN
39280,-0.3541,-0.3541,-1164.80,-1153.12,DOWN
39290,-0.3228,-0.3228,-1168.03,-1156.68,DOWN
39300,-0.2781,-0.2781,-1170.81,-1160.06,DOWN
39310,-0.2845,-0.2845,-1173.65,-1163.31,DOWN
39319,-0.3089,-0.3089,-1176.74,-1166.52,DOWN
39330,-0.2687,-0.2687,-1179.43,-1169.61,DOWN
39340,-0.2226,-0.2226,-1181.66,-1172.49,DOWN
39350,-0.2459,-0.2459,-1184.12,-1175.27,DOWN
39360,-0.2412,-0.2412,-1186.53,-1177.96,DOWN
39370,-0.2249,-0.2249,-1188.78,-1180.55,DOWN
39380,-0.1682,-0.1682,-1190.46,-1182.92,DOWN
39390,-0.1528,-0.1528,-1191.99,-1185.08,DOWN
39400,-0.1825,-0.1825,-1193.81,-1187.17,DOWN
39409,-0.1428,-0.1428,-1195.24,-1189.10,DOWN
39420,-0.1000,-0.1000,-1196.24,-1190.81,DOWN
39430,-0.1043,-0.1043,-1197.28,-1192.35,DOWN
39440,-0.1254,-0.1254,-1198.54,-1193.83,DOWN
39450,-0.1076,-0.1076,-1199.61,-1195.21,DOWN
39459,-0.0414,0.0000,-1199.61,-1196.27,DOWN
39470,-0.0625,0.0000,-1199.61,-1197.07,DOWN
39480,-0.0645,0.0000,-1199.61,-1197.68,DOWN
39490,-0.0550,0.0000,-1199.61,-1198.14,DOWN
39500,-0.0075,0.0000,-1199.61,-1198.49,DOWN
39510,0.0347,0.0000,-1199.61,-1198.76,DOWN
39520,0.0114,0.0000,-1199.61,-1198.96,DOWN
39530,-0.0179,0.0000,-1199.61,-1199.12,DOWN
39539,0.0353,0.0000,-1199.61,-1199.24,DOWN
39550,0.0351,0.0000,-1199.61,-1199.33,DOWN
39560,0.0423,0.0000,-1199.61,-1199.39,DOWN
39570,0.0241,0.0000,-1199.61,-1199.45,DOWN
39580,0.0501,0.0000,-1199.61,-1199.49,DOWN
39590,0.1020,0.0000,-1199.61,-1199.52,DOWN
39599,0.0798,0.0000,-1199.61,-1199.54,DOWN
39609,0.0153,0.0000,-1199.61,-1199.56,DOWN
39620,0.0446,0.0000,-1199.61,-1199.57,DOWN
39630,0.0967,0.0000,-1199.61,-1199.58,DOWN
39640,0.1009,0.0000,-1199.61,-1199.59,DOWN
39650,0.0405,0.0000,-1199.61,-1199.59,DOWN
39660,0.0083,0.0000,-1199.61,-1199.60,DOWN
39669,0.0857,0.0000,-1199.61,-1199.60,DOWN
39680,0.0956,0.0000,-1199.61,-1199.60,DOWN
39690,0.0173,0.0000,-1199.61,-1199.61,DOWN
39700,0.0148,0.0000,-1199.61,-1199.61,DOWN
39710,0.0665,0.0000,-1199.61,-1199.61,DOWN
39720,0.0857,0.0000,-1199.61,-1199.61,DOWN
39730,-0.0006,0.0000,-1199.61,-1199.61,DOWN
39740,-0.0235,0.0000,-1199.61,-1199.61,DOWN
39749,0.0643,0.0000,-1199.61,-1199.61,DOWN
39760,0.0547,0.0000,-1199.61,-1199.61,DOWN
39770,0.0090,0.0000,-1199.61,-1199.61,DOWN
39780,-0.0395,0.0000,-1199.61,-1199.61,DOWN
39790,0.0824,0.0000,-1199.37,-1199.55,DOWN
39800,0.0502,0.0000,-1199.37,-1199.51,DOWN
39810,-0.0131,0.0000,-1199.37,-1199.48,DOWN
39820,-0.0143,0.0000,-1199.37,-1199.45,DOWN
39830,0.0386,0.0000,-1199.37,-1199.43,DOWN
39840,0.0989,0.0000,-1198.76,-1199.27,DOWN
39850,0.0026,0.0000,-1198.76,-1199.15,DOWN
39860,0.0049,0.0000,-1198.76,-1199.05,DOWN
39870,0.0440,0.0000,-1198.76,-1198.98,DOWN
39880,0.0852,0.0000,-1198.76,-1198.93,DOWN
39890,0.0208,0.0000,-1198.76,-1198.89,DOWN
39900,-0.0245,0.0000,-1198.76,-1198.86,DOWN
39910,0.0242,0.0000,-1198.76,-1198.83,DOWN
39920,0.0420,0.0000,-1198.76,-1198.81,DOWN
39930,0.0246,0.0000,-1198.76,-1198.80,DOWN
39940,-0.0244,0.0000,-1198.76,-1198.79,DOWN
39950,-0.0003,0.0000,-1198.76,-1198.78,DOWN
39959,0.0525,0.0000,-1198.76,-1198.78,DOWN
39970,-0.0049,0.0000,-1198.76,-1198.77,DOWN
39980,-0.0398,0.0000,-1198.76,-1198.77,DOWN
39990,0.0095,0.0000,-1198.76,-1198.77,DOWN
40000,0.0488,0.0000,-1198.76,-1198.76,DOWN
40010,0.0447,0.0000,-1198.76,-1198.76,DOWN
40019,-0.0041,0.0000,-1198.76,-1198.76,DOWN
40030,-0.0269,0.0000,-1198.76,-1198.76,DOWN
40039,0.0600,0.0000,-1198.76,-1198.76,DOWN
40050,0.0543,0.0000,-1198.76,-1198.76,DOWN
40060,-0.0006,0.0000,-1198.76,-1198.76,DOWN
40070,-0.0087,0.0000,-1198.76,-1198.76,DOWN
40080,0.0357,0.0000,-1198.76,-1198.76,DOWN
40090,0.0737,0.0000,-1197.95,-1198.56,DOWN
40099,0.0221,0.0000,-1197.95,-1198.42,DOWN
40110,-0.0192,0.0000,-1197.95,-1198.31,DOWN
40120,0.0345,0.0000,-1197.95,-1198.22,DOWN
40130,0.0625,0.0000,-1197.95,-1198.16,DOWN
40140,0.0193,0.0000,-1197.95,-1198.11,DOWN
40150,-0.0425,0.0000,-1197.95,-1198.07,DOWN
40160,-0.0397,0.0000,-1197.95,-1198.04,DOWN
40170,0.0437,0.0000,-1197.95,-1198.02,DOWN
40179,0.0082,0.0000,-1197.95,-1198.00,DOWN
40190,-0.0526,0.0000,-1197.95,-1197.99,DOWN
40200,-0.0339,0.0000,-1197.95,-1197.98,DOWN
40210,0.0296,0.0000,-1197.95,-1197.97,DOWN
40220,0.0019,0.0000,-1197.95,-1197.97,DOWN
40230,-0.0762,0.0000,-1197.95,-1197.96,DOWN
40240,-0.0368,0.0000,-1197.95,-1197.96,DOWN
40250,0.0288,0.0000,-1197.95,-1197.96,DOWN
40260,0.0164,0.0000,-1197.95,-1197.96,DOWN
40270,-0.0300,0.0000,-1197.95,-1197.95,DOWN
40280,-0.0048,0.0000,-1197.95,-1197.95,DOWN
40290,0.0433,0.0000,-1197.95,-1197.95,DOWN
40300,0.0450,0.0000,-1197.95,-1197.95,DOWN
40310,-0.0225,0.0000,-1197.95,-1197.95,DOWN
40320,-0.0176,0.0000,-1197.95,-1197.95,DOWN
40330,0.0308,0.0000,-1197.95,-1197.95,DOWN
40340,0.0063,0.0000,-1197.95,-1197.95,DOWN
40350,0.0071,0.0000,-1197.95,-1197.95,DOWN
40360,-0.0157,0.0000,-1197.95,-1197.95,DOWN
40370,0.0168,0.0000,-1197.95,-1197.95,DOWN
40380,-0.0115,0.0000,-1197.95,-1197.95,DOWN
40390,-0.0336,0.0000,-1197.95,-1197.95,DOWN
40400,-0.0414,0.0000,-1197.95,-1197.95,DOWN
40410,-0.0391,0.0000,-1197.95,-1197.95,DOWN
40420,0.0172,0.0000,-1197.95,-1197.95,DOWN
40430,0.0016,0.0000,-1197.95,-1197.95,DOWN
40440,-0.0445,0.0000,-1197.95,-1197.95,DOWN
40450,-0.0207,0.0000,-1197.95,-1197.95,DOWN
40460,0.0162,0.0000,-1197.95,-1197.95,DOWN
40470,0.0396,0.0000,-1197.95,-1197.95,DOWN
40480,-0.0343,0.0000,-1197.95,-1197.95,DOWN
40490,-0.0447,0.0000,-1197.95,-1197.95,DOWN
40500,0.0335,0.0000,-1197.95,-1197.95,DOWN
40510,0.0375,0.0000,-1197.95,-1197.95,DOWN
40520,0.0038,0.0000,-1197.95,-1197.95,DOWN
40530,-0.0526,0.0000,-1197.95,-1197.95,DOWN
40539,0.0053,0.0000,-1197.95,-1197.95,DOWN
40550,0.0240,0.0000,-1197.95,-1197.95,DOWN
40560,-0.0222,0.0000,-1197.95,-1197.95,DOWN
40570,-0.0692,0.0000,-1197.95,-1197.95,DOWN
40580,-0.0286,0.0000,-1197.95,-1197.95,DOWN
40590,0.0162,0.0000,-1197.95,-1197.95,DOWN
40599,-0.0288,0.0000,-1197.95,-1197.95,DOWN
40609,-0.0511,0.0000,-1197.95,-1197.95,DOWN
40620,-0.0191,0.0000,-1197.95,-1197.95,DOWN
40630,0.0436,0.0000,-1197.95,-1197.95,DOWN
40640,0.0137,0.0000,-1197.95,-1197.95,DOWN
40650,-0.0614,0.0000,-1198.49,-1198.08,DOWN
40660,-0.0321,0.0000,-1198.49,-1198.18,DOWN
40670,0.0531,0.0000,-1198.49,-1198.25,DOWN
40680,0.0055,0.0000,-1198.49,-1198.31,DOWN
40690,-0.0729,0.0000,-1198.23,-1198.29,DOWN
40700,-0.0409,0.0000,-1198.23,-1198.27,DOWN
40710,0.0113,0.0000,-1198.23,-1198.26,DOWN
40720,0.0086,0.0000,-1198.23,-1198.25,DOWN
40730,-0.0487,0.0000,-1198.23,-1198.25,DOWN
40740,-0.0808,0.0000,-1198.23,-1198.24,DOWN
40749,-0.0283,0.0000,-1198.23,-1198.24,DOWN
40760,0.0217,0.0000,-1198.23,-1198.23,DOWN
40770,-0.0488,0.0000,-1198.23,-1198.23,DOWN
40780,-0.0767,0.0000,-1198.23,-1198.23,DOWN
40790,-0.0232,0.0000,-1198.23,-1198.23,DOWN
40800,0.0184,0.0000,-1198.23,-1198.23,DOWN
40810,-0.0186,0.0000,-1198.23,-1198.23,DOWN
40819,-0.0672,0.0000,-1198.23,-1198.23,DOWN
40830,-0.0427,0.0000,-1198.23,-1198.23,DOWN
40840,0.0138,0.0000,-1198.23,-1198.23,DOWN
40850,-0.0006,0.0000,-1198.23,-1198.23,DOWN
40860,-0.0738,0.0000,-1198.23,-1198.23,DOWN
40870,-0.0703,0.0000,-1198.23,-1198.23,DOWN
40880,-0.0123,0.0000,-1198.23,-1198.23,DOWN
40890,-0.0117,0.0000,-1198.23,-1198.23,DOWN
40900,-0.0366,0.0000,-1198.23,-1198.23,DOWN
40910,-0.0613,0.0000,-1198.23,-1198.23,DOWN
40920,-0.0166,0.0000,-1198.23,-1198.23,DOWN
40930,0.0443,0.0000,-1198.23,-1198.23,DOWN
40940,-0.0210,0.0000,-1198.23,-1198.23,DOWN
40950,-0.0590,0.0000,-1198.23,-1198.23,DOWN
40959,-0.0165,0.0000,-1198.23,-1198.23,DOWN
40970,0.0356,0.0000,-1198.23,-1198.23,DOWN
40980,-0.0046,0.0000,-1198.23,-1198.23,DOWN
40990,-0.0369,0.0000,-1198.23,-1198.23,DOWN
41000,-0.0100,0.0000,-1198.23,-1198.23,DOWN
41010,0.0402,0.0000,-1198.23,-1198.23,DOWN
41020,0.0111,0.0000,-1198.23,-1198.23,DOWN
41029,-0.0383,0.0000,-1198.23,-1198.23,DOWN
41039,-0.0702,0.0000,-1198.23,-1198.23,DOWN
41050,0.0182,0.0000,-1198.23,-1198.23,DOWN
41060,-0.0276,0.0000,-1198.23,-1198.23,DOWN
41070,-0.0584,0.0000,-1198.23,-1198.23,DOWN
41080,-0.0759,0.0000,-1198.90,-1198.39,DOWN
41090,-0.0321,0.0000,-1198.90,-1198.51,DOWN
41100,-0.0168,0.0000,-1198.90,-1198.60,DOWN
41110,-0.0571,0.0000,-1198.90,-1198.68,DOWN
41120,-0.0675,0.0000,-1199.96,-1198.98,DOWN
41130,-0.0320,0.0000,-1199.96,-1199.22,DOWN
41140,0.0162,0.0000,-1199.96,-1199.40,DOWN
41150,-0.0005,0.0000,-1199.96,-1199.53,DOWN
41160,-0.0609,0.0000,-1199.96,-1199.64,DOWN
41170,-0.0275,0.0000,-1199.96,-1199.71,DOWN
41179,0.0237,0.0000,-1199.96,-1199.77,DOWN
41190,0.0173,0.0000,-1199.96,-1199.82,DOWN
41200,-0.0594,0.0000,-1199.96,-1199.85,DOWN
41210,-0.0541,0.0000,-1199.96,-1199.88,DOWN
41220,0.0111,0.0000,-1199.96,-1199.90,DOWN
41230,0.0122,0.0000,-1199.96,-1199.92,DOWN
41240,-0.0403,0.0000,-1199.96,-1199.93,DOWN
41250,-0.0447,0.0000,-1199.96,-1199.94,DOWN
41260,-0.0071,0.0000,-1199.96,-1199.94,DOWN
41270,0.0163,0.0000,-1199.96,-1199.95,DOWN
41280,-0.0359,0.0000,-1199.96,-1199.95,DOWN
41290,-0.0621,0.0000,-1199.96,-1199.95,DOWN
41300,-0.0191,0.0000,-1199.96,-1199.96,DOWN
41310,0.0143,0.0000,-1199.96,-1199.96,DOWN
41319,-0.0271,0.0000,-1199.96,-1199.96,DOWN
41330,-0.0456,0.0000,-1199.96,-1199.96,DOWN
41340,-0.0312,0.0000,-1199.96,-1199.96,DOWN
41350,0.0021,0.0000,-1199.96,-1199.96,DOWN
41360,-0.0020,0.0000,-1199.96,-1199.96,DOWN
41370,-0.0172,0.0000,-1199.96,-1199.96,DOWN
41380,-0.0200,0.0000,-1199.96,-1199.96,DOWN
41390,0.0005,0.0000,-1199.96,-1199.96,DOWN
41400,-0.0006,0.0000,-1199.96,-1199.96,DOWN
41410,0.0032,0.0000,-1199.96,-1199.96,DOWN
41420,-0.0567,0.0000,-1199.96,-1199.96,DOWN
41430,-0.0444,0.0000,-1199.96,-1199.96,DOWN
41440,-0.0013,0.0000,-1199.96,-1199.96,DOWN
41450,-0.0144,0.0000,-1199.96,-1199.96,DOWN
41459,-0.0748,0.0000,-1199.96,-1199.96,DOWN
41470,-0.0517,0.0000,-1199.96,-1199.96,DOWN
41480,0.0151,0.0000,-1199.96,-1199.96,DOWN
41490,0.0017,0.0000,-1199.96,-1199.96,DOWN
41500,-0.0714,0.0000,-1200.31,-1200.05,DOWN
41510,-0.0570,0.0000,-1200.31,-1200.11,DOWN
41520,-0.0132,0.0000,-1200.31,-1200.16,DOWN
41529,-0.0177,0.0000,-1200.31,-1200.20,DOWN
41539,-0.0427,0.0000,-1200.31,-1200.22,DOWN
41550,-0.0560,0.0000,-1200.31,-1200.25,DOWN
41560,0.0202,0.0000,-1200.31,-1200.26,DOWN
41570,0.0554,0.0000,-1200.31,-1200.27,DOWN
41580,0.0066,0.0000,-1200.31,-1200.28,DOWN
41590,-0.0267,0.0000,-1200.31,-1200.29,DOWN
41600,0.0163,0.0000,-1200.31,-1200.30,DOWN
41609,0.0234,0.0000,-1200.31,-1200.30,DOWN
41620,-0.0198,0.0000,-1200.31,-1200.30,DOWN
41630,-0.0559,0.0000,-1200.31,-1200.31,DOWN
41640,-0.0471,0.0000,-1200.31,-1200.31,DOWN
41650,-0.0217,0.0000,-1200.31,-1200.31,DOWN
41660,-0.0450,0.0000,-1200.31,-1200.31,DOWN
41670,-0.0877,0.0000,-1200.31,-1200.31,DOWN
41679,-0.0621,0.0000,-1200.31,-1200.31,DOWN
41690,-0.0307,0.0000,-1200.31,-1200.31,DOWN
41700,-0.0069,0.0000,-1200.31,-1200.31,DOWN
41710,-0.0695,0.0000,-1200.31,-1200.31,DOWN
41720,-0.0814,0.0000,-1200.31,-1200.31,DOWN
41730,-0.0139,0.0000,-1200.31,-1200.31,DOWN
41740,-0.0078,0.0000,-1200.31,-1200.31,DOWN
41750,-0.0249,0.0000,-1200.31,-1200.31,DOWN
41760,-0.0730,0.0000,-1200.31,-1200.31,DOWN
41770,-0.0233,0.0000,-1200.31,-1200.31,DOWN
41780,0.0098,0.0000,-1200.31,-1200.31,DOWN
41790,-0.0036,0.0000,-1200.31,-1200.31,DOWN
41800,-0.0335,0.0000,-1200.31,-1200.31,DOWN
41810,-0.0282,0.0000,-1200.31,-1200.31,DOWN
41819,-0.0059,0.0000,-1200.31,-1200.31,DOWN
41830,-0.0208,0.0000,-1200.31,-1200.31,DOWN
41840,-0.0359,0.0000,-1200.31,-1200.31,DOWN
41850,-0.0571,0.0000,-1200.31,-1200.31,DOWN
41860,-0.0258,0.0000,-1200.31,-1200.31,DOWN
41870,-0.0068,0.0000,-1200.31,-1200.31,DOWN
41880,-0.0520,0.0000,-1200.31,-1200.31,DOWN
41890,-0.0496,0.0000,-1200.31,-1200.31,DOWN
41900,-0.0380,0.0000,-1200.31,-1200.31,DOWN
41910,0.0087,0.0000,-1200.31,-1200.31,DOWN
41920,0.0117,0.0000,-1200.31,-1200.31,DOWN
41930,-0.0438,0.0000,-1200.31,-1200.31,DOWN
41940,-0.0258,0.0000,-1200.31,-1200.31,DOWN
41950,0.0040,0.0000,-1200.31,-1200.31,DOWN
41959,0.0136,0.0000,-1200.31,-1200.31,DOWN
41970,-0.0465,0.0000,-1200.31,-1200.31,DOWN
41980,-0.0305,0.0000,-1200.31,-1200.31,DOWN
41990,-0.0039,0.0000,-1200.31,-1200.31,DOWN
42000,-0.0264,0.0000,-1200.31,-1200.31,DOWN
42010,-0.0257,0.0000,-1200.31,-1200.31,DOWN
42020,-0.0405,0.0000,-1200.31,-1200.31,DOWN
42030,-0.0124,0.0000,-1200.31,-1200.31,DOWN
42039,-0.0004,0.0000,-1200.31,-1200.31,DOWN
42050,-0.0541,0.0000,-1200.31,-1200.31,DOWN
42060,-0.0491,0.0000,-1200.31,-1200.31,DOWN
42070,-0.0112,0.0000,-1200.31,-1200.31,DOWN
42080,-0.0065,0.0000,-1200.31,-1200.31,DOWN
42090,-0.0657,0.0000,-1200.31,-1200.31,DOWN
42100,-0.0489,0.0000,-1200.31,-1200.31,DOWN
42109,-0.0237,0.0000,-1200.31,-1200.31,DOWN
42120,-0.0003,0.0000,-1200.31,-1200.31,DOWN
42130,0.0114,0.0000,-1200.31,-1200.31,DOWN
42140,-0.0722,0.0000,-1200.31,-1200.31,DOWN
42150,-0.0372,0.0000,-1200.31,-1200.31,DOWN
42160,-0.0077,0.0000,-1200.31,-1200.31,DOWN
42170,-0.0205,0.0000,-1200.31,-1200.31,DOWN
42179,-0.0524,0.0000,-1200.31,-1200.31,DOWN
42190,-0.0339,0.0000,-1200.31,-1200.31,DOWN
42200,-0.0001,0.0000,-1200.31,-1200.31,DOWN
42210,0.0075,0.0000,-1200.31,-1200.31,DOWN
42220,-0.0545,0.0000,-1200.31,-1200.31,DOWN
42230,-0.0692,0.0000,-1202.30,-1200.79,DOWN
42239,0.0045,0.0000,-1202.30,-1201.15,DOWN
42250,-0.0101,0.0000,-1202.30,-1201.42,DOWN
42260,-0.0262,0.0000,-1202.30,-1201.63,DOWN
42270,-0.0654,0.0000,-1202.30,-1201.79,DOWN
42280,-0.0229,0.0000,-1202.30,-1201.91,DOWN
42290,0.0303,0.0000,-1202.30,-1202.01,DOWN
42300,-0.0080,0.0000,-1202.30,-1202.08,DOWN
42310,-0.0458,0.0000,-1202.30,-1202.13,DOWN
42319,0.0023,0.0000,-1202.30,-1202.17,DOWN
42330,0.0193,0.0000,-1202.30,-1202.20,DOWN
42340,-0.0119,0.0000,-1202.30,-1202.23,DOWN
42350,-0.0499,0.0000,-1202.30,-1202.24,DOWN
42360,-0.0450,0.0000,-1202.30,-1202.26,DOWN
42370,-0.0140,0.0000,-1202.30,-1202.27,DOWN
42380,0.0021,0.0000,-1202.30,-1202.28,DOWN
42389,-0.0372,0.0000,-1202.30,-1202.28,DOWN
42400,-0.0823,0.0000,-1202.30,-1202.29,DOWN
42410,-0.0089,0.0000,-1202.30,-1202.29,DOWN
42420,-0.0050,0.0000,-1202.30,-1202.29,DOWN
42430,-0.0192,0.0000,-1202.30,-1202.29,DOWN
42439,-0.0659,0.0000,-1202.30,-1202.30,DOWN
42450,-0.0477,0.0000,-1202.30,-1202.30,DOWN
42460,0.0051,0.0000,-1202.30,-1202.30,DOWN
42469,-0.0130,0.0000,-1202.30,-1202.30,DOWN
42480,-0.0403,0.0000,-1202.30,-1202.30,DOWN
42490,-0.0418,0.0000,-1202.30,-1202.30,DOWN
42500,0.0160,0.0000,-1202.30,-1202.30,DOWN
42510,0.0059,0.0000,-1202.30,-1202.30,DOWN
42520,-0.0613,0.0000,-1202.30,-1202.30,DOWN
42529,-0.0329,0.0000,-1202.30,-1202.30,DOWN
42539,-0.0144,0.0000,-1202.30,-1202.30,DOWN
42550,0.0135,0.0000,-1202.30,-1202.30,DOWN
42560,-0.0447,0.0000,-1202.30,-1202.30,DOWN
42570,-0.0681,0.0000,-1202.30,-1202.30,DOWN
42580,-0.0181,0.0000,-1202.30,-1202.30,DOWN
42590,-0.0223,0.0000,-1202.30,-1202.30,DOWN
42599,-0.0497,0.0000,-1202.30,-1202.30,DOWN
42609,-0.0590,0.0000,-1202.30,-1202.30,DOWN
42620,-0.0372,0.0000,-1202.30,-1202.30,DOWN
42630,0.0058,0.0000,-1202.30,-1202.30,DOWN
42640,-0.0159,0.0000,-1202.30,-1202.30,DOWN
42650,-0.0677,0.0000,-1204.26,-1202.77,DOWN
42659,-0.0484,0.0000,-1204.26,-1203.13,DOWN
42670,0.0084,0.0000,-1204.26,-1203.40,DOWN
42680,-0.0204,0.0000,-1204.26,-1203.61,DOWN
42690,-0.0430,0.0000,-1204.26,-1203.76,DOWN
42700,-0.0511,0.0000,-1204.26,-1203.88,DOWN
42710,-0.0024,0.0000,-1204.26,-1203.97,DOWN
42720,-0.0053,0.0000,-1204.26,-1204.04,DOWN
42730,-0.0427,0.0000,-1204.26,-1204.10,DOWN
42740,-0.0660,0.0000,-1206.31,-1204.63,DOWN
42749,-0.0112,0.0000,-1206.31,-1205.03,DOWN
42760,0.0199,0.0000,-1206.31,-1205.34,DOWN
42770,-0.0369,0.0000,-1206.31,-1205.57,DOWN
42780,-0.0655,0.0000,-1206.31,-1205.75,DOWN
42790,-0.0402,0.0000,-1206.31,-1205.88,DOWN
42800,0.0258,0.0000,-1206.31,-1205.99,DOWN
42810,-0.0022,0.0000,-1206.31,-1206.06,DOWN
42819,-0.0814,0.0000,-1206.31,-1206.12,DOWN
42830,-0.0373,0.0000,-1206.31,-1206.17,DOWN
42840,-0.0019,0.0000,-1206.31,-1206.20,DOWN
42850,-0.0420,0.0000,-1206.31,-1206.23,DOWN
42860,-0.0533,0.0000,-1206.31,-1206.25,DOWN
42870,-0.0617,0.0000,-1207.66,-1206.59,DOWN
42880,-0.0071,0.0000,-1207.66,-1206.84,DOWN
42890,-0.0111,0.0000,-1207.66,-1207.04,DOWN
42900,-0.0475,0.0000,-1207.66,-1207.19,DOWN
42910,-0.0459,0.0000,-1207.66,-1207.30,DOWN
42920,-0.0024,0.0000,-1207.66,-1207.38,DOWN
42930,0.0499,0.0000,-1207.66,-1207.45,DOWN
42940,-0.0152,0.0000,-1207.66,-1207.50,DOWN
42950,-0.0566,0.0000,-1207.66,-1207.54,DOWN
42960,-0.0111,0.0000,-1207.66,-1207.57,DOWN
42969,0.0129,0.0000,-1207.66,-1207.59,DOWN
42980,-0.0040,0.0000,-1207.66,-1207.61,DOWN
42990,-0.0622,0.0000,-1207.66,-1207.62,DOWN
43000,-0.0460,0.0000,-1207.66,-1207.63,DOWN
43010,0.0139,0.0000,-1207.66,-1207.63,DOWN
43020,-0.0160,0.0000,-1207.66,-1207.64,DOWN
43030,-0.0625,0.0000,-1207.66,-1207.64,DOWN
43039,-0.0609,0.0000,-1207.66,-1207.65,DOWN
43050,-0.0344,0.0000,-1207.66,-1207.65,DOWN
43060,-0.0171,0.0000,-1207.66,-1207.65,DOWN
43070,-0.0727,0.0000,-1207.66,-1207.65,DOWN
43080,-0.0906,0.0000,-1207.66,-1207.65,DOWN
43090,-0.0511,0.0000,-1207.66,-1207.66,DOWN
43100,0.0105,0.0000,-1207.66,-1207.66,DOWN
43109,-0.0301,0.0000,-1207.66,-1207.66,DOWN
43120,-0.0897,0.0000,-1208.36,-1207.83,DOWN
43130,-0.0148,0.0000,-1208.36,-1207.95,DOWN
43140,0.0122,0.0000,-1208.36,-1208.05,DOWN
43150,0.0249,0.0000,-1208.36,-1208.13,DOWN
43160,-0.0318,0.0000,-1208.36,-1208.18,DOWN
43170,-0.0359,0.0000,-1208.36,-1208.23,DOWN
43179,0.0480,0.0000,-1208.36,-1208.26,DOWN
43190,0.0073,0.0000,-1208.36,-1208.29,DOWN
43200,-0.0335,0.0000,-1208.36,-1208.30,DOWN
43210,-0.0726,0.0000,-1208.36,-1208.32,DOWN
43220,-0.0017,0.0000,-1208.36,-1208.33,DOWN
43230,0.0009,0.0000,-1208.36,-1208.34,DOWN
43239,-0.0304,0.0000,-1208.36,-1208.34,DOWN
43249,-0.0501,0.0000,-1208.36,-1208.35,DOWN
43260,-0.0369,0.0000,-1208.36,-1208.35,DOWN
43270,0.0124,0.0000,-1208.36,-1208.36,DOWN
43280,-0.0259,0.0000,-1208.36,-1208.36,DOWN
43290,-0.0828,0.0000,-1209.68,-1208.67,DOWN
43300,-0.0518,0.0000,-1209.68,-1208.92,DOWN
43310,-0.0010,0.0000,-1209.68,-1209.10,DOWN
43320,0.0008,0.0000,-1209.68,-1209.24,DOWN
43330,-0.0361,0.0000,-1209.68,-1209.34,DOWN
43340,-0.0525,0.0000,-1209.68,-1209.42,DOWN
43350,0.0098,0.0000,-1209.68,-1209.49,DOWN
43360,0.0133,0.0000,-1209.68,-1209.53,DOWN
43370,-0.0256,0.0000,-1209.68,-1209.57,DOWN
43380,-0.0425,0.0000,-1209.68,-1209.60,DOWN
43389,-0.0069,0.0000,-1209.68,-1209.62,DOWN
43400,0.0204,0.0000,-1209.68,-1209.63,DOWN
43410,-0.0459,0.0000,-1209.68,-1209.64,DOWN
43420,-0.0436,0.0000,-1209.68,-1209.65,DOWN
43430,-0.0008,0.0000,-1209.68,-1209.66,DOWN
43439,0.0270,0.0000,-1209.68,-1209.66,DOWN
43450,-0.0092,0.0000,-1209.68,-1209.67,DOWN
43459,-0.0278,0.0000,-1209.68,-1209.67,DOWN
43469,-0.0398,0.0000,-1209.68,-1209.67,DOWN
43480,0.0116,0.0000,-1209.68,-1209.68,DOWN
43490,0.0052,0.0000,-1209.68,-1209.68,DOWN
43500,-0.0627,0.0000,-1209.68,-1209.68,DOWN
43510,-0.0617,0.0000,-1209.68,-1209.68,DOWN
43520,-0.0058,0.0000,-1209.68,-1209.68,DOWN
43530,-0.0205,0.0000,-1209.68,-1209.68,DOWN
43539,-0.0568,0.0000,-1209.68,-1209.68,DOWN
43550,-0.0708,0.0000,-1210.51,-1209.88,DOWN
43560,-0.0368,0.0000,-1210.51,-1210.03,DOWN
43570,0.0128,0.0000,-1210.51,-1210.15,DOWN
43580,-0.0136,0.0000,-1210.51,-1210.23,DOWN
43590,-0.0667,0.0000,-1210.51,-1210.30,DOWN
43600,-0.0108,0.0000,-1210.51,-1210.35,DOWN
43609,0.0289,0.0000,-1210.51,-1210.39,DOWN
43620,0.0026,0.0000,-1210.51,-1210.42,DOWN
43630,-0.0344,0.0000,-1210.51,-1210.44,DOWN
43639,-0.0238,0.0000,-1210.51,-1210.46,DOWN
43650,0.0238,0.0000,-1210.51,-1210.47,DOWN
43660,-0.0062,0.0000,-1210.51,-1210.48,DOWN
43670,-0.0530,0.0000,-1210.51,-1210.49,DOWN
43680,-0.0899,0.0000,-1211.24,-1210.67,DOWN
43690,-0.0144,0.0000,-1211.24,-1210.81,DOWN
43700,0.0046,0.0000,-1211.24,-1210.91,DOWN
43710,-0.0539,0.0000,-1211.24,-1210.99,DOWN
43720,-0.0475,0.0000,-1211.24,-1211.05,DOWN
43730,-0.0250,0.0000,-1211.24,-1211.10,DOWN
43740,0.0434,0.0000,-1211.24,-1211.13,DOWN
43749,-0.0390,0.0000,-1211.24,-1211.16,DOWN
43760,-0.0639,0.0000,-1212.56,-1211.49,DOWN
43770,-0.0238,0.0000,-1212.56,-1211.75,DOWN
43780,0.0391,0.0000,-1212.56,-1211.94,DOWN
43790,0.0216,0.0000,-1212.56,-1212.09,DOWN
43800,-0.0370,0.0000,-1212.56,-1212.20,DOWN
43810,0.0022,0.0000,-1212.56,-1212.29,DOWN
43819,0.0260,0.0000,-1212.56,-1212.35,DOWN
43830,0.0236,0.0000,-1212.56,-1212.40,DOWN
43840,-0.0408,0.0000,-1212.56,-1212.44,DOWN
43850,-0.0413,0.0000,-1212.56,-1212.47,DOWN
43860,-0.0014,0.0000,-1212.56,-1212.49,DOWN
43870,0.0012,0.0000,-1212.56,-1212.51,DOWN
43880,-0.0629,0.0000,-1212.56,-1212.52,DOWN
43889,-0.0649,0.0000,-1212.56,-1212.53,DOWN
43900,-0.0112,0.0000,-1212.56,-1212.54,DOWN
43910,-0.0069,0.0000,-1212.56,-1212.54,DOWN
43920,-0.0306,0.0000,-1212.56,-1212.55,DOWN
43930,-0.0602,0.0000,-1212.56,-1212.55,DOWN
43940,-0.0397,0.0000,-1212.56,-1212.55,DOWN
43950,0.0133,0.0000,-1212.56,-1212.55,DOWN
43959,-0.0395,0.0000,-1212.56,-1212.55,DOWN
43969,-0.0543,0.0000,-1212.56,-1212.56,DOWN
43980,-0.0348,0.0000,-1212.56,-1212.56,DOWN
43990,-0.0019,0.0000,-1212.56,-1212.56,DOWN
44000,0.0027,0.0000,-1212.56,-1212.56,DOWN
44010,-0.0486,0.0000,-1212.56,-1212.56,DOWN
44020,-0.0154,0.0000,-1212.56,-1212.56,DOWN
44030,-0.0078,0.0000,-1212.56,-1212.56,DOWN
44039,0.0087,0.0000,-1212.56,-1212.56,DOWN
44050,-0.0111,0.0000,-1212.56,-1212.56,DOWN
44060,-0.0607,0.0000,-1212.56,-1212.56,DOWN
44070,0.0104,0.0000,-1212.56,-1212.56,DOWN
44080,0.0160,0.0000,-1212.56,-1212.56,DOWN
44090,-0.0105,0.0000,-1212.56,-1212.56,DOWN
44100,-0.0465,0.0000,-1212.56,-1212.56,DOWN
44109,-0.0517,0.0000,-1212.56,-1212.56,DOWN
44120,0.0208,0.0000,-1212.56,-1212.56,DOWN
44130,-0.0131,0.0000,-1212.56,-1212.56,DOWN
44140,-0.0418,0.0000,-1212.56,-1212.56,DOWN
44150,-0.0467,0.0000,-1212.56,-1212.56,DOWN
44160,0.0029,0.0000,-1212.56,-1212.56,DOWN
44170,-0.0078,0.0000,-1212.56,-1212.56,DOWN
44179,-0.0309,0.0000,-1212.56,-1212.56,DOWN
44190,-0.0349,0.0000,-1212.56,-1212.56,DOWN
44200,0.0067,0.0000,-1212.56,-1212.56,DOWN
44210,0.0213,0.0000,-1212.56,-1212.56,DOWN
44220,-0.0380,0.0000,-1212.56,-1212.56,DOWN
44230,-0.0438,0.0000,-1212.56,-1212.56,DOWN
44239,-0.0074,0.0000,-1212.56,-1212.56,DOWN
44249,0.0115,0.0000,-1212.56,-1212.56,DOWN
44260,-0.0427,0.0000,-1212.56,-1212.56,DOWN
44270,-0.0766,0.0000,-1212.56,-1212.56,DOWN
44280,-0.0218,0.0000,-1212.56,-1212.56,DOWN
44290,0.0081,0.0000,-1212.56,-1212.56,DOWN
44300,0.0040,0.0000,-1212.56,-1212.56,DOWN
44310,-0.0521,0.0000,-1212.56,-1212.56,DOWN
44319,-0.0495,0.0000,-1212.56,-1212.56,DOWN
44330,0.0160,0.0000,-1212.56,-1212.56,DOWN
44340,0.0126,0.0000,-1212.56,-1212.56,DOWN
44350,-0.0588,0.0000,-1212.56,-1212.56,DOWN
44360,-0.0468,0.0000,-1212.56,-1212.56,DOWN
44370,-0.0118,0.0000,-1212.56,-1212.56,DOWN
44380,-0.0004,0.0000,-1212.56,-1212.56,DOWN
44389,-0.0433,0.0000,-1212.56,-1212.56,DOWN
44400,-0.0744,0.0000,-1212.56,-1212.56,DOWN
44410,-0.0068,0.0000,-1212.56,-1212.56,DOWN
44420,0.0451,0.0000,-1212.56,-1212.56,DOWN
44430,-0.0226,0.0000,-1212.56,-1212.56,DOWN
44439,-0.0651,0.0000,-1212.56,-1212.56,DOWN
44450,-0.0520,0.0000,-1212.56,-1212.56,DOWN
44459,0.0271,0.0000,-1212.56,-1212.56,DOWN
44469,-0.0083,0.0000,-1212.56,-1212.56,DOWN
44480,-0.0697,0.0000,-1212.89,-1212.64,DOWN
44490,-0.0701,0.0000,-1212.89,-1212.70,DOWN
44500,-0.0108,0.0000,-1212.89,-1212.75,DOWN
44510,-0.0035,0.0000,-1212.89,-1212.78,DOWN
44520,-0.0439,0.0000,-1212.89,-1212.81,DOWN
44529,-0.0700,0.0000,-1212.89,-1212.83,DOWN
44539,-0.0115,0.0000,-1212.89,-1212.84,DOWN
44550,0.0058,0.0000,-1212.89,-1212.85,DOWN
44560,-0.0392,0.0000,-1212.89,-1212.86,DOWN
44570,-0.0587,0.0000,-1212.89,-1212.87,DOWN
44580,-0.0043,0.0000,-1212.89,-1212.88,DOWN
44590,0.0086,0.0000,-1212.89,-1212.88,DOWN
44600,-0.0308,0.0000,-1212.89,-1212.88,DOWN
44610,-0.0734,0.0000,-1214.19,-1213.20,DOWN
44620,-0.0249,0.0000,-1214.19,-1213.43,DOWN
44630,0.0283,0.0000,-1214.19,-1213.61,DOWN
44639,-0.0150,0.0000,-1214.19,-1213.75,DOWN
44650,-0.0734,0.0000,-1214.19,-1213.86,DOWN
44659,-0.0500,0.0000,-1214.19,-1213.94,DOWN
44670,0.0101,0.0000,-1214.19,-1214.00,DOWN
44679,0.0287,0.0000,-1214.19,-1214.04,DOWN
44690,-0.0657,0.0000,-1214.30,-1214.11,DOWN
44700,-0.0452,0.0000,-1214.30,-1214.15,DOWN
44710,-0.0038,0.0000,-1214.30,-1214.19,DOWN
44720,-0.0169,0.0000,-1214.30,-1214.22,DOWN
44730,-0.0473,0.0000,-1214.30,-1214.24,DOWN
44740,-0.0478,0.0000,-1214.30,-1214.25,DOWN
44749,-0.0026,0.0000,-1214.30,-1214.27,DOWN
44760,0.0090,0.0000,-1214.30,-1214.28,DOWN
44770,-0.0089,0.0000,-1214.30,-1214.28,DOWN
44780,-0.0422,0.0000,-1214.30,-1214.29,DOWN
44790,-0.0084,0.0000,-1214.30,-1214.29,DOWN
44800,0.0328,0.0000,-1214.30,-1214.30,DOWN
44810,-0.0081,0.0000,-1214.30,-1214.30,DOWN
44819,-0.0376,0.0000,-1214.30,-1214.30,DOWN
44830,-0.0414,0.0000,-1214.30,-1214.30,DOWN
44840,-0.0041,0.0000,-1214.30,-1214.30,DOWN
44850,-0.0053,0.0000,-1214.30,-1214.30,DOWN
44860,-0.0634,0.0000,-1214.30,-1214.30,DOWN
44870,-0.0408,0.0000,-1214.30,-1214.30,DOWN
44880,-0.0335,0.0000,-1214.30,-1214.30,DOWN
44889,-0.0124,0.0000,-1214.30,-1214.30,DOWN
44900,-0.0518,0.0000,-1214.30,-1214.30,DOWN
44910,-0.0479,0.0000,-1214.30,-1214.30,DOWN
44920,-0.0210,0.0000,-1214.30,-1214.30,DOWN
44930,0.0062,0.0000,-1214.30,-1214.30,DOWN
44940,-0.0224,0.0000,-1214.30,-1214.30,DOWN
44950,-0.0453,0.0000,-1214.30,-1214.30,DOWN
44959,-0.0311,0.0000,-1214.30,-1214.30,DOWN
44969,0.0058,0.0000,-1214.30,-1214.30,DOWN
44980,0.0000,0.0000,-1214.30,-1214.30,DOWN
44990,-0.0477,0.0000,-1214.30,-1214.30,DOWN
45000,-0.0232,0.0000,-1214.30,-1214.30,DOWN
45010,-0.0083,0.0000,-1214.30,-1214.30,DOWN
45020,-0.0041,0.0000,-1214.30,-1214.30,DOWN
45030,-0.0427,0.0000,-1214.30,-1214.30,DOWN
45039,-0.0838,0.0000,-1214.30,-1214.30,DOWN
45050,-0.0289,0.0000,-1214.30,-1214.30,DOWN
45060,-0.0030,0.0000,-1214.30,-1214.30,DOWN
45070,-0.0293,0.0000,-1214.30,-1214.30,DOWN
45080,-0.0453,0.0000,-1214.30,-1214.30,DOWN
45090,-0.0071,0.0000,-1214.30,-1214.30,DOWN
45100,0.0062,0.0000,-1214.30,-1214.30,DOWN
45109,-0.0008,0.0000,-1214.30,-1214.30,DOWN
45120,-0.0255,0.0000,-1214.30,-1214.30,DOWN
45130,-0.0029,0.0000,-1214.30,-1214.30,DOWN
45140,0.0355,0.0000,-1214.30,-1214.30,DOWN
45150,-0.0325,0.0000,-1214.30,-1214.30,DOWN
45160,-0.0541,0.0000,-1214.30,-1214.30,DOWN
45170,-0.0301,0.0000,-1214.30,-1214.30,DOWN
45179,0.0127,0.0000,-1214.30,-1214.30,DOWN
45190,-0.0009,0.0000,-1214.30,-1214.30,DOWN
45200,-0.0490,0.0000,-1214.30,-1214.30,DOWN
45210,-0.0661,0.0000,-1214.30,-1214.30,DOWN
45220,-0.0246,0.0000,-1214.30,-1214.30,DOWN
45230,-0.0264,0.0000,-1214.30,-1214.30,DOWN
45239,-0.0704,0.0000,-1214.30,-1214.30,DOWN
45249,-0.0306,0.0000,-1214.30,-1214.30,DOWN
45260,-0.0156,0.0000,-1214.30,-1214.30,DOWN
45270,0.0059,0.0000,-1214.30,-1214.30,DOWN
45280,-0.0118,0.0000,-1214.30,-1214.30,DOWN
45289,-0.0400,0.0000,-1214.30,-1214.30,DOWN
45300,-0.0059,0.0000,-1214.30,-1214.30,DOWN
45310,0.0031,0.0000,-1214.30,-1214.30,DOWN
45319,0.0135,0.0000,-1214.30,-1214.30,DOWN
45330,-0.0243,0.0000,-1214.30,-1214.30,DOWN
45340,-0.0248,0.0000,-1214.30,-1214.30,DOWN
45350,-0.0036,0.0000,-1214.30,-1214.30,DOWN
45360,-0.0285,0.0000,-1214.30,-1214.30,DOWN
45370,-0.0471,0.0000,-1214.30,-1214.30,DOWN
45380,-0.0340,0.0000,-1214.30,-1214.30,DOWN
45390,-0.0344,0.0000,-1214.30,-1214.30,DOWN
45399,-0.0318,0.0000,-1214.30,-1214.30,DOWN
45410,-0.0645,0.0000,-1214.30,-1214.30,DOWN
45420,-0.0430,0.0000,-1214.30,-1214.30,DOWN
45430,-0.0533,0.0000,-1214.30,-1214.30,DOWN
45439,-0.0189,0.0000,-1214.30,-1214.30,DOWN
45450,-0.0503,0.0000,-1214.30,-1214.30,DOWN
45459,-0.0425,0.0000,-1214.30,-1214.30,DOWN
45469,-0.0230,0.0000,-1214.30,-1214.30,DOWN
45480,0.0251,0.0000,-1214.30,-1214.30,DOWN
45490,0.0096,0.0000,-1214.30,-1214.30,DOWN
45500,-0.0269,0.0000,-1214.30,-1214.30,DOWN
45510,-0.0024,0.0000,-1214.30,-1214.30,DOWN
45520,0.0094,0.0000,-1214.30,-1214.30,DOWN
45530,-0.0232,0.0000,-1214.30,-1214.30,DOWN
45539,-0.0238,0.0000,-1214.30,-1214.30,DOWN
45550,-0.0423,0.0000,-1214.30,-1214.30,DOWN
45560,-0.0342,0.0000,-1214.30,-1214.30,DOWN
45570,-0.0227,0.0000,-1214.30,-1214.30,DOWN
45580,-0.0378,0.0000,-1214.30,-1214.30,DOWN
45590,-0.0262,0.0000,-1214.30,-1214.30,DOWN
45600,-0.0235,0.0000,-1214.30,-1214.30,DOWN
45609,-0.0070,0.0000,-1214.30,-1214.30,DOWN
45620,-0.0287,0.0000,-1214.30,-1214.30,DOWN
45630,-0.0499,0.0000,-1214.30,-1214.30,DOWN
45639,-0.0302,0.0000,-1214.30,-1214.30,DOWN
45650,-0.0240,0.0000,-1214.30,-1214.30,DOWN
45660,-0.0226,0.0000,-1214.30,-1214.30,DOWN
45670,-0.0350,0.0000,-1214.30,-1214.30,DOWN
45679,-0.0027,0.0000,-1214.30,-1214.30,DOWN
45690,-0.0030,0.0000,-1214.30,-1214.30,DOWN
45700,-0.0126,0.0000,-1214.30,-1214.30,DOWN
45710,-0.0139,0.0000,-1214.30,-1214.30,DOWN
45720,-0.0259,0.0000,-1214.30,-1214.30,DOWN
45729,-0.0081,0.0000,-1214.30,-1214.30,DOWN
45740,-0.0226,0.0000,-1214.30,-1214.30,DOWN
45749,-0.0112,0.0000,-1214.30,-1214.30,DOWN
45760,-0.0389,0.0000,-1214.30,-1214.30,DOWN
45770,-0.0120,0.0000,-1214.30,-1214.30,DOWN
45779,-0.0258,0.0000,-1214.30,-1214.30,DOWN
45790,-0.0301,0.0000,-1214.30,-1214.30,DOWN
45800,-0.0264,0.0000,-1214.30,-1214.30,DOWN
45810,-0.0128,0.0000,-1214.30,-1214.30,DOWN
45819,0.0116,0.0000,-1214.30,-1214.30,DOWN
45830,-0.0341,0.0000,-1214.30,-1214.30,DOWN
45840,-0.0367,0.0000,-1214.30,-1214.30,DOWN
45850,-0.0425,0.0000,-1214.30,-1214.30,DOWN
45860,-0.0210,0.0000,-1214.30,-1214.30,DOWN
45870,-0.0232,0.0000,-1214.30,-1214.30,DOWN
45880,-0.0431,0.0000,-1214.30,-1214.30,DOWN
45889,-0.0265,0.0000,-1214.30,-1214.30,DOWN
45899,-0.0606,0.0000,-1214.30,-1214.30,DOWN
45910,-0.0338,0.0000,-1214.30,-1214.30,DOWN
45920,-0.0132,0.0000,-1214.30,-1214.30,DOWN
45930,-0.0267,0.0000,-1214.30,-1214.30,DOWN
45940,-0.0101,0.0000,-1214.30,-1214.30,DOWN
45950,-0.0194,0.0000,-1214.30,-1214.30,DOWN
45959,0.0075,0.0000,-1214.30,-1214.30,DOWN
45969,-0.0167,0.0000,-1214.30,-1214.30,DOWN
45980,-0.0032,0.0000,-1214.30,-1214.30,DOWN
45990,0.0008,0.0000,-1214.30,-1214.30,DOWN
46000,-0.0039,0.0000,-1214.30,-1214.30,DOWN
46010,-0.0206,0.0000,-1214.30,-1214.30,DOWN
46020,-0.0552,0.0000,-1214.30,-1214.30,DOWN
46030,-0.0096,0.0000,-1214.30,-1214.30,DOWN
46039,-0.0336,0.0000,-1214.30,-1214.30,DOWN
46050,-0.0230,0.0000,-1214.30,-1214.30,DOWN
46060,-0.0480,0.0000,-1214.30,-1214.30,DOWN
46070,-0.0203,0.0000,-1214.30,-1214.30,DOWN
46080,-0.0250,0.0000,-1214.30,-1214.30,DOWN
46090,-0.0300,0.0000,-1214.30,-1214.30,DOWN
46100,-0.0224,0.0000,-1214.30,-1214.30,DOWN
46110,-0.0247,0.0000,-1214.30,-1214.30,DOWN
46120,-0.0088,0.0000,-1214.30,-1214.30,DOWN
46130,-0.0277,0.0000,-1214.30,-1214.30,DOWN
46140,-0.0178,0.0000,-1214.30,-1214.30,DOWN
46150,-0.0282,0.0000,-1214.30,-1214.30,DOWN
46160,-0.0317,0.0000,-1214.30,-1214.30,DOWN
46170,-0.0125,0.0000,-1214.30,-1214.30,DOWN
46179,-0.0248,0.0000,-1214.30,-1214.30,DOWN
46190,-0.0163,0.0000,-1214.30,-1214.30,DOWN
46200,-0.0230,0.0000,-1214.30,-1214.30,DOWN
46210,-0.0387,0.0000,-1214.30,-1214.30,DOWN
46220,-0.0069,0.0000,-1214.30,-1214.30,DOWN
46230,-0.0441,0.0000,-1214.30,-1214.30,DOWN
46240,-0.0364,0.0000,-1214.30,-1214.30,DOWN
46249,-0.0237,0.0000,-1214.30,-1214.30,DOWN
46260,-0.0150,0.0000,-1214.30,-1214.30,DOWN
46270,-0.0270,0.0000,-1214.30,-1214.30,DOWN
46280,-0.0064,0.0000,-1214.30,-1214.30,DOWN
46290,-0.0233,0.0000,-1214.30,-1214.30,DOWN
46300,-0.0125,0.0000,-1214.30,-1214.30,DOWN
46310,-0.0224,0.0000,-1214.30,-1214.30,DOWN
46319,-0.0340,0.0000,-1214.30,-1214.30,DOWN
46330,-0.0350,0.0000,-1214.30,-1214.30,DOWN
46340,-0.0325,0.0000,-1214.30,-1214.30,DOWN
46350,-0.0243,0.0000,-1214.30,-1214.30,DOWN
46360,-0.0485,0.0000,-1214.30,-1214.30,DOWN
46370,-0.0378,0.0000,-1214.30,-1214.30,DOWN
46380,-0.0281,0.0000,-1214.30,-1214.30,DOWN
46390,-0.0292,0.0000,-1214.30,-1214.30,DOWN
46399,-0.0458,0.0000,-1214.30,-1214.30,DOWN
46410,-0.0600,0.0000,-1214.30,-1214.30,DOWN
46420,0.0061,0.0000,-1214.30,-1214.30,DOWN
46430,-0.0053,0.0000,-1214.30,-1214.30,DOWN
46439,-0.0396,0.0000,-1214.30,-1214.30,DOWN
46450,-0.0199,0.0000,-1214.30,-1214.30,DOWN
46459,-0.0497,0.0000,-1214.30,-1214.30,DOWN
46469,-0.0332,0.0000,-1214.30,-1214.30,DOWN
46480,-0.0415,0.0000,-1214.30,-1214.30,DOWN
46490,-0.0386,0.0000,-1214.30,-1214.30,DOWN
46500,-0.0327,0.0000,-1214.30,-1214.30,DOWN
46510,-0.0006,0.0000,-1214.30,-1214.30,DOWN
46520,-0.0031,0.0000,-1214.30,-1214.30,DOWN
46530,-0.0323,0.0000,-1214.30,-1214.30,DOWN
46539,-0.0031,0.0000,-1214.30,-1214.30,DOWN
46550,0.0004,0.0000,-1214.30,-1214.30,DOWN
46560,-0.0146,0.0000,-1214.30,-1214.30,DOWN
46570,-0.0378,0.0000,-1214.30,-1214.30,DOWN
46580,-0.0483,0.0000,-1214.30,-1214.30,DOWN
46590,-0.0111,0.0000,-1214.30,-1214.30,DOWN
46600,-0.0053,0.0000,-1214.30,-1214.30,DOWN
46609,-0.0166,0.0000,-1214.30,-1214.30,DOWN
46620,-0.0258,0.0000,-1214.30,-1214.30,DOWN
46630,-0.0236,0.0000,-1214.30,-1214.30,DOWN
46639,-0.0117,0.0000,-1214.30,-1214.30,DOWN
46650,0.0011,0.0000,-1214.30,-1214.30,DOWN
46660,-0.0384,0.0000,-1214.30,-1214.30,DOWN
46670,-0.0282,0.0000,-1214.30,-1214.30,DOWN
46680,-0.0017,0.0000,-1214.30,-1214.30,DOWN
46690,-0.0068,0.0000,-1214.30,-1214.30,DOWN
46700,-0.0391,0.0000,-1214.30,-1214.30,DOWN
46710,-0.0161,0.0000,-1214.30,-1214.30,DOWN
46720,-0.0261,0.0000,-1214.30,-1214.30,DOWN
46730,-0.0087,0.0000,-1214.30,-1214.30,DOWN
46740,-0.0347,0.0000,-1214.30,-1214.30,DOWN
46749,-0.0248,0.0000,-1214.30,-1214.30,DOWN
46760,0.0279,0.0000,-1214.30,-1214.30,DOWN
46770,0.0082,0.0000,-1214.30,-1214.30,DOWN
46780,-0.0047,0.0000,-1214.30,-1214.30,DOWN
46790,-0.0362,0.0000,-1214.30,-1214.30,DOWN
46800,0.0041,0.0000,-1214.30,-1214.30,DOWN
46810,-0.0057,0.0000,-1214.30,-1214.30,DOWN
46819,-0.0703,0.0000,-1214.30,-1214.30,DOWN
46830,-0.0580,0.0000,-1214.30,-1214.30,DOWN
46840,-0.0550,0.0000,-1214.30,-1214.30,DOWN
46850,-0.0155,0.0000,-1214.30,-1214.30,DOWN
46860,-0.0163,0.0000,-1214.30,-1214.30,DOWN
46870,-0.0472,0.0000,-1214.30,-1214.30,DOWN
46880,-0.0019,0.0000,-1214.30,-1214.30,DOWN
46890,-0.0119,0.0000,-1214.30,-1214.30,DOWN
46899,-0.0063,0.0000,-1214.30,-1214.30,DOWN
46910,-0.0351,0.0000,-1214.30,-1214.30,DOWN
46920,-0.0500,0.0000,-1214.30,-1214.30,DOWN
46930,-0.0114,0.0000,-1214.30,-1214.30,DOWN
46940,-0.0143,0.0000,-1214.30,-1214.30,DOWN
46950,-0.0335,0.0000,-1214.30,-1214.30,DOWN
46959,-0.0444,0.0000,-1214.30,-1214.30,DOWN
46969,0.0091,0.0000,-1214.30,-1214.30,DOWN
46980,0.0181,0.0000,-1214.30,-1214.30,DOWN
46990,-0.0016,0.0000,-1214.30,-1214.30,DOWN
47000,-0.0264,0.0000,-1214.30,-1214.30,DOWN
47010,-0.0347,0.0000,-1214.30,-1214.30,DOWN
47020,0.0278,0.0000,-1214.30,-1214.30,DOWN
47030,-0.0207,0.0000,-1214.30,-1214.30,DOWN
47039,-0.0367,0.0000,-1214.30,-1214.30,DOWN
47050,-0.0369,0.0000,-1214.30,-1214.30,DOWN
47060,-0.0058,0.0000,-1214.30,-1214.30,DOWN
47070,-0.0206,0.0000,-1214.30,-1214.30,DOWN
47080,-0.0568,0.0000,-1214.30,-1214.30,DOWN
47090,-0.0584,0.0000,-1214.30,-1214.30,DOWN
47100,-0.0086,0.0000,-1214.30,-1214.30,DOWN
47109,0.0188,0.0000,-1214.30,-1214.30,DOWN
47120,-0.0313,0.0000,-1214.30,-1214.30,DOWN
47130,-0.0392,0.0000,-1214.30,-1214.30,DOWN
47140,-0.0340,0.0000,-1214.30,-1214.30,DOWN
47150,0.0121,0.0000,-1214.30,-1214.30,DOWN
47159,-0.0195,0.0000,-1214.30,-1214.30,DOWN
47170,-0.0309,0.0000,-1214.30,-1214.30,DOWN
47179,-0.0190,0.0000,-1214.30,-1214.30,DOWN
47190,0.0078,0.0000,-1214.30,-1214.30,DOWN
47200,-0.0154,0.0000,-1214.30,-1214.30,DOWN
47210,-0.0457,0.0000,-1214.30,-1214.30,DOWN
47220,-0.0244,0.0000,-1214.30,-1214.30,DOWN
47230,-0.0185,0.0000,-1214.30,-1214.30,DOWN
47240,-0.0161,0.0000,-1214.30,-1214.30,DOWN
47249,-0.0454,0.0000,-1214.30,-1214.30,DOWN
47260,-0.0528,0.0000,-1214.30,-1214.30,DOWN
47270,-0.0048,0.0000,-1214.30,-1214.30,DOWN
47280,0.0043,0.0000,-1214.30,-1214.30,DOWN
47290,-0.0296,0.0000,-1214.30,-1214.30,DOWN
47300,-0.0351,0.0000,-1214.30,-1214.30,DOWN
47310,-0.0200,0.0000,-1214.30,-1214.30,DOWN
47319,0.0087,0.0000,-1214.30,-1214.30,DOWN
47330,-0.0454,0.0000,-1214.30,-1214.30,DOWN
47340,-0.0716,0.0000,-1214.30,-1214.30,DOWN
47350,-0.0226,0.0000,-1214.30,-1214.30,DOWN
47360,-0.0079,0.0000,-1214.30,-1214.30,DOWN
47370,-0.0257,0.0000,-1214.30,-1214.30,DOWN
47380,-0.0561,0.0000,-1214.30,-1214.30,DOWN
47389,-0.0701,0.0000,-1215.43,-1214.57,DOWN
47399,-0.0327,0.0000,-1215.43,-1214.78,DOWN
47410,-0.0091,0.0000,-1215.43,-1214.93,DOWN
47420,-0.0485,0.0000,-1215.43,-1215.05,DOWN
47430,-0.0808,0.0000,-1215.43,-1215.14,DOWN
47439,0.0165,0.0000,-1215.43,-1215.21,DOWN
47450,0.0101,0.0000,-1215.43,-1215.26,DOWN
47460,-0.0361,0.0000,-1215.43,-1215.30,DOWN
47470,-0.0205,0.0000,-1215.43,-1215.33,DOWN
47480,-0.0123,0.0000,-1215.43,-1215.36,DOWN
47490,0.0141,0.0000,-1215.43,-1215.37,DOWN
47500,0.0084,0.0000,-1215.43,-1215.39,DOWN
47510,-0.0482,0.0000,-1215.43,-1215.40,DOWN
47520,-0.0220,0.0000,-1215.43,-1215.40,DOWN
47530,0.0088,0.0000,-1215.43,-1215.41,DOWN
47539,-0.0295,0.0000,-1215.43,-1215.41,DOWN
47550,-0.0563,0.0000,-1215.43,-1215.42,DOWN
47560,-0.0322,0.0000,-1215.43,-1215.42,DOWN
47570,0.0056,0.0000,-1215.43,-1215.42,DOWN
47580,0.0181,0.0000,-1215.43,-1215.42,DOWN
47590,-0.0544,0.0000,-1215.43,-1215.43,DOWN
47600,-0.0483,0.0000,-1215.43,-1215.43,DOWN
47609,0.0245,0.0000,-1215.43,-1215.43,DOWN
47620,0.0199,0.0000,-1215.43,-1215.43,DOWN
47630,-0.0374,0.0000,-1215.43,-1215.43,DOWN
47639,-0.0374,0.0000,-1215.43,-1215.43,DOWN
47650,-0.0297,0.0000,-1215.43,-1215.43,DOWN
47660,-0.0056,0.0000,-1215.43,-1215.43,DOWN
47670,-0.0026,0.0000,-1215.43,-1215.43,DOWN
47679,-0.0708,0.0000,-1215.43,-1215.43,DOWN
47690,-0.0389,0.0000,-1215.43,-1215.43,DOWN
47700,-0.0094,0.0000,-1215.43,-1215.43,DOWN
47710,-0.0240,0.0000,-1215.43,-1215.43,DOWN
47720,-0.0465,0.0000,-1215.43,-1215.43,DOWN
47730,-0.0597,0.0000,-1215.43,-1215.43,DOWN
47740,0.0015,0.0000,-1215.43,-1215.43,DOWN
47749,-0.0121,0.0000,-1215.43,-1215.43,DOWN
47760,-0.0478,0.0000,-1215.43,-1215.43,DOWN
47770,-0.0385,0.0000,-1215.43,-1215.43,DOWN
47780,0.0133,0.0000,-1215.43,-1215.43,DOWN
47790,-0.0067,0.0000,-1215.43,-1215.43,DOWN
47800,-0.0434,0.0000,-1215.43,-1215.43,DOWN
47810,-0.0385,0.0000,-1215.43,-1215.43,DOWN
47819,-0.0121,0.0000,-1215.43,-1215.43,DOWN
47830,0.0222,0.0000,-1215.43,-1215.43,DOWN
47840,-0.0256,0.0000,-1215.43,-1215.43,DOWN
47850,-0.0371,0.0000,-1215.43,-1215.43,DOWN
47860,0.0069,0.0000,-1215.43,-1215.43,DOWN
47870,0.0006,0.0000,-1215.43,-1215.43,DOWN
47880,-0.0313,0.0000,-1215.43,-1215.43,DOWN
47889,-0.0399,0.0000,-1215.43,-1215.43,DOWN
47900,-0.0558,0.0000,-1215.43,-1215.43,DOWN
47910,0.0011,0.0000,-1215.43,-1215.43,DOWN
47920,0.0003,0.0000,-1215.43,-1215.43,DOWN
47929,-0.0429,0.0000,-1215.43,-1215.43,DOWN
47940,-0.0513,0.0000,-1215.43,-1215.43,DOWN
47950,0.0163,0.0000,-1215.43,-1215.43,DOWN
47960,-0.0001,0.0000,-1215.43,-1215.43,DOWN
47969,-0.0366,0.0000,-1215.43,-1215.43,DOWN
47980,-0.0425,0.0000,-1215.43,-1215.43,DOWN
47990,-0.0193,0.0000,-1215.43,-1215.43,DOWN
48000,0.0099,0.0000,-1215.43,-1215.43,DOWN
48010,-0.0265,0.0000,-1215.43,-1215.43,DOWN
48020,-0.0602,0.0000,-1215.43,-1215.43,DOWN
48030,-0.0301,0.0000,-1215.43,-1215.43,DOWN
48039,0.0178,0.0000,-1215.43,-1215.43,DOWN
48050,-0.0439,0.0000,-1215.43,-1215.43,DOWN
48060,-0.0531,0.0000,-1215.43,-1215.43,DOWN
48070,-0.0478,0.0000,-1215.43,-1215.43,DOWN
48080,-0.0307,0.0000,-1215.43,-1215.43,DOWN
48090,0.0024,0.0000,-1215.43,-1215.43,DOWN
48100,-0.0585,0.0000,-1215.43,-1215.43,DOWN
48109,-0.0250,0.0000,-1215.43,-1215.43,DOWN
48120,0.0565,0.0000,-1215.43,-1215.43,DOWN
48130,0.0231,0.0000,-1215.43,-1215.43,DOWN
48140,-0.0218,0.0000,-1215.43,-1215.43,DOWN
48150,-0.0303,0.0000,-1215.43,-1215.43,DOWN
48160,-0.0022,0.0000,-1215.43,-1215.43,DOWN
48170,0.0211,0.0000,-1215.43,-1215.43,DOWN
48180,-0.0086,0.0000,-1215.43,-1215.43,DOWN
48190,-0.0381,0.0000,-1215.43,-1215.43,DOWN
48200,-0.0284,0.0000,-1215.43,-1215.43,DOWN
48210,-0.0251,0.0000,-1215.43,-1215.43,DOWN
48220,-0.0431,0.0000,-1215.43,-1215.43,DOWN
48230,-0.0607,0.0000,-1215.43,-1215.43,DOWN
48239,-0.0779,0.0000,-1215.43,-1215.43,DOWN
48250,-0.0297,0.0000,-1215.43,-1215.43,DOWN
48260,-0.0368,0.0000,-1215.43,-1215.43,DOWN
48270,-0.0498,0.0000,-1215.43,-1215.43,DOWN
48280,-0.0269,0.0000,-1215.43,-1215.43,DOWN
48290,0.0050,0.0000,-1215.43,-1215.43,DOWN
48300,0.0046,0.0000,-1215.43,-1215.43,DOWN
48310,-0.0219,0.0000,-1215.43,-1215.43,DOWN
48319,-0.0547,0.0000,-1215.43,-1215.43,DOWN
48329,-0.0196,0.0000,-1215.43,-1215.43,DOWN
48340,0.0067,0.0000,-1215.43,-1215.43,DOWN
48350,-0.0414,0.0000,-1215.43,-1215.43,DOWN
48360,-0.0564,0.0000,-1215.43,-1215.43,DOWN
48370,-0.0237,0.0000,-1215.43,-1215.43,DOWN
48380,0.0005,0.0000,-1215.43,-1215.43,DOWN
48389,0.0203,0.0000,-1215.43,-1215.43,DOWN
48399,-0.0457,0.0000,-1215.43,-1215.43,DOWN
48410,-0.0644,0.0000,-1215.43,-1215.43,DOWN
48420,0.0015,0.0000,-1215.43,-1215.43,DOWN
48430,-0.0095,0.0000,-1215.43,-1215.43,DOWN
48439,-0.0338,0.0000,-1215.43,-1215.43,DOWN
48450,-0.0638,0.0000,-1215.43,-1215.43,DOWN
48459,-0.0132,0.0000,-1215.43,-1215.43,DOWN
48470,-0.0279,0.0000,-1215.43,-1215.43,DOWN
48480,-0.0239,0.0000,-1215.43,-1215.43,DOWN
48490,-0.0448,0.0000,-1215.43,-1215.43,DOWN
48500,-0.0151,0.0000,-1215.43,-1215.43,DOWN
48510,0.0312,0.0000,-1215.43,-1215.43,DOWN
48520,-0.0192,0.0000,-1215.43,-1215.43,DOWN
48530,-0.0307,0.0000,-1215.43,-1215.43,DOWN
48539,-0.0027,0.0000,-1215.43,-1215.43,DOWN
48550,-0.0143,0.0000,-1215.43,-1215.43,DOWN
48560,-0.0076,0.0000,-1215.43,-1215.43,DOWN
48570,-0.0496,0.0000,-1215.43,-1215.43,DOWN
48580,-0.0610,0.0000,-1215.43,-1215.43,DOWN
48590,0.0105,0.0000,-1215.43,-1215.43,DOWN
48600,0.0045,0.0000,-1215.43,-1215.43,DOWN
48609,-0.0579,0.0000,-1215.43,-1215.43,DOWN
48620,-0.0450,0.0000,-1215.43,-1215.43,DOWN
48630,-0.0150,0.0000,-1215.43,-1215.43,DOWN
48639,-0.0077,0.0000,-1215.43,-1215.43,DOWN
48650,-0.0347,0.0000,-1215.43,-1215.43,DOWN
48660,-0.0697,0.0000,-1216.88,-1215.78,DOWN
48670,-0.0146,0.0000,-1216.88,-1216.04,DOWN
48679,0.0134,0.0000,-1216.88,-1216.24,DOWN
48690,-0.0554,0.0000,-1216.88,-1216.39,DOWN
48700,-0.0679,0.0000,-1217.45,-1216.65,DOWN
48710,-0.0349,0.0000,-1217.45,-1216.84,DOWN
48720,-0.0169,0.0000,-1217.45,-1216.98,DOWN
48730,-0.0058,0.0000,-1217.45,-1217.09,DOWN
48740,-0.0381,0.0000,-1217.45,-1217.18,DOWN
48750,-0.0330,0.0000,-1217.45,-1217.24,DOWN
48760,0.0266,0.0000,-1217.45,-1217.29,DOWN
48770,-0.0142,0.0000,-1217.45,-1217.33,DOWN
48780,-0.0356,0.0000,-1217.45,-1217.36,DOWN
48790,-0.0151,0.0000,-1217.45,-1217.38,DOWN
48800,0.0047,0.0000,-1217.45,-1217.39,DOWN
48810,0.0149,0.0000,-1217.45,-1217.41,DOWN
48819,-0.0182,0.0000,-1217.45,-1217.42,DOWN
48829,-0.0620,0.0000,-1217.45,-1217.42,DOWN
48840,-0.0085,0.0000,-1217.45,-1217.43,DOWN
48850,0.0130,0.0000,-1217.45,-1217.43,DOWN
48860,-0.0143,0.0000,-1217.45,-1217.44,DOWN
48870,-0.0473,0.0000,-1217.45,-1217.44,DOWN
48880,-0.0381,0.0000,-1217.45,-1217.44,DOWN
48890,-0.0001,0.0000,-1217.45,-1217.44,DOWN
48899,-0.0025,0.0000,-1217.45,-1217.44,DOWN
48910,-0.0580,0.0000,-1217.45,-1217.44,DOWN
48920,-0.0657,0.0000,-1219.01,-1217.82,DOWN
48930,0.0010,0.0000,-1219.01,-1218.10,DOWN
48940,-0.0112,0.0000,-1219.01,-1218.32,DOWN
48950,-0.0404,0.0000,-1219.01,-1218.48,DOWN
48960,-0.0529,0.0000,-1219.01,-1218.61,DOWN
48969,-0.0002,0.0000,-1219.01,-1218.70,DOWN
48980,0.0268,0.0000,-1219.01,-1218.78,DOWN
48990,-0.0422,0.0000,-1219.01,-1218.83,DOWN
49000,-0.0378,0.0000,-1219.01,-1218.87,DOWN
49010,-0.0215,0.0000,-1219.01,-1218.90,DOWN
49020,0.0199,0.0000,-1219.01,-1218.93,DOWN
49030,-0.0308,0.0000,-1219.01,-1218.95,DOWN
49039,-0.0442,0.0000,-1219.01,-1218.96,DOWN
49050,-0.0149,0.0000,-1219.01,-1218.97,DOWN
49060,0.0264,0.0000,-1219.01,-1218.98,DOWN
49070,-0.0057,0.0000,-1219.01,-1218.99,DOWN
49080,-0.0833,0.0000,-1219.01,-1218.99,DOWN
49090,-0.0222,0.0000,-1219.01,-1218.99,DOWN
49100,0.0296,0.0000,-1219.01,-1219.00,DOWN
49110,0.0021,0.0000,-1219.01,-1219.00,DOWN
49120,-0.0398,0.0000,-1219.01,-1219.00,DOWN
49130,-0.0542,0.0000,-1219.01,-1219.00,DOWN
49140,-0.0066,0.0000,-1219.01,-1219.00,DOWN
49150,-0.0081,0.0000,-1219.01,-1219.00,DOWN
49160,-0.0441,0.0000,-1219.01,-1219.00,DOWN
49170,-0.0672,0.0000,-1220.44,-1219.35,DOWN
49180,-0.0262,0.0000,-1220.44,-1219.61,DOWN
49190,-0.0018,0.0000,-1220.44,-1219.81,DOWN
49200,-0.0154,0.0000,-1220.44,-1219.96,DOWN
49210,-0.0456,0.0000,-1220.44,-1220.07,DOWN
49220,-0.0547,0.0000,-1220.44,-1220.16,DOWN
49230,-0.0080,0.0000,-1220.44,-1220.23,DOWN
49239,-0.0219,0.0000,-1220.44,-1220.28,DOWN
49249,-0.0414,0.0000,-1220.44,-1220.32,DOWN
49260,-0.0454,0.0000,-1220.44,-1220.35,DOWN
49270,-0.0253,0.0000,-1220.44,-1220.37,DOWN
49280,0.0044,0.0000,-1220.44,-1220.38,DOWN
49290,-0.0242,0.0000,-1220.44,-1220.40,DOWN
49300,-0.0427,0.0000,-1220.44,-1220.41,DOWN
49310,-0.0084,0.0000,-1220.44,-1220.42,DOWN
49319,-0.0102,0.0000,-1220.44,-1220.42,DOWN
49329,-0.0256,0.0000,-1220.44,-1220.43,DOWN
49340,-0.0570,0.0000,-1220.44,-1220.43,DOWN
49350,-0.0240,0.0000,-1220.44,-1220.43,DOWN
49360,0.0098,0.0000,-1220.44,-1220.43,DOWN
49370,-0.0146,0.0000,-1220.44,-1220.43,DOWN
49380,-0.0542,0.0000,-1220.44,-1220.44,DOWN
49389,-0.0314,0.0000,-1220.44,-1220.44,DOWN
49399,0.0165,0.0000,-1220.44,-1220.44,DOWN
49410,0.0050,0.0000,-1220.44,-1220.44,DOWN
49420,-0.0371,0.0000,-1220.44,-1220.44,DOWN
49430,-0.0316,0.0000,-1220.44,-1220.44,DOWN
49439,0.0426,0.0000,-1220.44,-1220.44,DOWN
49450,0.0002,0.0000,-1220.44,-1220.44,DOWN
49459,-0.0245,0.0000,-1220.44,-1220.44,DOWN
49469,-0.0497,0.0000,-1220.44,-1220.44,DOWN
49480,-0.0035,0.0000,-1220.44,-1220.44,DOWN
49490,0.0428,0.0000,-1220.44,-1220.44,DOWN
49500,-0.0216,0.0000,-1220.44,-1220.44,DOWN
49510,-0.0696,0.0000,-1220.44,-1220.44,DOWN
49520,-0.0340,0.0000,-1220.44,-1220.44,DOWN
49530,-0.0137,0.0000,-1220.44,-1220.44,DOWN
49539,-0.0321,0.0000,-1220.44,-1220.44,DOWN
49550,-0.0445,0.0000,-1220.44,-1220.44,DOWN
49560,-0.0167,0.0000,-1220.44,-1220.44,DOWN
49570,0.0056,0.0000,-1220.44,-1220.44,DOWN
49580,-0.0358,0.0000,-1220.44,-1220.44,DOWN
49590,-0.0667,0.0000,-1220.44,-1220.44,DOWN
49600,-0.0298,0.0000,-1220.44,-1220.44,DOWN
49609,-0.0115,0.0000,-1220.44,-1220.44,DOWN
49620,-0.0171,0.0000,-1220.44,-1220.44,DOWN
49630,-0.0450,0.0000,-1220.44,-1220.44,DOWN
49639,-0.0472,0.0000,-1220.44,-1220.44,DOWN
49650,-0.0228,0.0000,-1220.44,-1220.44,DOWN
49660,-0.0005,0.0000,-1220.44,-1220.44,DOWN
49670,-0.0109,0.0000,-1220.44,-1220.44,DOWN
49679,-0.0366,0.0000,-1220.44,-1220.44,DOWN
49690,0.0161,0.0000,-1220.44,-1220.44,DOWN
49700,0.0239,0.0000,-1220.44,-1220.44,DOWN
49710,-0.0352,0.0000,-1220.44,-1220.44,DOWN
49720,-0.0515,0.0000,-1220.44,-1220.44,DOWN
49730,0.0070,0.0000,-1220.44,-1220.44,DOWN
49740,0.0198,0.0000,-1220.44,-1220.44,DOWN
49749,-0.0151,0.0000,-1220.44,-1220.44,DOWN
49760,-0.0512,0.0000,-1220.44,-1220.44,DOWN
49770,-0.0622,0.0000,-1220.44,-1220.44,DOWN
49780,0.0018,0.0000,-1220.44,-1220.44,DOWN
49790,-0.0235,0.0000,-1220.44,-1220.44,DOWN
49800,-0.0769,0.0000,-1220.44,-1220.44,DOWN
49810,-0.0641,0.0000,-1220.44,-1220.44,DOWN
49820,-0.0202,0.0000,-1220.44,-1220.44,DOWN
49829,0.0051,0.0000,-1220.44,-1220.44,DOWN
49840,-0.0423,0.0000,-1220.44,-1220.44,DOWN
49850,-0.0769,0.0000,-1220.44,-1220.44,DOWN
49860,-0.0261,0.0000,-1220.44,-1220.44,DOWN
49870,0.0177,0.0000,-1220.44,-1220.44,DOWN
49880,-0.0103,0.0000,-1220.44,-1220.44,DOWN
49890,-0.0505,0.0000,-1220.44,-1220.44,DOWN
49899,-0.0304,0.0000,-1220.44,-1220.44,DOWN
49910,0.0075,0.0000,-1220.44,-1220.44,DOWN
49920,0.0191,0.0000,-1220.44,-1220.44,DOWN
49930,-0.0245,0.0000,-1220.44,-1220.44,DOWN
49940,-0.0356,0.0000,-1220.44,-1220.44,DOWN
49950,0.0053,0.0000,-1220.44,-1220.44,DOWN
49960,0.0118,0.0000,-1220.44,-1220.44,DOWN
49969,-0.0398,0.0000,-1220.44,-1220.44,DOWN
49980,-0.0633,0.0000,-1220.44,-1220.44,DOWN
49990,-0.0156,0.0000,-1220.44,-1220.44,DOWN
50000,0.0083,0.0000,-1220.44,-1220.44,DOWN
50010,-0.0216,0.0000,-1220.44,-1220.44,DOWN
50020,-0.0808,0.0000,-1220.44,-1220.44,DOWN
50030,-0.0511,0.0000,-1220.44,-1220.44,DOWN
50039,0.0118,0.0000,-1220.44,-1220.44,DOWN
50050,-0.0249,0.0000,-1220.44,-1220.44,DOWN
50060,-0.0660,0.0000,-1221.08,-1220.59,DOWN
50070,-0.0411,0.0000,-1221.08,-1220.71,DOWN
50080,-0.0345,0.0000,-1221.08,-1220.80,DOWN
50090,-0.0112,0.0000,-1221.08,-1220.87,DOWN
50100,-0.0611,0.0000,-1221.08,-1220.92,DOWN
50109,-0.0795,0.0000,-1221.08,-1220.96,DOWN
50120,-0.0012,0.0000,-1221.08,-1220.99,DOWN
50130,-0.0040,0.0000,-1221.08,-1221.01,DOWN
50140,-0.0297,0.0000,-1221.08,-1221.03,DOWN
50150,-0.0445,0.0000,-1221.08,-1221.04,DOWN
50160,-0.0288,0.0000,-1221.08,-1221.05,DOWN
50170,0.0348,0.0000,-1221.08,-1221.06,DOWN
50179,-0.0045,0.0000,-1221.08,-1221.06,DOWN
50190,-0.0553,0.0000,-1221.08,-1221.07,DOWN
50200,-0.0385,0.0000,-1221.08,-1221.07,DOWN
50210,0.0093,0.0000,-1221.08,-1221.07,DOWN
50220,-0.0268,0.0000,-1221.08,-1221.08,DOWN
50230,-0.0590,0.0000,-1221.08,-1221.08,DOWN
50239,-0.0425,0.0000,-1221.08,-1221.08,DOWN
50249,-0.0055,0.0000,-1221.08,-1221.08,DOWN
50260,-0.0129,0.0000,-1221.08,-1221.08,DOWN
50270,-0.0772,0.0000,-1221.08,-1221.08,DOWN
50280,-0.0867,0.0000,-1221.08,-1221.08,DOWN
50290,-0.0243,0.0000,-1221.08,-1221.08,DOWN
50300,-0.0039,0.0000,-1221.08,-1221.08,DOWN
50310,-0.0610,0.0000,-1221.08,-1221.08,DOWN
50320,-0.0736,0.0000,-1221.08,-1221.08,DOWN
50329,-0.0125,0.0000,-1221.08,-1221.08,DOWN
50340,0.0104,0.0000,-1221.08,-1221.08,DOWN
50350,0.0169,0.0000,-1221.08,-1221.08,DOWN
50360,-0.0468,0.0000,-1221.08,-1221.08,DOWN
50370,-0.0177,0.0000,-1221.08,-1221.08,DOWN
50380,0.0341,0.0000,-1221.08,-1221.08,DOWN
50390,0.0147,0.0000,-1221.08,-1221.08,DOWN
50399,-0.0160,0.0000,-1221.08,-1221.08,DOWN
50410,-0.0140,0.0000,-1221.08,-1221.08,DOWN
50420,0.0258,0.0000,-1221.08,-1221.08,DOWN
50430,0.0064,0.0000,-1221.08,-1221.08,DOWN
50440,-0.0314,0.0000,-1221.08,-1221.08,DOWN
50450,-0.0525,0.0000,-1221.08,-1221.08,DOWN
50460,-0.0096,0.0000,-1221.08,-1221.08,DOWN
50470,-0.0121,0.0000,-1221.08,-1221.08,DOWN
50480,-0.0664,0.0000,-1221.08,-1221.08,DOWN
50490,-0.0573,0.0000,-1221.08,-1221.08,DOWN
50500,-0.0510,0.0000,-1221.08,-1221.08,DOWN
50510,-0.0211,0.0000,-1221.08,-1221.08,DOWN
50520,-0.0425,0.0000,-1221.08,-1221.08,DOWN
50530,-0.0753,0.0000,-1222.80,-1221.49,DOWN
50539,-0.0378,0.0000,-1222.80,-1221.81,DOWN
50550,-0.0234,0.0000,-1222.80,-1222.04,DOWN
50560,-0.0229,0.0000,-1222.80,-1222.23,DOWN
50569,-0.0688,0.0000,-1222.80,-1222.36,DOWN
50580,-0.0473,0.0000,-1222.80,-1222.47,DOWN
50590,-0.0018,0.0000,-1222.80,-1222.55,DOWN
50600,-0.0218,0.0000,-1222.80,-1222.61,DOWN
50609,-0.0349,0.0000,-1222.80,-1222.65,DOWN
50620,-0.0532,0.0000,-1222.80,-1222.69,DOWN
50630,0.0187,0.0000,-1222.80,-1222.72,DOWN
50639,0.0287,0.0000,-1222.80,-1222.74,DOWN
50650,-0.0211,0.0000,-1222.80,-1222.75,DOWN
50660,-0.0172,0.0000,-1222.80,-1222.76,DOWN
50670,-0.0040,0.0000,-1222.80,-1222.77,DOWN
50679,0.0119,0.0000,-1222.80,-1222.78,DOWN
50690,-0.0400,0.0000,-1222.80,-1222.79,DOWN
50700,-0.0378,0.0000,-1222.80,-1222.79,DOWN
50710,-0.0177,0.0000,-1222.80,-1222.79,DOWN
50720,0.0045,0.0000,-1222.80,-1222.79,DOWN
50730,0.0069,0.0000,-1222.80,-1222.80,DOWN
50740,-0.0590,0.0000,-1222.80,-1222.80,DOWN
50749,-0.0412,0.0000,-1222.80,-1222.80,DOWN
50760,-0.0025,0.0000,-1222.80,-1222.80,DOWN
50770,0.0056,0.0000,-1222.80,-1222.80,DOWN
50780,-0.0565,0.0000,-1222.80,-1222.80,DOWN
50790,-0.0712,0.0000,-1222.80,-1222.80,DOWN
50800,-0.0202,0.0000,-1222.80,-1222.80,DOWN
50810,-0.0109,0.0000,-1222.80,-1222.80,DOWN
50819,-0.0233,0.0000,-1222.80,-1222.80,DOWN
50829,-0.0797,0.0000,-1222.80,-1222.80,DOWN
50840,-0.0146,0.0000,-1222.80,-1222.80,DOWN
50850,0.0036,0.0000,-1222.80,-1222.80,DOWN
50860,0.0031,0.0000,-1222.80,-1222.80,DOWN
50870,-0.0522,0.0000,-1222.80,-1222.80,DOWN
50880,-0.0482,0.0000,-1222.80,-1222.80,DOWN
50890,-0.0100,0.0000,-1222.80,-1222.80,DOWN
50899,-0.0312,0.0000,-1222.80,-1222.80,DOWN
50910,-0.0503,0.0000,-1222.80,-1222.80,DOWN
50920,-0.0566,0.0000,-1222.80,-1222.80,DOWN
50930,-0.0030,0.0000,-1222.80,-1222.80,DOWN
50940,-0.0038,0.0000,-1222.80,-1222.80,DOWN
50950,-0.0431,0.0000,-1222.80,-1222.80,DOWN
50960,-0.0339,0.0000,-1222.80,-1222.80,DOWN
50969,-0.0049,0.0000,-1222.80,-1222.80,DOWN
50980,0.0055,0.0000,-1222.80,-1222.80,DOWN
50990,-0.0528,0.0000,-1222.80,-1222.80,DOWN
51000,-0.0496,0.0000,-1222.80,-1222.80,DOWN
51010,-0.0272,0.0000,-1222.80,-1222.80,DOWN
51020,0.0094,0.0000,-1222.80,-1222.80,DOWN
51030,-0.0054,0.0000,-1222.80,-1222.80,DOWN
51039,-0.0624,0.0000,-1222.80,-1222.80,DOWN
51050,-0.0199,0.0000,-1222.80,-1222.80,DOWN
51060,0.0232,0.0000,-1222.80,-1222.80,DOWN
51070,-0.0030,0.0000,-1222.80,-1222.80,DOWN
51080,-0.0232,0.0000,-1222.80,-1222.80,DOWN
51090,-0.0620,0.0000,-1222.80,-1222.80,DOWN
51100,0.0050,0.0000,-1222.80,-1222.80,DOWN
51109,0.0130,0.0000,-1222.80,-1222.80,DOWN
51120,-0.0383,0.0000,-1222.80,-1222.80,DOWN
51130,-0.0564,0.0000,-1222.80,-1222.80,DOWN
51140,-0.0274,0.0000,-1222.80,-1222.80,DOWN
51150,0.0243,0.0000,-1222.80,-1222.80,DOWN
51160,-0.0385,0.0000,-1222.80,-1222.80,DOWN
51170,-0.0642,0.0000,-1223.98,-1223.08,DOWN
51179,-0.0374,0.0000,-1223.98,-1223.30,DOWN
51190,0.0274,0.0000,-1223.98,-1223.46,DOWN
51200,-0.0288,0.0000,-1223.98,-1223.59,DOWN
51210,-0.0522,0.0000,-1223.98,-1223.68,DOWN
51220,-0.0313,0.0000,-1223.98,-1223.75,DOWN
51230,0.0149,0.0000,-1223.98,-1223.81,DOWN
51239,0.0350,0.0000,-1223.98,-1223.85,DOWN
51250,-0.0406,0.0000,-1223.98,-1223.88,DOWN
51259,-0.0463,0.0000,-1223.98,-1223.91,DOWN
51270,0.0113,0.0000,-1223.98,-1223.93,DOWN
51280,0.0312,0.0000,-1223.98,-1223.94,DOWN
51290,-0.0229,0.0000,-1223.98,-1223.95,DOWN
51300,-0.0400,0.0000,-1223.98,-1223.96,DOWN
51310,0.0272,0.0000,-1223.98,-1223.96,DOWN
51319,-0.0011,0.0000,-1223.98,-1223.97,DOWN
51329,-0.0097,0.0000,-1223.98,-1223.97,DOWN
51340,-0.0553,0.0000,-1223.98,-1223.98,DOWN
51350,-0.0119,0.0000,-1223.98,-1223.98,DOWN
51360,0.0297,0.0000,-1223.98,-1223.98,DOWN
51370,-0.0168,0.0000,-1223.98,-1223.98,DOWN
51380,-0.0701,0.0000,-1223.98,-1223.98,DOWN
51390,-0.0487,0.0000,-1223.98,-1223.98,DOWN
51399,0.0102,0.0000,-1223.98,-1223.98,DOWN
51410,-0.0103,0.0000,-1223.98,-1223.98,DOWN
51420,-0.0759,0.0000,-1223.98,-1223.98,DOWN
51430,-0.0588,0.0000,-1223.98,-1223.98,DOWN
51439,-0.0000,0.0000,-1223.98,-1223.98,DOWN
51450,0.0154,0.0000,-1223.98,-1223.98,DOWN
51460,-0.0375,0.0000,-1223.98,-1223.98,DOWN
51469,-0.0520,0.0000,-1223.98,-1223.98,DOWN
51480,-0.0029,0.0000,-1223.98,-1223.98,DOWN
51490,0.0042,0.0000,-1223.98,-1223.98,DOWN
51500,-0.0342,0.0000,-1223.98,-1223.98,DOWN
51510,-0.0729,0.0000,-1225.64,-1224.38,DOWN
51520,-0.0077,0.0000,-1225.64,-1224.68,DOWN
51530,0.0033,0.0000,-1225.64,-1224.91,DOWN
51539,-0.0092,0.0000,-1225.64,-1225.09,DOWN
51550,-0.0500,0.0000,-1225.64,-1225.22,DOWN
51560,-0.0106,0.0000,-1225.64,-1225.32,DOWN
51570,0.0349,0.0000,-1225.64,-1225.40,DOWN
51580,0.0292,0.0000,-1225.64,-1225.46,DOWN
51590,-0.0190,0.0000,-1225.64,-1225.50,DOWN
51600,-0.0044,0.0000,-1225.64,-1225.53,DOWN
51609,0.0444,0.0000,-1225.64,-1225.56,DOWN
51620,0.0333,0.0000,-1225.64,-1225.58,DOWN
51630,0.0072,0.0000,-1225.64,-1225.59,DOWN
51639,0.0263,0.0000,-1225.64,-1225.61,DOWN
51650,0.0594,0.0000,-1225.64,-1225.61,DOWN
51659,0.0955,0.0000,-1225.64,-1225.62,DOWN
51670,0.0609,0.0000,-1225.64,-1225.63,DOWN
51679,0.0592,0.0000,-1225.64,-1225.63,DOWN
51690,0.0786,0.0000,-1225.05,-1225.49,DOWN
51700,0.1244,0.0000,-1225.05,-1225.39,DOWN
51710,0.1027,0.0000,-1221.99,-1224.58,DOWN
51720,0.0745,0.0745,-1221.25,-1223.78,DOWN
51730,0.1070,0.1070,-1220.18,-1222.92,DOWN
51740,0.1296,0.1296,-1218.88,-1221.95,DOWN
51750,0.1359,0.1359,-1217.52,-1220.89,DOWN
51759,0.0878,0.0878,-1216.65,-1219.88,DOWN
51770,0.0879,0.0879,-1215.77,-1218.90,DOWN
51780,0.1357,0.1357,-1214.41,-1217.82,DOWN
51790,0.1457,0.1457,-1212.95,-1216.66,DOWN
51800,0.1337,0.1337,-1211.62,-1215.45,DOWN
51810,0.0982,0.0982,-1210.63,-1214.30,DOWN
51819,0.1322,0.1322,-1209.31,-1213.11,DOWN
51830,0.1718,0.1718,-1207.59,-1211.79,DOWN
51840,0.1587,0.1587,-1206.01,-1210.41,DOWN
51850,0.1583,0.1583,-1204.43,-1208.98,DOWN
51860,0.1666,0.1666,-1202.76,-1207.49,DOWN
51870,0.2379,0.2379,-1200.38,-1205.79,DOWN
51880,0.2160,0.2160,-1198.22,-1203.98,DOWN
51890,0.1542,0.1542,-1196.68,-1202.24,DOWN
51899,0.1557,0.1557,-1195.12,-1200.54,DOWN
51910,0.2277,0.2277,-1192.84,-1198.70,DOWN
51920,0.2415,0.2415,-1190.43,-1196.72,DOWN
51930,0.2438,0.2438,-1187.99,-1194.63,DOWN
51940,0.2232,0.2232,-1185.76,-1192.51,DOWN
51950,0.2471,0.2471,-1183.29,-1190.31,DOWN
51960,0.3059,0.3059,-1180.23,-1187.90,DOWN
51969,0.2859,0.2859,-1177.37,-1185.38,DOWN
51980,0.2558,0.2558,-1174.81,-1182.85,DOWN
51990,0.2540,0.2540,-1172.27,-1180.32,DOWN
52000,0.3011,0.3011,-1169.26,-1177.68,DOWN
52010,0.3506,0.3506,-1165.76,-1174.83,DOWN
52020,0.3202,0.3202,-1162.55,-1171.89,DOWN
52030,0.2553,0.2553,-1160.00,-1169.05,DOWN
52039,0.3148,0.3148,-1156.85,-1166.14,DOWN
52050,0.3657,0.3657,-1153.19,-1163.04,DOWN
52060,0.3653,0.3653,-1149.54,-1159.81,DOWN
52070,0.3285,0.3285,-1146.26,-1156.57,DOWN
52080,0.3161,0.3161,-1143.09,-1153.35,DOWN
52090,0.3618,0.3618,-1139.48,-1150.03,DOWN
52100,0.3856,0.3856,-1135.62,-1146.59,DOWN
52109,0.3529,0.3529,-1132.09,-1143.12,DOWN
52120,0.3107,0.3107,-1128.98,-1139.74,DOWN
52130,0.3092,0.3092,-1125.89,-1136.43,DOWN
52140,0.3588,0.3588,-1122.30,-1133.05,DOWN
52150,0.3398,0.3398,-1118.91,-1129.67,DOWN
52160,0.3605,0.3605,-1115.30,-1126.24,DOWN
52170,0.3294,0.3294,-1112.01,-1122.84,DOWN
52179,0.3928,0.3928,-1108.08,-1119.31,DOWN
52190,0.4620,0.4620,-1103.46,-1115.52,DOWN
52200,0.4505,0.4505,-1098.95,-1111.56,DOWN
52210,0.4335,0.4335,-1094.62,-1107.51,DOWN
52220,0.4096,0.4096,-1090.52,-1103.45,DOWN
52230,0.4653,0.4653,-1085.87,-1099.25,DOWN
52240,0.4679,0.4679,-1081.19,-1094.93,DOWN
52250,0.5045,0.5045,-1076.15,-1090.44,DOWN
52259,0.4746,0.4746,-1071.40,-1085.89,DOWN
52270,0.4525,0.4525,-1066.87,-1081.34,DOWN
52280,0.5224,0.5224,-1061.65,-1076.63,DOWN
52290,0.5212,0.5212,-1056.44,-1071.81,DOWN
52300,0.5367,0.5367,-1051.07,-1066.85,DOWN
52310,0.5212,0.5212,-1045.86,-1061.83,DOWN
52320,0.5000,0.5000,-1040.86,-1056.82,DOWN
52329,0.5277,0.5277,-1035.58,-1051.74,DOWN
52340,0.5375,0.5375,-1030.21,-1046.59,DOWN
52350,0.5540,0.5540,-1024.67,-1041.35,DOWN
52360,0.5421,0.5421,-1019.25,-1036.07,DOWN
52370,0.5259,0.5259,-1013.99,-1030.79,DOWN
52380,0.5444,0.5444,-1008.54,-1025.47,DOWN
52390,0.5278,0.5278,-1003.27,-1020.16,DOWN
52399,0.5842,0.5842,-997.43,-1014.73,DOWN
52410,0.5586,0.5586,-991.84,-1009.26,DOWN
52420,0.5402,0.5402,-986.44,-1003.80,DOWN
52430,0.5542,0.5542,-980.89,-998.33,DOWN
52440,0.5750,0.5750,-975.14,-992.78,DOWN
52450,0.6021,0.6021,-969.12,-987.13,DOWN
52459,0.5931,0.5931,-963.19,-981.41,DOWN
52469,0.5943,0.5943,-957.25,-975.63,DOWN
52480,0.5820,0.5820,-951.43,-969.84,DOWN
52490,0.6098,0.6098,-945.33,-963.98,DOWN
52500,0.6434,0.6434,-938.90,-957.99,DOWN
52510,0.6222,0.6222,-932.67,-951.94,DOWN
52520,0.6520,0.6520,-926.16,-945.77,DOWN
52530,0.6485,0.6485,-919.67,-939.53,DOWN
52539,0.6619,0.6619,-913.05,-933.20,DOWN
52550,0.6553,0.6553,-906.50,-926.82,DOWN
52560,0.6443,0.6443,-900.05,-920.42,DOWN
52570,0.6964,0.6964,-893.09,-913.89,DOWN
52580,0.6833,0.6833,-886.26,-907.28,DOWN
52590,0.7109,0.7109,-879.15,-900.56,DOWN
52600,0.6891,0.6891,-872.26,-893.79,DOWN
52610,0.6640,0.6640,-865.62,-887.06,DOWN
52620,0.7106,0.7106,-858.51,-880.23,DOWN
52630,0.7223,0.7223,-851.29,-873.31,DOWN
52640,0.7266,0.7266,-844.02,-866.31,DOWN
52650,0.7309,0.7309,-836.71,-859.24,DOWN
52660,0.7126,0.7126,-829.59,-852.15,DOWN
52670,0.7158,0.7158,-822.43,-845.04,DOWN
52679,0.6968,0.6968,-815.46,-837.97,DOWN
52690,0.7231,0.7231,-808.23,-830.86,DOWN
52700,0.7043,0.7043,-801.19,-823.77,DOWN
52710,0.7266,0.7266,-793.92,-816.63,DOWN
52720,0.7175,0.7175,-786.75,-809.49,DOWN
52730,0.7308,0.7308,-779.44,-802.30,DOWN
52740,0.7224,0.7224,-772.21,-795.11,DOWN
52750,0.7614,0.7614,-764.60,-787.82,DOWN
52760,0.8175,0.8175,-756.42,-780.31,DOWN
52770,0.7874,0.7874,-748.55,-772.72,DOWN
52780,0.7478,0.7478,-741.07,-765.15,DOWN
52790,0.7842,0.7842,-733.23,-757.52,DOWN
52800,0.7890,0.7890,-725.34,-749.83,DOWN
52810,0.8305,0.8305,-717.04,-741.99,DOWN
52819,0.8084,0.8084,-708.95,-734.09,DOWN
52829,0.7647,0.7647,-701.31,-726.25,DOWN
52840,0.7776,0.7776,-693.53,-718.43,DOWN
52850,0.8106,0.8106,-685.42,-710.54,DOWN
52860,0.7803,0.7803,-677.62,-702.67,DOWN
52870,0.7326,0.7326,-670.29,-694.93,DOWN
52880,0.6917,0.6917,-663.38,-687.39,DOWN
52890,0.6875,0.6875,-656.50,-680.00,DOWN
52899,0.7042,0.7042,-649.46,-672.70,DOWN
52910,0.6882,0.6882,-642.58,-665.50,DOWN
52920,0.6565,0.6565,-636.01,-658.45,DOWN
52930,0.6473,0.6473,-629.54,-651.54,DOWN
52940,0.6561,0.6561,-622.98,-644.71,DOWN
52950,0.6684,0.6684,-616.29,-637.92,DOWN
52960,0.6695,0.6695,-609.60,-631.15,DOWN
52969,0.6637,0.6637,-602.96,-624.41,DOWN
52980,0.6405,0.6405,-596.56,-617.75,DOWN
52990,0.5988,0.5988,-590.57,-611.25,DOWN
53000,0.5962,0.5962,-584.61,-604.88,DOWN
53010,0.5788,0.5788,-578.82,-598.65,DOWN
53020,0.5937,0.5937,-572.88,-592.49,DOWN
53030,0.5727,0.5727,-567.15,-586.43,DOWN
53039,0.5521,0.5521,-561.63,-580.51,DOWN
53050,0.5521,0.5521,-556.11,-574.67,DOWN
53059,0.5879,0.5879,-550.24,-568.84,DOWN
53070,0.5774,0.5774,-544.46,-563.01,DOWN
53080,0.5477,0.5477,-538.98,-557.26,DOWN
53090,0.5431,0.5431,-533.55,-551.59,DOWN
53100,0.5393,0.5393,-528.16,-545.99,DOWN
53110,0.5380,0.5380,-522.78,-540.44,DOWN
53120,0.5349,0.5349,-517.43,-534.94,DOWN
53130,0.5054,0.5054,-512.37,-529.55,DOWN
53140,0.4990,0.4990,-507.38,-524.25,DOWN
53150,0.5148,0.5148,-502.24,-518.99,DOWN
53160,0.5388,0.5388,-496.85,-513.69,DOWN
53170,0.4905,0.4905,-491.94,-508.50,DOWN
53179,0.4715,0.4715,-487.23,-503.41,DOWN
53190,0.4280,0.4280,-482.95,-498.52,DOWN
53200,0.4395,0.4395,-478.55,-493.75,DOWN
53210,0.4241,0.4241,-474.31,-489.10,DOWN
53220,0.4098,0.4098,-470.22,-484.59,DOWN
53230,0.3857,0.3857,-466.36,-480.23,DOWN
53240,0.3803,0.3803,-462.56,-476.00,DOWN
53249,0.3987,0.3987,-458.57,-471.84,DOWN
53260,0.4015,0.4015,-454.55,-467.70,DOWN
53270,0.3880,0.3880,-450.67,-463.63,DOWN
53280,0.3617,0.3617,-447.06,-459.67,DOWN
53290,0.3783,0.3783,-443.27,-455.75,DOWN
53300,0.3675,0.3675,-439.60,-451.89,DOWN
53310,0.3502,0.3502,-436.10,-448.11,DOWN
53320,0.3649,0.3649,-432.45,-444.37,DOWN
53329,0.3392,0.3392,-429.06,-440.71,DOWN
53340,0.3546,0.3546,-425.51,-437.07,DOWN
53350,0.3566,0.3566,-421.94,-433.46,DOWN
53360,0.3299,0.3299,-418.64,-429.92,DOWN
53370,0.3161,0.3161,-415.48,-426.47,DOWN
53380,0.3045,0.3045,-412.44,-423.11,DOWN
53390,0.2782,0.2782,-409.66,-419.90,DOWN
53399,0.2779,0.2779,-406.88,-416.78,DOWN
53410,0.2717,0.2717,-404.16,-413.77,DOWN
53420,0.2622,0.2622,-401.54,-410.84,DOWN
53430,0.2348,0.2348,-399.19,-408.06,DOWN
53439,0.2536,0.2536,-396.66,-405.33,DOWN
53450,0.2443,0.2443,-394.21,-402.67,DOWN
53460,0.2410,0.2410,-391.80,-400.07,DOWN
53469,0.2224,0.2224,-389.58,-397.57,DOWN
53480,0.2163,0.2163,-387.41,-395.14,DOWN
53490,0.2172,0.2172,-385.24,-392.77,DOWN
53500,0.2166,0.2166,-383.08,-390.46,DOWN
53510,0.2058,0.2058,-381.02,-388.20,DOWN
53520,0.1740,0.1740,-379.28,-386.07,DOWN
53530,0.1671,0.1671,-377.61,-384.04,DOWN
53539,0.1883,0.1883,-375.73,-382.06,DOWN
53550,0.1840,0.1840,-373.89,-380.10,DOWN
53560,0.1591,0.1591,-372.29,-378.24,DOWN
53570,0.1435,0.1435,-370.86,-376.47,DOWN
53580,0.1404,0.1404,-369.45,-374.79,DOWN
53590,0.1210,0.1210,-368.24,-373.23,DOWN
53600,0.1275,0.1275,-366.97,-371.73,DOWN
53610,0.1270,0.1270,-365.70,-370.29,DOWN
53620,0.1103,0.1103,-364.60,-368.93,DOWN
53630,0.0942,0.0942,-363.66,-367.67,DOWN
53640,0.1012,0.1012,-362.64,-366.47,DOWN
53650,0.0999,0.0999,-361.64,-365.31,DOWN
53660,0.0993,0.0993,-360.65,-364.20,DOWN
53670,0.0606,0.0606,-360.05,-363.21,DOWN
53680,0.0716,0.0716,-359.33,-362.28,DOWN
53690,0.0614,0.0614,-358.72,-361.43,DOWN
53700,0.0683,0.0683,-358.03,-360.62,DOWN
53710,0.0406,0.0000,-358.03,-360.00,DOWN
53720,0.0257,0.0000,-358.03,-359.53,DOWN
53730,0.0038,0.0000,-358.03,-359.17,DOWN
53740,0.0136,0.0000,-358.03,-358.90,DOWN
53750,-0.0068,0.0000,-358.03,-358.69,DOWN
53759,-0.0201,0.0000,-358.03,-358.53,DOWN
53770,-0.0359,0.0000,-358.03,-358.41,DOWN
53780,-0.0401,0.0000,-358.03,-358.32,DOWN
53790,-0.0432,0.0000,-358.03,-358.25,DOWN
53800,-0.0461,0.0000,-358.03,-358.20,DOWN
53810,-0.0538,0.0000,-358.03,-358.16,DOWN
53820,-0.0662,0.0000,-358.03,-358.13,DOWN
53829,-0.0800,0.0000,-358.03,-358.11,DOWN
53840,-0.0734,0.0000,-360.23,-358.61,DOWN
53850,-0.0654,-0.0654,-360.88,-359.16,DOWN
53860,-0.0880,-0.0880,-361.76,-359.78,DOWN
53870,-0.0718,-0.0718,-362.48,-360.42,DOWN
53880,-0.0594,0.0000,-362.48,-360.92,DOWN
53890,-0.0659,0.0000,-363.07,-361.43,DOWN
53899,-0.0523,0.0000,-363.07,-361.82,DOWN
53910,-0.0633,0.0000,-363.60,-362.25,DOWN
53920,-0.0642,0.0000,-363.60,-362.57,DOWN
53930,-0.0502,0.0000,-363.60,-362.82,DOWN
53940,-0.0501,0.0000,-363.60,-363.00,DOWN
53950,-0.0572,0.0000,-363.60,-363.14,DOWN
53960,-0.0650,0.0000,-365.17,-363.63,DOWN
53969,-0.0656,0.0000,-365.17,-364.00,DOWN
53980,-0.0816,0.0000,-367.29,-364.79,DOWN
53990,-0.0762,-0.0762,-368.05,-365.57,DOWN
54000,-0.0881,-0.0881,-368.94,-366.37,DOWN
54010,-0.0824,-0.0824,-369.76,-367.18,DOWN
54020,-0.0887,-0.0887,-370.65,-368.01,DOWN
54030,-0.1019,-0.1019,-371.67,-368.88,DOWN
54039,-0.0856,-0.0856,-372.52,-369.75,DOWN
54050,-0.0835,-0.0835,-373.36,-370.62,DOWN
54060,-0.0792,-0.0792,-374.15,-371.46,DOWN
54070,-0.0716,-0.0716,-374.87,-372.27,DOWN
54080,-0.0838,-0.0838,-375.70,-373.09,DOWN
54090,-0.0808,-0.0808,-376.51,-373.91,DOWN
54100,-0.0908,-0.0908,-377.42,-374.75,DOWN
54109,-0.0686,-0.0686,-378.11,-375.55,DOWN
54120,-0.0743,-0.0743,-378.85,-376.34,DOWN
54130,-0.0387,0.0000,-378.85,-376.94,DOWN
54140,-0.0618,0.0000,-378.85,-377.40,DOWN
54150,-0.0513,0.0000,-378.85,-377.74,DOWN
54160,-0.0638,0.0000,-379.36,-378.13,DOWN
54170,-0.0433,0.0000,-379.36,-378.42,DOWN
54179,-0.0509,0.0000,-379.36,-378.65,DOWN
54189,-0.0711,0.0000,-380.30,-379.04,DOWN
54200,-0.0769,0.0000,-380.30,-379.35,DOWN
54210,-0.0780,0.0000,-382.56,-380.11,DOWN
54220,-0.0673,-0.0673,-383.24,-380.86,DOWN
54230,-0.0778,-0.0778,-384.02,-381.61,DOWN
54240,-0.0683,-0.0683,-384.70,-382.35,DOWN
54249,-0.0693,-0.0693,-385.39,-383.08,DOWN
54259,-0.0760,-0.0760,-386.15,-383.81,DOWN
54270,-0.0663,-0.0663,-386.81,-384.53,DOWN
54280,-0.0671,-0.0671,-387.49,-385.24,DOWN
54290,-0.0632,-0.0632,-388.12,-385.93,DOWN
54300,-0.0662,-0.0662,-388.78,-386.61,DOWN
54310,-0.0507,0.0000,-388.78,-387.13,DOWN
54319,-0.0503,0.0000,-388.78,-387.52,DOWN
54329,-0.0512,0.0000,-388.78,-387.82,DOWN
54340,-0.0491,0.0000,-388.78,-388.05,DOWN
54350,-0.0528,0.0000,-388.78,-388.22,DOWN
54360,-0.0457,0.0000,-388.78,-388.36,DOWN
54370,-0.0395,0.0000,-388.78,-388.46,DOWN
54380,-0.0473,0.0000,-388.78,-388.53,DOWN
54390,-0.0510,0.0000,-388.78,-388.59,DOWN
54399,-0.0538,0.0000,-388.78,-388.64,DOWN
54410,-0.0473,0.0000,-388.78,-388.67,DOWN
54420,-0.0446,0.0000,-388.78,-388.70,DOWN
54430,-0.0300,0.0000,-388.78,-388.72,DOWN
54440,-0.0455,0.0000,-388.78,-388.73,DOWN
54450,-0.0516,0.0000,-388.78,-388.74,DOWN
54460,-0.0459,0.0000,-388.78,-388.75,DOWN
54470,-0.0548,0.0000,-388.78,-388.76,DOWN
54480,-0.0515,0.0000,-388.78,-388.76,DOWN
54490,-0.0688,0.0000,-388.78,-388.77,DOWN
54500,-0.0665,0.0000,-388.78,-388.77,DOWN
54510,-0.0488,0.0000,-388.78,-388.77,DOWN
54520,-0.0414,0.0000,-388.78,-388.77,DOWN
54530,-0.0401,0.0000,-388.78,-388.77,DOWN
54539,-0.0304,0.0000,-388.78,-388.78,DOWN
54550,-0.0460,0.0000,-388.78,-388.78,DOWN
54560,-0.0410,0.0000,-388.78,-388.78,DOWN
54570,-0.0341,0.0000,-388.78,-388.78,DOWN
54580,-0.0172,0.0000,-388.78,-388.78,DOWN
54590,-0.0312,0.0000,-388.78,-388.78,DOWN
54600,-0.0228,0.0000,-388.78,-388.78,DOWN
54610,-0.0153,0.0000,-388.78,-388.78,DOWN
54620,-0.0308,0.0000,-388.78,-388.78,DOWN
54630,-0.0286,0.0000,-388.78,-388.78,DOWN
54640,-0.0311,0.0000,-388.78,-388.78,DOWN
54650,-0.0202,0.0000,-388.78,-388.78,DOWN
54660,-0.0489,0.0000,-388.78,-388.78,DOWN
54670,-0.0405,0.0000,-388.78,-388.78,DOWN
54679,-0.0388,0.0000,-388.78,-388.78,DOWN
54689,-0.0344,0.0000,-388.78,-388.78,DOWN
54700,-0.0720,0.0000,-388.78,-388.78,DOWN
54710,-0.0542,0.0000,-388.78,-388.78,DOWN
54720,-0.0432,0.0000,-388.78,-388.78,DOWN
54730,-0.0641,0.0000,-389.75,-389.01,DOWN
54740,-0.0505,0.0000,-389.75,-389.19,DOWN
54749,-0.0509,0.0000,-389.75,-389.32,DOWN
54759,-0.0461,0.0000,-389.75,-389.43,DOWN
54770,-0.0433,0.0000,-389.75,-389.50,DOWN
54780,-0.0276,0.0000,-389.75,-389.56,DOWN
54790,-0.0226,0.0000,-389.75,-389.61,DOWN
54800,-0.0148,0.0000,-389.75,-389.64,DOWN
54810,-0.0154,0.0000,-389.75,-389.67,DOWN
54820,-0.0150,0.0000,-389.75,-389.69,DOWN
54829,-0.0185,0.0000,-389.75,-389.70,DOWN
54840,-0.0255,0.0000,-389.75,-389.72,DOWN
54850,-0.0269,0.0000,-389.75,-389.73,DOWN
54860,-0.0231,0.0000,-389.75,-389.73,DOWN
54870,-0.0259,0.0000,-389.75,-389.74,DOWN
54880,-0.0352,0.0000,-389.75,-389.74,DOWN
54890,-0.0246,0.0000,-389.75,-389.74,DOWN
54899,-0.0427,0.0000,-389.75,-389.75,DOWN
54910,-0.0381,0.0000,-389.75,-389.75,DOWN
54920,-0.0549,0.0000,-389.75,-389.75,DOWN
54930,-0.0371,0.0000,-389.75,-389.75,DOWN
54940,-0.0391,0.0000,-389.75,-389.75,DOWN
54950,-0.0498,0.0000,-389.75,-389.75,DOWN
54960,-0.0456,0.0000,-389.75,-389.75,DOWN
54970,-0.0391,0.0000,-389.75,-389.75,DOWN
54980,-0.0315,0.0000,-389.75,-389.75,DOWN
54990,-0.0203,0.0000,-389.75,-389.75,DOWN
55000,-0.0152,0.0000,-389.75,-389.75,DOWN
55010,0.0015,0.0000,-389.75,-389.75,DOWN
55020,0.0037,0.0000,-389.75,-389.75,DOWN
55030,-0.0085,0.0000,-389.75,-389.75,DOWN
55039,-0.0068,0.0000,-389.75,-389.75,DOWN
55050,0.0006,0.0000,-389.75,-389.75,DOWN
55060,-0.0337,0.0000,-389.75,-389.75,DOWN
55070,-0.0349,0.0000,-389.75,-389.75,DOWN
55080,-0.0367,0.0000,-389.75,-389.75,DOWN
55090,-0.0191,0.0000,-389.75,-389.75,DOWN
55100,-0.0309,0.0000,-389.75,-389.75,DOWN
55109,-0.0338,0.0000,-389.75,-389.75,DOWN
55120,-0.0221,0.0000,-389.75,-389.75,DOWN
55130,-0.0201,0.0000,-389.75,-389.75,DOWN
55140,-0.0094,0.0000,-389.75,-389.75,DOWN
55150,-0.0404,0.0000,-389.75,-389.75,DOWN
55159,-0.0264,0.0000,-389.75,-389.75,DOWN
55170,-0.0403,0.0000,-389.75,-389.75,DOWN
55179,-0.0209,0.0000,-389.75,-389.75,DOWN
55189,-0.0239,0.0000,-389.75,-389.75,DOWN
55200,-0.0247,0.0000,-389.75,-389.75,DOWN
55210,-0.0286,0.0000,-389.75,-389.75,DOWN
55220,-0.0252,0.0000,-389.75,-389.75,DOWN
55230,-0.0222,0.0000,-389.75,-389.75,DOWN
55240,-0.0363,0.0000,-389.75,-389.75,DOWN
55250,-0.0137,0.0000,-389.75,-389.75,DOWN
55259,-0.0274,0.0000,-389.75,-389.75,DOWN
55270,-0.0324,0.0000,-389.75,-389.75,DOWN
55280,-0.0247,0.0000,-389.75,-389.75,DOWN
55290,-0.0373,0.0000,-389.75,-389.75,DOWN
55300,-0.0323,0.0000,-389.75,-389.75,DOWN
55310,-0.0246,0.0000,-389.75,-389.75,DOWN
55320,-0.0388,0.0000,-389.75,-389.75,DOWN
55329,-0.0344,0.0000,-389.75,-389.75,DOWN
55340,-0.0217,0.0000,-389.75,-389.75,DOWN
55350,-0.0245,0.0000,-389.75,-389.75,DOWN
55360,-0.0226,0.0000,-389.75,-389.75,DOWN
55370,-0.0240,0.0000,-389.75,-389.75,DOWN
55380,-0.0169,0.0000,-389.75,-389.75,DOWN
55390,0.0009,0.0000,-389.75,-389.75,DOWN
55399,-0.0154,0.0000,-389.75,-389.75,DOWN
55410,-0.0308,0.0000,-389.75,-389.75,DOWN
55420,-0.0204,0.0000,-389.75,-389.75,DOWN
55430,-0.0166,0.0000,-389.75,-389.75,DOWN
55440,-0.0284,0.0000,-389.75,-389.75,DOWN
55450,-0.0384,0.0000,-389.75,-389.75,DOWN
55460,-0.0231,0.0000,-389.75,-389.75,DOWN
55470,-0.0371,0.0000,-389.75,-389.75,DOWN
55480,-0.0460,0.0000,-389.75,-389.75,DOWN
55490,-0.0394,0.0000,-389.75,-389.75,DOWN
55500,-0.0305,0.0000,-389.75,-389.75,DOWN
55510,-0.0237,0.0000,-389.75,-389.75,DOWN
55520,-0.0225,0.0000,-389.75,-389.75,DOWN
55530,-0.0235,0.0000,-389.75,-389.75,DOWN
55539,-0.0299,0.0000,-389.75,-389.75,DOWN
55550,-0.0089,0.0000,-389.75,-389.75,DOWN
55560,-0.0083,0.0000,-389.75,-389.75,DOWN
55570,-0.0191,0.0000,-389.75,-389.75,DOWN
55580,-0.0065,0.0000,-389.75,-389.75,DOWN
55590,-0.0008,0.0000,-389.75,-389.75,DOWN
55600,-0.0029,0.0000,-389.75,-389.75,DOWN
55609,-0.0064,0.0000,-389.75,-389.75,DOWN
55620,-0.0102,0.0000,-389.75,-389.75,DOWN
55630,-0.0100,0.0000,-389.75,-389.75,DOWN
55640,-0.0097,0.0000,-389.75,-389.75,DOWN
55650,-0.0124,0.0000,-389.75,-389.75,DOWN
55660,-0.0021,0.0000,-389.75,-389.75,DOWN
55670,-0.0250,0.0000,-389.75,-389.75,DOWN
55679,-0.0036,0.0000,-389.75,-389.75,DOWN
55689,-0.0222,0.0000,-389.75,-389.75,DOWN
55700,-0.0234,0.0000,-389.75,-389.75,DOWN
55710,-0.0034,0.0000,-389.75,-389.75,DOWN
55720,-0.0081,0.0000,-389.75,-389.75,DOWN
55730,-0.0040,0.0000,-389.75,-389.75,DOWN
55740,0.0092,0.0000,-389.75,-389.75,DOWN
55750,0.0186,0.0000,-389.75,-389.75,DOWN
55759,0.0133,0.0000,-389.75,-389.75,DOWN
55770,0.0194,0.0000,-389.75,-389.75,DOWN
55780,0.0370,0.0000,-389.75,-389.75,DOWN
55790,0.0255,0.0000,-389.75,-389.75,DOWN
55800,0.0206,0.0000,-389.75,-389.75,DOWN
55810,0.0217,0.0000,-389.75,-389.75,DOWN
55820,0.0071,0.0000,-389.75,-389.75,DOWN
55829,0.0160,0.0000,-389.75,-389.75,DOWN
55840,0.0179,0.0000,-389.75,-389.75,DOWN
55850,0.0182,0.0000,-389.75,-389.75,DOWN
55859,0.0193,0.0000,-389.75,-389.75,DOWN
55870,0.0232,0.0000,-389.75,-389.75,DOWN
55880,0.0220,0.0000,-389.75,-389.75,DOWN
55890,0.0183,0.0000,-389.75,-389.75,DOWN
55899,0.0124,0.0000,-389.75,-389.75,DOWN
55910,0.0282,0.0000,-389.75,-389.75,DOWN
55920,0.0288,0.0000,-389.75,-389.75,DOWN
55930,0.0257,0.0000,-389.75,-389.75,DOWN
55940,0.0226,0.0000,-389.75,-389.75,DOWN
55950,0.0455,0.0000,-389.75,-389.75,DOWN
55960,0.0445,0.0000,-389.75,-389.75,DOWN
55969,0.0527,0.0000,-389.75,-389.75,DOWN
55980,0.0485,0.0000,-389.75,-389.75,DOWN
55990,0.0560,0.0000,-389.75,-389.75,DOWN
55999,0.0556,0.0000,-389.75,-389.75,DOWN
56010,0.0550,0.0000,-389.75,-389.75,DOWN
56020,0.0579,0.0000,-389.75,-389.75,DOWN
56030,0.0809,0.0000,-389.75,-389.75,DOWN
56039,0.0576,0.0000,-389.75,-389.75,DOWN
56050,0.0647,0.0000,-389.18,-389.62,DOWN
56060,0.0779,0.0000,-389.18,-389.51,DOWN
56070,0.0558,0.0000,-389.18,-389.43,DOWN
56080,0.0619,0.0000,-388.62,-389.24,DOWN
56090,0.0590,0.0000,-388.62,-389.09,DOWN
56100,0.0712,0.0000,-388.03,-388.84,DOWN
56109,0.0704,0.0000,-388.03,-388.64,DOWN
56120,0.0743,0.0000,-385.87,-387.98,DOWN
56130,0.0718,0.0718,-385.15,-387.30,DOWN
56140,0.0745,0.0745,-384.41,-386.61,DOWN
56150,0.0861,0.0861,-383.55,-385.88,DOWN
56160,0.0752,0.0752,-382.79,-385.14,DOWN
56170,0.0885,0.0885,-381.91,-384.37,DOWN
56179,0.0958,0.0958,-380.95,-383.55,DOWN
56189,0.1032,0.1032,-379.92,-382.68,DOWN
56200,0.1023,0.1023,-378.90,-381.78,DOWN
56210,0.0986,0.0986,-377.91,-380.85,DOWN
56220,0.1128,0.1128,-376.78,-379.88,DOWN
56230,0.1214,0.1214,-375.57,-378.85,DOWN
56240,0.1066,0.1066,-374.50,-377.81,DOWN
56250,0.1041,0.1041,-373.46,-376.77,DOWN
56259,0.0950,0.0950,-372.51,-375.75,DOWN
56270,0.0989,0.0989,-371.52,-374.74,DOWN
56280,0.1056,0.1056,-370.46,-373.72,DOWN
56290,0.0743,0.0743,-369.72,-372.76,DOWN
56300,0.1031,0.1031,-368.69,-371.79,DOWN
56310,0.0852,0.0852,-367.84,-370.85,DOWN
56320,0.0823,0.0823,-367.02,-369.93,DOWN
56329,0.0834,0.0834,-366.18,-369.03,DOWN
56340,0.0771,0.0771,-365.41,-368.17,DOWN
56350,0.0726,0.0726,-364.69,-367.34,DOWN
56360,0.0709,0.0709,-363.98,-366.53,DOWN
56370,0.0631,0.0631,-363.35,-365.77,DOWN
56380,0.0694,0.0694,-362.65,-365.03,DOWN
56390,0.0602,0.0602,-362.05,-364.31,DOWN
56399,0.0637,0.0637,-361.41,-363.62,DOWN
56410,0.0711,0.0711,-360.70,-362.92,DOWN
56420,0.0726,0.0726,-359.98,-362.22,DOWN
56430,0.0840,0.0840,-359.14,-361.48,DOWN
56440,0.0787,0.0787,-358.35,-360.73,DOWN
56450,0.0887,0.0887,-357.46,-359.95,DOWN
56460,0.0739,0.0739,-356.72,-359.18,DOWN
56470,0.0793,0.0793,-355.93,-358.40,DOWN
56480,0.0726,0.0726,-355.20,-357.64,DOWN
56490,0.0603,0.0603,-354.60,-356.91,DOWN
56500,0.0531,0.0000,-354.60,-356.36,DOWN
56510,0.0505,0.0000,-354.60,-355.94,DOWN
56520,0.0499,0.0000,-354.60,-355.62,DOWN
56530,0.0404,0.0000,-354.60,-355.38,DOWN
56539,0.0290,0.0000,-354.60,-355.19,DOWN
56550,0.0444,0.0000,-354.60,-355.05,DOWN
56560,0.0405,0.0000,-354.60,-354.94,DOWN
56570,0.0299,0.0000,-354.60,-354.86,DOWN
56580,0.0675,0.0000,-351.22,-353.99,DOWN
56590,0.1230,0.0000,-351.22,-353.33,DOWN
56600,0.0663,0.0000,-348.65,-352.21,DOWN
56609,0.0206,0.0000,-348.65,-351.36,DOWN
56620,-0.0177,0.0000,-348.65,-350.71,DOWN
56630,-0.0075,0.0000,-348.65,-350.22,DOWN
56640,-0.0107,0.0000,-348.65,-349.85,DOWN
56650,-0.0699,0.0000,-348.65,-349.56,DOWN
56660,-0.0842,0.0000,-348.65,-349.35,DOWN
56670,-0.0823,0.0000,-351.02,-349.75,DOWN
56679,-0.0559,0.0000,-351.02,-350.05,DOWN
56689,-0.0754,0.0000,-351.58,-350.42,DOWN
56700,-0.0877,0.0000,-351.58,-350.69,DOWN
56710,-0.0737,0.0000,-353.95,-351.47,DOWN
56720,-0.0326,0.0000,-353.95,-352.06,DOWN
56730,0.0112,0.0000,-353.95,-352.51,DOWN
56740,-0.0094,0.0000,-353.95,-352.86,DOWN
56750,-0.0081,0.0000,-353.95,-353.12,DOWN
56759,0.0372,0.0000,-353.95,-353.32,DOWN
56770,0.0452,0.0000,-353.95,-353.47,DOWN
56780,0.0084,0.0000,-353.95,-353.58,DOWN
56790,-0.0005,0.0000,-353.95,-353.67,DOWN
56800,-0.0079,0.0000,-353.95,-353.73,DOWN
56810,-0.0145,0.0000,-353.95,-353.79,DOWN
56820,-0.0436,0.0000,-353.95,-353.82,DOWN
56829,-0.0461,0.0000,-353.95,-353.85,DOWN
56840,-0.0279,0.0000,-353.95,-353.88,DOWN
56850,-0.0454,0.0000,-353.95,-353.89,DOWN
56860,-0.0275,0.0000,-353.95,-353.91,DOWN
56870,-0.0241,0.0000,-353.95,-353.92,DOWN
56880,-0.0317,0.0000,-353.95,-353.92,DOWN
56890,-0.0049,0.0000,-353.95,-353.93,DOWN
56899,-0.0049,0.0000,-353.95,-353.93,DOWN
56910,-0.0152,0.0000,-353.95,-353.94,DOWN
56920,-0.0145,0.0000,-353.95,-353.94,DOWN
56930,-0.0093,0.0000,-353.95,-353.94,DOWN
56940,-0.0273,0.0000,-353.95,-353.94,DOWN
56950,-0.0462,0.0000,-353.95,-353.94,DOWN
56960,-0.0188,0.0000,-353.95,-353.94,DOWN
56970,-0.0136,0.0000,-353.95,-353.94,DOWN
56980,-0.0287,0.0000,-353.95,-353.95,DOWN
56990,-0.0374,0.0000,-353.95,-353.95,DOWN
57000,-0.0253,0.0000,-353.95,-353.95,DOWN
57010,-0.0196,0.0000,-353.95,-353.95,DOWN
57020,-0.0223,0.0000,-353.95,-353.95,DOWN
57030,-0.0152,0.0000,-353.95,-353.95,DOWN
57039,-0.0364,0.0000,-353.95,-353.95,DOWN
57050,-0.0190,0.0000,-353.95,-353.95,DOWN
57060,-0.0200,0.0000,-353.95,-353.95,DOWN
57070,-0.0223,0.0000,-353.95,-353.95,DOWN
57080,-0.0116,0.0000,-353.95,-353.95,DOWN
57090,-0.0144,0.0000,-353.95,-353.95,DOWN
57100,-0.0273,0.0000,-353.95,-353.95,DOWN
57109,-0.0243,0.0000,-353.95,-353.95,DOWN
57119,-0.0283,0.0000,-353.95,-353.95,DOWN
57130,-0.0191,0.0000,-353.95,-353.95,DOWN
57140,-0.0212,0.0000,-353.95,-353.95,DOWN
57150,-0.0237,0.0000,-353.95,-353.95,DOWN
57160,-0.0093,0.0000,-353.95,-353.95,DOWN
57170,-0.0170,0.0000,-353.95,-353.95,DOWN
57179,-0.0103,0.0000,-353.95,-353.95,DOWN
57189,-0.0100,0.0000,-353.95,-353.95,DOWN
57200,-0.0341,0.0000,-353.95,-353.95,DOWN
57210,-0.0089,0.0000,-353.95,-353.95,DOWN
57220,-0.0262,0.0000,-353.95,-353.95,DOWN
57230,-0.0321,0.0000,-353.95,-353.95,DOWN
57239,-0.0325,0.0000,-353.95,-353.95,DOWN
57250,-0.0328,0.0000,-353.95,-353.95,DOWN
57259,-0.0046,0.0000,-353.95,-353.95,DOWN
57270,-0.0196,0.0000,-353.95,-353.95,DOWN
57280,-0.0221,0.0000,-353.95,-353.95,DOWN
57290,-0.0039,0.0000,-353.95,-353.95,DOWN
57300,-0.0081,0.0000,-353.95,-353.95,DOWN
57310,-0.0085,0.0000,-353.95,-353.95,DOWN
57320,-0.0236,0.0000,-353.95,-353.95,DOWN
57330,-0.0315,0.0000,-353.95,-353.95,DOWN
57340,-0.0280,0.0000,-353.95,-353.95,DOWN
57350,-0.0210,0.0000,-353.95,-353.95,DOWN
57360,-0.0291,0.0000,-353.95,-353.95,DOWN
57370,-0.0227,0.0000,-353.95,-353.95,DOWN
57380,-0.0118,0.0000,-353.95,-353.95,DOWN
57390,-0.0246,0.0000,-353.95,-353.95,DOWN
57400,-0.0129,0.0000,-353.95,-353.95,DOWN
57410,-0.0224,0.0000,-353.95,-353.95,DOWN
57420,-0.0060,0.0000,-353.95,-353.95,DOWN
57430,-0.0111,0.0000,-353.95,-353.95,DOWN
57439,-0.0082,0.0000,-353.95,-353.95,DOWN
57450,-0.0017,0.0000,-353.95,-353.95,DOWN
57460,-0.0304,0.0000,-353.95,-353.95,DOWN
57469,-0.0224,0.0000,-353.95,-353.95,DOWN
57480,-0.0340,0.0000,-353.95,-353.95,DOWN
57490,-0.0330,0.0000,-353.95,-353.95,DOWN
57500,-0.0251,0.0000,-353.95,-353.95,DOWN
57510,-0.0221,0.0000,-353.95,-353.95,DOWN
57520,-0.0404,0.0000,-353.95,-353.95,DOWN
57530,-0.0339,0.0000,-353.95,-353.95,DOWN
57539,-0.0145,0.0000,-353.95,-353.95,DOWN
57550,-0.0212,0.0000,-353.95,-353.95,DOWN
57560,-0.0197,0.0000,-353.95,-353.95,DOWN
57570,-0.0200,0.0000,-353.95,-353.95,DOWN
57580,-0.0339,0.0000,-353.95,-353.95,DOWN
57590,-0.0242,0.0000,-353.95,-353.95,DOWN
57600,-0.0133,0.0000,-353.95,-353.95,DOWN
57609,-0.0129,0.0000,-353.95,-353.95,DOWN
57619,-0.0202,0.0000,-353.95,-353.95,DOWN
57630,0.0065,0.0000,-353.95,-353.95,DOWN
57640,0.0010,0.0000,-353.95,-353.95,DOWN
57650,0.0121,0.0000,-353.95,-353.95,DOWN
57660,-0.0236,0.0000,-353.95,-353.95,DOWN
57670,-0.0212,0.0000,-353.95,-353.95,DOWN
57679,-0.0417,0.0000,-353.95,-353.95,DOWN
57689,-0.0435,0.0000,-353.95,-353.95,DOWN
57700,-0.0326,0.0000,-353.95,-353.95,DOWN
57710,-0.0216,0.0000,-353.95,-353.95,DOWN
57720,-0.0344,0.0000,-353.95,-353.95,DOWN
57730,-0.0245,0.0000,-353.95,-353.95,DOWN
57740,-0.0383,0.0000,-353.95,-353.95,DOWN
57750,-0.0239,0.0000,-353.95,-353.95,DOWN
57759,-0.0148,0.0000,-353.95,-353.95,DOWN
57770,-0.0313,0.0000,-353.95,-353.95,DOWN
57780,-0.0299,0.0000,-353.95,-353.95,DOWN
57790,-0.0234,0.0000,-353.95,-353.95,DOWN
57800,-0.0208,0.0000,-353.95,-353.95,DOWN
57810,-0.0170,0.0000,-353.95,-353.95,DOWN
57820,-0.0180,0.0000,-353.95,-353.95,DOWN
57830,-0.0203,0.0000,-353.95,-353.95,DOWN
57840,-0.0083,0.0000,-353.95,-353.95,DOWN
57850,-0.0193,0.0000,-353.95,-353.95,DOWN
57860,-0.0099,0.0000,-353.95,-353.95,DOWN
57870,-0.0195,0.0000,-353.95,-353.95,DOWN
57880,-0.0188,0.0000,-353.95,-353.95,DOWN
57890,-0.0303,0.0000,-353.95,-353.95,DOWN
57899,-0.0231,0.0000,-353.95,-353.95,DOWN
57910,-0.0275,0.0000,-353.95,-353.95,DOWN
57920,-0.0293,0.0000,-353.95,-353.95,DOWN
57930,-0.0248,0.0000,-353.95,-353.95,DOWN
57940,-0.0337,0.0000,-353.95,-353.95,DOWN
57950,-0.0237,0.0000,-353.95,-353.95,DOWN
57960,-0.0235,0.0000,-353.95,-353.95,DOWN
57970,-0.0213,0.0000,-353.95,-353.95,DOWN
57980,-0.0355,0.0000,-353.95,-353.95,DOWN
57990,-0.0130,0.0000,-353.95,-353.95,DOWN
58000,-0.0161,0.0000,-353.95,-353.95,DOWN
58010,-0.0253,0.0000,-353.95,-353.95,DOWN
58020,-0.0142,0.0000,-353.95,-353.95,DOWN
58030,-0.0021,0.0000,-353.95,-353.95,DOWN
58039,-0.0154,0.0000,-353.95,-353.95,DOWN
58050,-0.0106,0.0000,-353.95,-353.95,DOWN
58060,-0.0181,0.0000,-353.95,-353.95,DOWN
58070,-0.0364,0.0000,-353.95,-353.95,DOWN
58080,-0.0203,0.0000,-353.95,-353.95,DOWN
58090,-0.0290,0.0000,-353.95,-353.95,DOWN
58100,-0.0236,0.0000,-353.95,-353.95,DOWN
58110,-0.0175,0.0000,-353.95,-353.95,DOWN
58119,-0.0037,0.0000,-353.95,-353.95,DOWN
58130,-0.0271,0.0000,-353.95,-353.95,DOWN
58140,-0.0105,0.0000,-353.95,-353.95,DOWN
58150,-0.0177,0.0000,-353.95,-353.95,DOWN
58160,-0.0293,0.0000,-353.95,-353.95,DOWN
58170,-0.0307,0.0000,-353.95,-353.95,DOWN
58179,-0.0262,0.0000,-353.95,-353.95,DOWN
58189,-0.0338,0.0000,-353.95,-353.95,DOWN
58200,-0.0252,0.0000,-353.95,-353.95,DOWN
58210,-0.0316,0.0000,-353.95,-353.95,DOWN
58220,-0.0325,0.0000,-353.95,-353.95,DOWN
58230,-0.0153,0.0000,-353.95,-353.95,DOWN
58239,-0.0174,0.0000,-353.95,-353.95,DOWN
58250,-0.0150,0.0000,-353.95,-353.95,DOWN
58259,-0.0144,0.0000,-353.95,-353.95,DOWN
58270,-0.0033,0.0000,-353.95,-353.95,DOWN
58280,-0.0138,0.0000,-353.95,-353.95,DOWN
58290,-0.0236,0.0000,-353.95,-353.95,DOWN
58300,-0.0089,0.0000,-353.95,-353.95,DOWN
58310,-0.0144,0.0000,-353.95,-353.95,DOWN
58320,-0.0155,0.0000,-353.95,-353.95,DOWN
58330,-0.0135,0.0000,-353.95,-353.95,DOWN
58340,-0.0214,0.0000,-353.95,-353.95,DOWN
58350,-0.0097,0.0000,-353.95,-353.95,DOWN
58360,-0.0179,0.0000,-353.95,-353.95,DOWN
58370,-0.0155,0.0000,-353.95,-353.95,DOWN
58380,-0.0165,0.0000,-353.95,-353.95,DOWN
58390,-0.0236,0.0000,-353.95,-353.95,DOWN
58399,-0.0193,0.0000,-353.95,-353.95,DOWN
58410,-0.0103,0.0000,-353.95,-353.95,DOWN
58420,-0.0173,0.0000,-353.95,-353.95,DOWN
58430,-0.0223,0.0000,-353.95,-353.95,DOWN
58440,-0.0195,0.0000,-353.95,-353.95,DOWN
58450,-0.0203,0.0000,-353.95,-353.95,DOWN
58460,-0.0152,0.0000,-353.95,-353.95,DOWN
58470,-0.0181,0.0000,-353.95,-353.95,DOWN
58480,-0.0165,0.0000,-353.95,-353.95,DOWN
58490,-0.0054,0.0000,-353.95,-353.95,DOWN
58500,-0.0465,0.0000,-353.95,-353.95,DOWN
58510,-0.0400,0.0000,-353.95,-353.95,DOWN
58520,-0.0218,0.0000,-353.95,-353.95,DOWN
58530,-0.0088,0.0000,-353.95,-353.95,DOWN
58539,-0.0319,0.0000,-353.95,-353.95,DOWN
58550,-0.0029,0.0000,-353.95,-353.95,DOWN
58560,-0.0250,0.0000,-353.95,-353.95,DOWN
58570,-0.0505,0.0000,-353.95,-353.95,DOWN
58580,-0.0095,0.0000,-353.95,-353.95,DOWN
58590,-0.0138,0.0000,-353.95,-353.95,DOWN
58600,0.0233,0.0000,-353.95,-353.95,DOWN
58609,-0.0214,0.0000,-353.95,-353.95,DOWN
58619,-0.0390,0.0000,-353.95,-353.95,DOWN
58630,-0.0283,0.0000,-353.95,-353.95,DOWN
58640,-0.0062,0.0000,-353.95,-353.95,DOWN
58650,-0.0125,0.0000,-353.95,-353.95,DOWN
58660,-0.0171,0.0000,-353.95,-353.95,DOWN
58670,-0.0342,0.0000,-353.95,-353.95,DOWN
58679,-0.0095,0.0000,-353.95,-353.95,DOWN
58690,-0.0294,0.0000,-353.95,-353.95,DOWN
58700,-0.0120,0.0000,-353.95,-353.95,DOWN
58710,0.0078,0.0000,-353.95,-353.95,DOWN
58720,-0.0142,0.0000,-353.95,-353.95,DOWN
58730,-0.0269,0.0000,-353.95,-353.95,DOWN
58740,0.0064,0.0000,-353.95,-353.95,DOWN
58750,0.0174,0.0000,-353.95,-353.95,DOWN
58759,-0.0019,0.0000,-353.95,-353.95,DOWN
58770,-0.0470,0.0000,-353.95,-353.95,DOWN
58780,-0.0213,0.0000,-353.95,-353.95,DOWN
58790,-0.0112,0.0000,-353.95,-353.95,DOWN
58800,0.0073,0.0000,-353.95,-353.95,DOWN
58810,0.0425,0.0000,-353.95,-353.95,DOWN
58820,-0.0860,0.0000,-353.95,-353.95,DOWN
58830,-0.0664,0.0000,-353.95,-353.95,DOWN
58840,0.0133,0.0000,-353.95,-353.95,DOWN
58850,0.0130,0.0000,-353.95,-353.95,DOWN
58860,0.0055,0.0000,-353.95,-353.95,DOWN
58870,-0.0074,0.0000,-353.95,-353.95,DOWN
58880,-0.0278,0.0000,-353.95,-353.95,DOWN
58890,-0.0244,0.0000,-353.95,-353.95,DOWN
58899,0.0015,0.0000,-353.95,-353.95,DOWN
58910,-0.0179,0.0000,-353.95,-353.95,DOWN
58920,-0.0295,0.0000,-353.95,-353.95,DOWN
58930,0.0094,0.0000,-353.95,-353.95,DOWN
58940,-0.0137,0.0000,-353.95,-353.95,DOWN
58950,0.0277,0.0000,-353.95,-353.95,DOWN
58960,0.0071,0.0000,-353.95,-353.95,DOWN
58969,-0.0344,0.0000,-353.95,-353.95,DOWN
58980,0.0296,0.0000,-353.95,-353.95,DOWN
58990,-0.0230,0.0000,-353.95,-353.95,DOWN
59000,-0.0516,0.0000,-353.95,-353.95,DOWN
59010,-0.0584,0.0000,-353.95,-353.95,DOWN
59020,-0.0063,0.0000,-353.95,-353.95,DOWN
59030,-0.0356,0.0000,-353.95,-353.95,DOWN
59039,-0.0085,0.0000,-353.95,-353.95,DOWN
59050,0.0017,0.0000,-353.95,-353.95,DOWN
59060,-0.0507,0.0000,-353.95,-353.95,DOWN
59070,0.0620,0.0000,-353.95,-353.95,DOWN
59080,-0.0386,0.0000,-353.95,-353.95,DOWN
59090,-0.0169,0.0000,-353.95,-353.95,DOWN
59100,-0.0624,0.0000,-353.95,-353.95,DOWN
59109,-0.0397,0.0000,-353.95,-353.95,DOWN
59120,0.0280,0.0000,-353.95,-353.95,DOWN
59130,-0.0273,0.0000,-353.95,-353.95,DOWN
59140,-0.0185,0.0000,-353.95,-353.95,DOWN
59150,-0.0218,0.0000,-353.95,-353.95,DOWN
59160,0.0016,0.0000,-353.95,-353.95,DOWN
59170,-0.0052,0.0000,-353.95,-353.95,DOWN
59179,-0.0284,0.0000,-353.95,-353.95,DOWN
59189,-0.0082,0.0000,-353.95,-353.95,DOWN
59200,-0.0596,0.0000,-353.95,-353.95,DOWN
59210,-0.0223,0.0000,-353.95,-353.95,DOWN
59220,-0.0006,0.0000,-353.95,-353.95,DOWN
59230,-0.0008,0.0000,-353.95,-353.95,DOWN
59240,-0.0102,0.0000,-353.95,-353.95,DOWN
59250,0.0130,0.0000,-353.95,-353.95,DOWN
59259,-0.0352,0.0000,-353.95,-353.95,DOWN
59270,-0.0208,0.0000,-353.95,-353.95,DOWN
59280,-0.0419,0.0000,-353.95,-353.95,DOWN
59290,-0.0282,0.0000,-353.95,-353.95,DOWN
59300,-0.0221,0.0000,-353.95,-353.95,DOWN
59310,-0.0171,0.0000,-353.95,-353.95,DOWN
59320,-0.0120,0.0000,-353.95,-353.95,DOWN
59330,-0.0085,0.0000,-353.95,-353.95,DOWN
59340,0.0227,0.0000,-353.95,-353.95,DOWN
59350,0.0124,0.0000,-353.95,-353.95,DOWN
59360,-0.0811,0.0000,-353.95,-353.95,DOWN
59370,-0.0523,0.0000,-353.95,-353.95,DOWN
59380,-0.0439,0.0000,-353.95,-353.95,DOWN
59390,-0.0854,0.0000,-354.91,-354.18,DOWN
59399,-0.0011,0.0000,-354.91,-354.35,DOWN
59410,-0.0002,0.0000,-354.91,-354.48,DOWN
59420,0.0712,0.0000,-354.91,-354.59,DOWN
59430,0.0469,0.0000,-354.91,-354.66,DOWN
59440,-0.0791,0.0000,-354.91,-354.72,DOWN
59450,-0.0269,0.0000,-354.91,-354.77,DOWN
59460,-0.0930,0.0000,-354.91,-354.80,DOWN
59470,-0.0028,0.0000,-354.91,-354.83,DOWN
59480,0.0223,0.0000,-354.91,-354.85,DOWN
59490,-0.0177,0.0000,-354.91,-354.86,DOWN
59500,-0.0225,0.0000,-354.91,-354.87,DOWN
59510,-0.0588,0.0000,-354.91,-354.88,DOWN
59520,0.0115,0.0000,-354.91,-354.89,DOWN
59530,0.0228,0.0000,-354.91,-354.89,DOWN
59539,-0.0113,0.0000,-354.91,-354.90,DOWN
59550,0.0015,0.0000,-354.91,-354.90,DOWN
59560,-0.0556,0.0000,-354.91,-354.90,DOWN
59570,-0.0420,0.0000,-354.91,-354.90,DOWN
59580,-0.0160,0.0000,-354.91,-354.90,DOWN
59590,-0.0467,0.0000,-354.91,-354.91,DOWN
59600,-0.0165,0.0000,-354.91,-354.91,DOWN
59610,-0.0572,0.0000,-354.91,-354.91,DOWN
59619,-0.0224,0.0000,-354.91,-354.91,DOWN
59630,-0.0228,0.0000,-354.91,-354.91,DOWN
59640,0.0104,0.0000,-354.91,-354.91,DOWN
59650,0.0366,0.0000,-354.91,-354.91,DOWN
59660,0.0332,0.0000,-354.91,-354.91,DOWN
59670,-0.0125,0.0000,-354.91,-354.91,DOWN
59680,-0.0792,0.0000,-354.91,-354.91,DOWN
59689,-0.0480,0.0000,-354.91,-354.91,DOWN
59700,-0.0007,0.0000,-354.91,-354.91,DOWN
59710,-0.0266,0.0000,-354.91,-354.91,DOWN
59720,-0.0303,0.0000,-354.91,-354.91,DOWN
59730,-0.0154,0.0000,-354.91,-354.91,DOWN
59740,-0.0504,0.0000,-354.91,-354.91,DOWN
59750,-0.0193,0.0000,-354.91,-354.91,DOWN
59759,-0.0144,0.0000,-354.91,-354.91,DOWN
59770,0.0144,0.0000,-354.91,-354.91,DOWN
59780,-0.0019,0.0000,-354.91,-354.91,DOWN
59790,-0.0398,0.0000,-354.91,-354.91,DOWN
59800,-0.0148,0.0000,-354.91,-354.91,DOWN
59810,-0.0437,0.0000,-354.91,-354.91,DOWN
59820,-0.0138,0.0000,-354.91,-354.91,DOWN
59830,-0.0576,0.0000,-354.91,-354.91,DOWN
59840,-0.0414,0.0000,-354.91,-354.91,DOWN
59850,-0.0142,0.0000,-354.91,-354.91,DOWN
59860,0.0068,0.0000,-354.91,-354.91,DOWN
59870,0.0108,0.0000,-354.91,-354.91,DOWN
59880,-0.0248,0.0000,-354.91,-354.91,DOWN
59890,-0.0287,0.0000,-354.91,-354.91,DOWN
59899,-0.0590,0.0000,-354.91,-354.91,DOWN
59910,-0.0220,0.0000,-354.91,-354.91,DOWN
59920,-0.0172,0.0000,-354.91,-354.91,DOWN
59930,0.0337,0.0000,-354.91,-354.91,DOWN
59940,-0.0360,0.0000,-354.91,-354.91,DOWN
59950,-0.0514,0.0000,-354.91,-354.91,DOWN
59960,-0.0611,0.0000,-354.91,-354.91,DOWN
59969,-0.0079,0.0000,-354.91,-354.91,DOWN
59980,0.0359,0.0000,-354.91,-354.91,DOWN
59990,0.0059,0.0000,-354.91,-354.91,DOWN
60000,-0.0392,0.0000,-354.91,-354.91,DOWN
60010,-0.0779,0.0000,-354.91,-354.91,DOWN
60020,-0.0071,0.0000,-354.91,-354.91,DOWN
60030,0.0220,0.0000,-354.91,-354.91,DOWN
60039,0.0352,0.0000,-354.91,-354.91,DOWN
60050,0.0164,0.0000,-354.91,-354.91,DOWN
60060,-0.0719,0.0000,-354.91,-354.91,DOWN
60070,-0.0372,0.0000,-354.91,-354.91,DOWN
60080,-0.0185,0.0000,-354.91,-354.91,DOWN
60090,-0.0107,0.0000,-354.91,-354.91,DOWN
60100,-0.0242,0.0000,-354.91,-354.91,DOWN
60110,-0.0495,0.0000,-354.91,-354.91,DOWN
60119,-0.0568,0.0000,-354.91,-354.91,DOWN
60130,-0.0231,0.0000,-354.91,-354.91,DOWN
60140,-0.0267,0.0000,-354.91,-354.91,DOWN
60150,0.0445,0.0000,-354.91,-354.91,DOWN
60160,0.0547,0.0000,-354.91,-354.91,DOWN
60170,-0.0031,0.0000,-354.91,-354.91,DOWN
60179,-0.0782,0.0000,-354.91,-354.91,DOWN
60190,-0.0396,0.0000,-354.91,-354.91,DOWN
60200,-0.0244,0.0000,-354.91,-354.91,DOWN
60210,-0.0217,0.0000,-354.91,-354.91,DOWN
60220,-0.0152,0.0000,-354.91,-354.91,DOWN
60230,-0.0384,0.0000,-354.91,-354.91,DOWN
60240,-0.0186,0.0000,-354.91,-354.91,DOWN
60250,-0.0688,0.0000,-354.91,-354.91,DOWN
60259,0.0282,0.0000,-354.91,-354.91,DOWN
60270,-0.0085,0.0000,-354.91,-354.91,DOWN
60280,-0.0496,0.0000,-354.91,-354.91,DOWN
60290,-0.0436,0.0000,-354.91,-354.91,DOWN
60300,-0.0037,0.0000,-354.91,-354.91,DOWN
60310,0.0291,0.0000,-354.91,-354.91,DOWN
60320,-0.0015,0.0000,-354.91,-354.91,DOWN
60330,-0.0167,0.0000,-354.91,-354.91,DOWN
60340,-0.0460,0.0000,-354.91,-354.91,DOWN
60350,-0.0091,0.0000,-354.91,-354.91,DOWN
60360,-0.0320,0.0000,-354.91,-354.91,DOWN
60370,-0.0378,0.0000,-354.91,-354.91,DOWN
60380,-0.0396,0.0000,-354.91,-354.91,DOWN
60390,-0.0662,0.0000,-354.91,-354.91,DOWN
60399,-0.0484,0.0000,-354.91,-354.91,DOWN
60410,0.0188,0.0000,-354.91,-354.91,DOWN
60420,0.0589,0.0000,-354.91,-354.91,DOWN
60430,-0.0204,0.0000,-354.91,-354.91,DOWN
60439,-0.0438,0.0000,-354.91,-354.91,DOWN
60450,-0.0054,0.0000,-354.91,-354.91,DOWN
60460,0.0172,0.0000,-354.91,-354.91,DOWN
60470,-0.0034,0.0000,-354.91,-354.91,DOWN
60480,0.0049,0.0000,-354.91,-354.91,DOWN
60490,-0.0099,0.0000,-354.91,-354.91,DOWN
60500,-0.0569,0.0000,-354.91,-354.91,DOWN
60510,-0.0445,0.0000,-354.91,-354.91,DOWN
60520,-0.0480,0.0000,-354.91,-354.91,DOWN
60530,-0.0241,0.0000,-354.91,-354.91,DOWN
60539,-0.0112,0.0000,-354.91,-354.91,DOWN
60550,-0.0372,0.0000,-354.91,-354.91,DOWN
60560,-0.0321,0.0000,-354.91,-354.91,DOWN
60570,-0.0365,0.0000,-354.91,-354.91,DOWN
60580,-0.0190,0.0000,-354.91,-354.91,DOWN
60590,0.0154,0.0000,-354.91,-354.91,DOWN
60600,-0.0046,0.0000,-354.91,-354.91,DOWN
60610,-0.0506,0.0000,-354.91,-354.91,DOWN
60619,-0.0034,0.0000,-354.91,-354.91,DOWN
60630,-0.0214,0.0000,-354.91,-354.91,DOWN
60640,-0.0160,0.0000,-354.91,-354.91,DOWN
60650,-0.0204,0.0000,-354.91,-354.91,DOWN
60660,-0.0424,0.0000,-354.91,-354.91,DOWN
60670,-0.0203,0.0000,-354.91,-354.91,DOWN
60680,-0.0321,0.0000,-354.91,-354.91,DOWN
60689,-0.0061,0.0000,-354.91,-354.91,DOWN
60700,0.0129,0.0000,-354.91,-354.91,DOWN
60710,-0.0083,0.0000,-354.91,-354.91,DOWN
60720,-0.0496,0.0000,-354.91,-354.91,DOWN
60730,-0.0167,0.0000,-354.91,-354.91,DOWN
60740,0.0017,0.0000,-354.91,-354.91,DOWN
60750,-0.0021,0.0000,-354.91,-354.91,DOWN
60759,-0.0269,0.0000,-354.91,-354.91,DOWN
60770,-0.0685,0.0000,-354.91,-354.91,DOWN
60780,-0.0301,0.0000,-354.91,-354.91,DOWN
60790,-0.0365,0.0000,-354.91,-354.91,DOWN
60800,0.0004,0.0000,-354.91,-354.91,DOWN
60810,-0.0315,0.0000,-354.91,-354.91,DOWN
60820,-0.0174,0.0000,-354.91,-354.91,DOWN
60829,-0.0061,0.0000,-354.91,-354.91,DOWN
60840,-0.0015,0.0000,-354.91,-354.91,DOWN
60850,-0.0334,0.0000,-354.91,-354.91,DOWN
60860,-0.0183,0.0000,-354.91,-354.91,DOWN
60870,-0.0261,0.0000,-354.91,-354.91,DOWN
60880,-0.0165,0.0000,-354.91,-354.91,DOWN
60890,-0.0388,0.0000,-354.91,-354.91,DOWN
60899,-0.0531,0.0000,-354.91,-354.91,DOWN
60910,-0.0380,0.0000,-354.91,-354.91,DOWN
60920,0.0013,0.0000,-354.91,-354.91,DOWN
60930,0.0080,0.0000,-354.91,-354.91,DOWN
60940,-0.0054,0.0000,-354.91,-354.91,DOWN
60950,-0.0209,0.0000,-354.91,-354.91,DOWN
60960,-0.0141,0.0000,-354.91,-354.91,DOWN
60969,-0.0481,0.0000,-354.91,-354.91,DOWN
60980,-0.0374,0.0000,-354.91,-354.91,DOWN
60990,-0.0194,0.0000,-354.91,-354.91,DOWN
61000,-0.0494,0.0000,-354.91,-354.91,DOWN
61010,-0.0032,0.0000,-354.91,-354.91,DOWN
61020,-0.0300,0.0000,-354.91,-354.91,DOWN
61030,-0.0088,0.0000,-354.91,-354.91,DOWN
61039,-0.0277,0.0000,-354.91,-354.91,DOWN
61050,-0.0209,0.0000,-354.91,-354.91,DOWN
61060,-0.0008,0.0000,-354.91,-354.91,DOWN
61070,-0.0137,0.0000,-354.91,-354.91,DOWN
61080,-0.0014,0.0000,-354.91,-354.91,DOWN
61090,-0.0145,0.0000,-354.91,-354.91,DOWN
61100,-0.0171,0.0000,-354.91,-354.91,DOWN
61109,-0.0298,0.0000,-354.91,-354.91,DOWN
61119,-0.0181,0.0000,-354.91,-354.91,DOWN
61130,-0.0234,0.0000,-354.91,-354.91,DOWN
61140,-0.0499,0.0000,-354.91,-354.91,DOWN
61150,-0.0237,0.0000,-354.91,-354.91,DOWN
61160,-0.0286,0.0000,-354.91,-354.91,DOWN
61170,-0.0252,0.0000,-354.91,-354.91,DOWN
61180,-0.0185,0.0000,-354.91,-354.91,DOWN
61189,-0.0134,0.0000,-354.91,-354.91,DOWN
61200,-0.0090,0.0000,-354.91,-354.91,DOWN
61210,-0.0181,0.0000,-354.91,-354.91,DOWN
61220,-0.0256,0.0000,-354.91,-354.91,DOWN
61230,-0.0312,0.0000,-354.91,-354.91,DOWN
61240,-0.0253,0.0000,-354.91,-354.91,DOWN
61250,-0.0373,0.0000,-354.91,-354.91,DOWN
61259,-0.0087,0.0000,-354.91,-354.91,DOWN
61270,0.0116,0.0000,-354.91,-354.91,DOWN
61280,-0.0164,0.0000,-354.91,-354.91,DOWN
61290,-0.0058,0.0000,-354.91,-354.91,DOWN
61300,-0.0448,0.0000,-354.91,-354.91,DOWN
61310,-0.0333,0.0000,-354.91,-354.91,DOWN
61320,-0.0153,0.0000,-354.91,-354.91,DOWN
61329,-0.0361,0.0000,-354.91,-354.91,DOWN
61340,-0.0253,0.0000,-354.91,-354.91,DOWN
61350,-0.0134,0.0000,-354.91,-354.91,DOWN
61360,-0.0314,0.0000,-354.91,-354.91,DOWN
61370,-0.0367,0.0000,-354.91,-354.91,DOWN
61380,-0.0162,0.0000,-354.91,-354.91,DOWN
61390,-0.0073,0.0000,-354.91,-354.91,DOWN
61399,-0.0168,0.0000,-354.91,-354.91,DOWN
61410,-0.0307,0.0000,-354.91,-354.91,DOWN
61420,-0.0432,0.0000,-354.91,-354.91,DOWN
61430,-0.0183,0.0000,-354.91,-354.91,DOWN
61439,-0.0323,0.0000,-354.91,-354.91,DOWN
61450,-0.0143,0.0000,-354.91,-354.91,DOWN
61459,-0.0147,0.0000,-354.91,-354.91,DOWN
61470,-0.0282,0.0000,-354.91,-354.91,DOWN
61480,-0.0246,0.0000,-354.91,-354.91,DOWN
61490,-0.0083,0.0000,-354.91,-354.91,DOWN
61500,-0.0190,0.0000,-354.91,-354.91,DOWN
61510,-0.0503,0.0000,-354.91,-354.91,DOWN
61520,-0.0347,0.0000,-354.91,-354.91,DOWN
61530,-0.0161,0.0000,-354.91,-354.91,DOWN
61539,-0.0112,0.0000,-354.91,-354.91,DOWN
61550,-0.0255,0.0000,-354.91,-354.91,DOWN
61560,-0.0304,0.0000,-354.91,-354.91,DOWN
61570,-0.0071,0.0000,-354.91,-354.91,DOWN
61580,-0.0373,0.0000,-354.91,-354.91,DOWN
61590,-0.0066,0.0000,-354.91,-354.91,DOWN
61600,-0.0216,0.0000,-354.91,-354.91,DOWN
61609,-0.0062,0.0000,-354.91,-354.91,DOWN
61619,-0.0110,0.0000,-354.91,-354.91,DOWN
61630,-0.0244,0.0000,-354.91,-354.91,DOWN
61640,-0.0203,0.0000,-354.91,-354.91,DOWN
61650,-0.0005,0.0000,-354.91,-354.91,DOWN
61660,-0.0242,0.0000,-354.91,-354.91,DOWN
61670,-0.0255,0.0000,-354.91,-354.91,DOWN
61680,0.0019,0.0000,-354.91,-354.91,DOWN
61689,-0.0188,0.0000,-354.91,-354.91,DOWN
61700,-0.0191,0.0000,-354.91,-354.91,DOWN
61710,-0.0301,0.0000,-354.91,-354.91,DOWN
61720,-0.0227,0.0000,-354.91,-354.91,DOWN
61730,-0.0152,0.0000,-354.91,-354.91,DOWN
61740,-0.0307,0.0000,-354.91,-354.91,DOWN
61750,-0.0227,0.0000,-354.91,-354.91,DOWN
61759,-0.0242,0.0000,-354.91,-354.91,DOWN
61770,-0.0316,0.0000,-354.91,-354.91,DOWN
61780,-0.0233,0.0000,-354.91,-354.91,DOWN
61790,-0.0139,0.0000,-354.91,-354.91,DOWN
61800,0.0015,0.0000,-354.91,-354.91,DOWN
61809,-0.0176,0.0000,-354.91,-354.91,DOWN
61820,-0.0330,0.0000,-354.91,-354.91,DOWN
61829,-0.0356,0.0000,-354.91,-354.91,DOWN
61840,-0.0178,0.0000,-354.91,-354.91,DOWN
61850,-0.0358,0.0000,-354.91,-354.91,DOWN
61860,-0.0325,0.0000,-354.91,-354.91,DOWN
61870,-0.0286,0.0000,-354.91,-354.91,DOWN
61880,-0.0370,0.0000,-354.91,-354.91,DOWN
61890,-0.0182,0.0000,-354.91,-354.91,DOWN
61900,-0.0260,0.0000,-354.91,-354.91,DOWN
61910,-0.0256,0.0000,-354.91,-354.91,DOWN
61920,-0.0186,0.0000,-354.91,-354.91,DOWN
61930,-0.0329,0.0000,-354.91,-354.91,DOWN
61940,-0.0208,0.0000,-354.91,-354.91,DOWN
61950,0.0025,0.0000,-354.91,-354.91,DOWN
61960,-0.0207,0.0000,-354.91,-354.91,DOWN
61969,-0.0035,0.0000,-354.91,-354.91,DOWN
61980,-0.0238,0.0000,-354.91,-354.91,DOWN
61990,-0.0143,0.0000,-354.91,-354.91,DOWN
62000,-0.0197,0.0000,-354.91,-354.91,DOWN
62010,-0.0345,0.0000,-354.91,-354.91,DOWN
62020,-0.0210,0.0000,-354.91,-354.91,DOWN
62030,-0.0273,0.0000,-354.91,-354.91,DOWN
62039,-0.0358,0.0000,-354.91,-354.91,DOWN
62050,-0.0305,0.0000,-354.91,-354.91,DOWN
62060,-0.0236,0.0000,-354.91,-354.91,DOWN
62070,-0.0244,0.0000,-354.91,-354.91,DOWN
62080,-0.0143,0.0000,-354.91,-354.91,DOWN
62090,-0.0173,0.0000,-354.91,-354.91,DOWN
62100,-0.0031,0.0000,-354.91,-354.91,DOWN
62109,-0.0067,0.0000,-354.91,-354.91,DOWN
62119,-0.0226,0.0000,-354.91,-354.91,DOWN
62130,-0.0249,0.0000,-354.91,-354.91,DOWN
62140,-0.0304,0.0000,-354.91,-354.91,DOWN
62150,-0.0194,0.0000,-354.91,-354.91,DOWN
62160,-0.0280,0.0000,-354.91,-354.91,DOWN
62170,-0.0132,0.0000,-354.91,-354.91,DOWN
62180,-0.0122,0.0000,-354.91,-354.91,DOWN
62189,-0.0198,0.0000,-354.91,-354.91,DOWN
62200,-0.0198,0.0000,-354.91,-354.91,DOWN
62210,-0.0322,0.0000,-354.91,-354.91,DOWN
62220,-0.0208,0.0000,-354.91,-354.91,DOWN
62230,-0.0335,0.0000,-354.91,-354.91,DOWN
62240,-0.0151,0.0000,-354.91,-354.91,DOWN
62250,-0.0154,0.0000,-354.91,-354.91,DOWN
62259,-0.0252,0.0000,-354.91,-354.91,DOWN
62270,-0.0238,0.0000,-354.91,-354.91,DOWN
62280,-0.0170,0.0000,-354.91,-354.91,DOWN
62290,-0.0193,0.0000,-354.91,-354.91,DOWN
62300,-0.0191,0.0000,-354.91,-354.91,DOWN
62310,-0.0228,0.0000,-354.91,-354.91,DOWN
62320,-0.0170,0.0000,-354.91,-354.91,DOWN
62330,-0.0189,0.0000,-354.91,-354.91,DOWN
62340,-0.0288,0.0000,-354.91,-354.91,DOWN
62350,-0.0185,0.0000,-354.91,-354.91,DOWN
62360,-0.0147,0.0000,-354.91,-354.91,DOWN
62370,-0.0126,0.0000,-354.91,-354.91,DOWN
62380,-0.0278,0.0000,-354.91,-354.91,DOWN
62390,-0.0046,0.0000,-354.91,-354.91,DOWN
62399,-0.0132,0.0000,-354.91,-354.91,DOWN
62410,-0.0118,0.0000,-354.91,-354.91,DOWN
62420,-0.0146,0.0000,-354.91,-354.91,DOWN
62430,-0.0043,0.0000,-354.91,-354.91,DOWN
62440,-0.0055,0.0000,-354.91,-354.91,DOWN
62450,-0.0169,0.0000,-354.91,-354.91,DOWN
62460,-0.0238,0.0000,-354.91,-354.91,DOWN
62469,-0.0257,0.0000,-354.91,-354.91,DOWN
62480,-0.0169,0.0000,-354.91,-354.91,DOWN
62490,-0.0193,0.0000,-354.91,-354.91,DOWN
62500,-0.0316,0.0000,-354.91,-354.91,DOWN
62509,-0.0171,0.0000,-354.91,-354.91,DOWN
62520,-0.0173,0.0000,-354.91,-354.91,DOWN
62530,-0.0064,0.0000,-354.91,-354.91,DOWN
62539,-0.0187,0.0000,-354.91,-354.91,DOWN
62550,-0.0155,0.0000,-354.91,-354.91,DOWN
62560,-0.0325,0.0000,-354.91,-354.91,DOWN
62570,-0.0161,0.0000,-354.91,-354.91,DOWN
62580,-0.0201,0.0000,-354.91,-354.91,DOWN
62590,-0.0225,0.0000,-354.91,-354.91,DOWN
62600,-0.0221,0.0000,-354.91,-354.91,DOWN
62610,-0.0092,0.0000,-354.91,-354.91,DOWN
62619,-0.0157,0.0000,-354.91,-354.91,DOWN
62630,-0.0129,0.0000,-354.91,-354.91,DOWN
62640,-0.0200,0.0000,-354.91,-354.91,DOWN
62650,-0.0151,0.0000,-354.91,-354.91,DOWN
62660,-0.0170,0.0000,-354.91,-354.91,DOWN
62670,-0.0138,0.0000,-354.91,-354.91,DOWN
62680,-0.0224,0.0000,-354.91,-354.91,DOWN
62689,-0.0395,0.0000,-354.91,-354.91,DOWN
62700,-0.0238,0.0000,-354.91,-354.91,DOWN
62710,-0.0269,0.0000,-354.91,-354.91,DOWN
62720,-0.0149,0.0000,-354.91,-354.91,DOWN
62730,-0.0307,0.0000,-354.91,-354.91,DOWN
62740,-0.0264,0.0000,-354.91,-354.91,DOWN
62750,-0.0180,0.0000,-354.91,-354.91,DOWN
62760,-0.0168,0.0000,-354.91,-354.91,DOWN
62770,-0.0320,0.0000,-354.91,-354.91,DOWN
62780,-0.0187,0.0000,-354.91,-354.91,DOWN
62790,-0.0187,0.0000,-354.91,-354.91,DOWN
62800,-0.0146,0.0000,-354.91,-354.91,DOWN
62810,-0.0192,0.0000,-354.91,-354.91,DOWN
62820,-0.0224,0.0000,-354.91,-354.91,DOWN
62830,-0.0129,0.0000,-354.91,-354.91,DOWN
62840,-0.0121,0.0000,-354.91,-354.91,DOWN
62850,-0.0270,0.0000,-354.91,-354.91,DOWN
62859,-0.0265,0.0000,-354.91,-354.91,DOWN
62870,-0.0221,0.0000,-354.91,-354.91,DOWN
62880,-0.0225,0.0000,-354.91,-354.91,DOWN
62890,-0.0147,0.0000,-354.91,-354.91,DOWN
62899,-0.0146,0.0000,-354.91,-354.91,DOWN
62910,-0.0137,0.0000,-354.91,-354.91,DOWN
62920,-0.0114,0.0000,-354.91,-354.91,DOWN
62930,-0.0337,0.0000,-354.91,-354.91,DOWN
62940,-0.0165,0.0000,-354.91,-354.91,DOWN
62950,-0.0303,0.0000,-354.91,-354.91,DOWN
62960,-0.0214,0.0000,-354.91,-354.91,DOWN
62969,-0.0309,0.0000,-354.91,-354.91,DOWN
62979,-0.0179,0.0000,-354.91,-354.91,DOWN
62990,-0.0168,0.0000,-354.91,-354.91,DOWN
63000,-0.0291,0.0000,-354.91,-354.91,DOWN
63010,-0.0153,0.0000,-354.91,-354.91,DOWN
63020,-0.0176,0.0000,-354.91,-354.91,DOWN
63030,-0.0170,0.0000,-354.91,-354.91,DOWN
63039,-0.0168,0.0000,-354.91,-354.91,DOWN
63050,-0.0263,0.0000,-354.91,-354.91,DOWN
63060,-0.0259,0.0000,-354.91,-354.91,DOWN
63070,-0.0198,0.0000,-354.91,-354.91,DOWN
63080,-0.0183,0.0000,-354.91,-354.91,DOWN
63090,-0.0141,0.0000,-354.91,-354.91,DOWN
63100,0.0019,0.0000,-354.91,-354.91,DOWN
63110,-0.0123,0.0000,-354.91,-354.91,DOWN
63119,-0.0162,0.0000,-354.91,-354.91,DOWN
63130,-0.0321,0.0000,-354.91,-354.91,DOWN
63140,-0.0307,0.0000,-354.91,-354.91,DOWN
63150,-0.0265,0.0000,-354.91,-354.91,DOWN
63160,-0.0146,0.0000,-354.91,-354.91,DOWN
63170,-0.0125,0.0000,-354.91,-354.91,DOWN
63180,-0.0282,0.0000,-354.91,-354.91,DOWN
63189,-0.0202,0.0000,-354.91,-354.91,DOWN
63200,-0.0232,0.0000,-354.91,-354.91,DOWN
63210,-0.0044,0.0000,-354.91,-354.91,DOWN
63220,-0.0096,0.0000,-354.91,-354.91,DOWN
63230,-0.0101,0.0000,-354.91,-354.91,DOWN
63240,-0.0176,0.0000,-354.91,-354.91,DOWN
63250,-0.0230,0.0000,-354.91,-354.91,DOWN
63259,-0.0269,0.0000,-354.91,-354.91,DOWN
63270,-0.0236,0.0000,-354.91,-354.91,DOWN
63280,-0.0216,0.0000,-354.91,-354.91,DOWN
63290,-0.0097,0.0000,-354.91,-354.91,DOWN
63300,-0.0061,0.0000,-354.91,-354.91,DOWN
63310,-0.0192,0.0000,-354.91,-354.91,DOWN
63320,-0.0278,0.0000,-354.91,-354.91,DOWN
63330,-0.0355,0.0000,-354.91,-354.91,DOWN
63340,-0.0253,0.0000,-354.91,-354.91,DOWN
63350,-0.0173,0.0000,-354.91,-354.91,DOWN
63360,-0.0256,0.0000,-354.91,-354.91,DOWN
63370,-0.0271,0.0000,-354.91,-354.91,DOWN
63380,-0.0261,0.0000,-354.91,-354.91,DOWN
63390,-0.0185,0.0000,-354.91,-354.91,DOWN
63400,-0.0099,0.0000,-354.91,-354.91,DOWN
63410,-0.0187,0.0000,-354.91,-354.91,DOWN
63420,-0.0154,0.0000,-354.91,-354.91,DOWN
63430,-0.0207,0.0000,-354.91,-354.91,DOWN
63439,-0.0164,0.0000,-354.91,-354.91,DOWN
63450,-0.0125,0.0000,-354.91,-354.91,DOWN
63460,-0.0349,0.0000,-354.91,-354.91,DOWN
63469,-0.0192,0.0000,-354.91,-354.91,DOWN
63479,-0.0220,0.0000,-354.91,-354.91,DOWN
63490,-0.0184,0.0000,-354.91,-354.91,DOWN
63500,-0.0238,0.0000,-354.91,-354.91,DOWN
63510,-0.0193,0.0000,-354.91,-354.91,DOWN
63520,-0.0217,0.0000,-354.91,-354.91,DOWN
63530,-0.0311,0.0000,-354.91,-354.91,DOWN
63539,-0.0105,0.0000,-354.91,-354.91,DOWN
63550,-0.0030,0.0000,-354.91,-354.91,DOWN
63560,-0.0267,0.0000,-354.91,-354.91,DOWN
63570,-0.0268,0.0000,-354.91,-354.91,DOWN
63580,-0.0097,0.0000,-354.91,-354.91,DOWN
63590,-0.0191,0.0000,-354.91,-354.91,DOWN
63600,-0.0104,0.0000,-354.91,-354.91,DOWN
63610,-0.0313,0.0000,-354.91,-354.91,DOWN
63619,-0.0224,0.0000,-354.91,-354.91,DOWN
63630,-0.0184,0.0000,-354.91,-354.91,DOWN
63640,-0.0210,0.0000,-354.91,-354.91,DOWN
63650,-0.0256,0.0000,-354.91,-354.91,DOWN
63660,-0.0154,0.0000,-354.91,-354.91,DOWN
63670,-0.0251,0.0000,-354.91,-354.91,DOWN
63680,-0.0189,0.0000,-354.91,-354.91,DOWN
63689,-0.0147,0.0000,-354.91,-354.91,DOWN
63700,-0.0220,0.0000,-354.91,-354.91,DOWN
63710,-0.0270,0.0000,-354.91,-354.91,DOWN
63720,-0.0100,0.0000,-354.91,-354.91,DOWN
63730,-0.0177,0.0000,-354.91,-354.91,DOWN
63740,-0.0141,0.0000,-354.91,-354.91,DOWN
63750,-0.0138,0.0000,-354.91,-354.91,DOWN
63760,-0.0092,0.0000,-354.91,-354.91,DOWN
63770,-0.0188,0.0000,-354.91,-354.91,DOWN
63780,-0.0258,0.0000,-354.91,-354.91,DOWN
63790,-0.0246,0.0000,-354.91,-354.91,DOWN
63800,-0.0301,0.0000,-354.91,-354.91,DOWN
63810,-0.0235,0.0000,-354.91,-354.91,DOWN
63820,-0.0210,0.0000,-354.91,-354.91,DOWN
63830,-0.0315,0.0000,-354.91,-354.91,DOWN
63840,-0.0139,0.0000,-354.91,-354.91,DOWN
63850,-0.0139,0.0000,-354.91,-354.91,DOWN
63860,-0.0092,0.0000,-354.91,-354.91,DOWN
63870,-0.0141,0.0000,-354.91,-354.91,DOWN
63880,-0.0292,0.0000,-354.91,-354.91,DOWN
63890,-0.0183,0.0000,-354.91,-354.91,DOWN
63899,-0.0201,0.0000,-354.91,-354.91,DOWN
63910,-0.0065,0.0000,-354.91,-354.91,DOWN
63920,-0.0136,0.0000,-354.91,-354.91,DOWN
63930,-0.0122,0.0000,-354.91,-354.91,DOWN
63940,-0.0078,0.0000,-354.91,-354.91,DOWN
63950,-0.0197,0.0000,-354.91,-354.91,DOWN
63960,-0.0068,0.0000,-354.91,-354.91,DOWN
63969,-0.0150,0.0000,-354.91,-354.91,DOWN
63979,-0.0275,0.0000,-354.91,-354.91,DOWN
63990,-0.0230,0.0000,-354.91,-354.91,DOWN
64000,-0.0189,0.0000,-354.91,-354.91,DOWN
64010,-0.0301,0.0000,-354.91,-354.91,DOWN
64020,-0.0104,0.0000,-354.91,-354.91,DOWN
64030,-0.0259,0.0000,-354.91,-354.91,DOWN
64039,-0.0225,0.0000,-354.91,-354.91,DOWN
64050,-0.0314,0.0000,-354.91,-354.91,DOWN
64060,-0.0116,0.0000,-354.91,-354.91,DOWN
64070,-0.0105,0.0000,-354.91,-354.91,DOWN
64080,-0.0114,0.0000,-354.91,-354.91,DOWN
64090,-0.0141,0.0000,-354.91,-354.91,DOWN
64100,-0.0328,0.0000,-354.91,-354.91,DOWN
64110,-0.0162,0.0000,-354.91,-354.91,DOWN
64119,-0.0242,0.0000,-354.91,-354.91,DOWN
64130,-0.0112,0.0000,-354.91,-354.91,DOWN
64140,-0.0173,0.0000,-354.91,-354.91,DOWN
64150,-0.0183,0.0000,-354.91,-354.91,DOWN
64160,-0.0318,0.0000,-354.91,-354.91,DOWN
64170,-0.0154,0.0000,-354.91,-354.91,DOWN
64180,-0.0039,0.0000,-354.91,-354.91,DOWN
64189,-0.0230,0.0000,-354.91,-354.91,DOWN
64200,-0.0221,0.0000,-354.91,-354.91,DOWN
64210,-0.0219,0.0000,-354.91,-354.91,DOWN
64220,-0.0084,0.0000,-354.91,-354.91,DOWN
64230,-0.0206,0.0000,-354.91,-354.91,DOWN
64240,-0.0180,0.0000,-354.91,-354.91,DOWN
64250,-0.0099,0.0000,-354.91,-354.91,DOWN
64259,-0.0238,0.0000,-354.91,-354.91,DOWN
64270,-0.0204,0.0000,-354.91,-354.91,DOWN
64280,-0.0158,0.0000,-354.91,-354.91,DOWN
64290,-0.0194,0.0000,-354.91,-354.91,DOWN
64300,-0.0226,0.0000,-354.91,-354.91,DOWN
64310,-0.0285,0.0000,-354.91,-354.91,DOWN
64320,-0.0190,0.0000,-354.91,-354.91,DOWN
64330,-0.0070,0.0000,-354.91,-354.91,DOWN
64340,-0.0192,0.0000,-354.91,-354.91,DOWN
64350,-0.0101,0.0000,-354.91,-354.91,DOWN
64360,-0.0028,0.0000,-354.91,-354.91,DOWN
64370,-0.0055,0.0000,-354.91,-354.91,DOWN
64380,-0.0174,0.0000,-354.91,-354.91,DOWN
64390,-0.0076,0.0000,-354.91,-354.91,DOWN
64399,-0.0080,0.0000,-354.91,-354.91,DOWN
64410,-0.0193,0.0000,-354.91,-354.91,DOWN
64420,-0.0089,0.0000,-354.91,-354.91,DOWN
64430,-0.0133,0.0000,-354.91,-354.91,DOWN
64439,-0.0148,0.0000,-354.91,-354.91,DOWN
64450,-0.0325,0.0000,-354.91,-354.91,DOWN
64460,-0.0322,0.0000,-354.91,-354.91,DOWN
64470,-0.0249,0.0000,-354.91,-354.91,DOWN
64479,-0.0159,0.0000,-354.91,-354.91,DOWN
64490,-0.0162,0.0000,-354.91,-354.91,DOWN
64500,-0.0223,0.0000,-354.91,-354.91,DOWN
64510,-0.0298,0.0000,-354.91,-354.91,DOWN
64520,-0.0151,0.0000,-354.91,-354.91,DOWN
64530,-0.0288,0.0000,-354.91,-354.91,DOWN
64539,-0.0195,0.0000,-354.91,-354.91,DOWN
64550,-0.0054,0.0000,-354.91,-354.91,DOWN
64560,-0.0258,0.0000,-354.91,-354.91,DOWN
64570,-0.0173,0.0000,-354.91,-354.91,DOWN
64580,-0.0120,0.0000,-354.91,-354.91,DOWN
64590,-0.0136,0.0000,-354.91,-354.91,DOWN
64600,-0.0189,0.0000,-354.91,-354.91,DOWN
64610,-0.0114,0.0000,-354.91,-354.91,DOWN
64619,-0.0112,0.0000,-354.91,-354.91,DOWN
64630,-0.0295,0.0000,-354.91,-354.91,DOWN
64640,-0.0267,0.0000,-354.91,-354.91,DOWN
64650,-0.0002,0.0000,-354.91,-354.91,DOWN
64660,-0.0244,0.0000,-354.91,-354.91,DOWN
64670,-0.0337,0.0000,-354.91,-354.91,DOWN
64680,0.0070,0.0000,-354.91,-354.91,DOWN
64689,0.0184,0.0000,-354.91,-354.91,DOWN
64700,-0.0456,0.0000,-354.91,-354.91,DOWN
64710,-0.0622,0.0000,-354.91,-354.91,DOWN
64720,-0.0019,0.0000,-354.91,-354.91,DOWN
64730,0.0074,0.0000,-354.91,-354.91,DOWN
64740,-0.0072,0.0000,-354.91,-354.91,DOWN
64750,-0.0783,0.0000,-354.91,-354.91,DOWN
64760,-0.0185,0.0000,-354.91,-354.91,DOWN
64770,0.0186,0.0000,-354.91,-354.91,DOWN
64780,-0.0127,0.0000,-354.91,-354.91,DOWN
64790,0.0367,0.0000,-354.91,-354.91,DOWN
64800,-0.0159,0.0000,-354.91,-354.91,DOWN
64810,-0.0526,0.0000,-354.91,-354.91,DOWN
64820,-0.0489,0.0000,-354.91,-354.91,DOWN
64830,-0.0164,0.0000,-354.91,-354.91,DOWN
64840,0.0107,0.0000,-354.91,-354.91,DOWN
64850,-0.0227,0.0000,-354.91,-354.91,DOWN
64860,-0.0223,0.0000,-354.91,-354.91,DOWN
64870,0.0199,0.0000,-354.91,-354.91,DOWN
64880,-0.0400,0.0000,-354.91,-354.91,DOWN
64890,-0.0273,0.0000,-354.91,-354.91,DOWN
64899,-0.0088,0.0000,-354.91,-354.91,DOWN
64910,-0.0499,0.0000,-354.91,-354.91,DOWN
64920,-0.0358,0.0000,-354.91,-354.91,DOWN
64930,-0.0374,0.0000,-354.91,-354.91,DOWN
64940,-0.0227,0.0000,-354.91,-354.91,DOWN
64950,-0.0039,0.0000,-354.91,-354.91,DOWN
64960,-0.0231,0.0000,-354.91,-354.91,DOWN
64970,-0.0100,0.0000,-354.91,-354.91,DOWN
64979,-0.0030,0.0000,-354.91,-354.91,DOWN
64990,-0.0275,0.0000,-354.91,-354.91,DOWN
65000,-0.0359,0.0000,-354.91,-354.91,DOWN
65010,-0.0248,0.0000,-354.91,-354.91,DOWN
65020,-0.0284,0.0000,-354.91,-354.91,DOWN
65030,0.0082,0.0000,-354.91,-354.91,DOWN
65039,-0.0152,0.0000,-354.91,-354.91,DOWN
65050,0.0106,0.0000,-354.91,-354.91,DOWN
65060,-0.0205,0.0000,-354.91,-354.91,DOWN
65070,-0.0516,0.0000,-354.91,-354.91,DOWN
65080,-0.0081,0.0000,-354.91,-354.91,DOWN
65090,-0.0105,0.0000,-354.91,-354.91,DOWN
65100,-0.0283,0.0000,-354.91,-354.91,DOWN
65110,-0.0505,0.0000,-354.91,-354.91,DOWN
65119,-0.0147,0.0000,-354.91,-354.91,DOWN
65130,-0.0371,0.0000,-354.91,-354.91,DOWN
65140,-0.0315,0.0000,-354.91,-354.91,DOWN
65149,-0.0028,0.0000,-354.91,-354.91,DOWN
65160,-0.0003,0.0000,-354.91,-354.91,DOWN
65170,0.0053,0.0000,-354.91,-354.91,DOWN
65180,-0.0386,0.0000,-354.91,-354.91,DOWN
65190,0.0082,0.0000,-354.91,-354.91,DOWN
65200,-0.0320,0.0000,-354.91,-354.91,DOWN
65210,-0.0041,0.0000,-354.91,-354.91,DOWN
65220,-0.0332,0.0000,-354.91,-354.91,DOWN
65230,-0.0121,0.0000,-354.91,-354.91,DOWN
65240,-0.0306,0.0000,-354.91,-354.91,DOWN
65250,-0.0545,0.0000,-354.91,-354.91,DOWN
65259,-0.0142,0.0000,-354.91,-354.91,DOWN
65270,-0.0144,0.0000,-354.91,-354.91,DOWN
65280,0.0255,0.0000,-354.91,-354.91,DOWN
65290,-0.0316,0.0000,-354.91,-354.91,DOWN
65300,-0.0094,0.0000,-354.91,-354.91,DOWN
65310,-0.0461,0.0000,-354.91,-354.91,DOWN
65320,0.0003,0.0000,-354.91,-354.91,DOWN
65329,-0.0192,0.0000,-354.91,-354.91,DOWN
65340,-0.0106,0.0000,-354.91,-354.91,DOWN
65350,-0.0245,0.0000,-354.91,-354.91,DOWN
65360,-0.0316,0.0000,-354.91,-354.91,DOWN
65370,-0.0010,0.0000,-354.91,-354.91,DOWN
65380,-0.0601,0.0000,-354.91,-354.91,DOWN
65390,0.0020,0.0000,-354.91,-354.91,DOWN
65400,-0.0183,0.0000,-354.91,-354.91,DOWN
65410,0.0356,0.0000,-354.91,-354.91,DOWN
65420,-0.0314,0.0000,-354.91,-354.91,DOWN
65430,-0.0125,0.0000,-354.91,-354.91,DOWN
65440,-0.0374,0.0000,-354.91,-354.91,DOWN
65450,-0.0154,0.0000,-354.91,-354.91,DOWN
65459,-0.0203,0.0000,-354.91,-354.91,DOWN
65470,-0.0068,0.0000,-354.91,-354.91,DOWN
65479,-0.0074,0.0000,-354.91,-354.91,DOWN
65490,-0.0445,0.0000,-354.91,-354.91,DOWN
65500,-0.0063,0.0000,-354.91,-354.91,DOWN
65510,-0.0359,0.0000,-354.91,-354.91,DOWN
65520,-0.0002,0.0000,-354.91,-354.91,DOWN
65530,-0.0344,0.0000,-354.91,-354.91,DOWN
65539,-0.0229,0.0000,-354.91,-354.91,DOWN
65550,-0.0326,0.0000,-354.91,-354.91,DOWN
65560,-0.0069,0.0000,-354.91,-354.91,DOWN
65570,-0.0001,0.0000,-354.91,-354.91,DOWN
65580,-0.0228,0.0000,-354.91,-354.91,DOWN
65590,-0.0129,0.0000,-354.91,-354.91,DOWN
65600,-0.0292,0.0000,-354.91,-354.91,DOWN
65610,-0.0122,0.0000,-354.91,-354.91,DOWN
65619,-0.0290,0.0000,-354.91,-354.91,DOWN
65630,0.0025,0.0000,-354.91,-354.91,DOWN
65640,-0.0339,0.0000,-354.91,-354.91,DOWN
65650,-0.0535,0.0000,-354.91,-354.91,DOWN
65660,-0.0568,0.0000,-354.91,-354.91,DOWN
65670,-0.0156,0.0000,-354.91,-354.91,DOWN
65680,0.0155,0.0000,-354.91,-354.91,DOWN
65689,-0.0256,0.0000,-354.91,-354.91,DOWN
65700,0.0096,0.0000,-354.91,-354.91,DOWN
65710,-0.0556,0.0000,-354.91,-354.91,DOWN
65720,0.0018,0.0000,-354.91,-354.91,DOWN
65730,-0.0230,0.0000,-354.91,-354.91,DOWN
65740,0.0020,0.0000,-354.91,-354.91,DOWN
65750,-0.0146,0.0000,-354.91,-354.91,DOWN
65760,-0.0436,0.0000,-354.91,-354.91,DOWN
65770,-0.0404,0.0000,-354.91,-354.91,DOWN
65780,-0.0315,0.0000,-354.91,-354.91,DOWN
65790,0.0077,0.0000,-354.91,-354.91,DOWN
65800,-0.0430,0.0000,-354.91,-354.91,DOWN
65810,-0.0012,0.0000,-354.91,-354.91,DOWN
65820,-0.0251,0.0000,-354.91,-354.91,DOWN
65829,-0.0262,0.0000,-354.91,-354.91,DOWN
65840,-0.0157,0.0000,-354.91,-354.91,DOWN
65850,-0.0495,0.0000,-354.91,-354.91,DOWN
65860,-0.0364,0.0000,-354.91,-354.91,DOWN
65870,-0.0360,0.0000,-354.91,-354.91,DOWN
65880,0.0201,0.0000,-354.91,-354.91,DOWN
65890,0.0037,0.0000,-354.91,-354.91,DOWN
65900,-0.0287,0.0000,-354.91,-354.91,DOWN
65909,-0.0320,0.0000,-354.91,-354.91,DOWN
65920,0.0012,0.0000,-354.91,-354.91,DOWN
65930,-0.0097,0.0000,-354.91,-354.91,DOWN
65940,-0.0098,0.0000,-354.91,-354.91,DOWN
65950,-0.0213,0.0000,-354.91,-354.91,DOWN
65960,-0.0263,0.0000,-354.91,-354.91,DOWN
65970,-0.0177,0.0000,-354.91,-354.91,DOWN
65979,-0.0469,0.0000,-354.91,-354.91,DOWN
65990,-0.0234,0.0000,-354.91,-354.91,DOWN
66000,0.0090,0.0000,-354.91,-354.91,DOWN
66010,-0.0173,0.0000,-354.91,-354.91,DOWN
66020,-0.0190,0.0000,-354.91,-354.91,DOWN
66030,-0.0126,0.0000,-354.91,-354.91,DOWN
66039,-0.0504,0.0000,-354.91,-354.91,DOWN
66050,-0.0178,0.0000,-354.91,-354.91,DOWN
66060,-0.0299,0.0000,-354.91,-354.91,DOWN
66070,-0.0104,0.0000,-354.91,-354.91,DOWN
66080,-0.0234,0.0000,-354.91,-354.91,DOWN
66090,-0.0066,0.0000,-354.91,-354.91,DOWN
66100,0.0042,0.0000,-354.91,-354.91,DOWN
66110,-0.0311,0.0000,-354.91,-354.91,DOWN
66119,-0.0566,0.0000,-354.91,-354.91,DOWN
66130,-0.0649,0.0000,-354.91,-354.91,DOWN
66140,-0.0157,0.0000,-354.91,-354.91,DOWN
66150,-0.0073,0.0000,-354.91,-354.91,DOWN
66160,0.0618,0.0000,-354.91,-354.91,DOWN
66170,0.0160,0.0000,-354.91,-354.91,DOWN
66180,-0.0161,0.0000,-354.91,-354.91,DOWN
66189,-0.0595,0.0000,-354.91,-354.91,DOWN
66200,-0.0224,0.0000,-354.91,-354.91,DOWN
66210,-0.0357,0.0000,-354.91,-354.91,DOWN
66220,-0.0421,0.0000,-354.91,-354.91,DOWN
66230,-0.0966,0.0000,-356.51,-355.29,DOWN
66240,-0.0669,0.0000,-356.51,-355.58,DOWN
66250,0.0661,0.0000,-357.48,-356.03,DOWN
66259,0.0433,0.0000,-357.48,-356.38,DOWN
66270,-0.0121,0.0000,-357.48,-356.64,DOWN
66280,0.0024,0.0000,-357.48,-356.84,DOWN
66290,0.0438,0.0000,-357.48,-357.00,DOWN
66300,-0.0016,0.0000,-357.48,-357.11,DOWN
66310,0.0097,0.0000,-357.48,-357.20,DOWN
66320,-0.0953,0.0000,-357.48,-357.27,DOWN
66329,-0.0961,0.0000,-357.48,-357.32,DOWN
66340,-0.1164,0.0000,-360.56,-358.09,DOWN
66350,0.0013,0.0000,-360.56,-358.68,DOWN
66360,0.0280,0.0000,-360.56,-359.13,DOWN
66370,0.0426,0.0000,-360.56,-359.47,DOWN
66380,0.0570,0.0000,-360.56,-359.73,DOWN
66390,0.0008,0.0000,-360.56,-359.93,DOWN
66399,0.0290,0.0000,-360.56,-360.08,DOWN
66409,-0.1285,0.0000,-358.97,-359.81,DOWN
66420,0.0102,0.0000,-358.97,-359.61,DOWN
66430,-0.0129,0.0000,-358.97,-359.46,DOWN
66440,-0.0736,0.0000,-358.97,-359.34,DOWN
66450,-0.0616,0.0000,-358.97,-359.25,DOWN
66459,-0.0215,0.0000,-358.97,-359.19,DOWN
66470,0.0453,0.0000,-358.97,-359.13,DOWN
66479,0.0573,0.0000,-358.97,-359.10,DOWN
66490,0.0148,0.0000,-358.97,-359.07,DOWN
66500,0.0055,0.0000,-358.97,-359.04,DOWN
66510,-0.0799,0.0000,-357.96,-358.78,DOWN
66520,-0.0726,0.0000,-357.96,-358.59,DOWN
66530,0.0145,0.0000,-357.96,-358.44,DOWN
66539,-0.0107,0.0000,-357.96,-358.32,DOWN
66550,0.0371,0.0000,-357.96,-358.23,DOWN
66560,-0.0165,0.0000,-357.96,-358.17,DOWN
66570,-0.0635,0.0000,-357.96,-358.12,DOWN
66580,0.0270,0.0000,-357.96,-358.08,DOWN
66590,-0.0288,0.0000,-357.96,-358.05,DOWN
66600,0.0531,0.0000,-357.96,-358.03,DOWN
66610,-0.0148,0.0000,-357.96,-358.01,DOWN
66619,-0.0293,0.0000,-357.96,-358.00,DOWN
66630,-0.0556,0.0000,-357.96,-357.99,DOWN
66640,-0.0391,0.0000,-357.96,-357.98,DOWN
66650,-0.0007,0.0000,-357.96,-357.98,DOWN
66660,0.0854,0.0000,-358.84,-358.18,DOWN
66670,0.0055,0.0000,-358.84,-358.34,DOWN
66680,-0.0368,0.0000,-358.84,-358.46,DOWN
66690,-0.0768,0.0000,-358.84,-358.55,DOWN
66700,-0.0764,0.0000,-358.84,-358.62,DOWN
66710,-0.0127,0.0000,-358.84,-358.67,DOWN
66720,0.0189,0.0000,-358.84,-358.71,DOWN
66730,0.0046,0.0000,-358.84,-358.74,DOWN
66740,-0.0131,0.0000,-358.84,-358.77,DOWN
66750,0.0033,0.0000,-358.84,-358.78,DOWN
66759,0.0244,0.0000,-358.84,-358.80,DOWN
66770,-0.0201,0.0000,-358.84,-358.81,DOWN
66780,-0.0326,0.0000,-358.84,-358.81,DOWN
66790,-0.0439,0.0000,-358.84,-358.82,DOWN
66800,-0.0371,0.0000,-358.84,-358.83,DOWN
66810,-0.0450,0.0000,-358.84,-358.83,DOWN
66820,-0.0199,0.0000,-358.84,-358.83,DOWN
66829,0.0272,0.0000,-358.84,-358.83,DOWN
66840,0.0026,0.0000,-358.84,-358.83,DOWN
66850,-0.0028,0.0000,-358.84,-358.84,DOWN
66860,-0.0255,0.0000,-358.84,-358.84,DOWN
66870,0.0043,0.0000,-358.84,-358.84,DOWN
66880,-0.0098,0.0000,-358.84,-358.84,DOWN
66890,-0.0282,0.0000,-358.84,-358.84,DOWN
66899,-0.0485,0.0000,-358.84,-358.84,DOWN
66909,-0.0668,0.0000,-358.84,-358.84,DOWN
66920,0.0057,0.0000,-358.84,-358.84,DOWN
66930,0.0153,0.0000,-358.84,-358.84,DOWN
66940,0.0032,0.0000,-358.84,-358.84,DOWN
66950,-0.0359,0.0000,-358.84,-358.84,DOWN
66960,-0.0405,0.0000,-358.84,-358.84,DOWN
66969,-0.0086,0.0000,-358.84,-358.84,DOWN
66979,-0.0529,0.0000,-358.84,-358.84,DOWN
66990,-0.0322,0.0000,-358.84,-358.84,DOWN
67000,-0.0226,0.0000,-358.84,-358.84,DOWN
67010,-0.0224,0.0000,-358.84,-358.84,DOWN
67020,-0.0327,0.0000,-358.84,-358.84,DOWN
67030,0.0180,0.0000,-358.84,-358.84,DOWN
67039,0.0365,0.0000,-358.84,-358.84,DOWN
67050,-0.0436,0.0000,-358.84,-358.84,DOWN
67060,0.0013,0.0000,-358.84,-358.84,DOWN
67070,-0.0204,0.0000,-358.84,-358.84,DOWN
67080,-0.0225,0.0000,-358.84,-358.84,DOWN
67090,-0.0350,0.0000,-358.84,-358.84,DOWN
67100,-0.0225,0.0000,-358.84,-358.84,DOWN
67110,0.0073,0.0000,-358.84,-358.84,DOWN
67119,-0.0233,0.0000,-358.84,-358.84,DOWN
67130,-0.0029,0.0000,-358.84,-358.84,DOWN
67140,-0.0202,0.0000,-358.84,-358.84,DOWN
67150,-0.0126,0.0000,-358.84,-358.84,DOWN
67160,-0.0199,0.0000,-358.84,-358.84,DOWN
67170,-0.0227,0.0000,-358.84,-358.84,DOWN
67180,-0.0402,0.0000,-358.84,-358.84,DOWN
67189,-0.0031,0.0000,-358.84,-358.84,DOWN
67200,-0.0223,0.0000,-358.84,-358.84,DOWN
67210,0.0101,0.0000,-358.84,-358.84,DOWN
67220,-0.0010,0.0000,-358.84,-358.84,DOWN
67230,-0.0170,0.0000,-358.84,-358.84,DOWN
67240,-0.0326,0.0000,-358.84,-358.84,DOWN
67250,-0.0267,0.0000,-358.84,-358.84,DOWN
67259,-0.0150,0.0000,-358.84,-358.84,DOWN
67270,-0.0240,0.0000,-358.84,-358.84,DOWN
67280,-0.0072,0.0000,-358.84,-358.84,DOWN
67290,-0.0411,0.0000,-358.84,-358.84,DOWN
67300,-0.0216,0.0000,-358.84,-358.84,DOWN
67310,-0.0137,0.0000,-358.84,-358.84,DOWN
67320,-0.0248,0.0000,-358.84,-358.84,DOWN
67330,-0.0219,0.0000,-358.84,-358.84,DOWN
67340,-0.0279,0.0000,-358.84,-358.84,DOWN
67350,-0.0444,0.0000,-358.84,-358.84,DOWN
67360,-0.0498,0.0000,-358.84,-358.84,DOWN
67370,-0.0181,0.0000,-358.84,-358.84,DOWN
67380,-0.0050,0.0000,-358.84,-358.84,DOWN
67390,-0.0147,0.0000,-358.84,-358.84,DOWN
67399,-0.0138,0.0000,-358.84,-358.84,DOWN
67409,-0.0011,0.0000,-358.84,-358.84,DOWN
67420,-0.0058,0.0000,-358.84,-358.84,DOWN
67430,-0.0452,0.0000,-358.84,-358.84,DOWN
67439,-0.0418,0.0000,-358.84,-358.84,DOWN
67450,-0.0242,0.0000,-358.84,-358.84,DOWN
67460,-0.0102,0.0000,-358.84,-358.84,DOWN
67470,-0.0286,0.0000,-358.84,-358.84,DOWN
67479,-0.0062,0.0000,-358.84,-358.84,DOWN
67490,-0.0004,0.0000,-358.84,-358.84,DOWN
67500,-0.0058,0.0000,-358.84,-358.84,DOWN
67510,-0.0147,0.0000,-358.84,-358.84,DOWN
67520,-0.0398,0.0000,-358.84,-358.84,DOWN
67530,-0.0202,0.0000,-358.84,-358.84,DOWN
67539,-0.0372,0.0000,-358.84,-358.84,DOWN
67550,-0.0206,0.0000,-358.84,-358.84,DOWN
67560,-0.0110,0.0000,-358.84,-358.84,DOWN
67570,-0.0262,0.0000,-358.84,-358.84,DOWN
67580,-0.0215,0.0000,-358.84,-358.84,DOWN
67590,-0.0185,0.0000,-358.84,-358.84,DOWN
67600,-0.0236,0.0000,-358.84,-358.84,DOWN
67610,-0.0221,0.0000,-358.84,-358.84,DOWN
67619,-0.0280,0.0000,-358.84,-358.84,DOWN
67630,-0.0360,0.0000,-358.84,-358.84,DOWN
67640,-0.0180,0.0000,-358.84,-358.84,DOWN
67650,-0.0101,0.0000,-358.84,-358.84,DOWN
67660,-0.0170,0.0000,-358.84,-358.84,DOWN
67670,0.0035,0.0000,-358.84,-358.84,DOWN
67680,-0.0159,0.0000,-358.84,-358.84,DOWN
67689,-0.0189,0.0000,-358.84,-358.84,DOWN
67700,-0.0123,0.0000,-358.84,-358.84,DOWN
67710,-0.0238,0.0000,-358.84,-358.84,DOWN
67720,-0.0060,0.0000,-358.84,-358.84,DOWN
67730,-0.0316,0.0000,-358.84,-358.84,DOWN
67740,-0.0129,0.0000,-358.84,-358.84,DOWN
67750,-0.0147,0.0000,-358.84,-358.84,DOWN
67759,-0.0303,0.0000,-358.84,-358.84,DOWN
67770,-0.0259,0.0000,-358.84,-358.84,DOWN
67780,-0.0158,0.0000,-358.84,-358.84,DOWN
67790,-0.0030,0.0000,-358.84,-358.84,DOWN
67800,-0.0449,0.0000,-358.84,-358.84,DOWN
67810,-0.0101,0.0000,-358.84,-358.84,DOWN
67820,-0.0385,0.0000,-358.84,-358.84,DOWN
67829,-0.0065,0.0000,-358.84,-358.84,DOWN
67840,-0.0085,0.0000,-358.84,-358.84,DOWN
67850,-0.0229,0.0000,-358.84,-358.84,DOWN
67860,-0.0359,0.0000,-358.84,-358.84,DOWN
67870,-0.0314,0.0000,-358.84,-358.84,DOWN
67880,-0.0142,0.0000,-358.84,-358.84,DOWN
67890,-0.0248,0.0000,-358.84,-358.84,DOWN
67899,-0.0242,0.0000,-358.84,-358.84,DOWN
67909,-0.0445,0.0000,-358.84,-358.84,DOWN
67920,-0.0039,0.0000,-358.84,-358.84,DOWN
67930,0.0016,0.0000,-358.84,-358.84,DOWN
67940,-0.0170,0.0000,-358.84,-358.84,DOWN
67950,-0.0203,0.0000,-358.84,-358.84,DOWN
67960,-0.0305,0.0000,-358.84,-358.84,DOWN
67969,-0.0115,0.0000,-358.84,-358.84,DOWN
67979,-0.0245,0.0000,-358.84,-358.84,DOWN
67990,-0.0042,0.0000,-358.84,-358.84,DOWN
68000,-0.0360,0.0000,-358.84,-358.84,DOWN
68010,-0.0313,0.0000,-358.84,-358.84,DOWN
68020,-0.0459,0.0000,-358.84,-358.84,DOWN
68030,-0.0251,0.0000,-358.84,-358.84,DOWN
68039,-0.0338,0.0000,-358.84,-358.84,DOWN
68050,-0.0181,0.0000,-358.84,-358.84,DOWN
68060,-0.0174,0.0000,-358.84,-358.84,DOWN
68070,-0.0268,0.0000,-358.84,-358.84,DOWN
68080,-0.0156,0.0000,-358.84,-358.84,DOWN
68090,-0.0359,0.0000,-358.84,-358.84,DOWN
68100,-0.0321,0.0000,-358.84,-358.84,DOWN
68110,-0.0065,0.0000,-358.84,-358.84,DOWN
68119,-0.0312,0.0000,-358.84,-358.84,DOWN
68130,-0.0233,0.0000,-358.84,-358.84,DOWN
68140,-0.0373,0.0000,-358.84,-358.84,DOWN
68150,-0.0124,0.0000,-358.84,-358.84,DOWN
68160,-0.0332,0.0000,-358.84,-358.84,DOWN
68170,-0.0047,0.0000,-358.84,-358.84,DOWN
68180,-0.0189,0.0000,-358.84,-358.84,DOWN
68189,-0.0255,0.0000,-358.84,-358.84,DOWN
68200,-0.0245,0.0000,-358.84,-358.84,DOWN
68210,-0.0227,0.0000,-358.84,-358.84,DOWN
68220,-0.0280,0.0000,-358.84,-358.84,DOWN
68230,-0.0337,0.0000,-358.84,-358.84,DOWN
68239,-0.0130,0.0000,-358.84,-358.84,DOWN
68250,-0.0401,0.0000,-358.84,-358.84,DOWN
68259,-0.0306,0.0000,-358.84,-358.84,DOWN
68270,-0.0240,0.0000,-358.84,-358.84,DOWN
68280,-0.0351,0.0000,-358.84,-358.84,DOWN
68290,-0.0157,0.0000,-358.84,-358.84,DOWN
68300,-0.0296,0.0000,-358.84,-358.84,DOWN
68310,-0.0158,0.0000,-358.84,-358.84,DOWN
68320,-0.0222,0.0000,-358.84,-358.84,DOWN
68329,-0.0152,0.0000,-358.84,-358.84,DOWN
68340,-0.0224,0.0000,-358.84,-358.84,DOWN
68350,-0.0092,0.0000,-358.84,-358.84,DOWN
68360,-0.0187,0.0000,-358.84,-358.84,DOWN
68370,-0.0342,0.0000,-358.84,-358.84,DOWN
68380,-0.0227,0.0000,-358.84,-358.84,DOWN
68390,-0.0184,0.0000,-358.84,-358.84,DOWN
68399,-0.0335,0.0000,-358.84,-358.84,DOWN
68409,-0.0189,0.0000,-358.84,-358.84,DOWN
68420,-0.0156,0.0000,-358.84,-358.84,DOWN
68430,-0.0137,0.0000,-358.84,-358.84,DOWN
68439,-0.0264,0.0000,-358.84,-358.84,DOWN
68450,-0.0330,0.0000,-358.84,-358.84,DOWN
68460,-0.0201,0.0000,-358.84,-358.84,DOWN
68470,-0.0303,0.0000,-358.84,-358.84,DOWN
68480,-0.0183,0.0000,-358.84,-358.84,DOWN
68490,-0.0229,0.0000,-358.84,-358.84,DOWN
68500,-0.0271,0.0000,-358.84,-358.84,DOWN
68510,-0.0248,0.0000,-358.84,-358.84,DOWN
68520,-0.0109,0.0000,-358.84,-358.84,DOWN
68530,-0.0222,0.0000,-358.84,-358.84,DOWN
68539,-0.0222,0.0000,-358.84,-358.84,DOWN
68550,-0.0249,0.0000,-358.84,-358.84,DOWN
68560,-0.0250,0.0000,-358.84,-358.84,DOWN
68570,-0.0211,0.0000,-358.84,-358.84,DOWN
68580,-0.0262,0.0000,-358.84,-358.84,DOWN
68590,-0.0228,0.0000,-358.84,-358.84,DOWN
68600,-0.0295,0.0000,-358.84,-358.84,DOWN
68610,-0.0199,0.0000,-358.84,-358.84,DOWN
68619,-0.0252,0.0000,-358.84,-358.84,DOWN
68630,-0.0247,0.0000,-358.84,-358.84,DOWN
68640,-0.0170,0.0000,-358.84,-358.84,DOWN
68650,-0.0123,0.0000,-358.84,-358.84,DOWN
68660,-0.0147,0.0000,-358.84,-358.84,DOWN
68670,-0.0307,0.0000,-358.84,-358.84,DOWN
68680,-0.0371,0.0000,-358.84,-358.84,DOWN
68689,-0.0339,0.0000,-358.84,-358.84,DOWN
68700,-0.0398,0.0000,-358.84,-358.84,DOWN
68710,-0.0103,0.0000,-358.84,-358.84,DOWN
68720,-0.0102,0.0000,-358.84,-358.84,DOWN
68730,-0.0024,0.0000,-358.84,-358.84,DOWN
68740,-0.0144,0.0000,-358.84,-358.84,DOWN
68750,-0.0054,0.0000,-358.84,-358.84,DOWN
68759,-0.0172,0.0000,-358.84,-358.84,DOWN
68770,-0.0351,0.0000,-358.84,-358.84,DOWN
68780,-0.0245,0.0000,-358.84,-358.84,DOWN
68790,-0.0320,0.0000,-358.84,-358.84,DOWN
68800,-0.0173,0.0000,-358.84,-358.84,DOWN
68810,-0.0202,0.0000,-358.84,-358.84,DOWN
68820,-0.0114,0.0000,-358.84,-358.84,DOWN
68830,-0.0000,0.0000,-358.84,-358.84,DOWN
68839,-0.0275,0.0000,-358.84,-358.84,DOWN
68850,-0.0168,0.0000,-358.84,-358.84,DOWN
68860,-0.0348,0.0000,-358.84,-358.84,DOWN
68870,-0.0369,0.0000,-358.84,-358.84,DOWN
68880,-0.0327,0.0000,-358.84,-358.84,DOWN
68890,-0.0170,0.0000,-358.84,-358.84,DOWN
68899,-0.0095,0.0000,-358.84,-358.84,DOWN
68909,-0.0243,0.0000,-358.84,-358.84,DOWN
68920,-0.0305,0.0000,-358.84,-358.84,DOWN
68930,-0.0087,0.0000,-358.84,-358.84,DOWN
68940,-0.0191,0.0000,-358.84,-358.84,DOWN
68950,-0.0238,0.0000,-358.84,-358.84,DOWN
68960,-0.0169,0.0000,-358.84,-358.84,DOWN
68969,-0.0292,0.0000,-358.84,-358.84,DOWN
68979,-0.0372,0.0000,-358.84,-358.84,DOWN
68990,-0.0200,0.0000,-358.84,-358.84,DOWN
69000,-0.0264,0.0000,-358.84,-358.84,DOWN
69010,-0.0107,0.0000,-358.84,-358.84,DOWN
69020,-0.0288,0.0000,-358.84,-358.84,DOWN
69030,-0.0110,0.0000,-358.84,-358.84,DOWN
69039,-0.0171,0.0000,-358.84,-358.84,DOWN
69050,-0.0233,0.0000,-358.84,-358.84,DOWN
69060,-0.0253,0.0000,-358.84,-358.84,DOWN
69070,-0.0115,0.0000,-358.84,-358.84,DOWN
69080,-0.0224,0.0000,-358.84,-358.84,DOWN
69090,-0.0355,0.0000,-358.84,-358.84,DOWN
69100,-0.0088,0.0000,-358.84,-358.84,DOWN
69110,-0.0105,0.0000,-358.84,-358.84,DOWN
69119,-0.0292,0.0000,-358.84,-358.84,DOWN
69130,-0.0180,0.0000,-358.84,-358.84,DOWN
69140,-0.0248,0.0000,-358.84,-358.84,DOWN
69150,-0.0206,0.0000,-358.84,-358.84,DOWN
69160,-0.0238,0.0000,-358.84,-358.84,DOWN
69170,-0.0157,0.0000,-358.84,-358.84,DOWN
69180,-0.0071,0.0000,-358.84,-358.84,DOWN
69189,-0.0243,0.0000,-358.84,-358.84,DOWN
69200,-0.0358,0.0000,-358.84,-358.84,DOWN
69210,-0.0113,0.0000,-358.84,-358.84,DOWN
69220,-0.0256,0.0000,-358.84,-358.84,DOWN
69230,-0.0209,0.0000,-358.84,-358.84,DOWN
69240,-0.0050,0.0000,-358.84,-358.84,DOWN
69250,-0.0135,0.0000,-358.84,-358.84,DOWN
69259,-0.0179,0.0000,-358.84,-358.84,DOWN
69270,-0.0203,0.0000,-358.84,-358.84,DOWN
69280,-0.0062,0.0000,-358.84,-358.84,DOWN
69290,-0.0175,0.0000,-358.84,-358.84,DOWN
69300,-0.0191,0.0000,-358.84,-358.84,DOWN
69310,-0.0142,0.0000,-358.84,-358.84,DOWN
69320,-0.0087,0.0000,-358.84,-358.84,DOWN
69330,-0.0265,0.0000,-358.84,-358.84,DOWN
69339,-0.0149,0.0000,-358.84,-358.84,DOWN
69350,-0.0145,0.0000,-358.84,-358.84,DOWN
69360,-0.0180,0.0000,-358.84,-358.84,DOWN
69370,-0.0231,0.0000,-358.84,-358.84,DOWN
69380,-0.0144,0.0000,-358.84,-358.84,DOWN
69390,-0.0068,0.0000,-358.84,-358.84,DOWN
69400,-0.0176,0.0000,-358.84,-358.84,DOWN
69409,-0.0267,0.0000,-358.84,-358.84,DOWN
69420,-0.0305,0.0000,-358.84,-358.84,DOWN
69430,-0.0167,0.0000,-358.84,-358.84,DOWN
69439,-0.0120,0.0000,-358.84,-358.84,DOWN
69450,-0.0055,0.0000,-358.84,-358.84,DOWN
69460,-0.0183,0.0000,-358.84,-358.84,DOWN
69470,-0.0197,0.0000,-358.84,-358.84,DOWN
69480,-0.0113,0.0000,-358.84,-358.84,DOWN
69490,-0.0143,0.0000,-358.84,-358.84,DOWN
69500,-0.0149,0.0000,-358.84,-358.84,DOWN
69510,-0.0131,0.0000,-358.84,-358.84,DOWN
69520,-0.0141,0.0000,-358.84,-358.84,DOWN
69530,-0.0304,0.0000,-358.84,-358.84,DOWN
69539,-0.0267,0.0000,-358.84,-358.84,DOWN
69550,-0.0136,0.0000,-358.84,-358.84,DOWN
69560,-0.0150,0.0000,-358.84,-358.84,DOWN
69570,-0.0227,0.0000,-358.84,-358.84,DOWN
69580,-0.0204,0.0000,-358.84,-358.84,DOWN
69590,-0.0257,0.0000,-358.84,-358.84,DOWN
69600,-0.0325,0.0000,-358.84,-358.84,DOWN
69610,-0.0098,0.0000,-358.84,-358.84,DOWN
69620,-0.0248,0.0000,-358.84,-358.84,DOWN
69630,-0.0465,0.0000,-358.84,-358.84,DOWN
69640,-0.0375,0.0000,-358.84,-358.84,DOWN
69650,-0.0181,0.0000,-358.84,-358.84,DOWN
69660,-0.0121,0.0000,-358.84,-358.84,DOWN
69670,-0.0264,0.0000,-358.84,-358.84,DOWN
69680,-0.0029,0.0000,-358.84,-358.84,DOWN
69689,-0.0176,0.0000,-358.84,-358.84,DOWN
69700,-0.0109,0.0000,-358.84,-358.84,DOWN
69710,-0.0210,0.0000,-358.84,-358.84,DOWN
69720,-0.0286,0.0000,-358.84,-358.84,DOWN
69730,-0.0206,0.0000,-358.84,-358.84,DOWN
69740,-0.0132,0.0000,-358.84,-358.84,DOWN
69750,-0.0129,0.0000,-358.84,-358.84,DOWN
69759,-0.0178,0.0000,-358.84,-358.84,DOWN
69770,-0.0108,0.0000,-358.84,-358.84,DOWN
69780,-0.0160,0.0000,-358.84,-358.84,DOWN
69790,-0.0043,0.0000,-358.84,-358.84,DOWN
69800,-0.0205,0.0000,-358.84,-358.84,DOWN
69810,-0.0176,0.0000,-358.84,-358.84,DOWN
69820,-0.0191,0.0000,-358.84,-358.84,DOWN
69829,-0.0212,0.0000,-358.84,-358.84,DOWN
69839,-0.0140,0.0000,-358.84,-358.84,DOWN
69850,-0.0023,0.0000,-358.84,-358.84,DOWN
69860,-0.0065,0.0000,-358.84,-358.84,DOWN
69870,-0.0104,0.0000,-358.84,-358.84,DOWN
69880,-0.0205,0.0000,-358.84,-358.84,DOWN
69890,-0.0136,0.0000,-358.84,-358.84,DOWN
69900,-0.0109,0.0000,-358.84,-358.84,DOWN
69909,-0.0281,0.0000,-358.84,-358.84,DOWN
69920,-0.0238,0.0000,-358.84,-358.84,DOWN
69930,-0.0219,0.0000,-358.84,-358.84,DOWN
69940,-0.0239,0.0000,-358.84,-358.84,DOWN
69950,-0.0090,0.0000,-358.84,-358.84,DOWN
69960,-0.0195,0.0000,-358.84,-358.84,DOWN
69970,-0.0166,0.0000,-358.84,-358.84,DOWN
69979,-0.0204,0.0000,-358.84,-358.84,DOWN
69990,-0.0287,0.0000,-358.84,-358.84,DOWN
70000,-0.0180,0.0000,-358.84,-358.84,DOWN
70010,-0.0212,0.0000,-358.84,-358.84,DOWN
70019,-0.0287,0.0000,-358.84,-358.84,DOWN
70030,-0.0231,0.0000,-358.84,-358.84,DOWN
70039,-0.0079,0.0000,-358.84,-358.84,DOWN
70050,-0.0296,0.0000,-358.84,-358.84,DOWN
70060,-0.0070,0.0000,-358.84,-358.84,DOWN
70070,-0.0165,0.0000,-358.84,-358.84,DOWN
70080,-0.0093,0.0000,-358.84,-358.84,DOWN
70090,-0.0121,0.0000,-358.84,-358.84,DOWN
70100,-0.0023,0.0000,-358.84,-358.84,DOWN
70110,-0.0211,0.0000,-358.84,-358.84,DOWN
70119,-0.0181,0.0000,-358.84,-358.84,DOWN
70130,-0.0163,0.0000,-358.84,-358.84,DOWN
70140,-0.0214,0.0000,-358.84,-358.84,DOWN
70150,-0.0332,0.0000,-358.84,-358.84,DOWN
70160,-0.0268,0.0000,-358.84,-358.84,DOWN
70170,-0.0245,0.0000,-358.84,-358.84,DOWN
70180,-0.0136,0.0000,-358.84,-358.84,DOWN
70189,-0.0010,0.0000,-358.84,-358.84,DOWN
70200,-0.0207,0.0000,-358.84,-358.84,DOWN
70210,-0.0254,0.0000,-358.84,-358.84,DOWN
70220,-0.0277,0.0000,-358.84,-358.84,DOWN
70229,-0.0072,0.0000,-358.84,-358.84,DOWN
70239,-0.0205,0.0000,-358.84,-358.84,DOWN
70249,-0.0245,0.0000,-358.84,-358.84,DOWN
70259,-0.0163,0.0000,-358.84,-358.84,DOWN
70270,-0.0120,0.0000,-358.84,-358.84,DOWN
70280,-0.0181,0.0000,-358.84,-358.84,DOWN
70290,-0.0096,0.0000,-358.84,-358.84,DOWN
70299,-0.0316,0.0000,-358.84,-358.84,DOWN
70309,-0.0119,0.0000,-358.84,-358.84,DOWN
70319,-0.0152,0.0000,-358.84,-358.84,DOWN
70329,-0.0266,0.0000,-358.84,-358.84,DOWN
70339,-0.0156,0.0000,-358.84,-358.84,DOWN
70350,-0.0222,0.0000,-358.84,-358.84,DOWN
70360,-0.0130,0.0000,-358.84,-358.84,DOWN
70369,-0.0252,0.0000,-358.84,-358.84,DOWN
70379,-0.0213,0.0000,-358.84,-358.84,DOWN
70389,-0.0340,0.0000,-358.84,-358.84,DOWN
70399,-0.0272,0.0000,-358.84,-358.84,DOWN
70409,-0.0199,0.0000,-358.84,-358.84,DOWN
70420,-0.0136,0.0000,-358.84,-358.84,DOWN
70430,-0.0240,0.0000,-358.84,-358.84,DOWN
70439,-0.0213,0.0000,-358.84,-358.84,DOWN
70449,-0.0253,0.0000,-358.84,-358.84,DOWN
70459,-0.0161,0.0000,-358.84,-358.84,DOWN
70469,-0.0169,0.0000,-358.84,-358.84,DOWN
70479,-0.0019,0.0000,-358.84,-358.84,DOWN
70490,-0.0112,0.0000,-358.84,-358.84,DOWN
70500,-0.0141,0.0000,-358.84,-358.84,DOWN
70509,-0.0104,0.0000,-358.84,-358.84,DOWN
70520,-0.0206,0.0000,-358.84,-358.84,DOWN
70529,-0.0305,0.0000,-358.84,-358.84,DOWN
70539,-0.0073,0.0000,-358.84,-358.84,DOWN
70549,-0.0219,0.0000,-358.84,-358.84,DOWN
70560,-0.0213,0.0000,-358.84,-358.84,DOWN
70570,-0.0193,0.0000,-358.84,-358.84,DOWN
70579,-0.0229,0.0000,-358.84,-358.84,DOWN
70589,-0.0102,0.0000,-358.84,-358.84,DOWN
70599,-0.0200,0.0000,-358.84,-358.84,DOWN
70609,-0.0208,0.0000,-358.84,-358.84,DOWN
70619,-0.0099,0.0000,-358.84,-358.84,DOWN
70630,-0.0175,0.0000,-358.84,-358.84,DOWN
70640,-0.0232,0.0000,-358.84,-358.84,DOWN
70650,-0.0201,0.0000,-358.84,-358.84,DOWN
70659,-0.0220,0.0000,-358.84,-358.84,DOWN
70669,-0.0184,0.0000,-358.84,-358.84,DOWN
70679,-0.0260,0.0000,-358.84,-358.84,DOWN
70689,-0.0197,0.0000,-358.84,-358.84,DOWN
70700,-0.0457,0.0000,-358.84,-358.84,DOWN
70710,-0.0294,0.0000,-358.84,-358.84,DOWN
70720,0.0197,0.0000,-358.84,-358.84,DOWN
70729,-0.0383,0.0000,-358.84,-358.84,DOWN
70739,0.0169,0.0000,-358.84,-358.84,DOWN
70749,-0.0485,0.0000,-358.84,-358.84,DOWN
70759,0.0057,0.0000,-358.84,-358.84,DOWN
70770,-0.0111,0.0000,-358.84,-358.84,DOWN
70780,-0.0296,0.0000,-358.84,-358.84,DOWN
70790,0.0061,0.0000,-358.84,-358.84,DOWN
70799,-0.0482,0.0000,-358.84,-358.84,DOWN
70809,-0.0034,0.0000,-358.84,-358.84,DOWN
70820,-0.0436,0.0000,-358.84,-358.84,DOWN
70829,-0.0110,0.0000,-358.84,-358.84,DOWN
70839,-0.0230,0.0000,-358.84,-358.84,DOWN
