time_ms,original_az,accel_z_mps2,velocity_mm_s,smooth_mm_s,direction
0,0.0180,0.0000,0.00,0.00,STATIONARY
66,0.0179,0.0000,0.00,0.00,STATIONARY
132,0.0296,0.0000,0.00,0.00,STATIONARY
198,0.0202,0.0000,0.00,0.00,STATIONARY
263,0.0262,0.0000,0.00,0.00,STATIONARY
330,0.0075,0.0000,0.00,0.00,STATIONARY
395,0.0147,0.0000,0.00,0.00,STATIONARY
462,0.0276,0.0000,0.00,0.00,STATIONARY
528,0.0095,0.0000,0.00,0.00,STATIONARY
594,0.0180,0.0000,0.00,0.00,STATIONARY
660,0.0124,0.0000,0.00,0.00,STATIONARY
726,0.0158,0.0000,0.00,0.00,STATIONARY
792,0.0127,0.0000,0.00,0.00,STATIONARY
857,0.0092,0.0000,0.00,0.00,STATIONARY
924,0.0088,0.0000,0.00,0.00,STATIONARY
990,0.0012,0.0000,0.00,0.00,STATIONARY
1056,0.0115,0.0000,0.00,0.00,STATIONARY
1122,-0.0053,0.0000,0.00,0.00,STATIONARY
1188,-0.0064,0.0000,0.00,0.00,STATIONARY
1254,0.0078,0.0000,0.00,0.00,STATIONARY
1319,0.0035,0.0000,0.00,0.00,STATIONARY
1385,0.0045,0.0000,0.00,0.00,STATIONARY
1452,0.0038,0.0000,0.00,0.00,STATIONARY
1518,0.0037,0.0000,0.00,0.00,STATIONARY
1583,-0.0133,0.0000,0.00,0.00,STATIONARY
1650,0.0047,0.0000,0.00,0.00,STATIONARY
1716,0.0049,0.0000,0.00,0.00,STATIONARY
1782,-0.0076,0.0000,0.00,0.00,STATIONARY
1848,-0.0045,0.0000,0.00,0.00,STATIONARY
1914,-0.0019,0.0000,0.00,0.00,STATIONARY
1980,0.0029,0.0000,0.00,0.00,STATIONARY
2045,-0.0047,0.0000,0.00,0.00,STATIONARY
2112,0.0050,0.0000,0.00,0.00,STATIONARY
2177,-0.0202,0.0000,0.00,0.00,STATIONARY
2244,-0.0027,0.0000,0.00,0.00,STATIONARY
2310,-0.0084,0.0000,0.00,0.00,STATIONARY
2376,0.0073,0.0000,0.00,0.00,STATIONARY
2442,-0.0073,0.0000,0.00,0.00,STATIONARY
2508,-0.0009,0.0000,0.00,0.00,STATIONARY
2574,-0.0101,0.0000,0.00,0.00,STATIONARY
2640,0.0153,0.0000,0.00,0.00,STATIONARY
2706,-0.0149,0.0000,0.00,0.00,STATIONARY
2772,-0.0031,0.0000,0.00,0.00,STATIONARY
2838,0.0045,0.0000,0.00,0.00,STATIONARY
2903,-0.0000,0.0000,0.00,0.00,STATIONARY
2970,0.0085,0.0000,0.00,0.00,STATIONARY
3035,-0.0066,0.0000,0.00,0.00,STATIONARY
3102,0.0117,0.0000,0.00,0.00,STATIONARY
3168,-0.0079,0.0000,0.00,0.00,STATIONARY
3234,-0.0013,0.0000,0.00,0.00,STATIONARY
3300,-0.0069,0.0000,0.00,0.00,STATIONARY
3366,-0.0065,0.0000,0.00,0.00,STATIONARY
3432,-0.0084,0.0000,0.00,0.00,STATIONARY
3498,-0.0086,0.0000,0.00,0.00,STATIONARY
3564,0.0082,0.0000,0.00,0.00,STATIONARY
3630,-0.0122,0.0000,0.00,0.00,STATIONARY
3696,-0.0084,0.0000,0.00,0.00,STATIONARY
3762,-0.0060,0.0000,0.00,0.00,STATIONARY
3828,-0.0504,0.0000,0.00,0.00,STATIONARY
3894,-0.0948,0.0000,0.00,0.00,STATIONARY
3959,-0.0668,0.0000,0.00,0.00,STATIONARY
4026,-0.1266,0.0000,-19.02,-12.83,STATIONARY
4092,-0.1169,-0.1169,0.00,0.00,STATIONARY
4158,-0.1216,0.0000,0.00,0.00,STATIONARY
4223,-0.1318,0.0000,0.00,0.00,STATIONARY
4290,-0.1528,0.0000,-26.81,-18.09,STATIONARY
4356,-0.1484,-0.1484,-36.60,-30.58,STATIONARY
4422,-0.2144,-0.2144,-50.76,-44.19,STATIONARY
4488,-0.3181,-0.3181,-71.75,-62.78,STATIONARY
4554,-0.3289,-0.3289,-93.46,-83.48,STATIONARY
4620,-0.3506,-0.3506,-116.60,-105.82,DOWN
4685,-0.3793,-0.3793,-141.63,-129.98,DOWN
4752,-0.3981,-0.3981,-167.90,-155.56,DOWN
4818,-0.4000,-0.4000,-194.30,-181.70,DOWN
4884,-0.4218,-0.4218,-222.14,-208.98,DOWN
4950,-0.4430,-0.4430,-251.38,-237.59,DOWN
5016,-0.4751,-0.4751,-282.74,-268.05,DOWN
5082,-0.4632,-0.4632,-313.30,-298.58,DOWN
5147,-0.4927,-0.4927,-345.82,-330.45,DOWN
5214,-0.4915,-0.4915,-378.27,-362.71,DOWN
5280,-0.5577,-0.5577,-415.08,-398.04,DOWN
5346,-0.5479,-0.5479,-451.24,-433.93,DOWN
5412,-0.5389,-0.5389,-486.81,-469.60,DOWN
5478,-0.6038,-0.6038,-526.66,-508.10,DOWN
5544,-0.5886,-0.5886,-565.50,-546.83,DOWN
5610,-0.5987,-0.5987,-605.02,-586.08,DOWN
5675,-0.6243,-0.6243,-646.22,-626.65,DOWN
5742,-0.6595,-0.6595,-689.75,-669.22,DOWN
5808,-0.6888,-0.6888,-735.21,-713.74,DOWN
5874,-0.6935,-0.6935,-780.98,-759.11,DOWN
5940,-0.6501,-0.6501,-823.89,-802.81,DOWN
6005,-0.5172,-0.5172,-858.02,-840.06,DOWN
6072,-0.5142,-0.5142,-891.96,-875.08,DOWN
6138,-0.3875,-0.3875,-917.54,-903.72,DOWN
6204,-0.3654,-0.3654,-941.65,-929.31,DOWN
6270,-0.2643,-0.2643,-959.10,-949.41,DOWN
6335,-0.2006,-0.2006,-972.34,-964.88,DOWN
6402,-0.0623,-0.0623,-976.45,-972.68,DOWN
6468,0.0048,0.0000,-976.45,-975.22,DOWN
6534,0.0464,0.0000,-976.45,-976.05,DOWN
6600,0.0100,0.0000,-976.45,-976.32,DOWN
6666,0.0156,0.0000,-976.45,-976.41,DOWN
6732,0.0778,0.0000,-976.45,-976.44,DOWN
6798,0.0054,0.0000,-976.45,-976.45,DOWN
6863,0.0280,0.0000,-976.45,-976.45,DOWN
6930,0.0944,0.0000,-976.45,-976.45,DOWN
6996,0.0186,0.0000,-976.45,-976.45,DOWN
7062,0.0927,0.0000,-976.45,-976.45,DOWN
7128,0.0510,0.0000,-976.45,-976.45,DOWN
7194,0.0310,0.0000,-976.45,-976.45,DOWN
7260,0.0737,0.0000,-971.04,-972.80,DOWN
7325,0.0201,0.0000,-971.04,-971.61,DOWN
7392,0.0478,0.0000,-971.04,-971.22,DOWN
7458,0.0282,0.0000,-971.04,-971.10,DOWN
7524,0.0756,0.0000,-971.04,-971.05,DOWN
7590,0.0152,0.0000,-971.04,-971.04,DOWN
7656,0.0783,0.0000,-971.04,-971.04,DOWN
7722,0.0318,0.0000,-971.04,-971.04,DOWN
7787,0.0536,0.0000,-971.04,-971.04,DOWN
7854,0.0468,0.0000,-971.04,-971.04,DOWN
7920,0.0454,0.0000,-971.04,-971.04,DOWN
7986,0.0926,0.0000,-959.32,-963.13,DOWN
8052,0.0020,0.0000,-959.32,-960.56,DOWN
8118,0.1011,0.0000,-959.32,-959.72,DOWN
8184,0.0065,0.0000,-959.32,-959.45,DOWN
8249,0.0675,0.0000,-959.32,-959.36,DOWN
8316,0.0522,0.0000,-959.32,-959.33,DOWN
8382,0.0434,0.0000,-959.32,-959.32,DOWN
8448,0.0514,0.0000,-959.32,-959.32,DOWN
8514,0.0900,0.0000,-949.61,-952.77,DOWN
8580,0.0715,0.0000,-949.61,-950.64,DOWN
8646,0.0261,0.0000,-949.61,-949.95,DOWN
8712,0.0709,0.0000,-949.61,-949.72,DOWN
8778,0.0241,0.0000,-949.61,-949.65,DOWN
8844,0.0478,0.0000,-949.61,-949.62,DOWN
8910,0.0449,0.0000,-949.61,-949.62,DOWN
8975,0.0639,0.0000,-949.61,-949.61,DOWN
9042,0.0381,0.0000,-949.61,-949.61,DOWN
9108,0.0489,0.0000,-949.61,-949.61,DOWN
9174,0.0592,0.0000,-949.61,-949.61,DOWN
9240,0.0200,0.0000,-949.61,-949.61,DOWN
9305,0.0749,0.0000,-938.64,-942.21,DOWN
9372,0.0066,0.0000,-938.64,-939.80,DOWN
9437,0.0741,0.0000,-938.64,-939.02,DOWN
9503,-0.0041,0.0000,-938.64,-938.76,DOWN
9570,0.0291,0.0000,-938.64,-938.68,DOWN
9636,0.0344,0.0000,-938.64,-938.65,DOWN
9702,0.0337,0.0000,-938.64,-938.64,DOWN
9768,0.0333,0.0000,-938.64,-938.64,DOWN
9834,-0.0064,0.0000,-938.64,-938.64,DOWN
9900,0.0845,0.0000,-938.64,-938.64,DOWN
9965,-0.0615,0.0000,-938.64,-938.64,DOWN
10032,0.0010,0.0000,-938.64,-938.64,DOWN
10098,0.0051,0.0000,-938.64,-938.64,DOWN
10163,0.0376,0.0000,-938.64,-938.64,DOWN
10230,-0.0411,0.0000,-938.64,-938.64,DOWN
10296,0.0152,0.0000,-938.64,-938.64,DOWN
10362,-0.0045,0.0000,-938.64,-938.64,DOWN
10428,0.0150,0.0000,-938.64,-938.64,DOWN
10494,-0.0006,0.0000,-938.64,-938.64,DOWN
10560,-0.0475,0.0000,-938.64,-938.64,DOWN
10626,0.0030,0.0000,-938.64,-938.64,DOWN
10692,-0.0466,0.0000,-938.64,-938.64,DOWN
10758,0.0514,0.0000,-938.64,-938.64,DOWN
10824,-0.0630,0.0000,-938.64,-938.64,DOWN
10890,0.0174,0.0000,-938.64,-938.64,DOWN
10956,-0.0211,0.0000,-938.64,-938.64,DOWN
11022,0.0043,0.0000,-938.64,-938.64,DOWN
11088,-0.0215,0.0000,-938.64,-938.64,DOWN
11154,-0.0395,0.0000,-938.64,-938.64,DOWN
11220,0.0142,0.0000,-938.64,-938.64,DOWN
11286,-0.0344,0.0000,-938.64,-938.64,DOWN
11352,0.0505,0.0000,-938.64,-938.64,DOWN
11418,-0.0752,0.0000,-940.63,-939.98,DOWN
11484,-0.0025,0.0000,-940.63,-940.42,DOWN
11550,-0.0559,0.0000,-940.63,-940.56,DOWN
11615,0.0267,0.0000,-940.63,-940.61,DOWN
11682,0.0105,0.0000,-940.63,-940.62,DOWN
11748,-0.0228,0.0000,-940.63,-940.63,DOWN
11814,0.0238,0.0000,-940.63,-940.63,DOWN
11880,-0.0250,0.0000,-940.63,-940.63,DOWN
11945,0.0251,0.0000,-940.63,-940.63,DOWN
12012,-0.0390,0.0000,-940.63,-940.63,DOWN
12077,0.0259,0.0000,-940.63,-940.63,DOWN
12144,-0.0599,0.0000,-940.63,-940.63,DOWN
12210,-0.0014,0.0000,-940.63,-940.63,DOWN
12276,-0.0044,0.0000,-940.63,-940.63,DOWN
12342,-0.0325,0.0000,-940.63,-940.63,DOWN
12408,-0.0143,0.0000,-940.63,-940.63,DOWN
12474,-0.0121,0.0000,-940.63,-940.63,DOWN
12539,0.0187,0.0000,-940.63,-940.63,DOWN
12605,-0.0161,0.0000,-940.63,-940.63,DOWN
12671,-0.0025,0.0000,-940.63,-940.63,DOWN
12738,-0.0323,0.0000,-940.63,-940.63,DOWN
12803,0.0016,0.0000,-940.63,-940.63,DOWN
12870,-0.0067,0.0000,-940.63,-940.63,DOWN
12936,-0.0120,0.0000,-940.63,-940.63,DOWN
13002,-0.0189,0.0000,-940.63,-940.63,DOWN
13068,-0.0179,0.0000,-940.63,-940.63,DOWN
13134,0.0103,0.0000,-940.63,-940.63,DOWN
13200,-0.0035,0.0000,-940.63,-940.63,DOWN
13265,-0.0471,0.0000,-940.63,-940.63,DOWN
13332,-0.0261,0.0000,-940.63,-940.63,DOWN
13398,-0.0080,0.0000,-940.63,-940.63,DOWN
13464,-0.0193,0.0000,-940.63,-940.63,DOWN
13530,0.0193,0.0000,-940.63,-940.63,DOWN
13596,0.0015,0.0000,-940.63,-940.63,DOWN
13662,0.0027,0.0000,-940.63,-940.63,DOWN
13728,-0.0341,0.0000,-940.63,-940.63,DOWN
13794,-0.0043,0.0000,-940.63,-940.63,DOWN
13859,-0.0058,0.0000,-940.63,-940.63,DOWN
13926,-0.0230,0.0000,-940.63,-940.63,DOWN
13992,0.0232,0.0000,-940.63,-940.63,DOWN
14058,-0.0120,0.0000,-940.63,-940.63,DOWN
14124,0.0211,0.0000,-940.63,-940.63,DOWN
14190,-0.0274,0.0000,-940.63,-940.63,DOWN
14256,0.0082,0.0000,-940.63,-940.63,DOWN
14322,-0.0422,0.0000,-940.63,-940.63,DOWN
14388,0.0029,0.0000,-940.63,-940.63,DOWN
14454,-0.0004,0.0000,-940.63,-940.63,DOWN
14520,-0.0002,0.0000,-940.63,-940.63,DOWN
14586,-0.0090,0.0000,-940.63,-940.63,DOWN
14652,-0.0380,0.0000,-940.63,-940.63,DOWN
14717,0.0258,0.0000,-940.63,-940.63,DOWN
14784,-0.0094,0.0000,-940.63,-940.63,DOWN
14850,0.0017,0.0000,-940.63,-940.63,DOWN
14916,-0.0265,0.0000,-940.63,-940.63,DOWN
14982,0.0201,0.0000,-940.63,-940.63,DOWN
15048,0.0148,0.0000,-940.63,-940.63,DOWN
15114,-0.0318,0.0000,-940.63,-940.63,DOWN
15180,-0.0017,0.0000,-940.63,-940.63,DOWN
15246,-0.0440,0.0000,-940.63,-940.63,DOWN
15312,0.0277,0.0000,-940.63,-940.63,DOWN
15378,-0.0354,0.0000,-940.63,-940.63,DOWN
15443,0.0368,0.0000,-940.63,-940.63,DOWN
15510,-0.0199,0.0000,-940.63,-940.63,DOWN
15576,-0.0114,0.0000,-940.63,-940.63,DOWN
15642,-0.0426,0.0000,-940.63,-940.63,DOWN
15708,0.0060,0.0000,-940.63,-940.63,DOWN
15774,0.0030,0.0000,-940.63,-940.63,DOWN
15840,-0.0102,0.0000,-940.63,-940.63,DOWN
15905,0.0053,0.0000,-940.63,-940.63,DOWN
15972,-0.0254,0.0000,-940.63,-940.63,DOWN
16038,0.0429,0.0000,-940.63,-940.63,DOWN
16104,-0.0500,0.0000,-940.63,-940.63,DOWN
16169,0.0028,0.0000,-940.63,-940.63,DOWN
16236,-0.0117,0.0000,-940.63,-940.63,DOWN
16302,0.0053,0.0000,-940.63,-940.63,DOWN
16368,0.0119,0.0000,-940.63,-940.63,DOWN
16434,-0.0184,0.0000,-940.63,-940.63,DOWN
16500,0.0281,0.0000,-940.63,-940.63,DOWN
16566,-0.0468,0.0000,-940.63,-940.63,DOWN
16632,0.0386,0.0000,-940.63,-940.63,DOWN
16698,-0.0378,0.0000,-940.63,-940.63,DOWN
16764,0.0309,0.0000,-940.63,-940.63,DOWN
16830,-0.0045,0.0000,-940.63,-940.63,DOWN
16896,0.0204,0.0000,-940.63,-940.63,DOWN
16962,-0.0446,0.0000,-940.63,-940.63,DOWN
17028,-0.0365,0.0000,-940.63,-940.63,DOWN
17094,0.0857,0.0000,-940.63,-940.63,DOWN
17160,-0.0468,0.0000,-940.63,-940.63,DOWN
17225,-0.0373,0.0000,-940.63,-940.63,DOWN
17292,-0.0121,0.0000,-940.63,-940.63,DOWN
17357,0.0803,0.0000,-940.63,-940.63,DOWN
17423,-0.0797,0.0000,-940.63,-940.63,DOWN
17490,0.0089,0.0000,-940.63,-940.63,DOWN
17556,0.0094,0.0000,-940.63,-940.63,DOWN
17622,-0.0004,0.0000,-940.63,-940.63,DOWN
17688,-0.0054,0.0000,-940.63,-940.63,DOWN
17754,-0.0162,0.0000,-940.63,-940.63,DOWN
17820,0.0256,0.0000,-940.63,-940.63,DOWN
17885,-0.0353,0.0000,-940.63,-940.63,DOWN
17952,0.0118,0.0000,-940.63,-940.63,DOWN
18018,-0.0320,0.0000,-940.63,-940.63,DOWN
18084,0.0303,0.0000,-940.63,-940.63,DOWN
18150,-0.0163,0.0000,-940.63,-940.63,DOWN
18216,0.0327,0.0000,-940.63,-940.63,DOWN
18282,-0.0099,0.0000,-940.63,-940.63,DOWN
18348,0.0004,0.0000,-940.63,-940.63,DOWN
18414,-0.0050,0.0000,-940.63,-940.63,DOWN
18480,-0.0208,0.0000,-940.63,-940.63,DOWN
18545,0.0785,0.0000,-940.63,-940.63,DOWN
18612,0.0515,0.0000,-940.63,-940.63,DOWN
18678,0.1651,0.0000,-937.23,-938.34,DOWN
18744,0.1140,0.0000,-937.23,-937.59,DOWN
18810,0.2399,0.0000,-902.98,-914.24,DOWN
18875,0.1937,0.1937,-890.20,-898.02,DOWN
18942,0.3358,0.3358,-868.03,-877.79,DOWN
19008,0.3147,0.3147,-847.26,-857.20,DOWN
19074,0.3640,0.3640,-823.24,-834.29,DOWN
19140,0.4134,0.4134,-795.96,-808.43,DOWN
19206,0.4787,0.4787,-764.36,-778.70,DOWN
19272,0.5638,0.5638,-727.16,-743.93,DOWN
19338,0.5426,0.5426,-691.35,-708.45,DOWN
19404,0.5925,0.5925,-652.24,-670.53,DOWN
19470,0.6609,0.6609,-608.62,-628.77,DOWN
19536,0.6906,0.6906,-563.05,-584.43,DOWN
19602,0.6942,0.6942,-517.23,-539.10,DOWN
19668,0.7618,0.7618,-466.95,-490.42,DOWN
19734,0.7917,0.7917,-414.70,-439.34,DOWN
19800,0.7558,0.7558,-364.82,-389.06,DOWN
19866,0.6469,0.6469,-322.12,-343.90,DOWN
19932,0.6150,0.6150,-281.53,-301.82,DOWN
19998,0.5761,0.5761,-243.51,-262.48,DOWN
20064,0.5175,0.5175,-209.35,-226.64,DOWN
20130,0.4618,0.4618,-178.87,-194.42,DOWN
20195,0.4035,0.4035,-152.25,-165.97,DOWN
20262,0.3475,0.3475,-129.31,-141.24,DOWN
20328,0.2770,0.2770,-111.03,-120.86,DOWN
20394,0.2734,0.2734,-92.99,-102.06,DOWN
20460,0.1845,0.1845,-80.82,-87.73,DOWN
20525,0.1488,0.1488,-70.99,-76.44,DOWN
20592,0.1257,0.1257,-62.70,-67.17,DOWN
20657,0.0247,0.0000,-62.70,-64.15,DOWN
20724,-0.0484,0.0000,-62.70,-63.17,DOWN
20790,-0.0773,0.0000,-62.70,-62.85,DOWN
20856,-0.0474,0.0000,-62.70,-62.75,DOWN
20922,-0.0706,0.0000,-62.70,-62.71,DOWN
20988,-0.0905,0.0000,-62.70,-62.70,DOWN
21054,-0.0904,0.0000,-79.30,-73.90,DOWN
21120,-0.0764,-0.0764,-84.34,-80.94,DOWN
21186,-0.0657,-0.0657,-88.68,-86.16,DOWN
21252,-0.0799,-0.0799,-93.96,-91.42,DOWN
21318,-0.0717,-0.0717,0.00,0.00,STATIONARY
21383,-0.0599,0.0000,0.00,0.00,STATIONARY
21450,-0.0669,0.0000,-3.95,-2.67,STATIONARY
21516,-0.0843,0.0000,-3.95,-3.53,STATIONARY
21582,-0.0676,0.0000,-18.40,-13.56,STATIONARY
21647,-0.0517,0.0000,-18.40,-16.82,STATIONARY
21714,-0.0878,0.0000,-21.81,-20.19,STATIONARY
21780,-0.0623,0.0000,-21.81,-21.28,STATIONARY
21846,-0.0312,0.0000,-21.81,-21.64,STATIONARY
21912,-0.0571,0.0000,0.00,0.00,STATIONARY
21978,-0.0647,0.0000,-5.83,-3.93,STATIONARY
22044,-0.0382,0.0000,-5.83,-5.21,STATIONARY
22110,-0.0403,0.0000,-5.83,-5.63,STATIONARY
22175,-0.0694,0.0000,-5.83,-5.76,STATIONARY
22242,-0.0396,0.0000,-5.83,-5.80,STATIONARY
22308,-0.0532,0.0000,-5.83,-5.82,STATIONARY
22374,-0.0571,0.0000,-5.83,-5.82,STATIONARY
22440,-0.0500,0.0000,-5.83,-5.83,STATIONARY
22506,-0.0456,0.0000,0.00,0.00,STATIONARY
22572,-0.0435,0.0000,0.00,0.00,STATIONARY
22638,-0.0458,0.0000,0.00,0.00,STATIONARY
22703,-0.0340,0.0000,0.00,0.00,STATIONARY
22770,-0.0233,0.0000,0.00,0.00,STATIONARY
22835,-0.0030,0.0000,0.00,0.00,STATIONARY
22902,0.0129,0.0000,0.00,0.00,STATIONARY
22968,0.0272,0.0000,0.00,0.00,STATIONARY
23034,0.0657,0.0000,0.00,0.00,STATIONARY
23100,0.0384,0.0000,0.00,0.00,STATIONARY
23166,0.0693,0.0000,0.00,0.00,STATIONARY
23232,0.0844,0.0000,0.00,0.00,STATIONARY
23298,0.0811,0.0000,15.50,10.46,STATIONARY
23364,0.0528,0.0000,15.50,13.86,STATIONARY
23430,0.0291,0.0000,15.50,14.97,STATIONARY
23496,0.0327,0.0000,15.50,15.33,STATIONARY
23562,0.0134,0.0000,15.50,15.45,STATIONARY
23628,-0.0293,0.0000,15.50,15.48,STATIONARY
23694,-0.0968,0.0000,0.00,0.00,STATIONARY
23759,0.0164,0.0000,0.00,0.00,STATIONARY
23825,-0.0791,0.0000,0.00,0.00,STATIONARY
23892,-0.0293,0.0000,0.00,0.00,STATIONARY
23958,-0.0506,0.0000,0.00,0.00,STATIONARY
24023,-0.0324,0.0000,0.00,0.00,STATIONARY
24090,-0.0460,0.0000,0.00,0.00,STATIONARY
24156,-0.0325,0.0000,0.00,0.00,STATIONARY
24222,-0.0415,0.0000,0.00,0.00,STATIONARY
24288,-0.0414,0.0000,0.00,0.00,STATIONARY
24354,-0.0406,0.0000,0.00,0.00,STATIONARY
24420,-0.0457,0.0000,0.00,0.00,STATIONARY
24485,-0.0314,0.0000,0.00,0.00,STATIONARY
24552,-0.0191,0.0000,0.00,0.00,STATIONARY
24618,-0.0411,0.0000,0.00,0.00,STATIONARY
24684,-0.0575,0.0000,0.00,0.00,STATIONARY
24750,-0.0365,0.0000,0.00,0.00,STATIONARY
24816,-0.0365,0.0000,0.00,0.00,STATIONARY
24882,-0.0366,0.0000,0.00,0.00,STATIONARY
24948,-0.0378,0.0000,0.00,0.00,STATIONARY
25014,-0.0423,0.0000,0.00,0.00,STATIONARY
25080,-0.0411,0.0000,0.00,0.00,STATIONARY
25146,-0.0305,0.0000,0.00,0.00,STATIONARY
25212,-0.0456,0.0000,0.00,0.00,STATIONARY
25278,-0.0613,0.0000,0.00,0.00,STATIONARY
25343,-0.0477,0.0000,0.00,0.00,STATIONARY
25410,-0.0413,0.0000,0.00,0.00,STATIONARY
25476,-0.0492,0.0000,0.00,0.00,STATIONARY
25542,-0.0311,0.0000,0.00,0.00,STATIONARY
25608,-0.0310,0.0000,0.00,0.00,STATIONARY
25673,-0.0174,0.0000,0.00,0.00,STATIONARY
25740,-0.0460,0.0000,0.00,0.00,STATIONARY
25805,0.0008,0.0000,0.00,0.00,STATIONARY
25872,-0.0278,0.0000,0.00,0.00,STATIONARY
25937,0.0018,0.0000,0.00,0.00,STATIONARY
26003,-0.0137,0.0000,0.00,0.00,STATIONARY
26070,-0.0702,0.0000,0.00,0.00,STATIONARY
26136,-0.0106,0.0000,0.00,0.00,STATIONARY
26202,-0.0237,0.0000,0.00,0.00,STATIONARY
26268,-0.0486,0.0000,0.00,0.00,STATIONARY
26334,-0.0555,0.0000,0.00,0.00,STATIONARY
26400,-0.0601,0.0000,-9.13,-6.16,STATIONARY
26465,-0.0347,0.0000,-9.13,-8.17,STATIONARY
26532,-0.0641,0.0000,-9.13,-8.82,STATIONARY
26598,0.0190,0.0000,-9.13,-9.03,STATIONARY
26663,-0.0059,0.0000,0.00,0.00,STATIONARY
26730,-0.0133,0.0000,0.00,0.00,STATIONARY
26796,-0.0774,0.0000,0.00,0.00,STATIONARY
26862,-0.0701,0.0000,0.00,0.00,STATIONARY
26928,-0.0751,0.0000,-14.70,-9.91,STATIONARY
26994,0.0203,0.0000,-14.70,-13.14,STATIONARY
27060,-0.0313,0.0000,-14.70,-14.19,STATIONARY
27125,0.0331,0.0000,-14.70,-14.53,STATIONARY
27192,-0.0322,0.0000,-14.70,-14.64,STATIONARY
27258,-0.0350,0.0000,0.00,0.00,STATIONARY
27324,-0.0387,0.0000,0.00,0.00,STATIONARY
27390,-0.0115,0.0000,0.00,0.00,STATIONARY
27456,-0.0772,0.0000,0.00,0.00,STATIONARY
27522,-0.0410,0.0000,0.00,0.00,STATIONARY
27587,-0.0294,0.0000,0.00,0.00,STATIONARY
27654,-0.0384,0.0000,0.00,0.00,STATIONARY
27720,-0.0027,0.0000,0.00,0.00,STATIONARY
27786,-0.0131,0.0000,0.00,0.00,STATIONARY
27852,-0.0238,0.0000,0.00,0.00,STATIONARY
27918,-0.0119,0.0000,0.00,0.00,STATIONARY
27984,-0.0402,0.0000,0.00,0.00,STATIONARY
28050,-0.0122,0.0000,0.00,0.00,STATIONARY
28116,-0.0153,0.0000,0.00,0.00,STATIONARY
28182,-0.0151,0.0000,0.00,0.00,STATIONARY
28248,-0.0485,0.0000,0.00,0.00,STATIONARY
28314,-0.0108,0.0000,0.00,0.00,STATIONARY
28380,-0.0144,0.0000,0.00,0.00,STATIONARY
28445,-0.0020,0.0000,0.00,0.00,STATIONARY
28512,-0.0235,0.0000,0.00,0.00,STATIONARY
28578,-0.0201,0.0000,0.00,0.00,STATIONARY
28644,-0.0035,0.0000,0.00,0.00,STATIONARY
28710,-0.0159,0.0000,0.00,0.00,STATIONARY
28775,-0.0070,0.0000,0.00,0.00,STATIONARY
28842,-0.0313,0.0000,0.00,0.00,STATIONARY
28908,-0.0390,0.0000,0.00,0.00,STATIONARY
28974,-0.0131,0.0000,0.00,0.00,STATIONARY
29040,-0.0218,0.0000,0.00,0.00,STATIONARY
29105,-0.0399,0.0000,0.00,0.00,STATIONARY
29172,-0.0193,0.0000,0.00,0.00,STATIONARY
29238,-0.0209,0.0000,0.00,0.00,STATIONARY
29304,-0.0192,0.0000,0.00,0.00,STATIONARY
29370,-0.0242,0.0000,0.00,0.00,STATIONARY
29436,-0.0376,0.0000,0.00,0.00,STATIONARY
29502,-0.0275,0.0000,0.00,0.00,STATIONARY
29568,-0.0168,0.0000,0.00,0.00,STATIONARY
29634,-0.0234,0.0000,0.00,0.00,STATIONARY
29700,-0.0281,0.0000,0.00,0.00,STATIONARY
29765,-0.0267,0.0000,0.00,0.00,STATIONARY
29832,-0.0134,0.0000,0.00,0.00,STATIONARY
29898,-0.0273,0.0000,0.00,0.00,STATIONARY
29964,-0.0329,0.0000,0.00,0.00,STATIONARY
30030,-0.0194,0.0000,0.00,0.00,STATIONARY
30096,-0.0134,0.0000,0.00,0.00,STATIONARY
30162,-0.0315,0.0000,0.00,0.00,STATIONARY
30228,-0.0386,0.0000,0.00,0.00,STATIONARY
30294,-0.0129,0.0000,0.00,0.00,STATIONARY
30360,-0.0287,0.0000,0.00,0.00,STATIONARY
30426,-0.0199,0.0000,0.00,0.00,STATIONARY
30492,-0.0112,0.0000,0.00,0.00,STATIONARY
30558,-0.0332,0.0000,0.00,0.00,STATIONARY
30624,-0.0249,0.0000,0.00,0.00,STATIONARY
30689,-0.0303,0.0000,0.00,0.00,STATIONARY
30756,-0.0334,0.0000,0.00,0.00,STATIONARY
30822,-0.0141,0.0000,0.00,0.00,STATIONARY
30888,-0.0264,0.0000,0.00,0.00,STATIONARY
30954,-0.0311,0.0000,0.00,0.00,STATIONARY
31020,-0.0181,0.0000,0.00,0.00,STATIONARY
31086,-0.0199,0.0000,0.00,0.00,STATIONARY
31152,-0.0197,0.0000,0.00,0.00,STATIONARY
31218,-0.0302,0.0000,0.00,0.00,STATIONARY
31284,-0.0285,0.0000,0.00,0.00,STATIONARY
31350,-0.0276,0.0000,0.00,0.00,STATIONARY
31415,-0.0407,0.0000,0.00,0.00,STATIONARY
31482,-0.0129,0.0000,0.00,0.00,STATIONARY
31548,-0.0239,0.0000,0.00,0.00,STATIONARY
31614,-0.0029,0.0000,0.00,0.00,STATIONARY
31680,-0.0311,0.0000,0.00,0.00,STATIONARY
31745,-0.0279,0.0000,0.00,0.00,STATIONARY
31812,0.0305,0.0000,0.00,0.00,STATIONARY
31877,-0.0758,0.0000,0.00,0.00,STATIONARY
31944,-0.0638,0.0000,0.00,0.00,STATIONARY
32010,0.0112,0.0000,0.00,0.00,STATIONARY
32076,0.0022,0.0000,0.00,0.00,STATIONARY
32142,-0.0095,0.0000,0.00,0.00,STATIONARY
32208,-0.0061,0.0000,0.00,0.00,STATIONARY
32274,-0.0018,0.0000,0.00,0.00,STATIONARY
32340,-0.0047,0.0000,0.00,0.00,STATIONARY
32405,-0.0123,0.0000,0.00,0.00,STATIONARY
32472,-0.0124,0.0000,0.00,0.00,STATIONARY
32538,-0.0197,0.0000,0.00,0.00,STATIONARY
32603,-0.0199,0.0000,0.00,0.00,STATIONARY
32669,-0.0253,0.0000,0.00,0.00,STATIONARY
32736,-0.0514,0.0000,0.00,0.00,STATIONARY
32802,-0.0406,0.0000,0.00,0.00,STATIONARY
32868,-0.0440,0.0000,0.00,0.00,STATIONARY
32934,-0.0500,0.0000,0.00,0.00,STATIONARY
33000,-0.0200,0.0000,0.00,0.00,STATIONARY
33066,-0.0416,0.0000,0.00,0.00,STATIONARY
33132,-0.0447,0.0000,0.00,0.00,STATIONARY
33197,-0.0221,0.0000,0.00,0.00,STATIONARY
33264,-0.0579,0.0000,0.00,0.00,STATIONARY
33329,-0.0345,0.0000,0.00,0.00,STATIONARY
33396,0.0507,0.0000,0.00,0.00,STATIONARY
33462,-0.1272,0.0000,0.00,0.00,STATIONARY
33528,0.0600,0.0000,0.00,0.00,STATIONARY
33594,0.0223,0.0000,0.00,0.00,STATIONARY
33660,-0.0580,0.0000,0.00,0.00,STATIONARY
33726,0.0187,0.0000,0.00,0.00,STATIONARY
33792,0.0624,0.0000,0.00,0.00,STATIONARY
33858,0.0031,0.0000,0.00,0.00,STATIONARY
33923,0.0099,0.0000,0.00,0.00,STATIONARY
33990,-0.0235,0.0000,0.00,0.00,STATIONARY
34056,0.0267,0.0000,0.00,0.00,STATIONARY
34122,-0.0090,0.0000,0.00,0.00,STATIONARY
34188,-0.0478,0.0000,0.00,0.00,STATIONARY
34254,-0.0045,0.0000,0.00,0.00,STATIONARY
34320,-0.0240,0.0000,0.00,0.00,STATIONARY
34386,-0.0153,0.0000,0.00,0.00,STATIONARY
34452,-0.0266,0.0000,0.00,0.00,STATIONARY
34518,-0.0346,0.0000,0.00,0.00,STATIONARY
34584,-0.0264,0.0000,0.00,0.00,STATIONARY
34650,-0.0200,0.0000,0.00,0.00,STATIONARY
34716,-0.0159,0.0000,0.00,0.00,STATIONARY
34782,-0.0135,0.0000,0.00,0.00,STATIONARY
34848,-0.0197,0.0000,0.00,0.00,STATIONARY
34914,-0.0226,0.0000,0.00,0.00,STATIONARY
34979,-0.0081,0.0000,0.00,0.00,STATIONARY
35045,-0.0210,0.0000,0.00,0.00,STATIONARY
35112,-0.0131,0.0000,0.00,0.00,STATIONARY
35178,-0.0247,0.0000,0.00,0.00,STATIONARY
35243,-0.0367,0.0000,0.00,0.00,STATIONARY
35310,-0.0157,0.0000,0.00,0.00,STATIONARY
35376,-0.0218,0.0000,0.00,0.00,STATIONARY
35442,-0.0147,0.0000,0.00,0.00,STATIONARY
35507,0.1158,0.0000,0.00,0.00,STATIONARY
35574,0.2583,0.0000,0.00,0.00,STATIONARY
35640,0.0036,0.0000,0.00,0.00,STATIONARY
35705,-0.0344,0.0000,0.00,0.00,STATIONARY
35772,0.1131,0.0000,0.00,0.00,STATIONARY
35837,0.1492,0.0000,0.00,0.00,STATIONARY
35904,0.0413,0.0000,0.00,0.00,STATIONARY
35969,0.0569,0.0000,0.00,0.00,STATIONARY
36036,0.1479,0.0000,6.48,4.37,STATIONARY
36102,0.1541,0.0000,6.48,5.79,STATIONARY
36168,0.0898,0.0000,0.00,0.00,STATIONARY
36234,0.2422,0.0000,0.00,0.00,STATIONARY
36300,0.3558,0.0000,0.00,0.00,STATIONARY
36366,0.2852,0.0000,58.29,39.33,STATIONARY
36432,0.3273,0.3273,79.89,66.69,STATIONARY
36498,0.3681,0.3681,104.19,91.99,STATIONARY
36563,0.3994,0.3994,130.54,118.00,STATIONARY
36630,0.3901,0.3901,156.29,143.84,STATIONARY
36696,0.4305,0.4305,184.71,171.41,UP
36762,0.4339,0.4339,213.34,199.70,UP
36828,0.4477,0.4477,242.89,228.84,UP
36894,0.4707,0.4707,273.96,259.28,UP
36960,0.4735,0.4735,305.21,290.27,UP
37025,0.4865,0.4865,337.32,322.01,UP
37092,0.5047,0.5047,370.63,354.81,UP
37157,0.5370,0.5370,406.07,389.39,UP
37223,0.5293,0.5293,441.00,424.21,UP
37290,0.5718,0.5718,478.75,461.00,UP
37356,0.5814,0.5814,517.12,498.86,UP
37422,0.5896,0.5896,556.03,537.43,UP
37488,0.6757,0.6757,600.63,580.07,UP
37554,0.6446,0.6446,643.17,622.64,UP
37619,0.6505,0.6505,686.11,665.46,UP
37686,0.6448,0.6448,728.67,708.10,UP
37752,0.6191,0.6191,769.53,749.54,UP
37818,0.5436,0.5436,805.40,787.23,UP
37883,0.3678,0.3678,829.68,815.87,UP
37950,0.3168,0.3168,850.59,839.29,UP
38016,0.2834,0.2834,869.29,859.53,UP
38082,0.1138,0.1138,876.80,871.18,UP
38148,-0.0044,0.0000,876.80,874.97,UP
38214,0.0724,0.0000,876.80,876.21,UP
38280,-0.0986,0.0000,876.80,876.61,UP
38346,-0.0979,0.0000,868.61,871.21,UP
38412,-0.0272,0.0000,868.61,869.46,UP
38478,-0.1323,0.0000,868.61,868.88,UP
38544,-0.0236,0.0000,868.61,868.70,UP
38610,-0.1072,0.0000,868.61,868.64,UP
38675,-0.1030,0.0000,868.61,868.62,UP
38742,0.0258,0.0000,868.61,868.61,UP
38807,-0.1504,0.0000,868.61,868.61,UP
38874,-0.0080,0.0000,868.61,868.61,UP
38940,-0.0980,0.0000,868.61,868.61,UP
39006,0.0215,0.0000,868.61,868.61,UP
39072,-0.0374,0.0000,868.61,868.61,UP
39138,-0.0600,0.0000,868.61,868.61,UP
39204,0.0488,0.0000,868.61,868.61,UP
39270,-0.0778,0.0000,866.82,867.40,UP
39336,0.0209,0.0000,866.82,867.01,UP
39402,-0.0522,0.0000,866.82,866.88,UP
39468,0.0253,0.0000,866.82,866.84,UP
39534,-0.0668,0.0000,866.43,866.56,UP
39600,0.0153,0.0000,866.43,866.47,UP
39665,0.0192,0.0000,866.43,866.44,UP
39732,-0.0477,0.0000,866.43,866.43,UP
39797,-0.0023,0.0000,866.43,866.43,UP
39864,-0.0844,0.0000,866.43,866.43,UP
39930,0.0214,0.0000,866.43,866.43,UP
39995,-0.0485,0.0000,866.43,866.43,UP
40062,0.0404,0.0000,866.43,866.43,UP
40128,-0.0892,0.0000,866.43,866.43,UP
40194,-0.0266,0.0000,866.43,866.43,UP
40260,0.0511,0.0000,866.43,866.43,UP
40325,-0.0601,0.0000,868.05,867.52,UP
40392,-0.0042,0.0000,868.05,867.88,UP
40458,-0.0608,0.0000,868.05,867.99,UP
40524,0.0345,0.0000,868.05,868.03,UP
40590,-0.0814,0.0000,868.05,868.04,UP
40656,0.0082,0.0000,868.05,868.05,UP
40722,-0.0307,0.0000,868.05,868.05,UP
40788,-0.0165,0.0000,868.05,868.05,UP
40854,-0.0519,0.0000,868.05,868.05,UP
40920,-0.0264,0.0000,868.05,868.05,UP
40985,0.0248,0.0000,868.05,868.05,UP
41052,-0.0739,0.0000,861.94,863.92,UP
41118,0.0249,0.0000,861.94,862.58,UP
41184,-0.0643,0.0000,861.94,862.15,UP
41250,0.0324,0.0000,861.94,862.00,UP
41316,-0.0798,0.0000,861.94,861.96,UP
41382,0.0099,0.0000,861.94,861.94,UP
41448,-0.0204,0.0000,861.94,861.94,UP
41514,-0.0034,0.0000,861.94,861.94,UP
41580,0.0047,0.0000,861.94,861.94,UP
41646,-0.0487,0.0000,861.94,861.94,UP
41712,0.0181,0.0000,861.94,861.94,UP
41778,-0.0858,0.0000,861.94,861.94,UP
41844,0.0560,0.0000,861.94,861.94,UP
41910,-0.0894,0.0000,865.63,864.43,UP
41976,0.0068,0.0000,865.63,865.24,UP
42042,-0.0347,0.0000,865.63,865.50,UP
42108,0.0034,0.0000,865.63,865.59,UP
42173,-0.0401,0.0000,865.63,865.61,UP
42240,-0.0231,0.0000,865.63,865.62,UP
42306,0.0194,0.0000,865.63,865.63,UP
42372,-0.0627,0.0000,865.63,865.63,UP
42438,0.0244,0.0000,865.63,865.63,UP
42504,-0.0372,0.0000,865.63,865.63,UP
42570,0.0066,0.0000,865.63,865.63,UP
42635,-0.0689,0.0000,865.63,865.63,UP
42702,0.0300,0.0000,865.63,865.63,UP
42768,-0.0174,0.0000,865.63,865.63,UP
42834,-0.0165,0.0000,865.63,865.63,UP
42900,0.0200,0.0000,865.63,865.63,UP
42965,-0.0589,0.0000,865.63,865.63,UP
43032,0.0139,0.0000,865.63,865.63,UP
43098,-0.0252,0.0000,865.63,865.63,UP
43164,-0.0029,0.0000,865.63,865.63,UP
43230,-0.0401,0.0000,865.63,865.63,UP
43296,-0.0129,0.0000,865.63,865.63,UP
43362,-0.0106,0.0000,865.63,865.63,UP
43428,-0.0345,0.0000,865.63,865.63,UP
43494,-0.0627,0.0000,865.63,865.63,UP
43560,-0.0058,0.0000,865.63,865.63,UP
43625,-0.0209,0.0000,865.63,865.63,UP
43692,-0.0247,0.0000,865.63,865.63,UP
43758,0.0079,0.0000,865.63,865.63,UP
43823,-0.0230,0.0000,865.63,865.63,UP
43889,-0.0011,0.0000,865.63,865.63,UP
43956,-0.0125,0.0000,865.63,865.63,UP
44022,-0.0193,0.0000,865.63,865.63,UP
44088,-0.0237,0.0000,865.63,865.63,UP
44154,0.0124,0.0000,865.63,865.63,UP
44220,-0.0051,0.0000,865.63,865.63,UP
44286,-0.0269,0.0000,865.63,865.63,UP
44352,-0.0078,0.0000,865.63,865.63,UP
44418,-0.0484,0.0000,865.63,865.63,UP
44484,-0.0209,0.0000,865.63,865.63,UP
44550,-0.0312,0.0000,865.63,865.63,UP
44616,0.0065,0.0000,865.63,865.63,UP
44682,-0.0380,0.0000,865.63,865.63,UP
44748,-0.0210,0.0000,865.63,865.63,UP
44814,0.0234,0.0000,865.63,865.63,UP
44880,-0.0358,0.0000,865.63,865.63,UP
44946,0.0013,0.0000,865.63,865.63,UP
45012,-0.0487,0.0000,865.63,865.63,UP
45078,0.0199,0.0000,865.63,865.63,UP
45144,-0.0461,0.0000,865.63,865.63,UP
45210,-0.0062,0.0000,865.63,865.63,UP
45276,-0.0009,0.0000,865.63,865.63,UP
45342,-0.0394,0.0000,865.63,865.63,UP
45408,0.0054,0.0000,865.63,865.63,UP
45474,-0.0367,0.0000,865.63,865.63,UP
45540,0.0327,0.0000,865.63,865.63,UP
45606,-0.0545,0.0000,865.63,865.63,UP
45672,0.0727,0.0000,865.63,865.63,UP
45737,0.0109,0.0000,865.63,865.63,UP
45804,0.0780,0.0000,865.63,865.63,UP
45870,0.0546,0.0000,865.63,865.63,UP
45936,0.0639,0.0000,869.23,868.06,UP
46002,0.0663,0.0000,869.23,868.85,UP
46068,0.0355,0.0000,869.23,869.11,UP
46134,0.1152,0.0000,869.23,869.19,UP
46200,0.0295,0.0000,869.23,869.22,UP
46266,0.1457,0.0000,869.23,869.23,UP
46332,0.0050,0.0000,869.23,869.23,UP
46398,0.1293,0.0000,869.23,869.23,UP
46463,0.0330,0.0000,869.23,869.23,UP
46530,0.0899,0.0000,869.23,869.23,UP
46596,0.0903,0.0000,869.23,869.23,UP
46662,0.0390,0.0000,869.23,869.23,UP
46728,0.1160,0.0000,869.23,869.23,UP
46794,0.0524,0.0000,869.23,869.23,UP
46860,0.1200,0.0000,872.69,871.57,UP
46925,0.0043,0.0000,872.69,872.33,UP
46992,0.1082,0.0000,872.69,872.58,UP
47058,0.0403,0.0000,872.69,872.66,UP
47124,0.1034,0.0000,872.69,872.68,UP
47190,0.0462,0.0000,872.69,872.69,UP
47256,0.0670,0.0000,872.69,872.69,UP
47322,0.0840,0.0000,872.69,872.69,UP
47388,0.0313,0.0000,872.69,872.69,UP
47454,0.1153,0.0000,872.69,872.69,UP
47520,0.0051,0.0000,872.69,872.69,UP
47586,0.1302,0.0000,872.69,872.69,UP
47652,-0.0075,0.0000,872.69,872.69,UP
47718,0.0854,0.0000,872.69,872.69,UP
47783,0.0510,0.0000,872.69,872.69,UP
47850,0.0291,0.0000,872.69,872.69,UP
47916,0.0203,0.0000,872.69,872.69,UP
47982,0.0526,0.0000,872.69,872.69,UP
48048,0.0991,0.0000,882.80,879.51,UP
48114,-0.0094,0.0000,882.80,881.73,UP
48180,0.1043,0.0000,882.80,882.45,UP
48245,-0.0309,0.0000,882.80,882.68,UP
48312,0.0780,0.0000,882.80,882.76,UP
48377,0.0031,0.0000,882.80,882.78,UP
48443,0.0638,0.0000,882.80,882.79,UP
48510,0.0307,0.0000,882.80,882.79,UP
48576,0.0514,0.0000,882.80,882.80,UP
48642,0.0907,0.0000,888.22,886.46,UP
48708,-0.0248,0.0000,888.22,887.65,UP
48774,0.0637,0.0000,888.22,888.03,UP
48839,-0.0384,0.0000,888.22,888.16,UP
48906,0.0617,0.0000,888.22,888.20,UP
48972,0.0151,0.0000,888.22,888.21,UP
49038,0.0093,0.0000,888.22,888.22,UP
49103,0.0129,0.0000,888.22,888.22,UP
49169,-0.0097,0.0000,888.22,888.22,UP
49236,0.0816,0.0000,888.22,888.22,UP
49302,-0.0306,0.0000,888.22,888.22,UP
49368,0.0751,0.0000,888.22,888.22,UP
49434,-0.0235,0.0000,888.22,888.22,UP
49500,0.0533,0.0000,888.22,888.22,UP
49565,-0.0328,0.0000,888.22,888.22,UP
49632,0.0723,0.0000,888.02,888.08,UP
49698,0.0081,0.0000,888.02,888.04,UP
49764,0.0164,0.0000,888.02,888.03,UP
49830,0.0265,0.0000,888.02,888.02,UP
49896,-0.0043,0.0000,888.02,888.02,UP
49962,0.0433,0.0000,888.02,888.02,UP
50027,-0.0705,0.0000,888.02,888.02,UP
50094,0.0475,0.0000,888.02,888.02,UP
50160,-0.0567,0.0000,888.02,888.02,UP
50226,0.0376,0.0000,888.02,888.02,UP
50292,-0.0304,0.0000,888.02,888.02,UP
50358,-0.0265,0.0000,888.02,888.02,UP
50424,-0.1041,0.0000,886.13,886.75,UP
50490,-0.1164,0.0000,886.13,886.33,UP
50556,-0.1957,0.0000,858.66,867.67,UP
50622,-0.2228,-0.2228,843.96,851.67,UP
50688,-0.2909,-0.2909,824.76,833.52,UP
50754,-0.2916,-0.2916,805.52,814.63,UP
50820,-0.4090,-0.4090,778.52,790.27,UP
50886,-0.3734,-0.3734,753.88,765.72,UP
50952,-0.4907,-0.4907,721.49,735.88,UP
51017,-0.4846,-0.4846,689.51,704.60,UP
51083,-0.5178,-0.5178,655.33,671.36,UP
51150,-0.5698,-0.5698,617.73,635.18,UP
51215,-0.6307,-0.6307,576.10,595.32,UP
51282,-0.6697,-0.6697,531.90,552.54,UP
51348,-0.6975,-0.6975,485.87,507.56,UP
51414,-0.7242,-0.7242,438.07,460.68,UP
51480,-0.7830,-0.7830,386.40,410.57,UP
51545,-0.7558,-0.7558,336.51,360.61,UP
51612,-0.7387,-0.7387,287.76,311.46,UP
51678,-0.6750,-0.6750,243.20,265.41,UP
51744,-0.6023,-0.6023,203.45,223.61,UP
51810,-0.5642,-0.5642,166.21,184.89,UP
51876,-0.5191,-0.5191,131.95,149.18,UP
51942,-0.4786,-0.4786,100.36,116.25,UP
52008,-0.4117,-0.4117,73.19,87.20,UP
52074,-0.3401,-0.3401,50.75,62.61,UP
52140,-0.3119,-0.3119,30.16,40.72,UP
52206,-0.2378,-0.2378,14.47,23.01,UP
52272,-0.1799,-0.1799,2.59,9.24,UP
52338,-0.1389,-0.1389,-6.57,-1.43,UP
52404,-0.0845,-0.0845,-12.15,-8.66,UP
52470,-0.0355,0.0000,-12.15,-11.02,UP
52536,0.0509,0.0000,-12.15,-11.78,UP
52602,0.0570,0.0000,-12.15,-12.03,UP
52668,0.0520,0.0000,-12.15,-12.11,UP
52734,0.0532,0.0000,-12.15,-12.14,UP
52800,0.0570,0.0000,-12.15,-12.15,UP
52866,0.0312,0.0000,-12.15,-12.15,UP
52932,0.0438,0.0000,0.00,0.00,STATIONARY
52998,0.0143,0.0000,0.00,0.00,STATIONARY
53064,0.0294,0.0000,0.00,0.00,STATIONARY
53129,0.0192,0.0000,0.00,0.00,STATIONARY
53195,0.0400,0.0000,0.00,0.00,STATIONARY
53262,0.0190,0.0000,0.00,0.00,STATIONARY
53328,0.0189,0.0000,0.00,0.00,STATIONARY
53394,-0.0033,0.0000,0.00,0.00,STATIONARY
53460,0.0073,0.0000,0.00,0.00,STATIONARY
53525,0.0307,0.0000,0.00,0.00,STATIONARY
53592,0.0195,0.0000,0.00,0.00,STATIONARY
53658,-0.0068,0.0000,0.00,0.00,STATIONARY
53724,0.0129,0.0000,0.00,0.00,STATIONARY
53790,-0.0040,0.0000,0.00,0.00,STATIONARY
53856,0.0130,0.0000,0.00,0.00,STATIONARY
53922,-0.0109,0.0000,0.00,0.00,STATIONARY
53988,-0.0049,0.0000,0.00,0.00,STATIONARY
54054,-0.0436,0.0000,0.00,0.00,STATIONARY
54119,-0.0450,0.0000,0.00,0.00,STATIONARY
54186,-0.0640,0.0000,0.00,0.00,STATIONARY
54252,-0.0838,0.0000,0.00,0.00,STATIONARY
54318,-0.0957,0.0000,-16.07,-10.84,STATIONARY
54384,-0.0866,-0.0866,-21.78,-18.22,STATIONARY
54450,-0.1337,-0.1337,-30.61,-26.58,STATIONARY
54516,-0.1123,-0.1123,-38.03,-34.30,STATIONARY
54582,-0.1015,-0.1015,-44.72,-41.33,STATIONARY
54648,-0.0776,-0.0776,-49.84,-47.07,STATIONARY
54714,-0.0763,-0.0763,0.00,0.00,STATIONARY
54780,-0.0507,0.0000,0.00,0.00,STATIONARY
54845,0.0227,0.0000,0.00,0.00,STATIONARY
54912,0.1184,0.0000,-1.85,-1.25,STATIONARY
54978,-0.0178,0.0000,-1.85,-1.65,STATIONARY
55043,-0.0345,0.0000,-1.85,-1.78,STATIONARY
55110,-0.0023,0.0000,-1.85,-1.83,STATIONARY
55175,0.0178,0.0000,-1.85,-1.84,STATIONARY
55242,-0.0178,0.0000,-1.85,-1.84,STATIONARY
55307,0.0187,0.0000,0.00,0.00,STATIONARY
55374,0.0055,0.0000,0.00,0.00,STATIONARY
55440,0.0023,0.0000,0.00,0.00,STATIONARY
55506,0.0118,0.0000,0.00,0.00,STATIONARY
55572,0.0146,0.0000,0.00,0.00,STATIONARY
55638,-0.0094,0.0000,0.00,0.00,STATIONARY
55704,0.0111,0.0000,0.00,0.00,STATIONARY
55770,0.0020,0.0000,0.00,0.00,STATIONARY
55836,0.0072,0.0000,0.00,0.00,STATIONARY
55902,0.0143,0.0000,0.00,0.00,STATIONARY
55968,0.0161,0.0000,0.00,0.00,STATIONARY
56034,-0.0018,0.0000,0.00,0.00,STATIONARY
56100,0.0055,0.0000,0.00,0.00,STATIONARY
56166,0.0210,0.0000,0.00,0.00,STATIONARY
56232,0.0076,0.0000,0.00,0.00,STATIONARY
56298,0.0009,0.0000,0.00,0.00,STATIONARY
56363,0.0194,0.0000,0.00,0.00,STATIONARY
56430,0.0162,0.0000,0.00,0.00,STATIONARY
56496,0.0129,0.0000,0.00,0.00,STATIONARY
56562,0.0150,0.0000,0.00,0.00,STATIONARY
56628,-0.0186,0.0000,0.00,0.00,STATIONARY
56694,0.0222,0.0000,0.00,0.00,STATIONARY
56760,0.0107,0.0000,0.00,0.00,STATIONARY
56826,-0.0061,0.0000,0.00,0.00,STATIONARY
56892,-0.0085,0.0000,0.00,0.00,STATIONARY
56957,0.0410,0.0000,0.00,0.00,STATIONARY
57024,0.0604,0.0000,0.00,0.00,STATIONARY
57090,0.0153,0.0000,0.00,0.00,STATIONARY
57156,-0.0461,0.0000,0.00,0.00,STATIONARY
57222,-0.0232,0.0000,0.00,0.00,STATIONARY
57288,0.0203,0.0000,0.00,0.00,STATIONARY
57354,0.0045,0.0000,0.00,0.00,STATIONARY
57420,-0.0286,0.0000,0.00,0.00,STATIONARY
57485,-0.0153,0.0000,0.00,0.00,STATIONARY
57552,0.0323,0.0000,0.00,0.00,STATIONARY
57618,0.0194,0.0000,0.00,0.00,STATIONARY
57684,0.0307,0.0000,0.00,0.00,STATIONARY
57750,-0.0029,0.0000,0.00,0.00,STATIONARY
57816,-0.0047,0.0000,0.00,0.00,STATIONARY
57882,0.0268,0.0000,0.00,0.00,STATIONARY
57948,-0.0383,0.0000,0.00,0.00,STATIONARY
58014,0.0142,0.0000,0.00,0.00,STATIONARY
58080,0.0197,0.0000,0.00,0.00,STATIONARY
58145,-0.0046,0.0000,0.00,0.00,STATIONARY
58212,-0.0170,0.0000,0.00,0.00,STATIONARY
58278,-0.0109,0.0000,0.00,0.00,STATIONARY
58344,-0.0275,0.0000,0.00,0.00,STATIONARY
58410,-0.0224,0.0000,0.00,0.00,STATIONARY
58476,0.0193,0.0000,0.00,0.00,STATIONARY
58542,-0.0328,0.0000,0.00,0.00,STATIONARY
58608,-0.0131,0.0000,0.00,0.00,STATIONARY
58673,0.0161,0.0000,0.00,0.00,STATIONARY
58740,-0.0033,0.0000,0.00,0.00,STATIONARY
58806,0.0001,0.0000,0.00,0.00,STATIONARY
58872,-0.0085,0.0000,0.00,0.00,STATIONARY
58938,0.0279,0.0000,0.00,0.00,STATIONARY
59004,-0.0118,0.0000,0.00,0.00,STATIONARY
59070,-0.0275,0.0000,0.00,0.00,STATIONARY
59136,0.0318,0.0000,0.00,0.00,STATIONARY
59202,-0.0087,0.0000,0.00,0.00,STATIONARY
59268,-0.0109,0.0000,0.00,0.00,STATIONARY
59334,0.0076,0.0000,0.00,0.00,STATIONARY
59399,0.0247,0.0000,0.00,0.00,STATIONARY
59465,-0.0020,0.0000,0.00,0.00,STATIONARY
59532,-0.0040,0.0000,0.00,0.00,STATIONARY
59597,0.0072,0.0000,0.00,0.00,STATIONARY
59663,0.0109,0.0000,0.00,0.00,STATIONARY
59730,0.0099,0.0000,0.00,0.00,STATIONARY
59796,0.0072,0.0000,0.00,0.00,STATIONARY
59862,-0.0119,0.0000,0.00,0.00,STATIONARY
59928,-0.0189,0.0000,0.00,0.00,STATIONARY
59994,-0.0026,0.0000,0.00,0.00,STATIONARY
60060,-0.0284,0.0000,0.00,0.00,STATIONARY
60125,-0.0265,0.0000,0.00,0.00,STATIONARY
60192,-0.0509,0.0000,0.00,0.00,STATIONARY
60258,-0.0347,0.0000,0.00,0.00,STATIONARY
60323,-0.0276,0.0000,0.00,0.00,STATIONARY
60390,-0.0382,0.0000,0.00,0.00,STATIONARY
60456,-0.0468,0.0000,0.00,0.00,STATIONARY
60522,-0.0425,0.0000,0.00,0.00,STATIONARY
60588,-0.0369,0.0000,0.00,0.00,STATIONARY
60654,-0.0405,0.0000,0.00,0.00,STATIONARY
60720,-0.0577,0.0000,0.00,0.00,STATIONARY
60785,-0.0394,0.0000,0.00,0.00,STATIONARY
60852,-0.0496,0.0000,0.00,0.00,STATIONARY
60918,-0.0552,0.0000,0.00,0.00,STATIONARY
60984,-0.0479,0.0000,0.00,0.00,STATIONARY
61050,-0.0461,0.0000,0.00,0.00,STATIONARY
61116,-0.0223,0.0000,0.00,0.00,STATIONARY
61182,-0.0668,0.0000,0.00,0.00,STATIONARY
61247,-0.0909,0.0000,0.00,0.00,STATIONARY
61314,-0.0475,0.0000,0.00,0.00,STATIONARY
61380,-0.0260,0.0000,0.00,0.00,STATIONARY
61446,-0.0008,0.0000,0.00,0.00,STATIONARY
61512,-0.0419,0.0000,0.00,0.00,STATIONARY
61578,-0.0167,0.0000,0.00,0.00,STATIONARY
61644,-0.0421,0.0000,0.00,0.00,STATIONARY
61710,-0.0150,0.0000,0.00,0.00,STATIONARY
61776,-0.0139,0.0000,0.00,0.00,STATIONARY
61842,-0.0128,0.0000,0.00,0.00,STATIONARY
61908,-0.0085,0.0000,0.00,0.00,STATIONARY
61974,-0.0372,0.0000,0.00,0.00,STATIONARY
62040,-0.0072,0.0000,0.00,0.00,STATIONARY
62105,-0.0413,0.0000,0.00,0.00,STATIONARY
62172,-0.0079,0.0000,0.00,0.00,STATIONARY
62238,-0.0091,0.0000,0.00,0.00,STATIONARY
62304,-0.0519,0.0000,0.00,0.00,STATIONARY
62370,-0.0347,0.0000,0.00,0.00,STATIONARY
62436,-0.0108,0.0000,0.00,0.00,STATIONARY
62502,-0.0337,0.0000,0.00,0.00,STATIONARY
62568,-0.0658,0.0000,0.00,0.00,STATIONARY
62634,-0.0037,0.0000,0.00,0.00,STATIONARY
62700,-0.0739,0.0000,0.00,0.00,STATIONARY
62766,-0.0520,0.0000,0.00,0.00,STATIONARY
62832,-0.0772,0.0000,-3.43,-2.32,STATIONARY
62898,-0.0460,0.0000,-3.43,-3.07,STATIONARY
62964,-0.0723,0.0000,-3.43,-3.31,STATIONARY
63030,-0.1388,0.0000,0.00,0.00,STATIONARY
63096,-0.0907,0.0000,0.00,0.00,STATIONARY
63162,-0.0749,0.0000,0.00,0.00,STATIONARY
63228,-0.0524,0.0000,0.00,0.00,STATIONARY
63294,-0.0504,0.0000,0.00,0.00,STATIONARY
63360,-0.0380,0.0000,0.00,0.00,STATIONARY
63425,-0.0555,0.0000,0.00,0.00,STATIONARY
63492,-0.0151,0.0000,0.00,0.00,STATIONARY
63558,-0.0159,0.0000,0.00,0.00,STATIONARY
63624,-0.0238,0.0000,0.00,0.00,STATIONARY
63690,-0.0318,0.0000,0.00,0.00,STATIONARY
63756,-0.0347,0.0000,0.00,0.00,STATIONARY
63822,-0.0353,0.0000,0.00,0.00,STATIONARY
63888,-0.0282,0.0000,0.00,0.00,STATIONARY
63954,-0.0308,0.0000,0.00,0.00,STATIONARY
64020,-0.0183,0.0000,0.00,0.00,STATIONARY
64086,-0.0502,0.0000,0.00,0.00,STATIONARY
64152,-0.0359,0.0000,0.00,0.00,STATIONARY
64218,-0.0260,0.0000,0.00,0.00,STATIONARY
64284,-0.0333,0.0000,0.00,0.00,STATIONARY
64349,-0.0174,0.0000,0.00,0.00,STATIONARY
64416,-0.0240,0.0000,0.00,0.00,STATIONARY
64482,-0.0066,0.0000,0.00,0.00,STATIONARY
64548,-0.0124,0.0000,0.00,0.00,STATIONARY
64614,-0.0116,0.0000,0.00,0.00,STATIONARY
64680,0.0148,0.0000,0.00,0.00,STATIONARY
64745,0.0060,0.0000,0.00,0.00,STATIONARY
64812,-0.0015,0.0000,0.00,0.00,STATIONARY
64878,-0.0111,0.0000,0.00,0.00,STATIONARY
64944,-0.0064,0.0000,0.00,0.00,STATIONARY
65010,0.0044,0.0000,0.00,0.00,STATIONARY
65075,-0.0110,0.0000,0.00,0.00,STATIONARY
65142,-0.0295,0.0000,0.00,0.00,STATIONARY
65208,-0.0189,0.0000,0.00,0.00,STATIONARY
65274,-0.0090,0.0000,0.00,0.00,STATIONARY
65340,-0.0158,0.0000,0.00,0.00,STATIONARY
65405,-0.0248,0.0000,0.00,0.00,STATIONARY
65472,-0.0294,0.0000,0.00,0.00,STATIONARY
65538,-0.0186,0.0000,0.00,0.00,STATIONARY
65603,-0.0252,0.0000,0.00,0.00,STATIONARY
65669,-0.0367,0.0000,0.00,0.00,STATIONARY
65736,-0.0223,0.0000,0.00,0.00,STATIONARY
65802,-0.0299,0.0000,0.00,0.00,STATIONARY
65868,-0.0673,0.0000,0.00,0.00,STATIONARY
65934,-0.0940,0.0000,0.00,0.00,STATIONARY
66000,-0.1098,0.0000,0.00,0.00,STATIONARY
66066,-0.1502,0.0000,0.00,0.00,STATIONARY
66132,-0.1547,0.0000,0.00,0.00,STATIONARY
66198,-0.1907,0.0000,-32.71,-22.06,STATIONARY
66263,-0.1635,-0.1635,-43.49,-36.52,STATIONARY
66330,-0.1784,-0.1784,-55.27,-49.17,STATIONARY
66396,-0.1894,-0.1894,-67.77,-61.72,STATIONARY
66462,-0.2277,-0.2277,-82.80,-75.94,STATIONARY
66527,-0.3478,-0.3478,-105.75,-96.05,DOWN
66594,-0.3566,-0.3566,-129.29,-118.47,DOWN
66660,-0.3664,-0.3664,-153.47,-142.08,DOWN
66726,-0.4003,-0.4003,-179.89,-167.59,DOWN
66792,-0.3991,-0.3991,-206.23,-193.66,DOWN
66858,-0.4447,-0.4447,-235.58,-221.94,DOWN
66924,-0.4620,-0.4620,-266.07,-251.71,DOWN
66990,-0.4563,-0.4563,-296.19,-281.72,DOWN
67056,-0.4883,-0.4883,-328.41,-313.22,DOWN
67122,-0.4853,-0.4853,-360.44,-345.08,DOWN
67188,-0.5281,-0.5281,-395.30,-378.96,DOWN
67254,-0.5351,-0.5351,-430.61,-413.81,DOWN
67320,-0.5302,-0.5302,-465.61,-448.75,DOWN
67386,-0.5737,-0.5737,-503.47,-485.67,DOWN
67452,-0.5920,-0.5920,-542.54,-524.03,DOWN
67518,-0.6096,-0.6096,-582.77,-563.66,DOWN
67584,-0.5994,-0.5994,-622.34,-603.25,DOWN
67650,-0.6430,-0.6430,-664.77,-644.75,DOWN
67715,-0.6405,-0.6405,-707.04,-686.78,DOWN
67782,-0.6590,-0.6590,-750.54,-729.79,DOWN
67848,-0.6941,-0.6941,-796.35,-774.69,DOWN
67914,-0.7036,-0.7036,-842.79,-820.63,DOWN
67980,-0.7096,-0.7096,-889.62,-867.17,DOWN
68046,-0.5542,-0.5542,-926.20,-907.00,DOWN
68112,-0.5050,-0.5050,-959.53,-942.44,DOWN
68177,-0.4347,-0.4347,-988.22,-973.33,DOWN
68244,-0.3428,-0.3428,-1010.85,-998.64,DOWN
68310,-0.2888,-0.2888,-1029.91,-1019.74,DOWN
68376,-0.1809,-0.1809,-1041.85,-1034.65,DOWN
68442,-0.0793,-0.0793,-1047.08,-1043.04,DOWN
68508,0.0027,0.0000,-1047.08,-1045.77,DOWN
68574,0.0627,0.0000,-1047.08,-1046.66,DOWN
68640,0.0462,0.0000,-1047.08,-1046.94,DOWN
68705,0.0401,0.0000,-1047.08,-1047.04,DOWN
68772,0.0525,0.0000,-1047.08,-1047.07,DOWN
68838,-0.0184,0.0000,-1047.08,-1047.08,DOWN
68903,0.0475,0.0000,-1047.08,-1047.08,DOWN
68970,0.0254,0.0000,-1047.08,-1047.08,DOWN
69036,-0.0005,0.0000,-1047.08,-1047.08,DOWN
69102,0.0415,0.0000,-1047.08,-1047.08,DOWN
69168,-0.0183,0.0000,-1047.08,-1047.08,DOWN
69234,0.0150,0.0000,-1047.08,-1047.08,DOWN
69300,-0.0184,0.0000,-1047.08,-1047.08,DOWN
69365,-0.0160,0.0000,-1047.08,-1047.08,DOWN
69432,0.0157,0.0000,-1047.08,-1047.08,DOWN
69498,-0.0301,0.0000,-1047.08,-1047.08,DOWN
69564,0.0103,0.0000,-1047.08,-1047.08,DOWN
69629,-0.0540,0.0000,-1047.08,-1047.08,DOWN
69696,0.0226,0.0000,-1047.08,-1047.08,DOWN
69762,-0.0673,0.0000,-1047.08,-1047.08,DOWN
69828,-0.0104,0.0000,-1047.08,-1047.08,DOWN
69894,-0.0355,0.0000,-1047.08,-1047.08,DOWN
69960,-0.0008,0.0000,-1047.08,-1047.08,DOWN
70026,-0.0246,0.0000,-1047.08,-1047.08,DOWN
70092,-0.0477,0.0000,-1047.08,-1047.08,DOWN
70158,0.0048,0.0000,-1047.08,-1047.08,DOWN
70224,-0.0467,0.0000,-1047.08,-1047.08,DOWN
70290,0.0103,0.0000,-1047.08,-1047.08,DOWN
70356,-0.0363,0.0000,-1047.08,-1047.08,DOWN
70422,-0.0219,0.0000,-1047.08,-1047.08,DOWN
70488,-0.0561,0.0000,-1047.08,-1047.08,DOWN
70554,0.0279,0.0000,-1047.08,-1047.08,DOWN
70620,-0.0217,0.0000,-1047.08,-1047.08,DOWN
70686,-0.0403,0.0000,-1047.08,-1047.08,DOWN
70752,-0.0172,0.0000,-1047.08,-1047.08,DOWN
70817,-0.0321,0.0000,-1047.08,-1047.08,DOWN
70884,-0.0013,0.0000,-1047.08,-1047.08,DOWN
70950,-0.0431,0.0000,-1047.08,-1047.08,DOWN
71016,-0.0088,0.0000,-1047.08,-1047.08,DOWN
71082,-0.0692,0.0000,-1047.08,-1047.08,DOWN
71148,0.0086,0.0000,-1047.08,-1047.08,DOWN
71214,-0.0456,0.0000,-1047.08,-1047.08,DOWN
71280,0.0086,0.0000,-1047.08,-1047.08,DOWN
71345,0.0004,0.0000,-1047.08,-1047.08,DOWN
71412,-0.0382,0.0000,-1047.08,-1047.08,DOWN
71478,0.0063,0.0000,-1047.08,-1047.08,DOWN
71543,-0.0581,0.0000,-1047.08,-1047.08,DOWN
71610,-0.0131,0.0000,-1047.08,-1047.08,DOWN
71676,-0.0591,0.0000,-1047.08,-1047.08,DOWN
71742,0.0155,0.0000,-1047.08,-1047.08,DOWN
71808,-0.0550,0.0000,-1047.08,-1047.08,DOWN
71874,-0.0421,0.0000,-1047.08,-1047.08,DOWN
71940,-0.0152,0.0000,-1047.08,-1047.08,DOWN
72005,-0.0029,0.0000,-1047.08,-1047.08,DOWN
72072,-0.0272,0.0000,-1047.08,-1047.08,DOWN
72138,-0.0063,0.0000,-1047.08,-1047.08,DOWN
72204,0.0021,0.0000,-1047.08,-1047.08,DOWN
72270,-0.0551,0.0000,-1047.08,-1047.08,DOWN
72336,0.0356,0.0000,-1047.08,-1047.08,DOWN
72402,-0.0336,0.0000,-1047.08,-1047.08,DOWN
72468,0.0014,0.0000,-1047.08,-1047.08,DOWN
72534,-0.0312,0.0000,-1047.08,-1047.08,DOWN
72600,-0.0122,0.0000,-1047.08,-1047.08,DOWN
72666,-0.0377,0.0000,-1047.08,-1047.08,DOWN
72732,-0.0399,0.0000,-1047.08,-1047.08,DOWN
72798,0.0284,0.0000,-1047.08,-1047.08,DOWN
72863,-0.0484,0.0000,-1047.08,-1047.08,DOWN
72930,0.0053,0.0000,-1047.08,-1047.08,DOWN
72996,-0.0521,0.0000,-1047.08,-1047.08,DOWN
73062,0.0091,0.0000,-1047.08,-1047.08,DOWN
73128,-0.0384,0.0000,-1047.08,-1047.08,DOWN
73194,-0.0019,0.0000,-1047.08,-1047.08,DOWN
73260,-0.0347,0.0000,-1047.08,-1047.08,DOWN
73326,-0.0402,0.0000,-1047.08,-1047.08,DOWN
73392,0.0112,0.0000,-1047.08,-1047.08,DOWN
73457,-0.0696,0.0000,-1047.08,-1047.08,DOWN
73524,0.0155,0.0000,-1047.08,-1047.08,DOWN
73590,-0.0809,0.0000,-1047.08,-1047.08,DOWN
73656,0.0167,0.0000,-1047.08,-1047.08,DOWN
73722,-0.0670,0.0000,-1047.08,-1047.08,DOWN
73788,-0.0096,0.0000,-1047.08,-1047.08,DOWN
73854,-0.0124,0.0000,-1047.08,-1047.08,DOWN
73920,-0.0292,0.0000,-1047.08,-1047.08,DOWN
73985,-0.0189,0.0000,-1047.08,-1047.08,DOWN
74052,-0.0461,0.0000,-1047.08,-1047.08,DOWN
74118,0.0333,0.0000,-1047.08,-1047.08,DOWN
74184,-0.0576,0.0000,-1047.08,-1047.08,DOWN
74250,-0.0058,0.0000,-1047.08,-1047.08,DOWN
74316,-0.0313,0.0000,-1047.08,-1047.08,DOWN
74382,-0.0375,0.0000,-1047.08,-1047.08,DOWN
74448,-0.0367,0.0000,-1047.08,-1047.08,DOWN
74514,-0.0095,0.0000,-1047.08,-1047.08,DOWN
74580,0.0024,0.0000,-1047.08,-1047.08,DOWN
74645,-0.0370,0.0000,-1047.08,-1047.08,DOWN
74712,0.0050,0.0000,-1047.08,-1047.08,DOWN
74778,-0.0380,0.0000,-1047.08,-1047.08,DOWN
74844,-0.0334,0.0000,-1047.08,-1047.08,DOWN
74910,-0.0224,0.0000,-1047.08,-1047.08,DOWN
74976,0.0166,0.0000,-1047.08,-1047.08,DOWN
75042,-0.0172,0.0000,-1047.08,-1047.08,DOWN
75108,0.0055,0.0000,-1047.08,-1047.08,DOWN
75173,-0.0331,0.0000,-1047.08,-1047.08,DOWN
75240,-0.0012,0.0000,-1047.08,-1047.08,DOWN
75306,-0.0352,0.0000,-1047.08,-1047.08,DOWN
75372,-0.0325,0.0000,-1047.08,-1047.08,DOWN
75438,-0.0165,0.0000,-1047.08,-1047.08,DOWN
75504,-0.0040,0.0000,-1047.08,-1047.08,DOWN
75570,-0.0312,0.0000,-1047.08,-1047.08,DOWN
75636,-0.0386,0.0000,-1047.08,-1047.08,DOWN
75702,0.0190,0.0000,-1047.08,-1047.08,DOWN
75768,-0.0303,0.0000,-1047.08,-1047.08,DOWN
75834,-0.0265,0.0000,-1047.08,-1047.08,DOWN
75900,-0.0271,0.0000,-1047.08,-1047.08,DOWN
75965,0.0011,0.0000,-1047.08,-1047.08,DOWN
76032,-0.0252,0.0000,-1047.08,-1047.08,DOWN
76098,-0.0093,0.0000,-1047.08,-1047.08,DOWN
76164,-0.0066,0.0000,-1047.08,-1047.08,DOWN
76230,-0.0343,0.0000,-1047.08,-1047.08,DOWN
76296,0.0216,0.0000,-1047.08,-1047.08,DOWN
76362,-0.0691,0.0000,-1047.08,-1047.08,DOWN
76428,0.0112,0.0000,-1047.08,-1047.08,DOWN
76494,-0.0219,0.0000,-1047.08,-1047.08,DOWN
76560,-0.0177,0.0000,-1047.08,-1047.08,DOWN
76625,-0.0172,0.0000,-1047.08,-1047.08,DOWN
76692,-0.0235,0.0000,-1047.08,-1047.08,DOWN
76758,0.0014,0.0000,-1047.08,-1047.08,DOWN
76824,-0.0159,0.0000,-1047.08,-1047.08,DOWN
76890,0.0230,0.0000,-1047.08,-1047.08,DOWN
76956,-0.0645,0.0000,-1047.08,-1047.08,DOWN
77022,0.0222,0.0000,-1047.08,-1047.08,DOWN
77088,-0.0447,0.0000,-1047.08,-1047.08,DOWN
77154,0.0143,0.0000,-1047.08,-1047.08,DOWN
77220,-0.0332,0.0000,-1047.08,-1047.08,DOWN
77285,-0.0341,0.0000,-1047.08,-1047.08,DOWN
77352,-0.0135,0.0000,-1047.08,-1047.08,DOWN
77418,-0.0299,0.0000,-1047.08,-1047.08,DOWN
77483,0.0240,0.0000,-1047.08,-1047.08,DOWN
77550,-0.0321,0.0000,-1047.08,-1047.08,DOWN
77616,0.0240,0.0000,-1047.08,-1047.08,DOWN
77682,-0.0709,0.0000,-1047.08,-1047.08,DOWN
77748,0.0195,0.0000,-1047.08,-1047.08,DOWN
77814,-0.0401,0.0000,-1047.08,-1047.08,DOWN
77880,0.0051,0.0000,-1047.08,-1047.08,DOWN
77946,-0.0103,0.0000,-1047.08,-1047.08,DOWN
78012,-0.0214,0.0000,-1047.08,-1047.08,DOWN
78078,0.0279,0.0000,-1047.08,-1047.08,DOWN
78144,-0.0571,0.0000,-1047.08,-1047.08,DOWN
78210,0.0189,0.0000,-1047.08,-1047.08,DOWN
78276,-0.0282,0.0000,-1047.08,-1047.08,DOWN
78342,0.0095,0.0000,-1047.08,-1047.08,DOWN
78408,-0.0389,0.0000,-1047.08,-1047.08,DOWN
78474,-0.0041,0.0000,-1047.08,-1047.08,DOWN
78540,-0.0192,0.0000,-1047.08,-1047.08,DOWN
78606,-0.0364,0.0000,-1047.08,-1047.08,DOWN
78671,0.0083,0.0000,-1047.08,-1047.08,DOWN
78738,-0.0280,0.0000,-1047.08,-1047.08,DOWN
78803,0.0032,0.0000,-1047.08,-1047.08,DOWN
78870,-0.0485,0.0000,-1047.08,-1047.08,DOWN
78936,0.0193,0.0000,-1047.08,-1047.08,DOWN
79002,-0.0702,0.0000,-1047.08,-1047.08,DOWN
79068,-0.0395,0.0000,-1047.08,-1047.08,DOWN
79134,0.0068,0.0000,-1047.08,-1047.08,DOWN
79200,-0.0185,0.0000,-1047.08,-1047.08,DOWN
79266,-0.0580,0.0000,-1047.08,-1047.08,DOWN
79332,-0.0130,0.0000,-1047.08,-1047.08,DOWN
79397,0.0482,0.0000,-1047.08,-1047.08,DOWN
79463,-0.0614,0.0000,-1051.96,-1050.37,DOWN
79530,-0.0045,0.0000,-1051.96,-1051.44,DOWN
79596,-0.0579,0.0000,-1051.96,-1051.79,DOWN
79662,0.0071,0.0000,-1051.96,-1051.91,DOWN
79728,-0.0147,0.0000,-1051.96,-1051.94,DOWN
79794,-0.0150,0.0000,-1051.96,-1051.95,DOWN
79860,-0.0095,0.0000,-1051.96,-1051.96,DOWN
79925,-0.0005,0.0000,-1051.96,-1051.96,DOWN
79992,-0.0112,0.0000,-1051.96,-1051.96,DOWN
80058,-0.0537,0.0000,-1051.96,-1051.96,DOWN
80123,0.0063,0.0000,-1051.96,-1051.96,DOWN
80190,-0.0345,0.0000,-1051.96,-1051.96,DOWN
80256,0.0200,0.0000,-1051.96,-1051.96,DOWN
80322,-0.0414,0.0000,-1051.96,-1051.96,DOWN
80388,-0.0061,0.0000,-1051.96,-1051.96,DOWN
80454,-0.0520,0.0000,-1051.96,-1051.96,DOWN
80520,-0.0001,0.0000,-1051.96,-1051.96,DOWN
80585,0.0516,0.0000,-1051.96,-1051.96,DOWN
80652,0.0780,0.0000,-1051.96,-1051.96,DOWN
80718,0.1477,0.0000,-1051.96,-1051.96,DOWN
80784,0.1001,0.0000,-1030.46,-1037.45,DOWN
80849,0.2102,0.2102,-1016.59,-1023.38,DOWN
80916,0.1664,0.1664,-1005.61,-1011.39,DOWN
80982,0.3414,0.3414,-983.07,-992.29,DOWN
81048,0.3518,0.3518,-959.86,-970.41,DOWN
81114,0.3761,0.3761,-935.03,-946.54,DOWN
81180,0.4354,0.4354,-906.29,-919.39,DOWN
81246,0.4678,0.4678,-875.42,-889.73,DOWN
81312,0.5573,0.5573,-838.64,-855.26,DOWN
81378,0.5637,0.5637,-801.43,-818.95,DOWN
81443,0.5938,0.5938,-762.24,-780.69,DOWN
81510,0.6670,0.6670,-718.22,-738.55,DOWN
81575,0.7027,0.7027,-671.84,-693.55,DOWN
81642,0.7196,0.7196,-624.35,-646.86,DOWN
81708,0.7487,0.7487,-574.93,-598.34,DOWN
81774,0.7765,0.7765,-523.68,-547.97,DOWN
81840,0.8006,0.8006,-470.84,-495.94,DOWN
81905,0.6359,0.6359,-428.88,-450.70,DOWN
81972,0.5884,0.5884,-390.05,-409.78,DOWN
82037,0.6009,0.6009,-350.39,-369.71,DOWN
82103,0.5053,0.5053,-317.04,-334.18,DOWN
82169,0.4392,0.4392,-288.05,-303.06,DOWN
82236,0.4110,0.4110,-260.92,-274.63,DOWN
82302,0.3442,0.3442,-238.21,-250.06,DOWN
82368,0.2829,0.2829,-219.54,-229.47,DOWN
82434,0.2615,0.2615,-202.28,-211.13,DOWN
82499,0.1939,0.1939,-189.49,-196.53,DOWN
82565,0.1517,0.1517,-179.48,-185.03,DOWN
82632,0.1240,0.1240,-171.30,-175.76,DOWN
82698,0.0291,0.0000,-171.30,-172.75,DOWN
82763,-0.0436,0.0000,-171.30,-171.77,DOWN
82830,-0.0838,0.0000,-171.30,-171.45,DOWN
82896,-0.0520,0.0000,-171.30,-171.35,DOWN
82962,-0.0551,0.0000,-171.30,-171.31,DOWN
83028,-0.0866,0.0000,-178.37,-176.07,DOWN
83094,-0.0807,0.0000,-178.37,-177.62,DOWN
83160,-0.0459,0.0000,-178.37,-178.13,DOWN
83225,-0.0572,0.0000,-178.37,-178.29,DOWN
83292,-0.0615,0.0000,-185.17,-182.93,DOWN
83358,-0.0686,0.0000,-185.17,-184.45,DOWN
83424,-0.0440,0.0000,-185.17,-184.94,DOWN
83490,-0.0367,0.0000,-185.17,-185.10,DOWN
83556,-0.0427,0.0000,-185.17,-185.15,DOWN
83622,-0.0476,0.0000,-185.17,-185.17,DOWN
83688,-0.0152,0.0000,-185.17,-185.17,DOWN
83754,-0.0320,0.0000,-185.17,-185.17,DOWN
83820,-0.0376,0.0000,-185.17,-185.17,DOWN
83886,-0.0179,0.0000,-185.17,-185.17,DOWN
83952,-0.0319,0.0000,-185.17,-185.17,DOWN
84018,-0.0260,0.0000,-185.17,-185.17,DOWN
84083,-0.0072,0.0000,-185.17,-185.17,DOWN
84150,-0.0119,0.0000,-185.17,-185.17,DOWN
84216,-0.0589,0.0000,-185.17,-185.17,DOWN
84282,-0.0223,0.0000,-185.17,-185.17,DOWN
84348,0.0161,0.0000,-185.17,-185.17,DOWN
84414,-0.0379,0.0000,-185.17,-185.17,DOWN
84480,-0.0131,0.0000,-185.17,-185.17,DOWN
84545,-0.0150,0.0000,-185.17,-185.17,DOWN
84612,-0.0044,0.0000,-185.17,-185.17,DOWN
84678,-0.0223,0.0000,-185.17,-185.17,DOWN
84743,0.0161,0.0000,-185.17,-185.17,DOWN
84810,0.0057,0.0000,-185.17,-185.17,DOWN
84876,0.0300,0.0000,-185.17,-185.17,DOWN
84942,0.0134,0.0000,-185.17,-185.17,DOWN
85008,0.0491,0.0000,-185.17,-185.17,DOWN
85074,0.0578,0.0000,-185.17,-185.17,DOWN
85140,0.0637,0.0000,-185.17,-185.17,DOWN
85206,0.0789,0.0000,-185.17,-185.17,DOWN
85272,0.0928,0.0000,-169.64,-174.69,DOWN
85338,0.1080,0.1080,-162.51,-166.48,DOWN
85404,0.0899,0.0899,-156.58,-159.80,DOWN
85470,0.0802,0.0802,-151.28,-154.05,DOWN
85536,0.0733,0.0733,-146.44,-148.92,DOWN
85602,0.0535,0.0000,-146.44,-147.25,DOWN
85668,0.0908,0.0000,-142.91,-144.33,DOWN
85734,-0.0798,0.0000,-142.91,-143.37,DOWN
85800,0.0131,0.0000,-142.91,-143.06,DOWN
85865,-0.0180,0.0000,-142.91,-142.96,DOWN
85932,-0.0046,0.0000,-142.91,-142.93,DOWN
85998,0.0071,0.0000,-142.91,-142.92,DOWN
86064,-0.0166,0.0000,-142.91,-142.92,DOWN
86130,-0.0182,0.0000,-142.91,-142.92,DOWN
86196,-0.0378,0.0000,-142.91,-142.91,DOWN
86262,-0.0357,0.0000,-142.91,-142.91,DOWN
86327,-0.0042,0.0000,-142.91,-142.91,DOWN
86394,-0.0243,0.0000,-142.91,-142.91,DOWN
86460,-0.0267,0.0000,-142.91,-142.91,DOWN
86526,-0.0213,0.0000,-142.91,-142.91,DOWN
86592,-0.0088,0.0000,0.00,0.00,STATIONARY
86658,-0.0149,0.0000,0.00,0.00,STATIONARY
86724,-0.0114,0.0000,0.00,0.00,STATIONARY
86789,-0.0151,0.0000,0.00,0.00,STATIONARY
86856,-0.0083,0.0000,0.00,0.00,STATIONARY
86922,-0.0155,0.0000,0.00,0.00,STATIONARY
86988,-0.0209,0.0000,0.00,0.00,STATIONARY
87054,-0.0218,0.0000,0.00,0.00,STATIONARY
87120,-0.0221,0.0000,0.00,0.00,STATIONARY
87185,-0.0191,0.0000,0.00,0.00,STATIONARY
87252,-0.0135,0.0000,0.00,0.00,STATIONARY
87318,-0.0218,0.0000,0.00,0.00,STATIONARY
87384,-0.0140,0.0000,0.00,0.00,STATIONARY
87450,-0.0286,0.0000,0.00,0.00,STATIONARY
87515,-0.0069,0.0000,0.00,0.00,STATIONARY
87582,0.0154,0.0000,0.00,0.00,STATIONARY
87648,-0.0218,0.0000,0.00,0.00,STATIONARY
87714,0.0223,0.0000,0.00,0.00,STATIONARY
87780,0.0133,0.0000,0.00,0.00,STATIONARY
87846,-0.0158,0.0000,0.00,0.00,STATIONARY
87912,-0.0009,0.0000,0.00,0.00,STATIONARY
87978,-0.0507,0.0000,0.00,0.00,STATIONARY
88044,0.0538,0.0000,0.00,0.00,STATIONARY
88110,0.0075,0.0000,0.00,0.00,STATIONARY
88176,-0.0272,0.0000,0.00,0.00,STATIONARY
88242,-0.0322,0.0000,0.00,0.00,STATIONARY
88307,0.0230,0.0000,0.00,0.00,STATIONARY
88374,0.0007,0.0000,0.00,0.00,STATIONARY
88440,-0.0330,0.0000,0.00,0.00,STATIONARY
88505,0.0204,0.0000,0.00,0.00,STATIONARY
88572,-0.0361,0.0000,0.00,0.00,STATIONARY
88638,0.0440,0.0000,0.00,0.00,STATIONARY
88703,-0.0278,0.0000,0.00,0.00,STATIONARY
88770,-0.0086,0.0000,0.00,0.00,STATIONARY
88836,0.0177,0.0000,0.00,0.00,STATIONARY
88902,0.0056,0.0000,0.00,0.00,STATIONARY
88968,-0.0042,0.0000,0.00,0.00,STATIONARY
89034,-0.0424,0.0000,0.00,0.00,STATIONARY
89100,-0.0427,0.0000,0.00,0.00,STATIONARY
89166,-0.0587,0.0000,0.00,0.00,STATIONARY
89232,-0.0305,0.0000,0.00,0.00,STATIONARY
89298,0.0066,0.0000,0.00,0.00,STATIONARY
89364,-0.0633,0.0000,0.00,0.00,STATIONARY
89430,0.0054,0.0000,0.00,0.00,STATIONARY
89496,-0.0284,0.0000,0.00,0.00,STATIONARY
89562,-0.0345,0.0000,0.00,0.00,STATIONARY
89628,-0.0559,0.0000,0.00,0.00,STATIONARY
89694,-0.0173,0.0000,0.00,0.00,STATIONARY
89760,-0.0507,0.0000,0.00,0.00,STATIONARY
89826,-0.0216,0.0000,0.00,0.00,STATIONARY
89892,0.0093,0.0000,0.00,0.00,STATIONARY
89958,-0.0297,0.0000,0.00,0.00,STATIONARY
90023,-0.0301,0.0000,0.00,0.00,STATIONARY
90089,-0.0090,0.0000,0.00,0.00,STATIONARY
90156,-0.0177,0.0000,0.00,0.00,STATIONARY
90222,-0.0429,0.0000,0.00,0.00,STATIONARY
90288,-0.0136,0.0000,0.00,0.00,STATIONARY
90354,-0.0020,0.0000,0.00,0.00,STATIONARY
90420,-0.0261,0.0000,0.00,0.00,STATIONARY
90486,-0.0202,0.0000,0.00,0.00,STATIONARY
90552,-0.0287,0.0000,0.00,0.00,STATIONARY
90617,-0.0271,0.0000,0.00,0.00,STATIONARY
90684,-0.0024,0.0000,0.00,0.00,STATIONARY
90750,-0.0095,0.0000,0.00,0.00,STATIONARY
90816,-0.0170,0.0000,0.00,0.00,STATIONARY
90882,-0.0330,0.0000,0.00,0.00,STATIONARY
90948,-0.0084,0.0000,0.00,0.00,STATIONARY
91014,-0.0328,0.0000,0.00,0.00,STATIONARY
91080,-0.0217,0.0000,0.00,0.00,STATIONARY
91145,-0.0120,0.0000,0.00,0.00,STATIONARY
91212,-0.0198,0.0000,0.00,0.00,STATIONARY
91278,-0.0357,0.0000,0.00,0.00,STATIONARY
91343,-0.0079,0.0000,0.00,0.00,STATIONARY
91410,-0.0026,0.0000,0.00,0.00,STATIONARY
91476,-0.0105,0.0000,0.00,0.00,STATIONARY
91542,-0.0005,0.0000,0.00,0.00,STATIONARY
91608,-0.0085,0.0000,0.00,0.00,STATIONARY
91673,-0.0185,0.0000,0.00,0.00,STATIONARY
91740,-0.0240,0.0000,0.00,0.00,STATIONARY
91805,-0.0212,0.0000,0.00,0.00,STATIONARY
91872,-0.0221,0.0000,0.00,0.00,STATIONARY
91938,-0.0219,0.0000,0.00,0.00,STATIONARY
92004,-0.0124,0.0000,0.00,0.00,STATIONARY
92069,-0.0013,0.0000,0.00,0.00,STATIONARY
92136,-0.0183,0.0000,0.00,0.00,STATIONARY
92202,-0.0297,0.0000,0.00,0.00,STATIONARY
92268,-0.0195,0.0000,0.00,0.00,STATIONARY
92334,-0.0192,0.0000,0.00,0.00,STATIONARY
92400,-0.0122,0.0000,0.00,0.00,STATIONARY
92466,-0.0183,0.0000,0.00,0.00,STATIONARY
92532,-0.0065,0.0000,0.00,0.00,STATIONARY
92598,-0.0357,0.0000,0.00,0.00,STATIONARY
92663,-0.0193,0.0000,0.00,0.00,STATIONARY
92730,-0.0147,0.0000,0.00,0.00,STATIONARY
92795,-0.0187,0.0000,0.00,0.00,STATIONARY
92862,-0.0124,0.0000,0.00,0.00,STATIONARY
92928,-0.0126,0.0000,0.00,0.00,STATIONARY
92994,-0.0208,0.0000,0.00,0.00,STATIONARY
93060,-0.0057,0.0000,0.00,0.00,STATIONARY
93125,-0.0275,0.0000,0.00,0.00,STATIONARY
93192,-0.0164,0.0000,0.00,0.00,STATIONARY
93257,-0.0116,0.0000,0.00,0.00,STATIONARY
93324,-0.0211,0.0000,0.00,0.00,STATIONARY
93390,-0.0135,0.0000,0.00,0.00,STATIONARY
93456,-0.0157,0.0000,0.00,0.00,STATIONARY
93522,-0.0274,0.0000,0.00,0.00,STATIONARY
93587,-0.0131,0.0000,0.00,0.00,STATIONARY
93654,-0.0051,0.0000,0.00,0.00,STATIONARY
93720,-0.0388,0.0000,0.00,0.00,STATIONARY
93785,-0.0251,0.0000,0.00,0.00,STATIONARY
93852,0.0347,0.0000,0.00,0.00,STATIONARY
93918,-0.0339,0.0000,0.00,0.00,STATIONARY
93983,-0.0102,0.0000,0.00,0.00,STATIONARY
94050,-0.0141,0.0000,0.00,0.00,STATIONARY
94116,-0.0373,0.0000,0.00,0.00,STATIONARY
94182,-0.0422,0.0000,0.00,0.00,STATIONARY
94248,-0.0172,0.0000,0.00,0.00,STATIONARY
94314,-0.0247,0.0000,0.00,0.00,STATIONARY
94380,0.0081,0.0000,0.00,0.00,STATIONARY
94445,-0.0296,0.0000,0.00,0.00,STATIONARY
94512,-0.0471,0.0000,0.00,0.00,STATIONARY
94578,-0.0037,0.0000,0.00,0.00,STATIONARY
94644,-0.0359,0.0000,0.00,0.00,STATIONARY
94710,0.0097,0.0000,0.00,0.00,STATIONARY
94776,0.0230,0.0000,0.00,0.00,STATIONARY
94842,-0.0163,0.0000,0.00,0.00,STATIONARY
94907,-0.0119,0.0000,0.00,0.00,STATIONARY
94974,0.0052,0.0000,0.00,0.00,STATIONARY
95040,-0.0354,0.0000,0.00,0.00,STATIONARY
95106,-0.0196,0.0000,0.00,0.00,STATIONARY
95171,-0.0283,0.0000,0.00,0.00,STATIONARY
95238,0.0511,0.0000,0.00,0.00,STATIONARY
95303,-0.0086,0.0000,0.00,0.00,STATIONARY
95370,0.0210,0.0000,0.00,0.00,STATIONARY
95436,-0.0753,0.0000,0.00,0.00,STATIONARY
95502,-0.0212,0.0000,0.00,0.00,STATIONARY
95568,0.0429,0.0000,0.00,0.00,STATIONARY
95634,0.0162,0.0000,0.00,0.00,STATIONARY
95700,-0.0175,0.0000,0.00,0.00,STATIONARY
95765,-0.0459,0.0000,0.00,0.00,STATIONARY
95832,0.0038,0.0000,0.00,0.00,STATIONARY
95898,-0.0426,0.0000,0.00,0.00,STATIONARY
95963,-0.0346,0.0000,0.00,0.00,STATIONARY
96030,-0.0037,0.0000,0.00,0.00,STATIONARY
96096,0.0013,0.0000,0.00,0.00,STATIONARY
96162,-0.0194,0.0000,0.00,0.00,STATIONARY
96228,-0.0186,0.0000,0.00,0.00,STATIONARY
96294,-0.0158,0.0000,0.00,0.00,STATIONARY
96360,-0.0286,0.0000,0.00,0.00,STATIONARY
96425,-0.0281,0.0000,0.00,0.00,STATIONARY
96492,0.0017,0.0000,0.00,0.00,STATIONARY
96558,-0.0236,0.0000,0.00,0.00,STATIONARY
96623,-0.0023,0.0000,0.00,0.00,STATIONARY
96690,-0.0296,0.0000,0.00,0.00,STATIONARY
96756,-0.0361,0.0000,0.00,0.00,STATIONARY
96821,-0.0312,0.0000,0.00,0.00,STATIONARY
96888,-0.0120,0.0000,0.00,0.00,STATIONARY
96954,-0.0237,0.0000,0.00,0.00,STATIONARY
97020,-0.0380,0.0000,0.00,0.00,STATIONARY
97086,0.0131,0.0000,0.00,0.00,STATIONARY
97152,-0.0269,0.0000,0.00,0.00,STATIONARY
97218,-0.0193,0.0000,0.00,0.00,STATIONARY
97284,-0.0183,0.0000,0.00,0.00,STATIONARY
97350,-0.0106,0.0000,0.00,0.00,STATIONARY
97416,-0.0144,0.0000,0.00,0.00,STATIONARY
97482,-0.0089,0.0000,0.00,0.00,STATIONARY
97547,-0.0285,0.0000,0.00,0.00,STATIONARY
97614,-0.0087,0.0000,0.00,0.00,STATIONARY
97680,-0.0133,0.0000,0.00,0.00,STATIONARY
97746,-0.0186,0.0000,0.00,0.00,STATIONARY
97811,-0.0140,0.0000,0.00,0.00,STATIONARY
97878,-0.0168,0.0000,0.00,0.00,STATIONARY
97944,-0.0154,0.0000,0.00,0.00,STATIONARY
98009,-0.0048,0.0000,0.00,0.00,STATIONARY
98076,-0.0198,0.0000,0.00,0.00,STATIONARY
98142,-0.0167,0.0000,0.00,0.00,STATIONARY
98208,-0.0127,0.0000,0.00,0.00,STATIONARY
98274,-0.0179,0.0000,0.00,0.00,STATIONARY
98340,-0.0063,0.0000,0.00,0.00,STATIONARY
98405,-0.0057,0.0000,0.00,0.00,STATIONARY
98472,-0.0171,0.0000,0.00,0.00,STATIONARY
98538,-0.0227,0.0000,0.00,0.00,STATIONARY
98604,-0.0345,0.0000,0.00,0.00,STATIONARY
98670,-0.0097,0.0000,0.00,0.00,STATIONARY
98735,-0.0200,0.0000,0.00,0.00,STATIONARY
98802,-0.0324,0.0000,0.00,0.00,STATIONARY
98868,-0.0173,0.0000,0.00,0.00,STATIONARY
98934,-0.0160,0.0000,0.00,0.00,STATIONARY
99000,-0.0260,0.0000,0.00,0.00,STATIONARY
99065,-0.0201,0.0000,0.00,0.00,STATIONARY
99132,-0.0090,0.0000,0.00,0.00,STATIONARY
99198,0.0394,0.0000,0.00,0.00,STATIONARY
99263,0.2494,0.0000,0.00,0.00,STATIONARY
99330,0.1335,0.0000,0.00,0.00,STATIONARY
99396,-0.0642,0.0000,21.04,14.19,STATIONARY
99462,0.0642,0.0642,25.27,21.67,STATIONARY
99528,0.1457,0.1457,34.89,30.59,STATIONARY
99594,0.0900,0.0900,40.83,37.50,STATIONARY
99660,0.0640,0.0640,0.00,0.00,STATIONARY
99725,0.0989,0.0000,0.00,0.00,STATIONARY
99792,0.1142,0.0000,0.00,0.00,STATIONARY
99858,0.1270,0.0000,22.45,15.14,STATIONARY
99924,0.1639,0.1639,33.26,27.37,STATIONARY
99990,0.3109,0.3109,53.78,45.19,STATIONARY
100056,0.3122,0.3122,74.39,64.89,STATIONARY
100122,0.2922,0.2922,93.68,84.31,STATIONARY
100188,0.3536,0.3536,117.01,106.37,UP
100254,0.4096,0.4096,144.05,131.79,UP
100320,0.3564,0.3564,167.57,155.93,UP
100386,0.4178,0.4178,195.14,182.38,UP
100452,0.4463,0.4463,224.60,210.86,UP
100518,0.4439,0.4439,253.89,239.89,UP
100584,0.4458,0.4458,283.31,269.19,UP
100649,0.4928,0.4928,315.84,300.66,UP
100716,0.4911,0.4911,348.26,332.77,UP
100782,0.5300,0.5300,383.23,366.82,UP
100848,0.5391,0.5391,418.81,401.89,UP
100914,0.5363,0.5363,454.21,437.19,UP
100980,0.5764,0.5764,492.25,474.34,UP
101046,0.5739,0.5739,530.13,511.98,UP
101112,0.5974,0.5974,569.56,550.82,UP
101177,0.6157,0.6157,610.19,590.88,UP
101243,0.6382,0.6382,652.32,632.33,UP
101310,0.6451,0.6451,694.89,674.54,UP
101375,0.7048,0.7048,741.41,719.65,UP
101442,0.5915,0.5915,780.44,760.66,UP
101507,0.5362,0.5362,815.83,797.88,UP
101574,0.4588,0.4588,846.12,830.42,UP
101640,0.3193,0.3193,867.19,855.23,UP
101705,0.2904,0.2904,886.36,876.23,UP
101772,0.2591,0.2591,903.46,894.60,UP
101837,0.0222,0.0000,903.46,900.57,UP
101904,0.0182,0.0000,903.46,902.52,UP
101970,-0.0063,0.0000,903.46,903.15,UP
102036,-0.0765,0.0000,903.46,903.36,UP
102102,-0.0988,0.0000,903.46,903.42,UP
102168,-0.0173,0.0000,903.46,903.45,UP
102234,-0.1446,0.0000,903.46,903.45,UP
102300,0.0180,0.0000,903.46,903.46,UP
102366,-0.1069,0.0000,903.46,903.46,UP
102432,-0.0084,0.0000,903.46,903.46,UP
102498,-0.0211,0.0000,903.46,903.46,UP
102563,-0.1248,0.0000,903.46,903.46,UP
102630,0.0154,0.0000,903.46,903.46,UP
102695,-0.0678,0.0000,903.46,903.46,UP
102762,0.0048,0.0000,903.46,903.46,UP
102828,-0.0402,0.0000,903.46,903.46,UP
102894,-0.0027,0.0000,903.46,903.46,UP
102960,0.0056,0.0000,903.46,903.46,UP
103025,-0.0674,0.0000,903.46,903.46,UP
103092,0.0139,0.0000,903.46,903.46,UP
103158,-0.0411,0.0000,903.46,903.46,UP
103224,0.0156,0.0000,903.46,903.46,UP
103290,-0.0817,0.0000,903.46,903.46,UP
103356,0.0636,0.0000,903.46,903.46,UP
103422,-0.0441,0.0000,903.46,903.46,UP
103488,-0.0288,0.0000,903.46,903.46,UP
103554,0.0234,0.0000,903.46,903.46,UP
103620,-0.0590,0.0000,903.46,903.46,UP
103686,0.0538,0.0000,903.46,903.46,UP
103752,-0.0426,0.0000,903.46,903.46,UP
103818,0.0360,0.0000,903.46,903.46,UP
103883,-0.0940,0.0000,899.41,900.73,UP
103950,0.0351,0.0000,899.41,899.84,UP
104015,-0.0245,0.0000,899.41,899.55,UP
104082,-0.0444,0.0000,899.41,899.46,UP
104148,0.0060,0.0000,899.41,899.43,UP
104214,-0.0250,0.0000,899.41,899.42,UP
104280,0.0344,0.0000,899.41,899.41,UP
104345,-0.0571,0.0000,899.41,899.41,UP
104412,0.0287,0.0000,899.41,899.41,UP
104477,-0.0766,0.0000,896.32,897.32,UP
104544,0.0158,0.0000,896.32,896.64,UP
104610,-0.0618,0.0000,896.32,896.42,UP
104676,0.0177,0.0000,896.32,896.35,UP
104742,-0.0101,0.0000,896.32,896.33,UP
104808,-0.0401,0.0000,896.32,896.32,UP
104874,0.0384,0.0000,896.32,896.32,UP
104939,-0.0554,0.0000,896.32,896.32,UP
105005,0.0331,0.0000,896.32,896.32,UP
105072,-0.0723,0.0000,895.24,895.59,UP
105138,0.0727,0.0000,895.24,895.35,UP
105203,-0.0558,0.0000,895.24,895.28,UP
105270,0.0013,0.0000,895.24,895.25,UP
105336,-0.0383,0.0000,895.24,895.24,UP
105402,-0.0167,0.0000,895.24,895.24,UP
105468,-0.0029,0.0000,895.24,895.24,UP
105534,-0.0393,0.0000,895.24,895.24,UP
105600,0.0504,0.0000,895.24,895.24,UP
105665,-0.0842,0.0000,888.55,890.73,UP
105732,0.0727,0.0000,888.55,889.26,UP
105798,-0.0288,0.0000,888.55,888.78,UP
105864,-0.0000,0.0000,888.55,888.63,UP
105930,-0.0328,0.0000,888.55,888.58,UP
105996,-0.0247,0.0000,888.55,888.56,UP
106062,-0.0318,0.0000,888.55,888.56,UP
106127,-0.0436,0.0000,888.55,888.55,UP
106194,0.0223,0.0000,888.55,888.55,UP
106260,-0.0623,0.0000,888.55,888.55,UP
106326,0.0165,0.0000,888.55,888.55,UP
106392,-0.0347,0.0000,888.55,888.55,UP
106458,0.0196,0.0000,888.55,888.55,UP
106524,-0.0563,0.0000,888.55,888.55,UP
106590,0.0440,0.0000,888.55,888.55,UP
106656,-0.0234,0.0000,888.55,888.55,UP
106722,-0.0207,0.0000,888.55,888.55,UP
106788,0.0294,0.0000,888.55,888.55,UP
106854,-0.0362,0.0000,888.55,888.55,UP
106920,0.0118,0.0000,888.55,888.55,UP
106986,-0.0612,0.0000,888.55,888.55,UP
107052,0.0474,0.0000,888.55,888.55,UP
107117,-0.0405,0.0000,888.55,888.55,UP
107184,0.0028,0.0000,888.55,888.55,UP
107250,-0.0172,0.0000,888.55,888.55,UP
107316,-0.0167,0.0000,888.55,888.55,UP
107382,-0.0156,0.0000,888.55,888.55,UP
107448,-0.0158,0.0000,888.55,888.55,UP
107514,-0.0216,0.0000,888.55,888.55,UP
107580,0.0172,0.0000,888.55,888.55,UP
107645,0.0212,0.0000,888.55,888.55,UP
107712,-0.0214,0.0000,888.55,888.55,UP
107778,-0.0309,0.0000,888.55,888.55,UP
107843,-0.0331,0.0000,888.55,888.55,UP
107910,0.0035,0.0000,888.55,888.55,UP
107976,-0.0367,0.0000,888.55,888.55,UP
108042,-0.0092,0.0000,888.55,888.55,UP
108108,0.0271,0.0000,888.55,888.55,UP
108173,-0.0392,0.0000,888.55,888.55,UP
108240,0.0102,0.0000,888.55,888.55,UP
108305,-0.0342,0.0000,888.55,888.55,UP
108372,0.0000,0.0000,888.55,888.55,UP
108438,-0.0335,0.0000,888.55,888.55,UP
108504,0.0045,0.0000,888.55,888.55,UP
108570,-0.0029,0.0000,888.55,888.55,UP
108636,-0.0296,0.0000,888.55,888.55,UP
108702,0.0034,0.0000,888.55,888.55,UP
108768,-0.0334,0.0000,888.55,888.55,UP
108834,0.0064,0.0000,888.55,888.55,UP
108900,-0.0651,0.0000,888.55,888.55,UP
108966,0.0319,0.0000,888.55,888.55,UP
109032,-0.0487,0.0000,888.55,888.55,UP
109098,0.0053,0.0000,888.55,888.55,UP
109164,-0.0212,0.0000,888.55,888.55,UP
109229,-0.0314,0.0000,888.55,888.55,UP
109296,0.0188,0.0000,888.55,888.55,UP
109362,-0.0593,0.0000,888.55,888.55,UP
109428,0.0761,0.0000,881.64,883.89,UP
109494,-0.1073,0.0000,881.64,882.38,UP
109560,0.0543,0.0000,881.64,881.88,UP
109626,-0.0536,0.0000,881.64,881.72,UP
109692,0.0087,0.0000,881.64,881.67,UP
109758,-0.0344,0.0000,881.64,881.65,UP
109824,-0.0052,0.0000,881.64,881.65,UP
109890,0.0219,0.0000,881.64,881.64,UP
109956,-0.0569,0.0000,881.64,881.64,UP
110022,0.0426,0.0000,881.64,881.64,UP
110088,-0.0593,0.0000,881.64,881.64,UP
110154,0.0411,0.0000,881.64,881.64,UP
110220,-0.0492,0.0000,881.64,881.64,UP
110286,0.0578,0.0000,881.64,881.64,UP
110352,-0.0441,0.0000,881.64,881.64,UP
110418,-0.0266,0.0000,881.64,881.64,UP
110484,0.0221,0.0000,881.64,881.64,UP
110550,-0.0148,0.0000,881.64,881.64,UP
110616,-0.0066,0.0000,881.64,881.64,UP
110682,-0.0534,0.0000,881.64,881.64,UP
110748,0.0523,0.0000,881.64,881.64,UP
110814,-0.0518,0.0000,881.64,881.64,UP
110880,0.0481,0.0000,881.64,881.64,UP
110945,-0.0547,0.0000,881.64,881.64,UP
111012,0.0226,0.0000,881.64,881.64,UP
111078,-0.0203,0.0000,881.64,881.64,UP
111143,-0.0533,0.0000,881.64,881.64,UP
111210,0.0210,0.0000,881.64,881.64,UP
111275,-0.0167,0.0000,881.64,881.64,UP
111342,0.0538,0.0000,881.64,881.64,UP
111407,-0.0692,0.0000,881.64,881.64,UP
111474,0.0477,0.0000,881.64,881.64,UP
111540,-0.0656,0.0000,881.64,881.64,UP
111606,0.0250,0.0000,881.64,881.64,UP
111671,-0.0157,0.0000,881.64,881.64,UP
111738,-0.0190,0.0000,881.64,881.64,UP
111804,0.0447,0.0000,881.64,881.64,UP
111869,-0.0657,0.0000,881.64,881.64,UP
111936,0.0246,0.0000,881.64,881.64,UP
112002,-0.0830,0.0000,881.64,881.64,UP
112068,0.0357,0.0000,881.64,881.64,UP
112134,-0.0539,0.0000,881.64,881.64,UP
112200,0.0376,0.0000,881.64,881.64,UP
112266,-0.0613,0.0000,882.92,882.51,UP
112332,0.0187,0.0000,882.92,882.79,UP
112398,-0.0321,0.0000,882.92,882.88,UP
112463,-0.0094,0.0000,882.92,882.91,UP
112530,-0.0061,0.0000,882.92,882.92,UP
112595,-0.0586,0.0000,882.92,882.92,UP
112662,0.0384,0.0000,882.92,882.92,UP
112728,-0.0310,0.0000,882.92,882.92,UP
112794,0.0163,0.0000,882.92,882.92,UP
112860,-0.0509,0.0000,882.92,882.92,UP
112925,-0.0067,0.0000,882.92,882.92,UP
112992,0.0244,0.0000,882.92,882.92,UP
113057,-0.0435,0.0000,882.92,882.92,UP
113124,0.0408,0.0000,882.92,882.92,UP
113190,-0.0825,0.0000,882.92,882.92,UP
113256,0.0480,0.0000,882.92,882.92,UP
113322,-0.0452,0.0000,882.92,882.92,UP
113388,0.0352,0.0000,882.92,882.92,UP
113454,-0.0763,0.0000,882.92,882.92,UP
113520,0.0223,0.0000,882.92,882.92,UP
113585,-0.0214,0.0000,882.92,882.92,UP
113652,-0.0194,0.0000,882.92,882.92,UP
113718,-0.0173,0.0000,882.92,882.92,UP
113783,-0.0273,0.0000,882.92,882.92,UP
113850,-0.0006,0.0000,882.92,882.92,UP
113916,-0.0586,0.0000,882.92,882.92,UP
113982,0.0379,0.0000,882.92,882.92,UP
114048,-0.1157,0.0000,877.36,879.17,UP
114114,-0.0491,0.0000,877.36,877.95,UP
114180,-0.1864,0.0000,877.36,877.55,UP
114245,-0.1598,0.0000,877.36,877.42,UP
114312,-0.2408,0.0000,838.63,851.25,UP
114378,-0.2524,-0.2524,821.97,831.49,UP
114444,-0.3362,-0.3362,799.78,810.10,UP
114509,-0.3305,-0.3305,777.96,788.42,UP
114576,-0.4277,-0.4277,749.74,762.32,UP
114642,-0.4591,-0.4591,719.44,733.39,UP
114708,-0.4598,-0.4598,689.09,703.50,UP
114774,-0.5582,-0.5582,652.25,668.92,UP
114840,-0.6108,-0.6108,611.94,630.48,UP
114906,-0.5956,-0.5956,572.63,591.45,UP
114972,-0.6594,-0.6594,529.11,549.39,UP
115038,-0.7155,-0.7155,481.89,503.85,UP
115104,-0.7243,-0.7243,434.08,456.78,UP
115170,-0.7797,-0.7797,382.62,406.75,UP
115236,-0.8122,-0.8122,329.01,354.30,UP
115302,-0.8008,-0.8008,276.16,301.59,UP
115368,-0.7358,-0.7358,227.60,251.67,UP
115434,-0.6849,-0.6849,182.39,204.94,UP
115500,-0.6245,-0.6245,141.18,161.92,UP
115565,-0.5449,-0.5449,105.22,123.67,UP
115632,-0.5144,-0.5144,71.26,88.31,UP
115697,-0.4526,-0.4526,41.40,56.66,UP
115764,-0.3672,-0.3672,17.16,30.01,UP
115830,-0.3341,-0.3341,-4.89,6.47,UP
115896,-0.2645,-0.2645,-22.35,-12.97,UP
115962,-0.2320,-0.2320,-37.66,-29.63,UP
116028,-0.1616,-0.1616,-48.33,-42.24,UP
116094,-0.1363,-0.1363,-57.32,-52.42,UP
116159,-0.0966,-0.0966,-63.70,-60.03,UP
116225,0.0390,0.0000,-63.70,-62.50,UP
116292,0.0550,0.0000,-63.70,-63.31,UP
116358,0.0219,0.0000,-63.70,-63.57,UP
116423,0.0203,0.0000,-63.70,-63.66,UP
116490,0.0332,0.0000,-63.70,-63.68,UP
116556,0.0319,0.0000,-63.70,-63.69,UP
116622,0.0165,0.0000,0.00,0.00,STATIONARY
116688,0.0251,0.0000,0.00,0.00,STATIONARY
116754,0.0080,0.0000,0.00,0.00,STATIONARY
116820,0.0029,0.0000,0.00,0.00,STATIONARY
116885,0.0102,0.0000,0.00,0.00,STATIONARY
116952,-0.0044,0.0000,0.00,0.00,STATIONARY
117018,0.0016,0.0000,0.00,0.00,STATIONARY
117084,0.0146,0.0000,0.00,0.00,STATIONARY
117150,-0.0202,0.0000,0.00,0.00,STATIONARY
117216,-0.0231,0.0000,0.00,0.00,STATIONARY
117282,0.0170,0.0000,0.00,0.00,STATIONARY
117347,-0.0177,0.0000,0.00,0.00,STATIONARY
117414,-0.0112,0.0000,0.00,0.00,STATIONARY
117480,-0.0008,0.0000,0.00,0.00,STATIONARY
117546,-0.0304,0.0000,0.00,0.00,STATIONARY
117612,-0.0155,0.0000,0.00,0.00,STATIONARY
117678,-0.0149,0.0000,0.00,0.00,STATIONARY
117743,-0.0351,0.0000,0.00,0.00,STATIONARY
117810,-0.0677,0.0000,0.00,0.00,STATIONARY
117876,-0.0570,0.0000,0.00,0.00,STATIONARY
117942,-0.0780,0.0000,-3.76,-2.54,STATIONARY
118008,-0.1102,0.0000,-3.76,-3.36,STATIONARY
118074,-0.1087,0.0000,-23.36,-16.85,STATIONARY
118140,-0.1312,-0.1312,-32.02,-27.08,STATIONARY
118205,-0.1505,-0.1505,-41.95,-37.11,STATIONARY
118272,-0.1269,-0.1269,-50.32,-46.03,STATIONARY
118337,-0.0980,-0.0980,-56.80,-53.29,STATIONARY
118404,-0.0934,-0.0934,0.00,0.00,STATIONARY
118470,-0.0553,0.0000,0.00,0.00,STATIONARY
118536,-0.1315,0.0000,-3.65,-2.46,STATIONARY
118602,0.0679,0.0000,-3.65,-3.26,STATIONARY
118668,-0.0229,0.0000,-3.65,-3.52,STATIONARY
118734,-0.0571,0.0000,-3.65,-3.61,STATIONARY
118800,0.0246,0.0000,-3.65,-3.63,STATIONARY
118865,0.0034,0.0000,-3.65,-3.64,STATIONARY
118932,-0.0292,0.0000,-3.65,-3.65,STATIONARY
118998,-0.0307,0.0000,0.00,0.00,STATIONARY
119064,0.0172,0.0000,0.00,0.00,STATIONARY
119130,-0.0301,0.0000,0.00,0.00,STATIONARY
119196,-0.0216,0.0000,0.00,0.00,STATIONARY
119262,0.0076,0.0000,0.00,0.00,STATIONARY
119328,-0.0069,0.0000,0.00,0.00,STATIONARY
119394,-0.0130,0.0000,0.00,0.00,STATIONARY
119460,-0.0086,0.0000,0.00,0.00,STATIONARY
119525,-0.0121,0.0000,0.00,0.00,STATIONARY
119592,-0.0245,0.0000,0.00,0.00,STATIONARY
119658,-0.0055,0.0000,0.00,0.00,STATIONARY
119724,-0.0107,0.0000,0.00,0.00,STATIONARY
119790,-0.0193,0.0000,0.00,0.00,STATIONARY
119856,-0.0310,0.0000,0.00,0.00,STATIONARY
119922,0.0018,0.0000,0.00,0.00,STATIONARY
119987,-0.0082,0.0000,0.00,0.00,STATIONARY
120054,-0.0210,0.0000,0.00,0.00,STATIONARY
120120,0.0116,0.0000,0.00,0.00,STATIONARY
120186,-0.0414,0.0000,0.00,0.00,STATIONARY
120252,0.0394,0.0000,0.00,0.00,STATIONARY
120318,-0.0384,0.0000,0.00,0.00,STATIONARY
120384,-0.0187,0.0000,0.00,0.00,STATIONARY
120449,0.0219,0.0000,0.00,0.00,STATIONARY
120516,-0.0055,0.0000,0.00,0.00,STATIONARY
120582,-0.0157,0.0000,0.00,0.00,STATIONARY
120648,-0.0640,0.0000,0.00,0.00,STATIONARY
120714,0.0073,0.0000,0.00,0.00,STATIONARY
120780,-0.0021,0.0000,0.00,0.00,STATIONARY
120845,-0.0789,0.0000,0.00,0.00,STATIONARY
120912,-0.0222,0.0000,0.00,0.00,STATIONARY
120978,-0.0328,0.0000,0.00,0.00,STATIONARY
121043,0.0404,0.0000,0.00,0.00,STATIONARY
121110,-0.0067,0.0000,0.00,0.00,STATIONARY
121175,0.0023,0.0000,0.00,0.00,STATIONARY
121242,-0.0644,0.0000,0.00,0.00,STATIONARY
121308,-0.0826,0.0000,0.00,0.00,STATIONARY
121374,-0.0399,0.0000,0.00,0.00,STATIONARY
121440,-0.0105,0.0000,0.00,0.00,STATIONARY
121505,-0.0882,0.0000,0.00,0.00,STATIONARY
121572,-0.0049,0.0000,0.00,0.00,STATIONARY
121638,-0.0494,0.0000,0.00,0.00,STATIONARY
121704,-0.0458,0.0000,0.00,0.00,STATIONARY
121770,-0.0037,0.0000,0.00,0.00,STATIONARY
121836,-0.0427,0.0000,0.00,0.00,STATIONARY
121902,0.0001,0.0000,0.00,0.00,STATIONARY
121968,-0.0199,0.0000,0.00,0.00,STATIONARY
122034,-0.0458,0.0000,0.00,0.00,STATIONARY
122100,-0.0261,0.0000,0.00,0.00,STATIONARY
122166,-0.0053,0.0000,0.00,0.00,STATIONARY
122232,0.0196,0.0000,0.00,0.00,STATIONARY
122298,-0.0191,0.0000,0.00,0.00,STATIONARY
122363,-0.0084,0.0000,0.00,0.00,STATIONARY
122430,-0.0427,0.0000,0.00,0.00,STATIONARY
122496,0.0348,0.0000,0.00,0.00,STATIONARY
122562,-0.0338,0.0000,0.00,0.00,STATIONARY
122627,-0.0458,0.0000,0.00,0.00,STATIONARY
122694,0.0135,0.0000,0.00,0.00,STATIONARY
122760,-0.0215,0.0000,0.00,0.00,STATIONARY
122826,-0.0334,0.0000,0.00,0.00,STATIONARY
122892,-0.0130,0.0000,0.00,0.00,STATIONARY
122958,-0.0021,0.0000,0.00,0.00,STATIONARY
123024,0.0011,0.0000,0.00,0.00,STATIONARY
123089,-0.0240,0.0000,0.00,0.00,STATIONARY
123156,-0.0061,0.0000,0.00,0.00,STATIONARY
123222,-0.0156,0.0000,0.00,0.00,STATIONARY
123288,-0.0073,0.0000,0.00,0.00,STATIONARY
123354,-0.0185,0.0000,0.00,0.00,STATIONARY
123420,-0.0160,0.0000,0.00,0.00,STATIONARY
123486,-0.0060,0.0000,0.00,0.00,STATIONARY
123552,-0.0047,0.0000,0.00,0.00,STATIONARY
123618,-0.0054,0.0000,0.00,0.00,STATIONARY
123684,-0.0051,0.0000,0.00,0.00,STATIONARY
123750,-0.0138,0.0000,0.00,0.00,STATIONARY
123815,-0.0087,0.0000,0.00,0.00,STATIONARY
123882,-0.0101,0.0000,0.00,0.00,STATIONARY
123948,-0.0247,0.0000,0.00,0.00,STATIONARY
124014,-0.0113,0.0000,0.00,0.00,STATIONARY
124080,-0.0149,0.0000,0.00,0.00,STATIONARY
124145,-0.0096,0.0000,0.00,0.00,STATIONARY
124212,-0.0189,0.0000,0.00,0.00,STATIONARY
124277,-0.0094,0.0000,0.00,0.00,STATIONARY
124344,-0.0169,0.0000,0.00,0.00,STATIONARY
124410,-0.0107,0.0000,0.00,0.00,STATIONARY
124476,-0.0134,0.0000,0.00,0.00,STATIONARY
124542,-0.0073,0.0000,0.00,0.00,STATIONARY
124608,-0.0140,0.0000,0.00,0.00,STATIONARY
124674,-0.0032,0.0000,0.00,0.00,STATIONARY
124740,-0.0348,0.0000,0.00,0.00,STATIONARY
124805,-0.0115,0.0000,0.00,0.00,STATIONARY
124872,-0.0329,0.0000,0.00,0.00,STATIONARY
124938,-0.0220,0.0000,0.00,0.00,STATIONARY
125003,-0.0048,0.0000,0.00,0.00,STATIONARY
125070,-0.0107,0.0000,0.00,0.00,STATIONARY
125136,-0.0162,0.0000,0.00,0.00,STATIONARY
125202,-0.0232,0.0000,0.00,0.00,STATIONARY
125268,-0.0140,0.0000,0.00,0.00,STATIONARY
125334,-0.0343,0.0000,0.00,0.00,STATIONARY
125400,-0.0245,0.0000,0.00,0.00,STATIONARY
125465,0.0074,0.0000,0.00,0.00,STATIONARY
125532,0.0038,0.0000,0.00,0.00,STATIONARY
125598,-0.0011,0.0000,0.00,0.00,STATIONARY
125664,0.0331,0.0000,0.00,0.00,STATIONARY
125729,0.0060,0.0000,0.00,0.00,STATIONARY
125796,-0.0262,0.0000,0.00,0.00,STATIONARY
125862,-0.0005,0.0000,0.00,0.00,STATIONARY
125928,0.0314,0.0000,0.00,0.00,STATIONARY
125994,-0.0182,0.0000,0.00,0.00,STATIONARY
126060,0.0037,0.0000,0.00,0.00,STATIONARY
126126,0.0225,0.0000,0.00,0.00,STATIONARY
126192,0.0071,0.0000,0.00,0.00,STATIONARY
126258,0.0241,0.0000,0.00,0.00,STATIONARY
126323,0.0101,0.0000,0.00,0.00,STATIONARY
126390,0.0259,0.0000,0.00,0.00,STATIONARY
126456,-0.0350,0.0000,0.00,0.00,STATIONARY
126522,0.0069,0.0000,0.00,0.00,STATIONARY
126588,0.0122,0.0000,0.00,0.00,STATIONARY
126654,0.0338,0.0000,0.00,0.00,STATIONARY
126720,-0.0191,0.0000,0.00,0.00,STATIONARY
126785,-0.0039,0.0000,0.00,0.00,STATIONARY
126852,0.0303,0.0000,0.00,0.00,STATIONARY
126918,-0.0286,0.0000,0.00,0.00,STATIONARY
126983,0.0445,0.0000,0.00,0.00,STATIONARY
127050,-0.0110,0.0000,0.00,0.00,STATIONARY
127116,-0.0208,0.0000,0.00,0.00,STATIONARY
127182,-0.0132,0.0000,0.00,0.00,STATIONARY
127247,-0.0034,0.0000,0.00,0.00,STATIONARY
127314,-0.0319,0.0000,0.00,0.00,STATIONARY
127379,-0.0063,0.0000,0.00,0.00,STATIONARY
127445,-0.0119,0.0000,0.00,0.00,STATIONARY
127512,-0.0224,0.0000,0.00,0.00,STATIONARY
127578,-0.0232,0.0000,0.00,0.00,STATIONARY
127643,-0.0163,0.0000,0.00,0.00,STATIONARY
127710,-0.0141,0.0000,0.00,0.00,STATIONARY
127776,0.0029,0.0000,0.00,0.00,STATIONARY
127842,-0.0062,0.0000,0.00,0.00,STATIONARY
127908,0.0110,0.0000,0.00,0.00,STATIONARY
127974,-0.0004,0.0000,0.00,0.00,STATIONARY
128040,-0.0211,0.0000,0.00,0.00,STATIONARY
128105,-0.0357,0.0000,0.00,0.00,STATIONARY
128172,-0.0210,0.0000,0.00,0.00,STATIONARY
128237,0.0075,0.0000,0.00,0.00,STATIONARY
128304,-0.0013,0.0000,0.00,0.00,STATIONARY
128370,-0.0118,0.0000,0.00,0.00,STATIONARY
128436,-0.0036,0.0000,0.00,0.00,STATIONARY
128502,-0.0068,0.0000,0.00,0.00,STATIONARY
128568,-0.0193,0.0000,0.00,0.00,STATIONARY
128634,-0.0210,0.0000,0.00,0.00,STATIONARY
128700,-0.0212,0.0000,0.00,0.00,STATIONARY
128766,-0.0111,0.0000,0.00,0.00,STATIONARY
128832,-0.0247,0.0000,0.00,0.00,STATIONARY
128898,-0.0055,0.0000,0.00,0.00,STATIONARY
128964,-0.0042,0.0000,0.00,0.00,STATIONARY
129030,-0.0128,0.0000,0.00,0.00,STATIONARY
129096,-0.0133,0.0000,0.00,0.00,STATIONARY
129162,-0.0168,0.0000,0.00,0.00,STATIONARY
129228,-0.0292,0.0000,0.00,0.00,STATIONARY
129294,-0.0181,0.0000,0.00,0.00,STATIONARY
129360,-0.0001,0.0000,0.00,0.00,STATIONARY
129425,-0.0132,0.0000,0.00,0.00,STATIONARY
129492,-0.0082,0.0000,0.00,0.00,STATIONARY
129558,-0.0199,0.0000,0.00,0.00,STATIONARY
129624,-0.0044,0.0000,0.00,0.00,STATIONARY
129690,0.0000,0.0000,0.00,0.00,STATIONARY
129756,0.0035,0.0000,0.00,0.00,STATIONARY
129822,-0.0163,0.0000,0.00,0.00,STATIONARY
129888,-0.0062,0.0000,0.00,0.00,STATIONARY
129954,-0.0067,0.0000,0.00,0.00,STATIONARY
130020,-0.0096,0.0000,0.00,0.00,STATIONARY
130086,-0.0223,0.0000,0.00,0.00,STATIONARY
130152,0.0130,0.0000,0.00,0.00,STATIONARY
130218,-0.0025,0.0000,0.00,0.00,STATIONARY
130284,-0.0125,0.0000,0.00,0.00,STATIONARY
130350,-0.0074,0.0000,0.00,0.00,STATIONARY
130416,-0.0117,0.0000,0.00,0.00,STATIONARY
130482,-0.0289,0.0000,0.00,0.00,STATIONARY
130548,-0.0867,0.0000,0.00,0.00,STATIONARY
130614,-0.1070,0.0000,0.00,0.00,STATIONARY
130680,-0.0979,0.0000,-19.24,-12.98,STATIONARY
130745,-0.1324,-0.1324,-27.98,-23.10,STATIONARY
130812,-0.1434,-0.1434,-37.45,-32.78,STATIONARY
130878,-0.1313,-0.1313,0.00,0.00,STATIONARY
130944,-0.1717,0.0000,0.00,0.00,STATIONARY
131010,-0.1586,0.0000,0.00,0.00,STATIONARY
131076,-0.1551,0.0000,-32.03,-21.61,STATIONARY
131142,-0.2657,-0.2657,-49.57,-40.47,STATIONARY
131208,-0.3410,-0.3410,-72.07,-61.79,STATIONARY
131274,-0.3462,-0.3462,-94.92,-84.14,STATIONARY
131340,-0.3718,-0.3718,-119.46,-107.97,STATIONARY
131406,-0.3715,-0.3715,-143.98,-132.26,DOWN
131472,-0.4009,-0.4009,-170.44,-158.02,DOWN
131537,-0.4526,-0.4526,-200.31,-186.55,DOWN
131604,-0.4341,-0.4341,-228.96,-215.16,DOWN
131669,-0.4651,-0.4651,-259.65,-245.18,DOWN
131736,-0.4755,-0.4755,-291.04,-276.12,DOWN
131802,-0.4784,-0.4784,-322.62,-307.49,DOWN
131868,-0.5202,-0.5202,-356.95,-340.86,DOWN
131934,-0.5121,-0.5121,-390.75,-374.52,DOWN
132000,-0.5707,-0.5707,-428.42,-410.88,DOWN
132065,-0.5630,-0.5630,-465.57,-447.78,DOWN
132132,-0.5733,-0.5733,-503.41,-485.31,DOWN
132198,-0.6131,-0.6131,-543.88,-524.82,DOWN
132263,-0.6330,-0.6330,-585.65,-565.86,DOWN
132330,-0.6453,-0.6453,-628.24,-607.95,DOWN
132395,-0.6337,-0.6337,-670.06,-649.85,DOWN
132462,-0.6796,-0.6796,-714.92,-693.75,DOWN
132528,-0.7019,-0.7019,-761.24,-739.28,DOWN
132594,-0.6936,-0.6936,-807.02,-784.98,DOWN
132660,-0.6293,-0.6293,-848.56,-827.87,DOWN
132725,-0.5546,-0.5546,-885.16,-866.52,DOWN
132792,-0.4734,-0.4734,-916.41,-900.18,DOWN
132858,-0.3946,-0.3946,-942.45,-928.70,DOWN
132923,-0.3000,-0.3000,-962.25,-951.34,DOWN
132990,-0.2530,-0.2530,-978.95,-969.97,DOWN
133056,-0.1250,-0.1250,-987.20,-981.59,DOWN
133122,-0.0758,-0.0758,-992.20,-988.75,DOWN
133188,0.0598,0.0000,-992.20,-991.08,DOWN
133254,0.0225,0.0000,-992.20,-991.84,DOWN
133320,0.0821,0.0000,-986.77,-988.42,DOWN
133386,0.0526,0.0000,-986.77,-987.31,DOWN
133452,-0.0195,0.0000,-986.77,-986.95,DOWN
133518,0.1098,0.0000,-984.58,-985.35,DOWN
133583,0.0311,0.0000,-984.58,-984.83,DOWN
133650,0.1112,0.0000,-984.58,-984.66,DOWN
133716,0.1593,0.0000,-984.58,-984.61,DOWN
133782,0.1788,0.0000,-954.93,-964.58,DOWN
133848,0.2547,0.2547,-938.11,-946.73,DOWN
133914,0.2056,0.2056,-924.55,-931.76,DOWN
133980,0.3786,0.3786,-899.56,-910.04,DOWN
134046,0.3064,0.3064,-879.34,-889.33,DOWN
134112,0.4079,0.4079,-852.41,-864.42,DOWN
134177,0.4270,0.4270,-824.23,-837.31,DOWN
134244,0.4362,0.4362,-795.44,-809.06,DOWN
134310,0.5395,0.5395,-759.83,-775.85,DOWN
134376,0.5826,0.5826,-721.38,-739.10,DOWN
134442,0.5931,0.5931,-682.24,-700.74,DOWN
134508,0.6431,0.6431,-639.80,-659.63,DOWN
134574,0.6111,0.6111,-599.46,-619.04,DOWN
134640,0.7609,0.7609,-549.24,-571.95,DOWN
134706,0.7740,0.7740,-498.16,-522.17,DOWN
134772,0.7398,0.7398,-449.34,-473.03,DOWN
134838,0.7512,0.7512,-399.76,-423.60,DOWN
134903,0.7417,0.7417,-350.81,-374.49,DOWN
134970,0.6373,0.6373,-308.75,-330.14,DOWN
135035,0.6005,0.6005,-269.11,-288.97,DOWN
135102,0.5181,0.5181,-234.92,-252.50,DOWN
135168,0.4574,0.4574,-204.72,-220.27,DOWN
135234,0.4529,0.4529,-174.83,-189.62,DOWN
135300,0.4374,0.4374,-145.97,-160.17,DOWN
135365,0.2797,0.2797,-127.51,-138.13,DOWN
135432,0.2654,0.2654,-109.99,-119.15,DOWN
135498,0.2492,0.2492,-93.54,-101.87,DOWN
135564,0.1743,0.1743,-82.04,-88.49,DOWN
135630,0.0908,0.0908,-76.04,-80.09,DOWN
135696,0.0928,0.0928,-69.92,-73.23,DOWN
135762,-0.0083,0.0000,-69.92,-70.99,DOWN
135828,-0.0648,0.0000,-69.92,-70.27,DOWN
135894,-0.0410,0.0000,-69.92,-70.03,DOWN
135960,-0.0461,0.0000,-69.92,-69.95,DOWN
136025,-0.0862,0.0000,-69.92,-69.93,DOWN
136092,-0.0533,0.0000,-69.92,-69.92,DOWN
136158,-0.0510,0.0000,-69.92,-69.92,DOWN
136223,-0.0649,0.0000,-76.80,-74.56,DOWN
136290,-0.0374,0.0000,-76.80,-76.07,DOWN
136356,-0.0364,0.0000,-76.80,-76.56,DOWN
136422,-0.0495,0.0000,0.00,0.00,STATIONARY
136488,-0.0157,0.0000,0.00,0.00,STATIONARY
136554,-0.0138,0.0000,0.00,0.00,STATIONARY
136620,-0.0150,0.0000,0.00,0.00,STATIONARY
136685,-0.0281,0.0000,0.00,0.00,STATIONARY
136752,0.0001,0.0000,0.00,0.00,STATIONARY
136818,-0.0406,0.0000,0.00,0.00,STATIONARY
136884,-0.0441,0.0000,0.00,0.00,STATIONARY
136949,0.0084,0.0000,0.00,0.00,STATIONARY
137016,-0.0366,0.0000,0.00,0.00,STATIONARY
137082,0.0023,0.0000,0.00,0.00,STATIONARY
137148,0.0120,0.0000,0.00,0.00,STATIONARY
137214,-0.0081,0.0000,0.00,0.00,STATIONARY
137280,-0.0006,0.0000,0.00,0.00,STATIONARY
137346,0.0220,0.0000,0.00,0.00,STATIONARY
137412,0.0178,0.0000,0.00,0.00,STATIONARY
137478,0.0293,0.0000,0.00,0.00,STATIONARY
137544,0.0620,0.0000,0.00,0.00,STATIONARY
137610,0.0392,0.0000,0.00,0.00,STATIONARY
137675,0.0524,0.0000,0.00,0.00,STATIONARY
137742,0.1153,0.0000,6.04,4.07,STATIONARY
137808,0.0919,0.0000,6.04,5.40,STATIONARY
137874,0.0982,0.0000,26.20,19.43,STATIONARY
137940,0.1115,0.1115,33.55,28.96,STATIONARY
138006,0.0864,0.0864,39.25,35.90,STATIONARY
138072,0.0645,0.0645,43.51,41.03,STATIONARY
138137,0.0639,0.0639,47.72,45.55,STATIONARY
138204,0.0702,0.0702,0.00,0.00,STATIONARY
138270,-0.0314,0.0000,0.00,0.00,STATIONARY
138336,-0.0527,0.0000,0.00,0.00,STATIONARY
138402,0.0586,0.0000,0.00,0.00,STATIONARY
138468,-0.0194,0.0000,0.00,0.00,STATIONARY
138534,-0.0690,0.0000,-2.96,-2.00,STATIONARY
138599,0.0018,0.0000,-2.96,-2.65,STATIONARY
138665,-0.0121,0.0000,-2.96,-2.86,STATIONARY
138732,-0.0246,0.0000,-2.96,-2.93,STATIONARY
138798,0.0105,0.0000,0.00,0.00,STATIONARY
138863,-0.0328,0.0000,0.00,0.00,STATIONARY
138930,-0.0321,0.0000,0.00,0.00,STATIONARY
138996,0.0168,0.0000,0.00,0.00,STATIONARY
139062,-0.0055,0.0000,0.00,0.00,STATIONARY
139127,-0.0123,0.0000,0.00,0.00,STATIONARY
139194,-0.0072,0.0000,0.00,0.00,STATIONARY
139260,-0.0201,0.0000,0.00,0.00,STATIONARY
139325,-0.0084,0.0000,0.00,0.00,STATIONARY
139392,0.0090,0.0000,0.00,0.00,STATIONARY
139458,-0.0109,0.0000,0.00,0.00,STATIONARY
139524,-0.0114,0.0000,0.00,0.00,STATIONARY
139589,-0.0201,0.0000,0.00,0.00,STATIONARY
139656,-0.0213,0.0000,0.00,0.00,STATIONARY
139722,-0.0129,0.0000,0.00,0.00,STATIONARY
139787,-0.0007,0.0000,0.00,0.00,STATIONARY
139854,-0.0210,0.0000,0.00,0.00,STATIONARY
139920,-0.0200,0.0000,0.00,0.00,STATIONARY
139986,-0.0100,0.0000,0.00,0.00,STATIONARY
140052,-0.0135,0.0000,0.00,0.00,STATIONARY
140118,-0.0106,0.0000,0.00,0.00,STATIONARY
140184,-0.0016,0.0000,0.00,0.00,STATIONARY
140250,-0.0116,0.0000,0.00,0.00,STATIONARY
140316,0.0118,0.0000,0.00,0.00,STATIONARY
140382,0.0322,0.0000,0.00,0.00,STATIONARY
140448,0.0255,0.0000,0.00,0.00,STATIONARY
140514,0.0034,0.0000,0.00,0.00,STATIONARY
140580,0.0382,0.0000,0.00,0.00,STATIONARY
140645,-0.0853,0.0000,0.00,0.00,STATIONARY
140712,-0.0156,0.0000,0.00,0.00,STATIONARY
140777,0.0396,0.0000,0.00,0.00,STATIONARY
140843,-0.0135,0.0000,0.00,0.00,STATIONARY
140910,-0.0038,0.0000,0.00,0.00,STATIONARY
140976,-0.0200,0.0000,0.00,0.00,STATIONARY
141042,0.0212,0.0000,0.00,0.00,STATIONARY
141108,-0.0442,0.0000,0.00,0.00,STATIONARY
141174,-0.0443,0.0000,0.00,0.00,STATIONARY
141239,0.0665,0.0000,0.00,0.00,STATIONARY
141305,0.0156,0.0000,0.00,0.00,STATIONARY
141372,0.0003,0.0000,0.00,0.00,STATIONARY
141438,-0.0122,0.0000,0.00,0.00,STATIONARY
141504,-0.0019,0.0000,0.00,0.00,STATIONARY
141570,0.0226,0.0000,0.00,0.00,STATIONARY
141636,0.0220,0.0000,0.00,0.00,STATIONARY
141702,-0.0016,0.0000,0.00,0.00,STATIONARY
141768,0.0206,0.0000,0.00,0.00,STATIONARY
141834,0.0160,0.0000,0.00,0.00,STATIONARY
141900,0.0083,0.0000,0.00,0.00,STATIONARY
141965,0.0014,0.0000,0.00,0.00,STATIONARY
142032,-0.0173,0.0000,0.00,0.00,STATIONARY
142098,-0.0554,0.0000,0.00,0.00,STATIONARY
142164,0.0243,0.0000,0.00,0.00,STATIONARY
142230,-0.0129,0.0000,0.00,0.00,STATIONARY
142296,0.0109,0.0000,0.00,0.00,STATIONARY
142362,-0.0073,0.0000,0.00,0.00,STATIONARY
142428,0.0166,0.0000,0.00,0.00,STATIONARY
142494,0.0140,0.0000,0.00,0.00,STATIONARY
142560,-0.0085,0.0000,0.00,0.00,STATIONARY
142626,0.0025,0.0000,0.00,0.00,STATIONARY
142692,0.0238,0.0000,0.00,0.00,STATIONARY
142758,-0.0127,0.0000,0.00,0.00,STATIONARY
142824,0.0106,0.0000,0.00,0.00,STATIONARY
142890,0.0096,0.0000,0.00,0.00,STATIONARY
142956,-0.0125,0.0000,0.00,0.00,STATIONARY
143022,-0.0140,0.0000,0.00,0.00,STATIONARY
143088,-0.0371,0.0000,0.00,0.00,STATIONARY
143154,-0.0150,0.0000,0.00,0.00,STATIONARY
143220,-0.0083,0.0000,0.00,0.00,STATIONARY
143286,-0.0119,0.0000,0.00,0.00,STATIONARY
143352,-0.0045,0.0000,0.00,0.00,STATIONARY
143418,-0.0193,0.0000,0.00,0.00,STATIONARY
143484,-0.0041,0.0000,0.00,0.00,STATIONARY
143550,-0.0157,0.0000,0.00,0.00,STATIONARY
143615,-0.0183,0.0000,0.00,0.00,STATIONARY
143682,-0.0084,0.0000,0.00,0.00,STATIONARY
143748,-0.0040,0.0000,0.00,0.00,STATIONARY
143814,-0.0143,0.0000,0.00,0.00,STATIONARY
143880,-0.0188,0.0000,0.00,0.00,STATIONARY
143945,-0.0223,0.0000,0.00,0.00,STATIONARY
144012,-0.0109,0.0000,0.00,0.00,STATIONARY
144078,-0.0120,0.0000,0.00,0.00,STATIONARY
144143,-0.0155,0.0000,0.00,0.00,STATIONARY
144210,-0.0101,0.0000,0.00,0.00,STATIONARY
144276,-0.0112,0.0000,0.00,0.00,STATIONARY
144342,-0.0025,0.0000,0.00,0.00,STATIONARY
144408,0.0002,0.0000,0.00,0.00,STATIONARY
144474,-0.0236,0.0000,0.00,0.00,STATIONARY
144540,-0.0316,0.0000,0.00,0.00,STATIONARY
144605,-0.0041,0.0000,0.00,0.00,STATIONARY
144672,0.0081,0.0000,0.00,0.00,STATIONARY
144738,-0.0262,0.0000,0.00,0.00,STATIONARY
144803,-0.0254,0.0000,0.00,0.00,STATIONARY
144870,-0.0046,0.0000,0.00,0.00,STATIONARY
144935,-0.0287,0.0000,0.00,0.00,STATIONARY
145002,-0.0461,0.0000,0.00,0.00,STATIONARY
145068,-0.0240,0.0000,0.00,0.00,STATIONARY
145134,-0.0066,0.0000,0.00,0.00,STATIONARY
145200,-0.0432,0.0000,0.00,0.00,STATIONARY
145266,-0.0061,0.0000,0.00,0.00,STATIONARY
145332,0.0014,0.0000,0.00,0.00,STATIONARY
145398,0.0016,0.0000,0.00,0.00,STATIONARY
145464,-0.0057,0.0000,0.00,0.00,STATIONARY
145529,-0.0123,0.0000,0.00,0.00,STATIONARY
145596,-0.0162,0.0000,0.00,0.00,STATIONARY
145662,-0.0053,0.0000,0.00,0.00,STATIONARY
145728,-0.0370,0.0000,0.00,0.00,STATIONARY
145794,-0.0409,0.0000,0.00,0.00,STATIONARY
145860,0.0341,0.0000,0.00,0.00,STATIONARY
145926,-0.0423,0.0000,0.00,0.00,STATIONARY
145992,-0.0132,0.0000,0.00,0.00,STATIONARY
146058,0.0087,0.0000,0.00,0.00,STATIONARY
146124,-0.0081,0.0000,0.00,0.00,STATIONARY
146190,-0.0150,0.0000,0.00,0.00,STATIONARY
146256,-0.0417,0.0000,0.00,0.00,STATIONARY
146322,-0.0334,0.0000,0.00,0.00,STATIONARY
146388,-0.0485,0.0000,0.00,0.00,STATIONARY
146454,-0.0609,0.0000,0.00,0.00,STATIONARY
146520,0.0152,0.0000,0.00,0.00,STATIONARY
146586,0.0080,0.0000,0.00,0.00,STATIONARY
146652,0.0534,0.0000,0.00,0.00,STATIONARY
146718,0.0587,0.0000,0.00,0.00,STATIONARY
146784,0.0356,0.0000,0.00,0.00,STATIONARY
146850,0.0476,0.0000,0.00,0.00,STATIONARY
146916,0.0360,0.0000,0.00,0.00,STATIONARY
146982,0.0299,0.0000,0.00,0.00,STATIONARY
147048,0.0664,0.0000,18.76,12.66,STATIONARY
147114,0.0803,0.0000,0.00,0.00,STATIONARY
147180,0.0703,0.0000,0.00,0.00,STATIONARY
147245,0.0717,0.0000,0.00,0.00,STATIONARY
147312,0.0685,0.0000,13.89,9.37,STATIONARY
147378,0.0905,0.0905,19.87,16.45,STATIONARY
147443,0.0713,0.0713,24.57,21.93,STATIONARY
147510,0.0615,0.0615,28.63,26.45,STATIONARY
147576,0.0782,0.0782,33.79,31.40,STATIONARY
147642,0.0720,0.0720,38.54,36.22,STATIONARY
147708,0.0972,0.0972,0.00,0.00,STATIONARY
147774,0.0970,0.0000,0.00,0.00,STATIONARY
147840,0.0997,0.0000,0.00,0.00,STATIONARY
147905,0.0720,0.0000,17.73,11.96,STATIONARY
147972,0.0803,0.0803,23.03,19.43,STATIONARY
148038,0.1123,0.1123,30.44,26.86,STATIONARY
148104,0.3258,0.3258,51.94,43.78,STATIONARY
148169,0.0976,0.0976,58.38,53.63,STATIONARY
148236,0.0832,0.0832,63.87,60.54,STATIONARY
148302,0.2224,0.2224,0.00,0.00,STATIONARY
148368,0.1659,0.0000,0.00,0.00,STATIONARY
148434,0.1054,0.0000,0.00,0.00,STATIONARY
148500,0.2330,0.0000,33.28,22.45,STATIONARY
148566,0.2103,0.2103,47.16,39.12,STATIONARY
148632,0.1491,0.1491,57.00,51.19,STATIONARY
148698,0.2380,0.2380,72.71,65.71,STATIONARY
148764,0.3081,0.3081,93.05,84.15,STATIONARY
148830,0.3642,0.3642,117.08,106.37,UP
148896,0.3998,0.3998,143.47,131.40,UP
148962,0.4039,0.4039,170.12,157.52,UP
149028,0.4293,0.4293,198.45,185.14,UP
149094,0.4747,0.4747,229.79,215.26,UP
149160,0.4434,0.4434,259.05,244.80,UP
149225,0.5080,0.5080,292.58,277.04,UP
149292,0.5025,0.5025,325.75,309.90,UP
149357,0.4973,0.4973,358.57,342.73,UP
149423,0.5470,0.5470,394.67,377.77,UP
149490,0.5375,0.5375,430.15,413.10,UP
149556,0.5284,0.5284,465.02,448.13,UP
149622,0.5740,0.5740,502.91,485.09,UP
149688,0.5957,0.5957,542.22,523.63,UP
149754,0.5651,0.5651,579.52,561.33,UP
149819,0.6535,0.6535,622.65,602.70,UP
149885,0.6161,0.6161,663.31,643.59,UP
149952,0.5739,0.5739,701.19,682.45,UP
150018,0.6388,0.6388,743.35,723.53,UP
150083,0.6694,0.6694,787.52,766.70,UP
150150,0.7060,0.7060,834.12,812.19,UP
150216,0.7301,0.7301,882.30,859.49,UP
150282,0.6684,0.6684,926.42,904.64,UP
150348,0.5629,0.5629,963.57,944.40,UP
150414,0.5963,0.5963,1002.93,983.88,UP
150480,0.3978,0.3978,1029.18,1014.44,UP
150545,0.2698,0.2698,1046.99,1036.40,UP
150612,0.3175,0.3175,1067.94,1057.68,UP
150677,0.1320,0.1320,1076.66,1070.48,UP
150744,0.0071,0.0000,1076.66,1074.65,UP
150809,0.0563,0.0000,1076.66,1076.00,UP
150876,-0.0312,0.0000,1076.66,1076.45,UP
150942,-0.1251,0.0000,1078.78,1078.02,UP
151007,-0.0340,0.0000,1078.78,1078.53,UP
151074,-0.0885,0.0000,1078.78,1078.70,UP
151140,-0.0107,0.0000,1078.78,1078.76,UP
151206,-0.0576,0.0000,1078.78,1078.77,UP
151272,-0.0790,0.0000,1074.28,1075.74,UP
151337,-0.0805,0.0000,1074.28,1074.75,UP
151404,-0.2113,0.0000,1049.80,1057.92,UP
151470,-0.1674,-0.1674,1038.75,1044.99,UP
151536,-0.2420,-0.2420,1022.78,1030.00,UP
151602,-0.2716,-0.2716,1004.85,1013.03,UP
151668,-0.3621,-0.3621,980.95,991.39,UP
151734,-0.3446,-0.3446,958.21,969.01,UP
151800,-0.4227,-0.4227,930.32,942.90,UP
151865,-0.4898,-0.4898,897.99,912.60,UP
151932,-0.4726,-0.4726,866.79,881.70,UP
151997,-0.5372,-0.5372,831.34,847.72,UP
152064,-0.6174,-0.6174,790.58,809.17,UP
152130,-0.6226,-0.6226,749.49,768.91,UP
152196,-0.6718,-0.6718,705.15,725.90,UP
152262,-0.7069,-0.7069,658.50,680.43,UP
152328,-0.7328,-0.7328,610.13,633.01,UP
152394,-0.7542,-0.7542,560.35,583.99,UP
152460,-0.7561,-0.7561,510.45,534.38,UP
152525,-0.7521,-0.7521,460.81,484.75,UP
152592,-0.6903,-0.6903,415.25,437.86,UP
152658,-0.6011,-0.6011,375.58,395.84,UP
152723,-0.5849,-0.5849,336.97,356.13,UP
152790,-0.5074,-0.5074,303.48,320.61,UP
152856,-0.4639,-0.4639,272.86,288.40,UP
152922,-0.4097,-0.4097,245.83,259.68,UP
152988,-0.3288,-0.3288,224.12,235.69,UP
153054,-0.2972,-0.2972,204.51,214.65,UP
153120,-0.2374,-0.2374,188.84,197.24,UP
153186,-0.1713,-0.1713,177.53,183.94,UP
153252,-0.1101,-0.1101,170.26,174.71,UP
153318,-0.0850,-0.0850,164.65,167.93,UP
153384,-0.0024,0.0000,164.65,165.72,UP
153450,0.0527,0.0000,164.65,165.00,UP
153516,0.0531,0.0000,164.65,164.76,UP
153582,0.0364,0.0000,164.65,164.69,UP
153648,0.0767,0.0000,173.88,170.89,UP
153714,0.0870,0.0000,173.88,172.91,UP
153780,0.0402,0.0000,173.88,173.56,UP
153846,0.0558,0.0000,173.88,173.78,UP
153912,0.0442,0.0000,173.88,173.85,UP
153978,0.0322,0.0000,173.88,173.87,UP
154044,0.0391,0.0000,173.88,173.88,UP
154110,0.0490,0.0000,173.88,173.88,UP
154175,0.0153,0.0000,173.88,173.88,UP
154242,0.0132,0.0000,173.88,173.88,UP
154308,0.0235,0.0000,173.88,173.88,UP
154374,0.0134,0.0000,173.88,173.88,UP
154440,0.0080,0.0000,173.88,173.88,UP
154505,0.0167,0.0000,173.88,173.88,UP
154572,0.0136,0.0000,173.88,173.88,UP
154638,0.0124,0.0000,173.88,173.88,UP
154703,0.0027,0.0000,173.88,173.88,UP
154770,-0.0104,0.0000,173.88,173.88,UP
154835,-0.0253,0.0000,173.88,173.88,UP
154902,-0.0378,0.0000,173.88,173.88,UP
154968,-0.0410,0.0000,173.88,173.88,UP
155034,-0.0627,0.0000,173.88,173.88,UP
155099,-0.0803,0.0000,173.88,173.88,UP
155165,-0.0660,0.0000,160.09,164.57,UP
155232,-0.0936,-0.0936,153.91,157.38,UP
155298,-0.1065,-0.1065,146.88,150.29,UP
155363,-0.0915,-0.0915,140.84,143.92,UP
155430,-0.0801,-0.0801,135.56,138.28,UP
155496,-0.0598,0.0000,135.56,136.44,UP
155562,-0.0403,0.0000,135.56,135.84,UP
155628,-0.1226,0.0000,128.95,131.19,UP
155694,0.0926,0.0000,128.95,129.68,UP
155760,0.0257,0.0000,128.95,129.19,UP
155825,-0.0486,0.0000,128.95,129.03,UP
155892,0.0349,0.0000,128.95,128.97,UP
155958,0.0343,0.0000,128.95,128.96,UP
156024,-0.0064,0.0000,128.95,128.95,UP
156090,0.0277,0.0000,128.95,128.95,UP
156156,0.0350,0.0000,128.95,128.95,UP
156222,0.0109,0.0000,128.95,128.95,UP
156288,0.0192,0.0000,128.95,128.95,UP
156354,0.0441,0.0000,128.95,128.95,UP
156420,0.0036,0.0000,0.00,0.00,STATIONARY
156486,0.0187,0.0000,0.00,0.00,STATIONARY
156552,0.0294,0.0000,0.00,0.00,STATIONARY
156618,0.0225,0.0000,0.00,0.00,STATIONARY
156684,0.0215,0.0000,0.00,0.00,STATIONARY
156749,0.0370,0.0000,0.00,0.00,STATIONARY
156816,0.0197,0.0000,0.00,0.00,STATIONARY
156882,0.0191,0.0000,0.00,0.00,STATIONARY
156948,0.0184,0.0000,0.00,0.00,STATIONARY
157014,0.0262,0.0000,0.00,0.00,STATIONARY
157080,0.0188,0.0000,0.00,0.00,STATIONARY
157146,0.0251,0.0000,0.00,0.00,STATIONARY
157212,0.0247,0.0000,0.00,0.00,STATIONARY
157278,0.0016,0.0000,0.00,0.00,STATIONARY
157343,0.0161,0.0000,0.00,0.00,STATIONARY
157410,0.0081,0.0000,0.00,0.00,STATIONARY
157475,0.0318,0.0000,0.00,0.00,STATIONARY
157542,0.0055,0.0000,0.00,0.00,STATIONARY
157608,0.0043,0.0000,0.00,0.00,STATIONARY
157674,0.0170,0.0000,0.00,0.00,STATIONARY
157740,0.0364,0.0000,0.00,0.00,STATIONARY
157805,-0.0132,0.0000,0.00,0.00,STATIONARY
157872,0.0162,0.0000,0.00,0.00,STATIONARY
157937,0.0607,0.0000,0.00,0.00,STATIONARY
158004,0.0523,0.0000,0.00,0.00,STATIONARY
158070,0.0189,0.0000,0.00,0.00,STATIONARY
158136,-0.0743,0.0000,4.70,3.17,STATIONARY
158202,0.0772,0.0000,0.00,0.00,STATIONARY
158268,0.0164,0.0000,0.00,0.00,STATIONARY
158334,-0.0034,0.0000,0.00,0.00,STATIONARY
158400,-0.0538,0.0000,0.00,0.00,STATIONARY
158465,0.0234,0.0000,0.00,0.00,STATIONARY
158532,0.0189,0.0000,0.00,0.00,STATIONARY
158598,-0.0173,0.0000,0.00,0.00,STATIONARY
158663,0.0172,0.0000,0.00,0.00,STATIONARY
158730,0.0183,0.0000,0.00,0.00,STATIONARY
158796,0.0419,0.0000,0.00,0.00,STATIONARY
158862,0.0151,0.0000,0.00,0.00,STATIONARY
158928,0.0156,0.0000,0.00,0.00,STATIONARY
158994,0.0333,0.0000,0.00,0.00,STATIONARY
159060,0.0633,0.0000,0.00,0.00,STATIONARY
159125,0.0084,0.0000,0.00,0.00,STATIONARY
159192,0.0613,0.0000,0.00,0.00,STATIONARY
159258,0.0283,0.0000,0.00,0.00,STATIONARY
159324,-0.0117,0.0000,0.00,0.00,STATIONARY
159390,0.0312,0.0000,0.00,0.00,STATIONARY
159456,0.0390,0.0000,0.00,0.00,STATIONARY
159522,0.0094,0.0000,0.00,0.00,STATIONARY
159588,0.0341,0.0000,0.00,0.00,STATIONARY
159654,-0.0099,0.0000,0.00,0.00,STATIONARY
159720,0.0082,0.0000,0.00,0.00,STATIONARY
159786,0.0097,0.0000,0.00,0.00,STATIONARY
159852,0.0052,0.0000,0.00,0.00,STATIONARY
159918,0.0545,0.0000,0.00,0.00,STATIONARY
159984,-0.0242,0.0000,0.00,0.00,STATIONARY
160050,-0.0159,0.0000,0.00,0.00,STATIONARY
160116,0.0176,0.0000,0.00,0.00,STATIONARY
160182,0.0032,0.0000,0.00,0.00,STATIONARY
160248,0.0100,0.0000,0.00,0.00,STATIONARY
160314,0.0066,0.0000,0.00,0.00,STATIONARY
160380,0.0156,0.0000,0.00,0.00,STATIONARY
160445,0.0003,0.0000,0.00,0.00,STATIONARY
160512,0.0203,0.0000,0.00,0.00,STATIONARY
160577,0.0174,0.0000,0.00,0.00,STATIONARY
160644,0.0124,0.0000,0.00,0.00,STATIONARY
160710,0.0017,0.0000,0.00,0.00,STATIONARY
160776,-0.0061,0.0000,0.00,0.00,STATIONARY
160842,0.0077,0.0000,0.00,0.00,STATIONARY
160908,-0.0174,0.0000,0.00,0.00,STATIONARY
160974,-0.0163,0.0000,0.00,0.00,STATIONARY
161039,-0.0262,0.0000,0.00,0.00,STATIONARY
161105,-0.0211,0.0000,0.00,0.00,STATIONARY
161172,-0.0336,0.0000,0.00,0.00,STATIONARY
161238,-0.0399,0.0000,0.00,0.00,STATIONARY
161303,-0.0346,0.0000,0.00,0.00,STATIONARY
161370,-0.0429,0.0000,0.00,0.00,STATIONARY
161436,-0.0590,0.0000,0.00,0.00,STATIONARY
161502,-0.0682,0.0000,0.00,0.00,STATIONARY
161568,-0.0289,0.0000,0.00,0.00,STATIONARY
161634,-0.0575,0.0000,0.00,0.00,STATIONARY
161700,-0.0431,0.0000,0.00,0.00,STATIONARY
161765,-0.0129,0.0000,0.00,0.00,STATIONARY
161832,-0.0195,0.0000,0.00,0.00,STATIONARY
161898,-0.0612,0.0000,-10.69,-7.21,STATIONARY
161964,-0.0500,0.0000,-10.69,-9.56,STATIONARY
162030,-0.0539,0.0000,-10.69,-10.32,STATIONARY
162096,-0.0422,0.0000,-10.69,-10.57,STATIONARY
162162,-0.0588,0.0000,-10.69,-10.65,STATIONARY
162228,-0.0426,0.0000,-10.69,-10.67,STATIONARY
162294,-0.0278,0.0000,-10.69,-10.68,STATIONARY
162360,-0.0332,0.0000,0.00,0.00,STATIONARY
162426,-0.0237,0.0000,0.00,0.00,STATIONARY
162492,0.0191,0.0000,0.00,0.00,STATIONARY
162558,0.0079,0.0000,0.00,0.00,STATIONARY
162624,-0.0095,0.0000,0.00,0.00,STATIONARY
