time_ms,original_az,accel_z_mps2,velocity_mm_s,smooth_mm_s,direction
0,0.0029,0.0000,0.00,0.00,STATIONARY
10,0.0004,0.0000,0.00,0.00,STATIONARY
20,-0.0048,0.0000,0.00,0.00,STATIONARY
29,-0.0005,0.0000,0.00,0.00,STATIONARY
40,-0.0077,0.0000,0.00,0.00,STATIONARY
50,-0.0028,0.0000,0.00,0.00,STATIONARY
60,-0.0026,0.0000,0.00,0.00,STATIONARY
70,-0.0054,0.0000,0.00,0.00,STATIONARY
80,0.0248,0.0000,0.00,0.00,STATIONARY
90,-0.0100,0.0000,0.00,0.00,STATIONARY
100,-0.0107,0.0000,0.00,0.00,STATIONARY
110,-0.0138,0.0000,0.00,0.00,STATIONARY
120,0.0053,0.0000,0.00,0.00,STATIONARY
130,-0.0012,0.0000,0.00,0.00,STATIONARY
140,0.0041,0.0000,0.00,0.00,STATIONARY
150,0.0123,0.0000,0.00,0.00,STATIONARY
160,0.0117,0.0000,0.00,0.00,STATIONARY
170,-0.0010,0.0000,0.00,0.00,STATIONARY
180,0.0035,0.0000,0.00,0.00,STATIONARY
190,-0.0030,0.0000,0.00,0.00,STATIONARY
200,0.0015,0.0000,0.00,0.00,STATIONARY
210,-0.0070,0.0000,0.00,0.00,STATIONARY
220,-0.0009,0.0000,0.00,0.00,STATIONARY
230,0.0030,0.0000,0.00,0.00,STATIONARY
240,0.0049,0.0000,0.00,0.00,STATIONARY
249,0.0053,0.0000,0.00,0.00,STATIONARY
260,-0.0039,0.0000,0.00,0.00,STATIONARY
270,-0.0058,0.0000,0.00,0.00,STATIONARY
280,-0.0043,0.0000,0.00,0.00,STATIONARY
290,-0.0006,0.0000,0.00,0.00,STATIONARY
300,0.0053,0.0000,0.00,0.00,STATIONARY
310,-0.0059,0.0000,0.00,0.00,STATIONARY
320,0.0107,0.0000,0.00,0.00,STATIONARY
330,-0.0175,0.0000,0.00,0.00,STATIONARY
340,-0.0083,0.0000,0.00,0.00,STATIONARY
350,-0.0001,0.0000,0.00,0.00,STATIONARY
360,0.0014,0.0000,0.00,0.00,STATIONARY
370,-0.0084,0.0000,0.00,0.00,STATIONARY
380,0.0071,0.0000,0.00,0.00,STATIONARY
389,0.0012,0.0000,0.00,0.00,STATIONARY
400,0.0045,0.0000,0.00,0.00,STATIONARY
410,0.0037,0.0000,0.00,0.00,STATIONARY
420,0.0070,0.0000,0.00,0.00,STATIONARY
430,0.0077,0.0000,0.00,0.00,STATIONARY
440,0.0094,0.0000,0.00,0.00,STATIONARY
450,0.0113,0.0000,0.00,0.00,STATIONARY
460,-0.0076,0.0000,0.00,0.00,STATIONARY
470,0.0051,0.0000,0.00,0.00,STATIONARY
480,0.0119,0.0000,0.00,0.00,STATIONARY
490,-0.0011,0.0000,0.00,0.00,STATIONARY
500,-0.0058,0.0000,0.00,0.00,STATIONARY
510,-0.0106,0.0000,0.00,0.00,STATIONARY
520,0.0058,0.0000,0.00,0.00,STATIONARY
530,0.0033,0.0000,0.00,0.00,STATIONARY
540,-0.0054,0.0000,0.00,0.00,STATIONARY
550,0.0033,0.0000,0.00,0.00,STATIONARY
560,0.0096,0.0000,0.00,0.00,STATIONARY
570,-0.0058,0.0000,0.00,0.00,STATIONARY
580,-0.0018,0.0000,0.00,0.00,STATIONARY
590,-0.0104,0.0000,0.00,0.00,STATIONARY
600,0.0020,0.0000,0.00,0.00,STATIONARY
609,-0.0019,0.0000,0.00,0.00,STATIONARY
620,-0.0041,0.0000,0.00,0.00,STATIONARY
630,-0.0060,0.0000,0.00,0.00,STATIONARY
640,0.0021,0.0000,0.00,0.00,STATIONARY
650,-0.0061,0.0000,0.00,0.00,STATIONARY
660,0.0116,0.0000,0.00,0.00,STATIONARY
670,0.0087,0.0000,0.00,0.00,STATIONARY
679,0.0155,0.0000,0.00,0.00,STATIONARY
690,0.0037,0.0000,0.00,0.00,STATIONARY
700,0.0126,0.0000,0.00,0.00,STATIONARY
710,-0.0066,0.0000,0.00,0.00,STATIONARY
720,-0.0108,0.0000,0.00,0.00,STATIONARY
730,0.0056,0.0000,0.00,0.00,STATIONARY
740,0.0039,0.0000,0.00,0.00,STATIONARY
750,-0.0105,0.0000,0.00,0.00,STATIONARY
760,0.0008,0.0000,0.00,0.00,STATIONARY
770,0.0038,0.0000,0.00,0.00,STATIONARY
780,-0.0069,0.0000,0.00,0.00,STATIONARY
790,0.0130,0.0000,0.00,0.00,STATIONARY
800,0.0005,0.0000,0.00,0.00,STATIONARY
810,-0.0045,0.0000,0.00,0.00,STATIONARY
820,0.0001,0.0000,0.00,0.00,STATIONARY
830,0.0023,0.0000,0.00,0.00,STATIONARY
840,0.0002,0.0000,0.00,0.00,STATIONARY
850,0.0034,0.0000,0.00,0.00,STATIONARY
860,0.0077,0.0000,0.00,0.00,STATIONARY
870,0.0184,0.0000,0.00,0.00,STATIONARY
880,0.0161,0.0000,0.00,0.00,STATIONARY
890,0.0036,0.0000,0.00,0.00,STATIONARY
900,0.0071,0.0000,0.00,0.00,STATIONARY
910,0.0057,0.0000,0.00,0.00,STATIONARY
920,0.0119,0.0000,0.00,0.00,STATIONARY
930,0.0006,0.0000,0.00,0.00,STATIONARY
940,0.0023,0.0000,0.00,0.00,STATIONARY
950,0.0012,0.0000,0.00,0.00,STATIONARY
959,0.0101,0.0000,0.00,0.00,STATIONARY
970,-0.0096,0.0000,0.00,0.00,STATIONARY
980,-0.0089,0.0000,0.00,0.00,STATIONARY
990,0.0014,0.0000,0.00,0.00,STATIONARY
1000,0.0087,0.0000,0.00,0.00,STATIONARY
1010,0.0008,0.0000,0.00,0.00,STATIONARY
1020,0.0018,0.0000,0.00,0.00,STATIONARY
1029,0.0065,0.0000,0.00,0.00,STATIONARY
1040,-0.0033,0.0000,0.00,0.00,STATIONARY
1050,0.0143,0.0000,0.00,0.00,STATIONARY
1060,0.0089,0.0000,0.00,0.00,STATIONARY
1070,-0.0000,0.0000,0.00,0.00,STATIONARY
1080,0.0063,0.0000,0.00,0.00,STATIONARY
1090,0.0028,0.0000,0.00,0.00,STATIONARY
1099,0.0063,0.0000,0.00,0.00,STATIONARY
1109,0.0123,0.0000,0.00,0.00,STATIONARY
1120,0.0074,0.0000,0.00,0.00,STATIONARY
1130,-0.0074,0.0000,0.00,0.00,STATIONARY
1140,-0.0102,0.0000,0.00,0.00,STATIONARY
1150,-0.0042,0.0000,0.00,0.00,STATIONARY
1160,-0.0093,0.0000,0.00,0.00,STATIONARY
1170,0.0019,0.0000,0.00,0.00,STATIONARY
1180,0.0075,0.0000,0.00,0.00,STATIONARY
1190,0.0146,0.0000,0.00,0.00,STATIONARY
1200,-0.0079,0.0000,0.00,0.00,STATIONARY
1210,0.0113,0.0000,0.00,0.00,STATIONARY
1220,0.0113,0.0000,0.00,0.00,STATIONARY
1230,0.0035,0.0000,0.00,0.00,STATIONARY
1240,-0.0094,0.0000,0.00,0.00,STATIONARY
1249,0.0012,0.0000,0.00,0.00,STATIONARY
1260,-0.0109,0.0000,0.00,0.00,STATIONARY
1270,-0.0037,0.0000,0.00,0.00,STATIONARY
1280,0.0098,0.0000,0.00,0.00,STATIONARY
1290,0.0132,0.0000,0.00,0.00,STATIONARY
1300,0.0152,0.0000,0.00,0.00,STATIONARY
1310,0.0095,0.0000,0.00,0.00,STATIONARY
1319,-0.0015,0.0000,0.00,0.00,STATIONARY
1330,0.0093,0.0000,0.00,0.00,STATIONARY
1340,0.0050,0.0000,0.00,0.00,STATIONARY
1350,-0.0053,0.0000,0.00,0.00,STATIONARY
1360,0.0052,0.0000,0.00,0.00,STATIONARY
1370,0.0088,0.0000,0.00,0.00,STATIONARY
1380,0.0036,0.0000,0.00,0.00,STATIONARY
1390,0.0203,0.0000,0.00,0.00,STATIONARY
1400,0.0041,0.0000,0.00,0.00,STATIONARY
1410,0.0251,0.0000,0.00,0.00,STATIONARY
1420,0.0058,0.0000,0.00,0.00,STATIONARY
1430,0.0054,0.0000,0.00,0.00,STATIONARY
1440,0.0122,0.0000,0.00,0.00,STATIONARY
1450,-0.0046,0.0000,0.00,0.00,STATIONARY
1459,-0.0021,0.0000,0.00,0.00,STATIONARY
1470,-0.0105,0.0000,0.00,0.00,STATIONARY
1480,0.0029,0.0000,0.00,0.00,STATIONARY
1490,-0.0084,0.0000,0.00,0.00,STATIONARY
1500,-0.0041,0.0000,0.00,0.00,STATIONARY
1510,-0.0032,0.0000,0.00,0.00,STATIONARY
1520,-0.0034,0.0000,0.00,0.00,STATIONARY
1530,0.0068,0.0000,0.00,0.00,STATIONARY
1539,-0.0061,0.0000,0.00,0.00,STATIONARY
1550,0.0094,0.0000,0.00,0.00,STATIONARY
1560,0.0225,0.0000,0.00,0.00,STATIONARY
1570,0.0037,0.0000,0.00,0.00,STATIONARY
1580,0.0136,0.0000,0.00,0.00,STATIONARY
1590,0.0126,0.0000,0.00,0.00,STATIONARY
1600,-0.0069,0.0000,0.00,0.00,STATIONARY
1609,0.0057,0.0000,0.00,0.00,STATIONARY
1620,0.0094,0.0000,0.00,0.00,STATIONARY
1630,-0.0103,0.0000,0.00,0.00,STATIONARY
1640,0.0149,0.0000,0.00,0.00,STATIONARY
1650,0.0017,0.0000,0.00,0.00,STATIONARY
1660,0.0081,0.0000,0.00,0.00,STATIONARY
1669,0.0026,0.0000,0.00,0.00,STATIONARY
1679,0.0109,0.0000,0.00,0.00,STATIONARY
1690,0.0061,0.0000,0.00,0.00,STATIONARY
1700,0.0024,0.0000,0.00,0.00,STATIONARY
1710,0.0033,0.0000,0.00,0.00,STATIONARY
1720,0.0041,0.0000,0.00,0.00,STATIONARY
1730,-0.0031,0.0000,0.00,0.00,STATIONARY
1740,0.0037,0.0000,0.00,0.00,STATIONARY
1750,-0.0031,0.0000,0.00,0.00,STATIONARY
1760,-0.0014,0.0000,0.00,0.00,STATIONARY
1770,-0.0072,0.0000,0.00,0.00,STATIONARY
1780,-0.0050,0.0000,0.00,0.00,STATIONARY
1790,0.0125,0.0000,0.00,0.00,STATIONARY
1800,-0.0009,0.0000,0.00,0.00,STATIONARY
1810,-0.0097,0.0000,0.00,0.00,STATIONARY
1820,-0.0057,0.0000,0.00,0.00,STATIONARY
1830,0.0069,0.0000,0.00,0.00,STATIONARY
1840,0.0137,0.0000,0.00,0.00,STATIONARY
1850,0.0056,0.0000,0.00,0.00,STATIONARY
1860,0.0154,0.0000,0.00,0.00,STATIONARY
1870,0.0167,0.0000,0.00,0.00,STATIONARY
1880,-0.0085,0.0000,0.00,0.00,STATIONARY
1889,0.0044,0.0000,0.00,0.00,STATIONARY
1900,0.0026,0.0000,0.00,0.00,STATIONARY
1910,-0.0134,0.0000,0.00,0.00,STATIONARY
1920,-0.0153,0.0000,0.00,0.00,STATIONARY
1930,0.0136,0.0000,0.00,0.00,STATIONARY
1940,-0.0029,0.0000,0.00,0.00,STATIONARY
1950,-0.0035,0.0000,0.00,0.00,STATIONARY
1960,-0.0005,0.0000,0.00,0.00,STATIONARY
1970,-0.0096,0.0000,0.00,0.00,STATIONARY
1980,0.0039,0.0000,0.00,0.00,STATIONARY
1990,0.0007,0.0000,0.00,0.00,STATIONARY
2000,0.0024,0.0000,0.00,0.00,STATIONARY
2010,0.0124,0.0000,0.00,0.00,STATIONARY
2020,0.0050,0.0000,0.00,0.00,STATIONARY
2029,0.0029,0.0000,0.00,0.00,STATIONARY
2039,-0.0038,0.0000,0.00,0.00,STATIONARY
2050,-0.0020,0.0000,0.00,0.00,STATIONARY
2060,0.0026,0.0000,0.00,0.00,STATIONARY
2070,-0.0065,0.0000,0.00,0.00,STATIONARY
2080,0.0026,0.0000,0.00,0.00,STATIONARY
2090,-0.0050,0.0000,0.00,0.00,STATIONARY
2100,-0.0038,0.0000,0.00,0.00,STATIONARY
2109,0.0113,0.0000,0.00,0.00,STATIONARY
2120,0.0070,0.0000,0.00,0.00,STATIONARY
2130,0.0005,0.0000,0.00,0.00,STATIONARY
2140,-0.0072,0.0000,0.00,0.00,STATIONARY
2150,0.0237,0.0000,0.00,0.00,STATIONARY
2160,0.0078,0.0000,0.00,0.00,STATIONARY
2170,-0.0018,0.0000,0.00,0.00,STATIONARY
2180,0.0009,0.0000,0.00,0.00,STATIONARY
2190,-0.0046,0.0000,0.00,0.00,STATIONARY
2200,0.0034,0.0000,0.00,0.00,STATIONARY
2210,0.0135,0.0000,0.00,0.00,STATIONARY
2220,0.0203,0.0000,0.00,0.00,STATIONARY
2230,-0.0002,0.0000,0.00,0.00,STATIONARY
2240,0.0082,0.0000,0.00,0.00,STATIONARY
2249,0.0109,0.0000,0.00,0.00,STATIONARY
2260,-0.0029,0.0000,0.00,0.00,STATIONARY
2270,0.0103,0.0000,0.00,0.00,STATIONARY
2280,0.0010,0.0000,0.00,0.00,STATIONARY
2290,0.0094,0.0000,0.00,0.00,STATIONARY
2300,0.0076,0.0000,0.00,0.00,STATIONARY
2310,0.0025,0.0000,0.00,0.00,STATIONARY
2319,-0.0014,0.0000,0.00,0.00,STATIONARY
2330,0.0031,0.0000,0.00,0.00,STATIONARY
2340,0.0067,0.0000,0.00,0.00,STATIONARY
2350,0.0006,0.0000,0.00,0.00,STATIONARY
2360,-0.0074,0.0000,0.00,0.00,STATIONARY
2370,0.0011,0.0000,0.00,0.00,STATIONARY
2380,-0.0038,0.0000,0.00,0.00,STATIONARY
2389,0.0120,0.0000,0.00,0.00,STATIONARY
2400,0.0041,0.0000,0.00,0.00,STATIONARY
2410,-0.0013,0.0000,0.00,0.00,STATIONARY
2420,0.0041,0.0000,0.00,0.00,STATIONARY
2430,0.0042,0.0000,0.00,0.00,STATIONARY
2440,-0.0090,0.0000,0.00,0.00,STATIONARY
2450,0.0222,0.0000,0.00,0.00,STATIONARY
2460,0.0087,0.0000,0.00,0.00,STATIONARY
2470,-0.0123,0.0000,0.00,0.00,STATIONARY
2480,0.0042,0.0000,0.00,0.00,STATIONARY
2490,-0.0010,0.0000,0.00,0.00,STATIONARY
2500,0.0078,0.0000,0.00,0.00,STATIONARY
2510,-0.0053,0.0000,0.00,0.00,STATIONARY
2520,-0.0018,0.0000,0.00,0.00,STATIONARY
2529,0.0134,0.0000,0.00,0.00,STATIONARY
2539,-0.0029,0.0000,0.00,0.00,STATIONARY
2550,-0.0021,0.0000,0.00,0.00,STATIONARY
2560,-0.0004,0.0000,0.00,0.00,STATIONARY
2570,-0.0212,0.0000,0.00,0.00,STATIONARY
2580,-0.0082,0.0000,0.00,0.00,STATIONARY
2590,-0.0063,0.0000,0.00,0.00,STATIONARY
2600,-0.0068,0.0000,0.00,0.00,STATIONARY
2609,0.0032,0.0000,0.00,0.00,STATIONARY
2620,-0.0000,0.0000,0.00,0.00,STATIONARY
2630,0.0088,0.0000,0.00,0.00,STATIONARY
2640,0.0071,0.0000,0.00,0.00,STATIONARY
2650,0.0167,0.0000,0.00,0.00,STATIONARY
2660,0.0072,0.0000,0.00,0.00,STATIONARY
2670,0.0086,0.0000,0.00,0.00,STATIONARY
2679,0.0029,0.0000,0.00,0.00,STATIONARY
2690,-0.0039,0.0000,0.00,0.00,STATIONARY
2700,-0.0129,0.0000,0.00,0.00,STATIONARY
2710,-0.0048,0.0000,0.00,0.00,STATIONARY
2720,-0.0029,0.0000,0.00,0.00,STATIONARY
2730,-0.0023,0.0000,0.00,0.00,STATIONARY
2740,-0.0034,0.0000,0.00,0.00,STATIONARY
2750,0.0000,0.0000,0.00,0.00,STATIONARY
2760,0.0144,0.0000,0.00,0.00,STATIONARY
2770,0.0114,0.0000,0.00,0.00,STATIONARY
2780,0.0038,0.0000,0.00,0.00,STATIONARY
2790,-0.0129,0.0000,0.00,0.00,STATIONARY
2800,0.0030,0.0000,0.00,0.00,STATIONARY
2810,0.0065,0.0000,0.00,0.00,STATIONARY
2820,0.0083,0.0000,0.00,0.00,STATIONARY
2830,0.0024,0.0000,0.00,0.00,STATIONARY
2840,-0.0059,0.0000,0.00,0.00,STATIONARY
2850,-0.0085,0.0000,0.00,0.00,STATIONARY
2860,-0.0037,0.0000,0.00,0.00,STATIONARY
2870,0.0050,0.0000,0.00,0.00,STATIONARY
2880,-0.0091,0.0000,0.00,0.00,STATIONARY
2890,-0.0110,0.0000,0.00,0.00,STATIONARY
2900,0.0017,0.0000,0.00,0.00,STATIONARY
2910,-0.0047,0.0000,0.00,0.00,STATIONARY
2920,0.0072,0.0000,0.00,0.00,STATIONARY
2930,0.0030,0.0000,0.00,0.00,STATIONARY
2940,0.0077,0.0000,0.00,0.00,STATIONARY
2950,0.0012,0.0000,0.00,0.00,STATIONARY
2960,-0.0059,0.0000,0.00,0.00,STATIONARY
2970,-0.0023,0.0000,0.00,0.00,STATIONARY
2980,0.0031,0.0000,0.00,0.00,STATIONARY
2990,0.0069,0.0000,0.00,0.00,STATIONARY
3000,0.0028,0.0000,0.00,0.00,STATIONARY
3010,0.0127,0.0000,0.00,0.00,STATIONARY
3020,0.0021,0.0000,0.00,0.00,STATIONARY
3029,0.0046,0.0000,0.00,0.00,STATIONARY
3039,-0.0055,0.0000,0.00,0.00,STATIONARY
3050,0.0073,0.0000,0.00,0.00,STATIONARY
3060,-0.0003,0.0000,0.00,0.00,STATIONARY
3070,-0.0062,0.0000,0.00,0.00,STATIONARY
3080,-0.0022,0.0000,0.00,0.00,STATIONARY
3090,0.0017,0.0000,0.00,0.00,STATIONARY
3100,0.0081,0.0000,0.00,0.00,STATIONARY
3109,-0.0026,0.0000,0.00,0.00,STATIONARY
3120,0.0042,0.0000,0.00,0.00,STATIONARY
3130,-0.0036,0.0000,0.00,0.00,STATIONARY
3140,-0.0129,0.0000,0.00,0.00,STATIONARY
3150,-0.0087,0.0000,0.00,0.00,STATIONARY
3160,-0.0112,0.0000,0.00,0.00,STATIONARY
3170,0.0001,0.0000,0.00,0.00,STATIONARY
3179,-0.0044,0.0000,0.00,0.00,STATIONARY
3190,-0.0134,0.0000,0.00,0.00,STATIONARY
3200,-0.0055,0.0000,0.00,0.00,STATIONARY
3210,-0.0037,0.0000,0.00,0.00,STATIONARY
3220,0.0035,0.0000,0.00,0.00,STATIONARY
3230,-0.0014,0.0000,0.00,0.00,STATIONARY
3240,0.0061,0.0000,0.00,0.00,STATIONARY
3249,-0.0031,0.0000,0.00,0.00,STATIONARY
3260,-0.0071,0.0000,0.00,0.00,STATIONARY
3270,-0.0015,0.0000,0.00,0.00,STATIONARY
3280,-0.0135,0.0000,0.00,0.00,STATIONARY
3290,-0.0058,0.0000,0.00,0.00,STATIONARY
3300,0.0009,0.0000,0.00,0.00,STATIONARY
3310,-0.0011,0.0000,0.00,0.00,STATIONARY
3320,-0.0010,0.0000,0.00,0.00,STATIONARY
3330,0.0112,0.0000,0.00,0.00,STATIONARY
3340,-0.0023,0.0000,0.00,0.00,STATIONARY
3350,0.0073,0.0000,0.00,0.00,STATIONARY
3360,-0.0093,0.0000,0.00,0.00,STATIONARY
3370,0.0004,0.0000,0.00,0.00,STATIONARY
3380,0.0002,0.0000,0.00,0.00,STATIONARY
3389,0.0107,0.0000,0.00,0.00,STATIONARY
3400,0.0072,0.0000,0.00,0.00,STATIONARY
3410,-0.0055,0.0000,0.00,0.00,STATIONARY
3420,0.0057,0.0000,0.00,0.00,STATIONARY
3430,-0.0027,0.0000,0.00,0.00,STATIONARY
3440,0.0012,0.0000,0.00,0.00,STATIONARY
3450,0.0123,0.0000,0.00,0.00,STATIONARY
3459,-0.0022,0.0000,0.00,0.00,STATIONARY
3470,0.0031,0.0000,0.00,0.00,STATIONARY
3480,0.0032,0.0000,0.00,0.00,STATIONARY
3490,0.0051,0.0000,0.00,0.00,STATIONARY
3500,0.0089,0.0000,0.00,0.00,STATIONARY
3509,0.0109,0.0000,0.00,0.00,STATIONARY
3520,0.0043,0.0000,0.00,0.00,STATIONARY
3529,-0.0001,0.0000,0.00,0.00,STATIONARY
3540,0.0017,0.0000,0.00,0.00,STATIONARY
3550,-0.0078,0.0000,0.00,0.00,STATIONARY
3560,0.0090,0.0000,0.00,0.00,STATIONARY
3570,-0.0001,0.0000,0.00,0.00,STATIONARY
3580,-0.0064,0.0000,0.00,0.00,STATIONARY
3590,0.0038,0.0000,0.00,0.00,STATIONARY
3599,0.0107,0.0000,0.00,0.00,STATIONARY
3609,0.0110,0.0000,0.00,0.00,STATIONARY
3620,0.0025,0.0000,0.00,0.00,STATIONARY
3630,0.0103,0.0000,0.00,0.00,STATIONARY
3640,0.0056,0.0000,0.00,0.00,STATIONARY
3650,0.0028,0.0000,0.00,0.00,STATIONARY
3660,0.0087,0.0000,0.00,0.00,STATIONARY
3670,0.0010,0.0000,0.00,0.00,STATIONARY
3679,-0.0050,0.0000,0.00,0.00,STATIONARY
3690,0.0017,0.0000,0.00,0.00,STATIONARY
3700,-0.0031,0.0000,0.00,0.00,STATIONARY
3709,0.0062,0.0000,0.00,0.00,STATIONARY
3720,0.0016,0.0000,0.00,0.00,STATIONARY
3730,0.0143,0.0000,0.00,0.00,STATIONARY
3740,0.0080,0.0000,0.00,0.00,STATIONARY
3749,0.0096,0.0000,0.00,0.00,STATIONARY
3760,-0.0073,0.0000,0.00,0.00,STATIONARY
3770,-0.0042,0.0000,0.00,0.00,STATIONARY
3780,0.0042,0.0000,0.00,0.00,STATIONARY
3790,0.0016,0.0000,0.00,0.00,STATIONARY
3800,-0.0073,0.0000,0.00,0.00,STATIONARY
3810,-0.0037,0.0000,0.00,0.00,STATIONARY
3819,0.0016,0.0000,0.00,0.00,STATIONARY
3830,-0.0010,0.0000,0.00,0.00,STATIONARY
3840,-0.0005,0.0000,0.00,0.00,STATIONARY
3850,-0.0007,0.0000,0.00,0.00,STATIONARY
3860,-0.0084,0.0000,0.00,0.00,STATIONARY
3870,0.0125,0.0000,0.00,0.00,STATIONARY
3880,0.0005,0.0000,0.00,0.00,STATIONARY
3889,-0.0104,0.0000,0.00,0.00,STATIONARY
3900,-0.0065,0.0000,0.00,0.00,STATIONARY
3910,0.0099,0.0000,0.00,0.00,STATIONARY
3920,-0.0128,0.0000,0.00,0.00,STATIONARY
3930,0.0066,0.0000,0.00,0.00,STATIONARY
3940,-0.0125,0.0000,0.00,0.00,STATIONARY
3950,0.0047,0.0000,0.00,0.00,STATIONARY
3959,-0.0079,0.0000,0.00,0.00,STATIONARY
3970,0.0208,0.0000,0.00,0.00,STATIONARY
3980,0.0042,0.0000,0.00,0.00,STATIONARY
3990,0.0031,0.0000,0.00,0.00,STATIONARY
4000,-0.0023,0.0000,0.00,0.00,STATIONARY
4010,0.0056,0.0000,0.00,0.00,STATIONARY
4020,-0.0063,0.0000,0.00,0.00,STATIONARY
4029,-0.0142,0.0000,0.00,0.00,STATIONARY
4039,0.0047,0.0000,0.00,0.00,STATIONARY
4050,-0.0120,0.0000,0.00,0.00,STATIONARY
4060,-0.0176,0.0000,0.00,0.00,STATIONARY
4070,0.0089,0.0000,0.00,0.00,STATIONARY
4080,-0.0076,0.0000,0.00,0.00,STATIONARY
4090,0.0059,0.0000,0.00,0.00,STATIONARY
4100,0.0099,0.0000,0.00,0.00,STATIONARY
4109,-0.0023,0.0000,0.00,0.00,STATIONARY
4120,-0.0021,0.0000,0.00,0.00,STATIONARY
4130,0.0055,0.0000,0.00,0.00,STATIONARY
4140,-0.0110,0.0000,0.00,0.00,STATIONARY
4150,0.0088,0.0000,0.00,0.00,STATIONARY
4160,-0.0034,0.0000,0.00,0.00,STATIONARY
4170,0.0036,0.0000,0.00,0.00,STATIONARY
4179,0.0019,0.0000,0.00,0.00,STATIONARY
4190,-0.0020,0.0000,0.00,0.00,STATIONARY
4200,-0.0098,0.0000,0.00,0.00,STATIONARY
4210,-0.0018,0.0000,0.00,0.00,STATIONARY
4220,0.0196,0.0000,0.00,0.00,STATIONARY
4230,-0.0088,0.0000,0.00,0.00,STATIONARY
4240,-0.0148,0.0000,0.00,0.00,STATIONARY
4249,0.0105,0.0000,0.00,0.00,STATIONARY
4260,0.0071,0.0000,0.00,0.00,STATIONARY
4270,0.0007,0.0000,0.00,0.00,STATIONARY
4280,-0.0122,0.0000,0.00,0.00,STATIONARY
4290,0.0111,0.0000,0.00,0.00,STATIONARY
4300,-0.0009,0.0000,0.00,0.00,STATIONARY
4309,-0.0093,0.0000,0.00,0.00,STATIONARY
4320,-0.0048,0.0000,0.00,0.00,STATIONARY
4330,-0.0099,0.0000,0.00,0.00,STATIONARY
4340,-0.0013,0.0000,0.00,0.00,STATIONARY
4350,0.0062,0.0000,0.00,0.00,STATIONARY
4360,-0.0058,0.0000,0.00,0.00,STATIONARY
4370,0.0028,0.0000,0.00,0.00,STATIONARY
4380,-0.0031,0.0000,0.00,0.00,STATIONARY
4389,-0.0028,0.0000,0.00,0.00,STATIONARY
4400,-0.0006,0.0000,0.00,0.00,STATIONARY
4410,-0.0037,0.0000,0.00,0.00,STATIONARY
4420,-0.0113,0.0000,0.00,0.00,STATIONARY
4430,-0.0063,0.0000,0.00,0.00,STATIONARY
4440,0.0002,0.0000,0.00,0.00,STATIONARY
4450,0.0109,0.0000,0.00,0.00,STATIONARY
4459,0.0044,0.0000,0.00,0.00,STATIONARY
4469,-0.0001,0.0000,0.00,0.00,STATIONARY
4480,-0.0023,0.0000,0.00,0.00,STATIONARY
4490,0.0067,0.0000,0.00,0.00,STATIONARY
4500,0.0094,0.0000,0.00,0.00,STATIONARY
4509,0.0004,0.0000,0.00,0.00,STATIONARY
4520,0.0007,0.0000,0.00,0.00,STATIONARY
4530,0.0065,0.0000,0.00,0.00,STATIONARY
4539,-0.0012,0.0000,0.00,0.00,STATIONARY
4550,-0.0137,0.0000,0.00,0.00,STATIONARY
4560,0.0024,0.0000,0.00,0.00,STATIONARY
4570,-0.0008,0.0000,0.00,0.00,STATIONARY
4580,0.0005,0.0000,0.00,0.00,STATIONARY
4590,0.0042,0.0000,0.00,0.00,STATIONARY
4600,0.0034,0.0000,0.00,0.00,STATIONARY
4609,-0.0103,0.0000,0.00,0.00,STATIONARY
4620,0.0046,0.0000,0.00,0.00,STATIONARY
4630,0.0078,0.0000,0.00,0.00,STATIONARY
4640,-0.0028,0.0000,0.00,0.00,STATIONARY
4650,0.0016,0.0000,0.00,0.00,STATIONARY
4660,0.0033,0.0000,0.00,0.00,STATIONARY
4670,0.0095,0.0000,0.00,0.00,STATIONARY
4680,-0.0083,0.0000,0.00,0.00,STATIONARY
4690,-0.0031,0.0000,0.00,0.00,STATIONARY
4700,-0.0083,0.0000,0.00,0.00,STATIONARY
4709,0.0085,0.0000,0.00,0.00,STATIONARY
4720,0.0016,0.0000,0.00,0.00,STATIONARY
4730,0.0020,0.0000,0.00,0.00,STATIONARY
4740,0.0027,0.0000,0.00,0.00,STATIONARY
4749,-0.0131,0.0000,0.00,0.00,STATIONARY
4760,-0.0086,0.0000,0.00,0.00,STATIONARY
4770,-0.0001,0.0000,0.00,0.00,STATIONARY
4780,-0.0010,0.0000,0.00,0.00,STATIONARY
4790,-0.0090,0.0000,0.00,0.00,STATIONARY
4800,-0.0032,0.0000,0.00,0.00,STATIONARY
4810,-0.0026,0.0000,0.00,0.00,STATIONARY
4819,-0.0092,0.0000,0.00,0.00,STATIONARY
4830,0.0059,0.0000,0.00,0.00,STATIONARY
4840,0.0079,0.0000,0.00,0.00,STATIONARY
4850,0.0066,0.0000,0.00,0.00,STATIONARY
4860,-0.0019,0.0000,0.00,0.00,STATIONARY
4870,-0.0158,0.0000,0.00,0.00,STATIONARY
4880,-0.0192,0.0000,0.00,0.00,STATIONARY
4889,-0.0086,0.0000,0.00,0.00,STATIONARY
4900,0.0107,0.0000,0.00,0.00,STATIONARY
4910,-0.0064,0.0000,0.00,0.00,STATIONARY
4920,0.0028,0.0000,0.00,0.00,STATIONARY
4930,0.0044,0.0000,0.00,0.00,STATIONARY
4940,0.0054,0.0000,0.00,0.00,STATIONARY
4950,0.0076,0.0000,0.00,0.00,STATIONARY
4959,0.0056,0.0000,0.00,0.00,STATIONARY
4970,-0.0081,0.0000,0.00,0.00,STATIONARY
4980,0.0179,0.0000,0.00,0.00,STATIONARY
4990,0.0059,0.0000,0.00,0.00,STATIONARY
5000,0.0156,0.0000,0.00,0.00,STATIONARY
5010,0.0202,0.0000,0.00,0.00,STATIONARY
5020,0.0042,0.0000,0.00,0.00,STATIONARY
5030,0.0028,0.0000,0.00,0.00,STATIONARY
5039,0.0042,0.0000,0.00,0.00,STATIONARY
5050,0.0048,0.0000,0.00,0.00,STATIONARY
5060,0.0128,0.0000,0.00,0.00,STATIONARY
5070,0.0064,0.0000,0.00,0.00,STATIONARY
5080,0.0016,0.0000,0.00,0.00,STATIONARY
5090,0.0005,0.0000,0.00,0.00,STATIONARY
5100,0.0057,0.0000,0.00,0.00,STATIONARY
5109,0.0074,0.0000,0.00,0.00,STATIONARY
5120,0.0089,0.0000,0.00,0.00,STATIONARY
5130,-0.0100,0.0000,0.00,0.00,STATIONARY
5140,0.0058,0.0000,0.00,0.00,STATIONARY
5150,-0.0007,0.0000,0.00,0.00,STATIONARY
5160,0.0155,0.0000,0.00,0.00,STATIONARY
5170,0.0093,0.0000,0.00,0.00,STATIONARY
5179,0.0150,0.0000,0.00,0.00,STATIONARY
5190,0.0052,0.0000,0.00,0.00,STATIONARY
5200,0.0003,0.0000,0.00,0.00,STATIONARY
5210,-0.0019,0.0000,0.00,0.00,STATIONARY
5220,-0.0076,0.0000,0.00,0.00,STATIONARY
5230,-0.0026,0.0000,0.00,0.00,STATIONARY
5240,-0.0040,0.0000,0.00,0.00,STATIONARY
5249,0.0009,0.0000,0.00,0.00,STATIONARY
5260,-0.0044,0.0000,0.00,0.00,STATIONARY
5270,0.0120,0.0000,0.00,0.00,STATIONARY
5280,-0.0021,0.0000,0.00,0.00,STATIONARY
5290,-0.0037,0.0000,0.00,0.00,STATIONARY
5300,0.0012,0.0000,0.00,0.00,STATIONARY
5310,0.0112,0.0000,0.00,0.00,STATIONARY
5319,0.0103,0.0000,0.00,0.00,STATIONARY
5330,-0.0074,0.0000,0.00,0.00,STATIONARY
5340,-0.0125,0.0000,0.00,0.00,STATIONARY
5350,-0.0018,0.0000,0.00,0.00,STATIONARY
5360,-0.0140,0.0000,0.00,0.00,STATIONARY
5370,0.0083,0.0000,0.00,0.00,STATIONARY
5380,-0.0063,0.0000,0.00,0.00,STATIONARY
5389,-0.0055,0.0000,0.00,0.00,STATIONARY
5400,-0.0023,0.0000,0.00,0.00,STATIONARY
5410,0.0052,0.0000,0.00,0.00,STATIONARY
5420,0.0213,0.0000,0.00,0.00,STATIONARY
5430,-0.0022,0.0000,0.00,0.00,STATIONARY
5440,0.0148,0.0000,0.00,0.00,STATIONARY
5450,0.0130,0.0000,0.00,0.00,STATIONARY
5459,-0.0114,0.0000,0.00,0.00,STATIONARY
5469,-0.0030,0.0000,0.00,0.00,STATIONARY
5480,-0.0092,0.0000,0.00,0.00,STATIONARY
5490,0.0024,0.0000,0.00,0.00,STATIONARY
5500,-0.0045,0.0000,0.00,0.00,STATIONARY
5509,-0.0043,0.0000,0.00,0.00,STATIONARY
5520,-0.0073,0.0000,0.00,0.00,STATIONARY
5529,0.0022,0.0000,0.00,0.00,STATIONARY
5539,0.0214,0.0000,0.00,0.00,STATIONARY
5550,0.0047,0.0000,0.00,0.00,STATIONARY
5560,0.0110,0.0000,0.00,0.00,STATIONARY
5570,0.0034,0.0000,0.00,0.00,STATIONARY
5580,0.0018,0.0000,0.00,0.00,STATIONARY
5590,-0.0002,0.0000,0.00,0.00,STATIONARY
5600,0.0193,0.0000,0.00,0.00,STATIONARY
5609,-0.0004,0.0000,0.00,0.00,STATIONARY
5620,-0.0015,0.0000,0.00,0.00,STATIONARY
5630,-0.0038,0.0000,0.00,0.00,STATIONARY
5640,0.0062,0.0000,0.00,0.00,STATIONARY
5650,0.0078,0.0000,0.00,0.00,STATIONARY
5660,-0.0050,0.0000,0.00,0.00,STATIONARY
5670,0.0072,0.0000,0.00,0.00,STATIONARY
5680,0.0159,0.0000,0.00,0.00,STATIONARY
5690,0.0152,0.0000,0.00,0.00,STATIONARY
5700,0.0070,0.0000,0.00,0.00,STATIONARY
5709,0.0069,0.0000,0.00,0.00,STATIONARY
5720,0.0019,0.0000,0.00,0.00,STATIONARY
5730,0.0154,0.0000,0.00,0.00,STATIONARY
5740,0.0080,0.0000,0.00,0.00,STATIONARY
5750,0.0116,0.0000,0.00,0.00,STATIONARY
5760,0.0076,0.0000,0.00,0.00,STATIONARY
5770,0.0027,0.0000,0.00,0.00,STATIONARY
5780,0.0082,0.0000,0.00,0.00,STATIONARY
5790,0.0100,0.0000,0.00,0.00,STATIONARY
5800,-0.0033,0.0000,0.00,0.00,STATIONARY
5810,0.0111,0.0000,0.00,0.00,STATIONARY
5820,0.0053,0.0000,0.00,0.00,STATIONARY
5830,0.0129,0.0000,0.00,0.00,STATIONARY
5840,-0.0042,0.0000,0.00,0.00,STATIONARY
5850,0.0069,0.0000,0.00,0.00,STATIONARY
5860,0.0049,0.0000,0.00,0.00,STATIONARY
5870,0.0143,0.0000,0.00,0.00,STATIONARY
5880,0.0183,0.0000,0.00,0.00,STATIONARY
5889,0.0123,0.0000,0.00,0.00,STATIONARY
5900,0.0124,0.0000,0.00,0.00,STATIONARY
5910,0.0155,0.0000,0.00,0.00,STATIONARY
5920,0.0126,0.0000,0.00,0.00,STATIONARY
5930,0.0052,0.0000,0.00,0.00,STATIONARY
5940,0.0083,0.0000,0.00,0.00,STATIONARY
5950,0.0231,0.0000,0.00,0.00,STATIONARY
5960,0.0112,0.0000,0.00,0.00,STATIONARY
5969,0.0109,0.0000,0.00,0.00,STATIONARY
5980,0.0040,0.0000,0.00,0.00,STATIONARY
5990,0.0044,0.0000,0.00,0.00,STATIONARY
6000,0.0127,0.0000,0.00,0.00,STATIONARY
6010,-0.0013,0.0000,0.00,0.00,STATIONARY
6020,0.0138,0.0000,0.00,0.00,STATIONARY
6030,0.0158,0.0000,0.00,0.00,STATIONARY
6039,0.0291,0.0000,0.00,0.00,STATIONARY
6050,-0.0084,0.0000,0.00,0.00,STATIONARY
6060,0.0113,0.0000,0.00,0.00,STATIONARY
6070,0.0075,0.0000,0.00,0.00,STATIONARY
6080,-0.0173,0.0000,0.00,0.00,STATIONARY
6090,0.0137,0.0000,0.00,0.00,STATIONARY
6100,0.0067,0.0000,0.00,0.00,STATIONARY
6109,0.0147,0.0000,0.00,0.00,STATIONARY
6120,0.0066,0.0000,0.00,0.00,STATIONARY
6130,0.0121,0.0000,0.00,0.00,STATIONARY
6140,0.0030,0.0000,0.00,0.00,STATIONARY
6150,0.0053,0.0000,0.00,0.00,STATIONARY
6160,0.0125,0.0000,0.00,0.00,STATIONARY
6170,-0.0061,0.0000,0.00,0.00,STATIONARY
6179,0.0093,0.0000,0.00,0.00,STATIONARY
6190,0.0104,0.0000,0.00,0.00,STATIONARY
6200,0.0204,0.0000,0.00,0.00,STATIONARY
6210,0.0175,0.0000,0.00,0.00,STATIONARY
6220,0.0119,0.0000,0.00,0.00,STATIONARY
6230,0.0092,0.0000,0.00,0.00,STATIONARY
6240,0.0021,0.0000,0.00,0.00,STATIONARY
6249,0.0086,0.0000,0.00,0.00,STATIONARY
6260,0.0036,0.0000,0.00,0.00,STATIONARY
6270,0.0153,0.0000,0.00,0.00,STATIONARY
6279,0.0058,0.0000,0.00,0.00,STATIONARY
6290,-0.0036,0.0000,0.00,0.00,STATIONARY
6300,-0.0109,0.0000,0.00,0.00,STATIONARY
6309,-0.0010,0.0000,0.00,0.00,STATIONARY
6319,-0.0009,0.0000,0.00,0.00,STATIONARY
6330,-0.0038,0.0000,0.00,0.00,STATIONARY
6340,0.0031,0.0000,0.00,0.00,STATIONARY
6350,0.0093,0.0000,0.00,0.00,STATIONARY
6360,0.0216,0.0000,0.00,0.00,STATIONARY
6370,0.0073,0.0000,0.00,0.00,STATIONARY
6380,0.0174,0.0000,0.00,0.00,STATIONARY
6389,0.0194,0.0000,0.00,0.00,STATIONARY
6400,-0.0022,0.0000,0.00,0.00,STATIONARY
6410,0.0152,0.0000,0.00,0.00,STATIONARY
6420,0.0036,0.0000,0.00,0.00,STATIONARY
6430,0.0191,0.0000,0.00,0.00,STATIONARY
6440,-0.0098,0.0000,0.00,0.00,STATIONARY
6450,0.0198,0.0000,0.00,0.00,STATIONARY
6459,-0.0046,0.0000,0.00,0.00,STATIONARY
6469,0.0002,0.0000,0.00,0.00,STATIONARY
6480,0.0159,0.0000,0.00,0.00,STATIONARY
6490,-0.0160,0.0000,0.00,0.00,STATIONARY
6500,-0.0028,0.0000,0.00,0.00,STATIONARY
6509,-0.0099,0.0000,0.00,0.00,STATIONARY
6520,0.0066,0.0000,0.00,0.00,STATIONARY
6529,-0.0051,0.0000,0.00,0.00,STATIONARY
6539,0.0122,0.0000,0.00,0.00,STATIONARY
6550,0.0070,0.0000,0.00,0.00,STATIONARY
6560,-0.0097,0.0000,0.00,0.00,STATIONARY
6570,0.0014,0.0000,0.00,0.00,STATIONARY
6580,-0.0033,0.0000,0.00,0.00,STATIONARY
6590,0.0071,0.0000,0.00,0.00,STATIONARY
6600,0.0105,0.0000,0.00,0.00,STATIONARY
6610,0.0210,0.0000,0.00,0.00,STATIONARY
6620,-0.0053,0.0000,0.00,0.00,STATIONARY
6630,0.0224,0.0000,0.00,0.00,STATIONARY
6640,0.0091,0.0000,0.00,0.00,STATIONARY
6650,0.0044,0.0000,0.00,0.00,STATIONARY
6660,-0.0085,0.0000,0.00,0.00,STATIONARY
6670,0.0044,0.0000,0.00,0.00,STATIONARY
6679,-0.0018,0.0000,0.00,0.00,STATIONARY
6690,-0.0110,0.0000,0.00,0.00,STATIONARY
6700,-0.0117,0.0000,0.00,0.00,STATIONARY
6709,-0.0055,0.0000,0.00,0.00,STATIONARY
6720,-0.0037,0.0000,0.00,0.00,STATIONARY
6730,-0.0166,0.0000,0.00,0.00,STATIONARY
6740,-0.0342,0.0000,0.00,0.00,STATIONARY
6749,-0.0400,0.0000,0.00,0.00,STATIONARY
6760,-0.0204,0.0000,0.00,0.00,STATIONARY
6770,-0.0541,0.0000,0.00,0.00,STATIONARY
6780,-0.0849,0.0000,0.00,0.00,STATIONARY
6790,-0.0677,0.0000,0.00,0.00,STATIONARY
6800,-0.0651,0.0000,0.00,0.00,STATIONARY
6810,-0.0575,0.0000,0.00,0.00,STATIONARY
6819,-0.0704,0.0000,0.00,0.00,STATIONARY
6830,-0.0735,0.0000,0.00,0.00,STATIONARY
6840,-0.0755,0.0000,0.00,0.00,STATIONARY
6850,-0.0596,0.0000,0.00,0.00,STATIONARY
6860,-0.0646,0.0000,0.00,0.00,STATIONARY
6870,-0.0608,0.0000,0.00,0.00,STATIONARY
6880,-0.0585,0.0000,0.00,0.00,STATIONARY
6889,-0.0722,0.0000,0.00,0.00,STATIONARY
6900,-0.0870,0.0000,0.00,0.00,STATIONARY
6910,-0.0948,0.0000,0.00,0.00,STATIONARY
6920,-0.0874,0.0000,0.00,0.00,STATIONARY
6930,-0.1097,0.0000,0.00,0.00,STATIONARY
6940,-0.1040,0.0000,0.00,0.00,STATIONARY
6950,-0.1164,0.0000,0.00,0.00,STATIONARY
6960,-0.1199,0.0000,-4.50,-1.08,STATIONARY
6969,-0.1137,-0.1137,-5.64,-2.17,STATIONARY
6980,-0.1219,-0.1219,-6.86,-3.29,STATIONARY
6990,-0.1211,-0.1211,-8.07,-4.43,STATIONARY
7000,-0.1261,-0.1261,-9.33,-5.60,STATIONARY
7010,-0.1202,-0.1202,-10.53,-6.78,STATIONARY
7020,-0.1195,-0.1195,-11.72,-7.96,STATIONARY
7030,-0.1174,-0.1174,-12.90,-9.14,STATIONARY
7039,-0.1246,-0.1246,-14.15,-10.34,STATIONARY
7050,-0.0926,0.0000,-14.15,-11.25,STATIONARY
7060,-0.1085,0.0000,-15.07,-12.16,STATIONARY
7070,-0.1160,0.0000,-15.07,-12.86,STATIONARY
7080,-0.1126,0.0000,-15.07,-13.39,STATIONARY
7090,-0.1214,0.0000,-19.66,-14.89,STATIONARY
7100,-0.1103,-0.1103,-20.76,-16.29,STATIONARY
7109,-0.1386,-0.1386,-22.14,-17.69,STATIONARY
7120,-0.1352,-0.1352,-23.50,-19.08,STATIONARY
7130,-0.1442,-0.1442,-24.94,-20.48,STATIONARY
7140,-0.1424,-0.1424,-26.36,-21.89,STATIONARY
7150,-0.1492,-0.1492,-27.85,-23.31,STATIONARY
7160,-0.1482,-0.1482,-29.34,-24.75,STATIONARY
7170,-0.1398,-0.1398,-30.73,-26.18,STATIONARY
7180,-0.1341,-0.1341,-32.08,-27.59,STATIONARY
7190,-0.1444,-0.1444,-33.52,-29.01,STATIONARY
7200,-0.1350,-0.1350,-34.87,-30.41,STATIONARY
7210,-0.1210,-0.1210,-36.08,-31.77,STATIONARY
7220,-0.1285,-0.1285,-37.37,-33.10,STATIONARY
7230,-0.1217,-0.1217,-38.58,-34.41,STATIONARY
7240,-0.1160,-0.1160,-39.74,-35.69,STATIONARY
7249,-0.1288,-0.1288,-41.03,-36.96,STATIONARY
7260,-0.1376,-0.1376,-42.41,-38.27,STATIONARY
7270,-0.1533,-0.1533,-43.94,-39.62,STATIONARY
7280,-0.1496,-0.1496,-45.44,-41.01,STATIONARY
7290,-0.1741,-0.1741,-47.18,-42.49,STATIONARY
7300,-0.1639,-0.1639,-48.82,-44.00,DOWN
7309,-0.1889,-0.1889,-50.70,-45.60,DOWN
7319,-0.1696,-0.1696,-52.40,-47.23,DOWN
7330,-0.1809,-0.1809,-54.21,-48.90,DOWN
7340,-0.1835,-0.1835,-56.04,-50.61,DOWN
7350,-0.2079,-0.2079,-58.12,-52.40,DOWN
7360,-0.2365,-0.2365,-60.49,-54.34,DOWN
7370,-0.2271,-0.2271,-62.76,-56.35,DOWN
7380,-0.2424,-0.2424,-65.18,-58.46,DOWN
7389,-0.2531,-0.2531,-67.71,-60.67,DOWN
7399,-0.2721,-0.2721,-70.44,-63.01,DOWN
7410,-0.2809,-0.2809,-73.24,-65.45,DOWN
7420,-0.2683,-0.2683,-75.93,-67.96,DOWN
7429,-0.2940,-0.2940,-78.87,-70.57,DOWN
7440,-0.2977,-0.2977,-81.84,-73.26,DOWN
7450,-0.3044,-0.3044,-84.89,-76.04,DOWN
7459,-0.3015,-0.3015,-87.90,-78.88,DOWN
7469,-0.3318,-0.3318,-91.22,-81.83,DOWN
7480,-0.3397,-0.3397,-94.62,-84.89,DOWN
7490,-0.3251,-0.3251,-97.87,-87.99,DOWN
7500,-0.3252,-0.3252,-101.12,-91.13,DOWN
7510,-0.3351,-0.3351,-104.47,-94.32,DOWN
7520,-0.3485,-0.3485,-107.96,-97.58,DOWN
7530,-0.3496,-0.3496,-111.45,-100.90,DOWN
7539,-0.3361,-0.3361,-114.81,-104.22,DOWN
7550,-0.3146,-0.3146,-117.96,-107.51,DOWN
7560,-0.3259,-0.3259,-121.22,-110.78,DOWN
7570,-0.3305,-0.3305,-124.52,-114.07,DOWN
7580,-0.3352,-0.3352,-127.88,-117.37,DOWN
7590,-0.3526,-0.3526,-131.40,-120.72,DOWN
7600,-0.3493,-0.3493,-134.89,-124.11,DOWN
7610,-0.3589,-0.3589,-138.48,-127.55,DOWN
7620,-0.3608,-0.3608,-142.09,-131.02,DOWN
7630,-0.3701,-0.3701,-145.79,-134.55,DOWN
7640,-0.3821,-0.3821,-149.61,-138.15,DOWN
7650,-0.3795,-0.3795,-153.41,-141.80,DOWN
7660,-0.3701,-0.3701,-157.11,-145.46,DOWN
7670,-0.3696,-0.3696,-160.80,-149.13,DOWN
7680,-0.3800,-0.3800,-164.60,-152.83,DOWN
7690,-0.3923,-0.3923,-168.53,-156.58,DOWN
7700,-0.4038,-0.4038,-172.57,-160.40,DOWN
7710,-0.4047,-0.4047,-176.61,-164.28,DOWN
7720,-0.4012,-0.4012,-180.62,-168.18,DOWN
7730,-0.3841,-0.3841,-184.46,-172.08,DOWN
7740,-0.3929,-0.3929,-188.39,-175.98,DOWN
7750,-0.4029,-0.4029,-192.42,-179.91,DOWN
7760,-0.4000,-0.4000,-196.42,-183.86,DOWN
7770,-0.4118,-0.4118,-200.54,-187.84,DOWN
7780,-0.4081,-0.4081,-204.62,-191.85,DOWN
7790,-0.4087,-0.4087,-208.71,-195.88,DOWN
7800,-0.4123,-0.4123,-212.83,-199.93,DOWN
7810,-0.4431,-0.4431,-217.26,-204.08,DOWN
7820,-0.4328,-0.4328,-221.59,-208.26,DOWN
7830,-0.4247,-0.4247,-225.84,-212.46,DOWN
7840,-0.4158,-0.4158,-229.99,-216.66,DOWN
7850,-0.4413,-0.4413,-234.41,-220.90,DOWN
7860,-0.4294,-0.4294,-238.70,-225.15,DOWN
7870,-0.4373,-0.4373,-243.07,-229.44,DOWN
7880,-0.4272,-0.4272,-247.35,-233.72,DOWN
7889,-0.4544,-0.4544,-251.89,-238.06,DOWN
7899,-0.4264,-0.4264,-256.15,-242.39,DOWN
7910,-0.4399,-0.4399,-260.55,-246.73,DOWN
7920,-0.4518,-0.4518,-265.07,-251.12,DOWN
7930,-0.4553,-0.4553,-269.62,-255.54,DOWN
7940,-0.4537,-0.4537,-274.16,-259.99,DOWN
7950,-0.4523,-0.4523,-278.68,-264.46,DOWN
7959,-0.4406,-0.4406,-283.09,-268.91,DOWN
7969,-0.4563,-0.4563,-287.65,-273.39,DOWN
7980,-0.4712,-0.4712,-292.37,-277.93,DOWN
7990,-0.4483,-0.4483,-296.85,-282.45,DOWN
8000,-0.4679,-0.4679,-301.53,-287.01,DOWN
8010,-0.4580,-0.4580,-306.11,-291.58,DOWN
8020,-0.4681,-0.4681,-310.79,-296.17,DOWN
8030,-0.4915,-0.4915,-315.70,-300.84,DOWN
8039,-0.4899,-0.4899,-320.60,-305.56,DOWN
8050,-0.5053,-0.5053,-325.66,-310.37,DOWN
8060,-0.4931,-0.4931,-330.59,-315.20,DOWN
8070,-0.4974,-0.4974,-335.56,-320.07,DOWN
8080,-0.4989,-0.4989,-340.55,-324.96,DOWN
8090,-0.4894,-0.4894,-345.44,-329.86,DOWN
8100,-0.4927,-0.4927,-350.37,-334.76,DOWN
8110,-0.5068,-0.5068,-355.44,-339.71,DOWN
8120,-0.4742,-0.4742,-360.18,-344.60,DOWN
8130,-0.4957,-0.4957,-365.14,-349.51,DOWN
8140,-0.5031,-0.5031,-370.17,-354.45,DOWN
8150,-0.5071,-0.5071,-375.24,-359.42,DOWN
8160,-0.5188,-0.5188,-380.43,-364.44,DOWN
8170,-0.4964,-0.4964,-385.39,-369.45,DOWN
8179,-0.5021,-0.5021,-390.41,-374.46,DOWN
8190,-0.5332,-0.5332,-395.75,-379.55,DOWN
8200,-0.5289,-0.5289,-401.04,-384.69,DOWN
8210,-0.5402,-0.5402,-406.44,-389.89,DOWN
8220,-0.5236,-0.5236,-411.68,-395.10,DOWN
8230,-0.5399,-0.5399,-417.07,-400.35,DOWN
8240,-0.5383,-0.5383,-422.45,-405.63,DOWN
8249,-0.5118,-0.5118,-427.57,-410.88,DOWN
8260,-0.5218,-0.5218,-432.79,-416.12,DOWN
8270,-0.5414,-0.5414,-438.20,-421.40,DOWN
8280,-0.5265,-0.5265,-443.47,-426.67,DOWN
8290,-0.5474,-0.5474,-448.94,-432.00,DOWN
8300,-0.5387,-0.5387,-454.33,-437.34,DOWN
8310,-0.5803,-0.5803,-460.13,-442.79,DOWN
8319,-0.5677,-0.5677,-465.81,-448.29,DOWN
8330,-0.5528,-0.5528,-471.34,-453.80,DOWN
8340,-0.5422,-0.5422,-476.76,-459.29,DOWN
8350,-0.5543,-0.5543,-482.30,-464.79,DOWN
8360,-0.5557,-0.5557,-487.86,-470.31,DOWN
8370,-0.5426,-0.5426,-493.29,-475.81,DOWN
8380,-0.5712,-0.5712,-499.00,-481.35,DOWN
8390,-0.5446,-0.5446,-504.44,-486.87,DOWN
8399,-0.5694,-0.5694,-510.14,-492.43,DOWN
8410,-0.5644,-0.5644,-515.78,-498.01,DOWN
8420,-0.5762,-0.5762,-521.55,-503.64,DOWN
8430,-0.5738,-0.5738,-527.28,-509.29,DOWN
8440,-0.5655,-0.5655,-532.94,-514.94,DOWN
8450,-0.5637,-0.5637,-538.57,-520.59,DOWN
8460,-0.5682,-0.5682,-544.26,-526.25,DOWN
8469,-0.5709,-0.5709,-549.96,-531.92,DOWN
8480,-0.5865,-0.5865,-555.83,-537.64,DOWN
8490,-0.6208,-0.6208,-562.04,-543.47,DOWN
8500,-0.6246,-0.6246,-568.28,-549.40,DOWN
8510,-0.6083,-0.6083,-574.37,-555.37,DOWN
8520,-0.6152,-0.6152,-580.52,-561.38,DOWN
8530,-0.5993,-0.5993,-586.51,-567.39,DOWN
8540,-0.6191,-0.6191,-592.70,-573.44,DOWN
8550,-0.6006,-0.6006,-598.71,-579.48,DOWN
8560,-0.6260,-0.6260,-604.97,-585.58,DOWN
8570,-0.6102,-0.6102,-611.07,-591.67,DOWN
8580,-0.6273,-0.6273,-617.34,-597.81,DOWN
8590,-0.6246,-0.6246,-623.59,-603.97,DOWN
8600,-0.6246,-0.6246,-629.84,-610.15,DOWN
8610,-0.6186,-0.6186,-636.02,-616.34,DOWN
8620,-0.6178,-0.6178,-642.20,-622.52,DOWN
8630,-0.6370,-0.6370,-648.57,-628.75,DOWN
8640,-0.6104,-0.6104,-654.68,-634.95,DOWN
8650,-0.6397,-0.6397,-661.07,-641.19,DOWN
8660,-0.5891,-0.5891,-666.96,-647.35,DOWN
8670,-0.6062,-0.6062,-673.03,-653.49,DOWN
8680,-0.6331,-0.6331,-679.36,-659.67,DOWN
8690,-0.6514,-0.6514,-685.87,-665.94,DOWN
8700,-0.6786,-0.6786,-692.66,-672.33,DOWN
8710,-0.6804,-0.6804,-699.46,-678.81,DOWN
8720,-0.6787,-0.6787,-706.25,-685.37,DOWN
8730,-0.6729,-0.6729,-712.98,-691.97,DOWN
8740,-0.6724,-0.6724,-719.70,-698.60,DOWN
8750,-0.6840,-0.6840,-726.54,-705.28,DOWN
8760,-0.6920,-0.6920,-733.46,-712.02,DOWN
8770,-0.6671,-0.6671,-740.13,-718.74,DOWN
8780,-0.6764,-0.6764,-746.90,-725.47,DOWN
8790,-0.6907,-0.6907,-753.80,-732.24,DOWN
8800,-0.6708,-0.6708,-760.51,-739.00,DOWN
8810,-0.6873,-0.6873,-767.38,-745.79,DOWN
8820,-0.6782,-0.6782,-774.17,-752.57,DOWN
8830,-0.6678,-0.6678,-780.85,-759.33,DOWN
8840,-0.6563,-0.6563,-787.41,-766.04,DOWN
8850,-0.6478,-0.6478,-793.89,-772.70,DOWN
8860,-0.6829,-0.6829,-800.71,-779.40,DOWN
8870,-0.6681,-0.6681,-807.40,-786.09,DOWN
8880,-0.6288,-0.6288,-813.68,-792.69,DOWN
8889,-0.6356,-0.6356,-820.04,-799.22,DOWN
8899,-0.6414,-0.6414,-826.45,-805.73,DOWN
8910,-0.6571,-0.6571,-833.02,-812.26,DOWN
8920,-0.6009,-0.6009,-839.03,-818.66,DOWN
8930,-0.5645,-0.5645,-844.68,-824.88,DOWN
8940,-0.5613,-0.5613,-850.29,-830.95,DOWN
8950,-0.5455,-0.5455,-855.75,-836.88,DOWN
8960,-0.5284,-0.5284,-861.03,-842.65,DOWN
8970,-0.5116,-0.5116,-866.15,-848.27,DOWN
8980,-0.4925,-0.4925,-871.07,-853.72,DOWN
8990,-0.4733,-0.4733,-875.80,-859.00,DOWN
9000,-0.4962,-0.4962,-880.77,-864.20,DOWN
9010,-0.5209,-0.5209,-885.98,-869.41,DOWN
9020,-0.4842,-0.4842,-890.82,-874.53,DOWN
9030,-0.4448,-0.4448,-895.27,-879.48,DOWN
9039,-0.4335,-0.4335,-899.60,-884.29,DOWN
9050,-0.4759,-0.4759,-904.36,-889.09,DOWN
9060,-0.4322,-0.4322,-908.68,-893.77,DOWN
9070,-0.3763,-0.3763,-912.45,-898.24,DOWN
9080,-0.3608,-0.3608,-916.05,-902.50,DOWN
9090,-0.3972,-0.3972,-920.02,-906.69,DOWN
9100,-0.4194,-0.4194,-924.22,-910.88,DOWN
9109,-0.3652,-0.3652,-927.87,-914.94,DOWN
9120,-0.3243,-0.3243,-931.11,-918.81,DOWN
9130,-0.3189,-0.3189,-934.30,-922.51,DOWN
9140,-0.3513,-0.3513,-937.82,-926.17,DOWN
9150,-0.3069,-0.3069,-940.89,-929.69,DOWN
9160,-0.2654,-0.2654,-943.54,-933.00,DOWN
9170,-0.2857,-0.2857,-946.40,-936.20,DOWN
9179,-0.2796,-0.2796,-949.19,-939.30,DOWN
9190,-0.2944,-0.2944,-952.14,-942.37,DOWN
9200,-0.2510,-0.2510,-954.65,-945.31,DOWN
9210,-0.2306,-0.2306,-956.95,-948.09,DOWN
9220,-0.2213,-0.2213,-959.17,-950.74,DOWN
9230,-0.2241,-0.2241,-961.41,-953.29,DOWN
9240,-0.2026,-0.2026,-963.43,-955.71,DOWN
9250,-0.1776,-0.1776,-965.21,-957.98,DOWN
9260,-0.1825,-0.1825,-967.03,-960.15,DOWN
9270,-0.1664,-0.1664,-968.70,-962.19,DOWN
9280,-0.1382,-0.1382,-970.08,-964.08,DOWN
9290,-0.1087,-0.1087,-971.17,-965.77,DOWN
9300,-0.1114,-0.1114,-972.28,-967.33,DOWN
9309,-0.1061,-0.1061,-973.34,-968.77,DOWN
9320,-0.0897,0.0000,-973.34,-969.86,DOWN
9330,-0.0282,0.0000,-973.34,-970.69,DOWN
9340,-0.0410,0.0000,-973.34,-971.33,DOWN
9350,-0.0549,0.0000,-973.34,-971.81,DOWN
9360,-0.0357,0.0000,-973.34,-972.17,DOWN
9370,0.0204,0.0000,-973.34,-972.45,DOWN
9380,0.0097,0.0000,-973.34,-972.67,DOWN
9390,-0.0106,0.0000,-973.34,-972.83,DOWN
9399,0.0164,0.0000,-973.34,-972.95,DOWN
9410,0.0558,0.0000,-973.34,-973.04,DOWN
9420,0.0646,0.0000,-973.34,-973.12,DOWN
9430,0.0236,0.0000,-973.34,-973.17,DOWN
9440,0.0260,0.0000,-973.34,-973.21,DOWN
9450,0.1050,0.0000,-973.34,-973.24,DOWN
9460,0.1291,0.0000,-973.34,-973.27,DOWN
9469,0.0677,0.0000,-973.34,-973.28,DOWN
9480,0.0622,0.0000,-973.34,-973.30,DOWN
9490,0.1164,0.0000,-972.04,-973.00,DOWN
9500,0.1109,0.0000,-972.04,-972.77,DOWN
9510,0.0786,0.0000,-972.04,-972.60,DOWN
9520,0.0343,0.0000,-972.04,-972.46,DOWN
9530,0.1079,0.0000,-970.91,-972.09,DOWN
9540,0.1137,0.0000,-970.91,-971.81,DOWN
9550,0.0521,0.0000,-970.91,-971.60,DOWN
9560,0.0542,0.0000,-970.91,-971.43,DOWN
9570,0.0711,0.0000,-970.91,-971.31,DOWN
9580,0.1091,0.0000,-969.14,-970.79,DOWN
9590,0.0648,0.0000,-969.14,-970.40,DOWN
9600,0.0267,0.0000,-969.14,-970.10,DOWN
9610,0.0767,0.0000,-969.14,-969.87,DOWN
9620,0.0757,0.0000,-969.14,-969.69,DOWN
9630,0.0518,0.0000,-969.14,-969.56,DOWN
9640,0.0158,0.0000,-969.14,-969.46,DOWN
9650,0.0588,0.0000,-969.14,-969.38,DOWN
9660,0.1296,0.0000,-965.44,-968.44,DOWN
9670,0.0675,0.0000,-965.44,-967.72,DOWN
9679,0.0353,0.0000,-965.44,-967.18,DOWN
9690,0.0123,0.0000,-965.44,-966.76,DOWN
9700,0.1081,0.0000,-964.29,-966.17,DOWN
9709,0.0751,0.0000,-964.29,-965.72,DOWN
9720,-0.0118,0.0000,-964.29,-965.38,DOWN
9730,0.0357,0.0000,-964.29,-965.12,DOWN
9740,0.0714,0.0000,-964.29,-964.92,DOWN
9749,0.1135,0.0000,-962.58,-964.36,DOWN
9760,0.0349,0.0000,-962.58,-963.93,DOWN
9770,0.0132,0.0000,-962.58,-963.61,DOWN
9780,0.0892,0.0000,-962.58,-963.36,DOWN
9790,0.0783,0.0000,-962.58,-963.18,DOWN
9800,0.0117,0.0000,-962.58,-963.04,DOWN
9810,0.0014,0.0000,-962.58,-962.93,DOWN
9820,0.0816,0.0000,-962.58,-962.84,DOWN
9830,0.0743,0.0000,-962.58,-962.78,DOWN
9840,0.0090,0.0000,-962.58,-962.73,DOWN
9850,-0.0126,0.0000,-962.58,-962.70,DOWN
9860,0.0666,0.0000,-962.58,-962.67,DOWN
9870,0.0947,0.0000,-962.58,-962.65,DOWN
9880,0.0260,0.0000,-962.58,-962.63,DOWN
9890,0.0034,0.0000,-962.58,-962.62,DOWN
9899,0.0618,0.0000,-962.58,-962.61,DOWN
9910,0.1037,0.0000,-962.58,-962.60,DOWN
9920,0.0268,0.0000,-962.58,-962.60,DOWN
9930,-0.0065,0.0000,-962.58,-962.60,DOWN
9940,0.0390,0.0000,-962.58,-962.59,DOWN
9950,0.0816,0.0000,-962.58,-962.59,DOWN
9960,0.0477,0.0000,-962.58,-962.59,DOWN
9970,0.0029,0.0000,-962.58,-962.59,DOWN
9980,0.0708,0.0000,-962.58,-962.59,DOWN
9990,0.0929,0.0000,-962.58,-962.58,DOWN
10000,0.0654,0.0000,-962.58,-962.58,DOWN
10010,0.0345,0.0000,-962.58,-962.58,DOWN
10020,0.0072,0.0000,-962.58,-962.58,DOWN
10030,0.1024,0.0000,-962.58,-962.58,DOWN
10040,0.0387,0.0000,-962.58,-962.58,DOWN
10050,-0.0169,0.0000,-962.58,-962.58,DOWN
10060,0.0498,0.0000,-962.58,-962.58,DOWN
10070,0.0497,0.0000,-962.58,-962.58,DOWN
10080,0.0718,0.0000,-962.58,-962.58,DOWN
10090,-0.0101,0.0000,-962.58,-962.58,DOWN
10100,-0.0094,0.0000,-962.58,-962.58,DOWN
10109,0.0404,0.0000,-962.58,-962.58,DOWN
10120,0.0164,0.0000,-962.58,-962.58,DOWN
10130,0.0119,0.0000,-962.58,-962.58,DOWN
10140,-0.0500,0.0000,-962.58,-962.58,DOWN
10150,0.0460,0.0000,-962.58,-962.58,DOWN
10160,0.0739,0.0000,-962.58,-962.58,DOWN
10170,0.0327,0.0000,-962.58,-962.58,DOWN
10180,-0.0094,0.0000,-962.58,-962.58,DOWN
10190,0.0201,0.0000,-962.58,-962.58,DOWN
10200,0.0912,0.0000,-962.58,-962.58,DOWN
10210,0.0661,0.0000,-962.58,-962.58,DOWN
10220,-0.0125,0.0000,-962.58,-962.58,DOWN
10230,0.0206,0.0000,-962.58,-962.58,DOWN
10240,0.0744,0.0000,-962.58,-962.58,DOWN
10249,0.0430,0.0000,-962.58,-962.58,DOWN
10260,-0.0021,0.0000,-962.58,-962.58,DOWN
10270,-0.0081,0.0000,-962.58,-962.58,DOWN
10280,0.0545,0.0000,-962.58,-962.58,DOWN
10290,0.0250,0.0000,-962.58,-962.58,DOWN
10299,-0.0309,0.0000,-962.58,-962.58,DOWN
10310,-0.0223,0.0000,-962.58,-962.58,DOWN
10320,0.0279,0.0000,-962.58,-962.58,DOWN
10329,0.0450,0.0000,-962.58,-962.58,DOWN
10340,0.0048,0.0000,-962.58,-962.58,DOWN
10350,-0.0210,0.0000,-962.58,-962.58,DOWN
10360,0.0415,0.0000,-962.58,-962.58,DOWN
10370,0.0641,0.0000,-962.58,-962.58,DOWN
10380,0.0373,0.0000,-962.58,-962.58,DOWN
10390,0.0006,0.0000,-962.58,-962.58,DOWN
10399,0.0385,0.0000,-962.58,-962.58,DOWN
10410,0.0772,0.0000,-962.58,-962.58,DOWN
10420,0.0277,0.0000,-962.58,-962.58,DOWN
10430,-0.0018,0.0000,-962.58,-962.58,DOWN
10440,-0.0088,0.0000,-962.58,-962.58,DOWN
10450,0.0308,0.0000,-962.58,-962.58,DOWN
10460,0.0284,0.0000,-962.58,-962.58,DOWN
10469,0.0054,0.0000,-962.58,-962.58,DOWN
10480,-0.0456,0.0000,-962.58,-962.58,DOWN
10490,0.0304,0.0000,-962.58,-962.58,DOWN
10500,0.0358,0.0000,-962.58,-962.58,DOWN
10510,0.0108,0.0000,-962.58,-962.58,DOWN
10520,0.0024,0.0000,-962.58,-962.58,DOWN
10530,0.0041,0.0000,-962.58,-962.58,DOWN
10540,0.0527,0.0000,-962.58,-962.58,DOWN
10550,0.0222,0.0000,-962.58,-962.58,DOWN
10560,-0.0067,0.0000,-962.58,-962.58,DOWN
10570,0.0107,0.0000,-962.58,-962.58,DOWN
10580,0.0517,0.0000,-962.58,-962.58,DOWN
10590,0.0412,0.0000,-962.58,-962.58,DOWN
10600,-0.0070,0.0000,-962.58,-962.58,DOWN
10609,-0.0153,0.0000,-962.58,-962.58,DOWN
10620,0.0223,0.0000,-962.58,-962.58,DOWN
10630,-0.0001,0.0000,-962.58,-962.58,DOWN
10640,-0.0282,0.0000,-962.58,-962.58,DOWN
10650,-0.0234,0.0000,-962.58,-962.58,DOWN
10660,0.0024,0.0000,-962.58,-962.58,DOWN
10670,0.0484,0.0000,-962.58,-962.58,DOWN
10680,0.0046,0.0000,-962.58,-962.58,DOWN
10690,-0.0477,0.0000,-962.58,-962.58,DOWN
10700,0.0113,0.0000,-962.58,-962.58,DOWN
10710,0.0227,0.0000,-962.58,-962.58,DOWN
10720,0.0022,0.0000,-962.58,-962.58,DOWN
10730,-0.0158,0.0000,-962.58,-962.58,DOWN
10740,-0.0318,0.0000,-962.58,-962.58,DOWN
10750,0.0206,0.0000,-962.58,-962.58,DOWN
10760,0.0040,0.0000,-962.58,-962.58,DOWN
10770,-0.0286,0.0000,-962.58,-962.58,DOWN
10780,-0.0034,0.0000,-962.58,-962.58,DOWN
10790,0.0147,0.0000,-962.58,-962.58,DOWN
10800,0.0363,0.0000,-962.58,-962.58,DOWN
10810,0.0017,0.0000,-962.58,-962.58,DOWN
10820,-0.0117,0.0000,-962.58,-962.58,DOWN
10829,0.0324,0.0000,-962.58,-962.58,DOWN
10840,0.0658,0.0000,-962.58,-962.58,DOWN
10850,0.0226,0.0000,-962.58,-962.58,DOWN
10860,-0.0308,0.0000,-962.58,-962.58,DOWN
10870,-0.0072,0.0000,-962.58,-962.58,DOWN
10880,0.0675,0.0000,-962.58,-962.58,DOWN
10889,0.0350,0.0000,-962.58,-962.58,DOWN
10899,-0.0148,0.0000,-962.58,-962.58,DOWN
10910,0.0144,0.0000,-962.58,-962.58,DOWN
10920,0.0509,0.0000,-962.58,-962.58,DOWN
10930,0.0363,0.0000,-962.58,-962.58,DOWN
10940,-0.0188,0.0000,-962.58,-962.58,DOWN
10950,-0.0251,0.0000,-962.58,-962.58,DOWN
10960,0.0570,0.0000,-962.58,-962.58,DOWN
10969,0.0032,0.0000,-962.58,-962.58,DOWN
10980,-0.0120,0.0000,-962.58,-962.58,DOWN
10990,-0.0332,0.0000,-962.58,-962.58,DOWN
11000,-0.0084,0.0000,-962.58,-962.58,DOWN
11010,0.0214,0.0000,-962.58,-962.58,DOWN
11020,-0.0087,0.0000,-962.58,-962.58,DOWN
11030,-0.0116,0.0000,-962.58,-962.58,DOWN
11039,0.0088,0.0000,-962.58,-962.58,DOWN
11050,0.0434,0.0000,-962.58,-962.58,DOWN
11060,0.0272,0.0000,-962.58,-962.58,DOWN
11070,-0.0056,0.0000,-962.58,-962.58,DOWN
11080,-0.0070,0.0000,-962.58,-962.58,DOWN
11090,0.0200,0.0000,-962.58,-962.58,DOWN
11100,0.0343,0.0000,-962.58,-962.58,DOWN
11109,0.0034,0.0000,-962.58,-962.58,DOWN
11120,-0.0164,0.0000,-962.58,-962.58,DOWN
11130,0.0542,0.0000,-962.58,-962.58,DOWN
11140,0.0224,0.0000,-962.58,-962.58,DOWN
11150,-0.0185,0.0000,-962.58,-962.58,DOWN
11160,-0.0258,0.0000,-962.58,-962.58,DOWN
11170,0.0195,0.0000,-962.58,-962.58,DOWN
11179,0.0110,0.0000,-962.58,-962.58,DOWN
11190,-0.0158,0.0000,-962.58,-962.58,DOWN
11200,-0.0291,0.0000,-962.58,-962.58,DOWN
11210,0.0119,0.0000,-962.58,-962.58,DOWN
11220,0.0458,0.0000,-962.58,-962.58,DOWN
11230,-0.0022,0.0000,-962.58,-962.58,DOWN
11240,-0.0234,0.0000,-962.58,-962.58,DOWN
11249,0.0160,0.0000,-962.58,-962.58,DOWN
11260,0.0311,0.0000,-962.58,-962.58,DOWN
11270,0.0407,0.0000,-962.58,-962.58,DOWN
11280,0.0028,0.0000,-962.58,-962.58,DOWN
11290,0.0059,0.0000,-962.58,-962.58,DOWN
11300,0.0582,0.0000,-962.58,-962.58,DOWN
11309,0.0352,0.0000,-962.58,-962.58,DOWN
11320,-0.0181,0.0000,-962.58,-962.58,DOWN
11329,-0.0352,0.0000,-962.58,-962.58,DOWN
11340,0.0086,0.0000,-962.58,-962.58,DOWN
11350,0.0444,0.0000,-962.58,-962.58,DOWN
11360,-0.0040,0.0000,-962.58,-962.58,DOWN
11370,-0.0188,0.0000,-962.58,-962.58,DOWN
11380,-0.0147,0.0000,-962.58,-962.58,DOWN
11389,0.0125,0.0000,-962.58,-962.58,DOWN
11399,0.0035,0.0000,-962.58,-962.58,DOWN
11410,-0.0419,0.0000,-962.58,-962.58,DOWN
11420,-0.0286,0.0000,-962.58,-962.58,DOWN
11430,0.0274,0.0000,-962.58,-962.58,DOWN
11440,0.0221,0.0000,-962.58,-962.58,DOWN
11450,0.0178,0.0000,-962.58,-962.58,DOWN
11460,0.0087,0.0000,-962.58,-962.58,DOWN
11469,0.0361,0.0000,-962.58,-962.58,DOWN
11480,0.0709,0.0000,-962.58,-962.58,DOWN
11490,0.0254,0.0000,-962.58,-962.58,DOWN
11500,-0.0045,0.0000,-962.58,-962.58,DOWN
11509,0.0412,0.0000,-962.58,-962.58,DOWN
11520,0.0510,0.0000,-962.58,-962.58,DOWN
11530,-0.0077,0.0000,-962.58,-962.58,DOWN
11540,-0.0432,0.0000,-962.58,-962.58,DOWN
11550,-0.0184,0.0000,-962.58,-962.58,DOWN
11560,0.0130,0.0000,-962.58,-962.58,DOWN
11570,-0.0152,0.0000,-962.58,-962.58,DOWN
11580,-0.0486,0.0000,-962.58,-962.58,DOWN
11590,-0.0245,0.0000,-962.58,-962.58,DOWN
11600,0.0021,0.0000,-962.58,-962.58,DOWN
11609,-0.0030,0.0000,-962.58,-962.58,DOWN
11620,-0.0435,0.0000,-962.58,-962.58,DOWN
11630,-0.0381,0.0000,-962.58,-962.58,DOWN
11639,0.0342,0.0000,-962.58,-962.58,DOWN
11650,0.0365,0.0000,-962.58,-962.58,DOWN
11660,-0.0043,0.0000,-962.58,-962.58,DOWN
11670,-0.0039,0.0000,-962.58,-962.58,DOWN
11680,0.0143,0.0000,-962.58,-962.58,DOWN
11690,0.0612,0.0000,-962.58,-962.58,DOWN
11700,-0.0067,0.0000,-962.58,-962.58,DOWN
11710,-0.0212,0.0000,-962.58,-962.58,DOWN
11720,-0.0077,0.0000,-962.58,-962.58,DOWN
11730,0.0369,0.0000,-962.58,-962.58,DOWN
11740,0.0176,0.0000,-962.58,-962.58,DOWN
11749,-0.0270,0.0000,-962.58,-962.58,DOWN
11760,-0.0058,0.0000,-962.58,-962.58,DOWN
11770,0.0355,0.0000,-962.58,-962.58,DOWN
11780,0.0314,0.0000,-962.58,-962.58,DOWN
11790,-0.0283,0.0000,-962.58,-962.58,DOWN
11800,-0.0223,0.0000,-962.58,-962.58,DOWN
11810,0.0481,0.0000,-962.58,-962.58,DOWN
11819,0.0177,0.0000,-962.58,-962.58,DOWN
11830,-0.0099,0.0000,-962.58,-962.58,DOWN
11840,-0.0287,0.0000,-962.58,-962.58,DOWN
11850,0.0434,0.0000,-962.58,-962.58,DOWN
11860,0.0428,0.0000,-962.58,-962.58,DOWN
11870,0.0102,0.0000,-962.58,-962.58,DOWN
11880,-0.0169,0.0000,-962.58,-962.58,DOWN
11889,0.0105,0.0000,-962.58,-962.58,DOWN
11899,0.0636,0.0000,-962.58,-962.58,DOWN
11910,0.0121,0.0000,-962.58,-962.58,DOWN
11920,-0.0075,0.0000,-962.58,-962.58,DOWN
11930,0.0002,0.0000,-962.58,-962.58,DOWN
11940,0.0449,0.0000,-962.58,-962.58,DOWN
11950,0.0251,0.0000,-962.58,-962.58,DOWN
11960,-0.0331,0.0000,-962.58,-962.58,DOWN
11969,-0.0158,0.0000,-962.58,-962.58,DOWN
11980,0.0013,0.0000,-962.58,-962.58,DOWN
11990,0.0369,0.0000,-962.58,-962.58,DOWN
12000,-0.0243,0.0000,-962.58,-962.58,DOWN
12010,-0.0173,0.0000,-962.58,-962.58,DOWN
12020,0.0050,0.0000,-962.58,-962.58,DOWN
12030,0.0165,0.0000,-962.58,-962.58,DOWN
12039,0.0069,0.0000,-962.58,-962.58,DOWN
12050,-0.0482,0.0000,-962.58,-962.58,DOWN
12060,0.0025,0.0000,-962.58,-962.58,DOWN
12070,0.0407,0.0000,-962.58,-962.58,DOWN
12080,0.0126,0.0000,-962.58,-962.58,DOWN
12090,0.0196,0.0000,-962.58,-962.58,DOWN
12100,0.0156,0.0000,-962.58,-962.58,DOWN
12109,0.0265,0.0000,-962.58,-962.58,DOWN
12120,0.0347,0.0000,-962.58,-962.58,DOWN
12130,-0.0034,0.0000,-962.58,-962.58,DOWN
12140,-0.0197,0.0000,-962.58,-962.58,DOWN
12150,0.0205,0.0000,-962.58,-962.58,DOWN
12160,0.0350,0.0000,-962.58,-962.58,DOWN
12170,0.0004,0.0000,-962.58,-962.58,DOWN
12180,-0.0239,0.0000,-962.58,-962.58,DOWN
12190,-0.0133,0.0000,-962.58,-962.58,DOWN
12200,0.0492,0.0000,-962.58,-962.58,DOWN
12210,0.0293,0.0000,-962.58,-962.58,DOWN
12220,-0.0268,0.0000,-962.58,-962.58,DOWN
12230,0.0111,0.0000,-962.58,-962.58,DOWN
12240,0.0576,0.0000,-962.58,-962.58,DOWN
12249,0.0255,0.0000,-962.58,-962.58,DOWN
12260,-0.0082,0.0000,-962.58,-962.58,DOWN
12270,-0.0006,0.0000,-962.58,-962.58,DOWN
12280,0.0364,0.0000,-962.58,-962.58,DOWN
12290,0.0363,0.0000,-962.58,-962.58,DOWN
12300,-0.0108,0.0000,-962.58,-962.58,DOWN
12309,-0.0498,0.0000,-962.58,-962.58,DOWN
12320,0.0194,0.0000,-962.58,-962.58,DOWN
12329,0.0381,0.0000,-962.58,-962.58,DOWN
12340,0.0201,0.0000,-962.58,-962.58,DOWN
12350,-0.0205,0.0000,-962.58,-962.58,DOWN
12360,0.0209,0.0000,-962.58,-962.58,DOWN
12370,0.0503,0.0000,-962.58,-962.58,DOWN
12380,0.0099,0.0000,-962.58,-962.58,DOWN
12390,-0.0317,0.0000,-962.58,-962.58,DOWN
12399,-0.0206,0.0000,-962.58,-962.58,DOWN
12410,0.0745,0.0000,-962.58,-962.58,DOWN
12420,0.0089,0.0000,-962.58,-962.58,DOWN
12430,-0.0072,0.0000,-962.58,-962.58,DOWN
12440,-0.0163,0.0000,-962.58,-962.58,DOWN
12450,0.0352,0.0000,-962.58,-962.58,DOWN
12460,0.0384,0.0000,-962.58,-962.58,DOWN
12469,-0.0243,0.0000,-962.58,-962.58,DOWN
12480,-0.0230,0.0000,-962.58,-962.58,DOWN
12490,0.0269,0.0000,-962.58,-962.58,DOWN
12500,0.0296,0.0000,-962.58,-962.58,DOWN
12510,-0.0229,0.0000,-962.58,-962.58,DOWN
12520,-0.0160,0.0000,-962.58,-962.58,DOWN
12529,0.0101,0.0000,-962.58,-962.58,DOWN
12539,0.0129,0.0000,-962.58,-962.58,DOWN
12550,0.0111,0.0000,-962.58,-962.58,DOWN
12560,-0.0300,0.0000,-962.58,-962.58,DOWN
12570,-0.0050,0.0000,-962.58,-962.58,DOWN
12580,0.0488,0.0000,-962.58,-962.58,DOWN
12590,0.0116,0.0000,-962.58,-962.58,DOWN
12600,-0.0028,0.0000,-962.58,-962.58,DOWN
12609,-0.0130,0.0000,-962.58,-962.58,DOWN
12620,0.0255,0.0000,-962.58,-962.58,DOWN
12630,-0.0008,0.0000,-962.58,-962.58,DOWN
12640,-0.0039,0.0000,-962.58,-962.58,DOWN
12650,-0.0316,0.0000,-962.58,-962.58,DOWN
12660,0.0056,0.0000,-962.58,-962.58,DOWN
12670,0.0328,0.0000,-962.58,-962.58,DOWN
12679,0.0000,0.0000,-962.58,-962.58,DOWN
12690,-0.0301,0.0000,-962.58,-962.58,DOWN
12700,0.0002,0.0000,-962.58,-962.58,DOWN
12710,0.0375,0.0000,-962.58,-962.58,DOWN
12720,0.0316,0.0000,-962.58,-962.58,DOWN
12730,-0.0329,0.0000,-962.58,-962.58,DOWN
12740,-0.0159,0.0000,-962.58,-962.58,DOWN
12749,0.0333,0.0000,-962.58,-962.58,DOWN
12760,0.0198,0.0000,-962.58,-962.58,DOWN
12770,-0.0356,0.0000,-962.58,-962.58,DOWN
12780,-0.0141,0.0000,-962.58,-962.58,DOWN
12790,0.0311,0.0000,-962.58,-962.58,DOWN
12800,0.0395,0.0000,-962.58,-962.58,DOWN
12810,-0.0002,0.0000,-962.58,-962.58,DOWN
12820,0.0218,0.0000,-962.58,-962.58,DOWN
12829,0.0214,0.0000,-962.58,-962.58,DOWN
12840,0.0706,0.0000,-962.58,-962.58,DOWN
12850,0.0158,0.0000,-962.58,-962.58,DOWN
12860,-0.0046,0.0000,-962.58,-962.58,DOWN
12870,0.0196,0.0000,-962.58,-962.58,DOWN
12880,0.0214,0.0000,-962.58,-962.58,DOWN
12889,0.0139,0.0000,-962.58,-962.58,DOWN
12900,-0.0340,0.0000,-962.58,-962.58,DOWN
12910,-0.0316,0.0000,-962.58,-962.58,DOWN
12920,0.0190,0.0000,-962.58,-962.58,DOWN
12930,0.0225,0.0000,-962.58,-962.58,DOWN
12940,-0.0174,0.0000,-962.58,-962.58,DOWN
12950,-0.0326,0.0000,-962.58,-962.58,DOWN
12960,-0.0078,0.0000,-962.58,-962.58,DOWN
12969,0.0195,0.0000,-962.58,-962.58,DOWN
12980,-0.0227,0.0000,-962.58,-962.58,DOWN
12990,-0.0071,0.0000,-962.58,-962.58,DOWN
13000,-0.0076,0.0000,-962.58,-962.58,DOWN
13010,0.0332,0.0000,-962.58,-962.58,DOWN
13020,0.0077,0.0000,-962.58,-962.58,DOWN
13030,-0.0173,0.0000,-962.58,-962.58,DOWN
13040,0.0277,0.0000,-962.58,-962.58,DOWN
13050,0.0483,0.0000,-962.58,-962.58,DOWN
13060,0.0245,0.0000,-962.58,-962.58,DOWN
13070,-0.0085,0.0000,-962.58,-962.58,DOWN
13080,0.0180,0.0000,-962.58,-962.58,DOWN
13090,0.0411,0.0000,-962.58,-962.58,DOWN
13100,0.0235,0.0000,-962.58,-962.58,DOWN
13109,0.0032,0.0000,-962.58,-962.58,DOWN
13120,-0.0115,0.0000,-962.58,-962.58,DOWN
13130,0.0174,0.0000,-962.58,-962.58,DOWN
13140,0.0356,0.0000,-962.58,-962.58,DOWN
13150,-0.0146,0.0000,-962.58,-962.58,DOWN
13160,-0.0014,0.0000,-962.58,-962.58,DOWN
13170,0.0059,0.0000,-962.58,-962.58,DOWN
13179,0.0190,0.0000,-962.58,-962.58,DOWN
13190,-0.0092,0.0000,-962.58,-962.58,DOWN
13200,-0.0324,0.0000,-962.58,-962.58,DOWN
13210,-0.0008,0.0000,-962.58,-962.58,DOWN
13220,0.0169,0.0000,-962.58,-962.58,DOWN
13230,0.0277,0.0000,-962.58,-962.58,DOWN
13240,-0.0363,0.0000,-962.58,-962.58,DOWN
13249,-0.0146,0.0000,-962.58,-962.58,DOWN
13259,0.0337,0.0000,-962.58,-962.58,DOWN
13270,0.0142,0.0000,-962.58,-962.58,DOWN
13280,0.0024,0.0000,-962.58,-962.58,DOWN
13290,-0.0106,0.0000,-962.58,-962.58,DOWN
13300,0.0394,0.0000,-962.58,-962.58,DOWN
13309,0.0546,0.0000,-962.58,-962.58,DOWN
13319,0.0065,0.0000,-962.58,-962.58,DOWN
13329,-0.0264,0.0000,-962.58,-962.58,DOWN
13340,0.0667,0.0000,-962.58,-962.58,DOWN
13350,0.0320,0.0000,-962.58,-962.58,DOWN
13360,-0.0008,0.0000,-962.58,-962.58,DOWN
13370,-0.0103,0.0000,-962.58,-962.58,DOWN
13380,0.0049,0.0000,-962.58,-962.58,DOWN
13389,0.0408,0.0000,-962.58,-962.58,DOWN
13399,-0.0144,0.0000,-962.58,-962.58,DOWN
13410,-0.0304,0.0000,-962.58,-962.58,DOWN
13420,-0.0429,0.0000,-962.58,-962.58,DOWN
13430,0.0275,0.0000,-962.58,-962.58,DOWN
13440,0.0362,0.0000,-962.58,-962.58,DOWN
13450,-0.0392,0.0000,-962.58,-962.58,DOWN
13460,-0.0121,0.0000,-962.58,-962.58,DOWN
13469,0.0317,0.0000,-962.58,-962.58,DOWN
13480,0.0423,0.0000,-962.58,-962.58,DOWN
13490,0.0217,0.0000,-962.58,-962.58,DOWN
13500,-0.0157,0.0000,-962.58,-962.58,DOWN
13510,0.0378,0.0000,-962.58,-962.58,DOWN
13520,0.0562,0.0000,-962.58,-962.58,DOWN
13529,0.0234,0.0000,-962.58,-962.58,DOWN
13539,-0.0311,0.0000,-962.58,-962.58,DOWN
13550,-0.0056,0.0000,-962.58,-962.58,DOWN
13560,0.0256,0.0000,-962.58,-962.58,DOWN
13570,0.0196,0.0000,-962.58,-962.58,DOWN
13580,-0.0168,0.0000,-962.58,-962.58,DOWN
13590,-0.0307,0.0000,-962.58,-962.58,DOWN
13600,0.0274,0.0000,-962.58,-962.58,DOWN
13609,0.0209,0.0000,-962.58,-962.58,DOWN
13620,-0.0018,0.0000,-962.58,-962.58,DOWN
13630,-0.0217,0.0000,-962.58,-962.58,DOWN
13640,0.0127,0.0000,-962.58,-962.58,DOWN
13650,0.0254,0.0000,-962.58,-962.58,DOWN
13660,-0.0140,0.0000,-962.58,-962.58,DOWN
13670,-0.0335,0.0000,-962.58,-962.58,DOWN
13680,0.0251,0.0000,-962.58,-962.58,DOWN
13690,0.0645,0.0000,-962.58,-962.58,DOWN
13700,0.0263,0.0000,-962.58,-962.58,DOWN
13710,0.0061,0.0000,-962.58,-962.58,DOWN
13720,0.0182,0.0000,-962.58,-962.58,DOWN
13730,0.0747,0.0000,-962.58,-962.58,DOWN
13740,0.0635,0.0000,-962.58,-962.58,DOWN
13750,-0.0151,0.0000,-962.58,-962.58,DOWN
13759,-0.0009,0.0000,-962.58,-962.58,DOWN
13770,0.0379,0.0000,-962.58,-962.58,DOWN
13780,0.0567,0.0000,-962.58,-962.58,DOWN
13790,-0.0153,0.0000,-962.58,-962.58,DOWN
13800,-0.0472,0.0000,-962.58,-962.58,DOWN
13810,0.0396,0.0000,-962.58,-962.58,DOWN
13820,0.0229,0.0000,-962.58,-962.58,DOWN
13829,-0.0151,0.0000,-962.58,-962.58,DOWN
13840,-0.0385,0.0000,-962.58,-962.58,DOWN
13850,0.0073,0.0000,-962.58,-962.58,DOWN
13860,0.0501,0.0000,-962.58,-962.58,DOWN
13870,-0.0112,0.0000,-962.58,-962.58,DOWN
13880,-0.0189,0.0000,-962.58,-962.58,DOWN
13890,-0.0140,0.0000,-962.58,-962.58,DOWN
13899,0.0607,0.0000,-962.58,-962.58,DOWN
13910,0.0552,0.0000,-962.58,-962.58,DOWN
13920,-0.0291,0.0000,-962.58,-962.58,DOWN
13930,0.0042,0.0000,-962.58,-962.58,DOWN
13940,0.0273,0.0000,-962.58,-962.58,DOWN
13950,0.0402,0.0000,-962.58,-962.58,DOWN
13960,0.0080,0.0000,-962.58,-962.58,DOWN
13969,-0.0047,0.0000,-962.58,-962.58,DOWN
13980,0.0505,0.0000,-962.58,-962.58,DOWN
13990,0.0550,0.0000,-962.58,-962.58,DOWN
14000,0.0089,0.0000,-962.58,-962.58,DOWN
14010,-0.0426,0.0000,-962.58,-962.58,DOWN
14020,0.0106,0.0000,-962.58,-962.58,DOWN
14030,0.0567,0.0000,-962.58,-962.58,DOWN
14039,-0.0001,0.0000,-962.58,-962.58,DOWN
14050,-0.0207,0.0000,-962.58,-962.58,DOWN
14060,-0.0202,0.0000,-962.58,-962.58,DOWN
14070,0.0655,0.0000,-962.58,-962.58,DOWN
14080,0.0455,0.0000,-962.58,-962.58,DOWN
14090,-0.0031,0.0000,-962.58,-962.58,DOWN
14100,-0.0074,0.0000,-962.58,-962.58,DOWN
14109,0.0203,0.0000,-962.58,-962.58,DOWN
14120,0.0607,0.0000,-962.58,-962.58,DOWN
14130,0.0045,0.0000,-962.58,-962.58,DOWN
14140,-0.0321,0.0000,-962.58,-962.58,DOWN
14150,0.0274,0.0000,-962.58,-962.58,DOWN
14160,0.0396,0.0000,-962.58,-962.58,DOWN
14170,0.0158,0.0000,-962.58,-962.58,DOWN
14180,-0.0322,0.0000,-962.58,-962.58,DOWN
14190,0.0171,0.0000,-962.58,-962.58,DOWN
14200,0.0520,0.0000,-962.58,-962.58,DOWN
14210,0.0116,0.0000,-962.58,-962.58,DOWN
14220,-0.0189,0.0000,-962.58,-962.58,DOWN
14230,-0.0053,0.0000,-962.58,-962.58,DOWN
14240,0.0443,0.0000,-962.58,-962.58,DOWN
14249,0.0160,0.0000,-962.58,-962.58,DOWN
14259,-0.0494,0.0000,-962.58,-962.58,DOWN
14270,-0.0062,0.0000,-962.58,-962.58,DOWN
14280,0.0337,0.0000,-962.58,-962.58,DOWN
14290,0.0466,0.0000,-962.58,-962.58,DOWN
14300,-0.0029,0.0000,-962.58,-962.58,DOWN
14310,-0.0320,0.0000,-962.58,-962.58,DOWN
14320,0.0254,0.0000,-962.58,-962.58,DOWN
14330,0.0234,0.0000,-962.58,-962.58,DOWN
14340,0.0119,0.0000,-962.58,-962.58,DOWN
14350,-0.0245,0.0000,-962.58,-962.58,DOWN
14360,0.0023,0.0000,-962.58,-962.58,DOWN
14370,0.0522,0.0000,-962.58,-962.58,DOWN
14380,0.0161,0.0000,-962.58,-962.58,DOWN
14390,-0.0249,0.0000,-962.58,-962.58,DOWN
14399,-0.0226,0.0000,-962.58,-962.58,DOWN
14410,0.0278,0.0000,-962.58,-962.58,DOWN
14420,0.0311,0.0000,-962.58,-962.58,DOWN
14430,-0.0507,0.0000,-962.58,-962.58,DOWN
14440,-0.0281,0.0000,-962.58,-962.58,DOWN
14450,0.0236,0.0000,-962.58,-962.58,DOWN
14460,0.0318,0.0000,-962.58,-962.58,DOWN
14470,0.0155,0.0000,-962.58,-962.58,DOWN
14480,-0.0436,0.0000,-962.58,-962.58,DOWN
14490,0.0155,0.0000,-962.58,-962.58,DOWN
14500,0.0417,0.0000,-962.58,-962.58,DOWN
14510,0.0134,0.0000,-962.58,-962.58,DOWN
14520,-0.0028,0.0000,-962.58,-962.58,DOWN
14530,-0.0083,0.0000,-962.58,-962.58,DOWN
14540,0.0458,0.0000,-962.58,-962.58,DOWN
14550,-0.0282,0.0000,-962.58,-962.58,DOWN
14560,-0.0432,0.0000,-962.58,-962.58,DOWN
14570,-0.0020,0.0000,-962.58,-962.58,DOWN
14580,0.0287,0.0000,-962.58,-962.58,DOWN
14590,0.0322,0.0000,-962.58,-962.58,DOWN
14600,-0.0419,0.0000,-962.58,-962.58,DOWN
14610,-0.0271,0.0000,-962.58,-962.58,DOWN
14620,0.0315,0.0000,-962.58,-962.58,DOWN
14630,0.0492,0.0000,-962.58,-962.58,DOWN
14640,0.0090,0.0000,-962.58,-962.58,DOWN
14650,0.0097,0.0000,-962.58,-962.58,DOWN
14660,0.0401,0.0000,-962.58,-962.58,DOWN
14670,0.0511,0.0000,-962.58,-962.58,DOWN
14680,0.0325,0.0000,-962.58,-962.58,DOWN
14690,-0.0106,0.0000,-962.58,-962.58,DOWN
14700,0.0103,0.0000,-962.58,-962.58,DOWN
14710,0.0686,0.0000,-962.58,-962.58,DOWN
14720,0.0062,0.0000,-962.58,-962.58,DOWN
14730,-0.0383,0.0000,-962.58,-962.58,DOWN
14740,-0.0064,0.0000,-962.58,-962.58,DOWN
14750,0.0141,0.0000,-962.58,-962.58,DOWN
14760,0.0099,0.0000,-962.58,-962.58,DOWN
14770,-0.0334,0.0000,-962.58,-962.58,DOWN
14780,-0.0273,0.0000,-962.58,-962.58,DOWN
14790,0.0332,0.0000,-962.58,-962.58,DOWN
14800,0.0303,0.0000,-962.58,-962.58,DOWN
14810,-0.0235,0.0000,-962.58,-962.58,DOWN
14820,-0.0195,0.0000,-962.58,-962.58,DOWN
14829,0.0060,0.0000,-962.58,-962.58,DOWN
14840,0.0381,0.0000,-962.58,-962.58,DOWN
14850,0.0066,0.0000,-962.58,-962.58,DOWN
14860,-0.0162,0.0000,-962.58,-962.58,DOWN
14870,0.0200,0.0000,-962.58,-962.58,DOWN
14880,0.0503,0.0000,-962.58,-962.58,DOWN
14890,-0.0003,0.0000,-962.58,-962.58,DOWN
14899,-0.0352,0.0000,-962.58,-962.58,DOWN
14910,0.0134,0.0000,-962.58,-962.58,DOWN
14920,0.0217,0.0000,-962.58,-962.58,DOWN
14930,-0.0120,0.0000,-962.58,-962.58,DOWN
14940,-0.0386,0.0000,-962.58,-962.58,DOWN
14950,-0.0040,0.0000,-962.58,-962.58,DOWN
14960,0.0281,0.0000,-962.58,-962.58,DOWN
14970,0.0216,0.0000,-962.58,-962.58,DOWN
14980,-0.0230,0.0000,-962.58,-962.58,DOWN
14990,-0.0084,0.0000,-962.58,-962.58,DOWN
15000,0.0155,0.0000,-962.58,-962.58,DOWN
15010,0.0304,0.0000,-962.58,-962.58,DOWN
15020,0.0327,0.0000,-962.58,-962.58,DOWN
15030,-0.0230,0.0000,-962.58,-962.58,DOWN
15040,-0.0052,0.0000,-962.58,-962.58,DOWN
15050,0.0305,0.0000,-962.58,-962.58,DOWN
15060,0.0179,0.0000,-962.58,-962.58,DOWN
15070,-0.0167,0.0000,-962.58,-962.58,DOWN
15080,-0.0045,0.0000,-962.58,-962.58,DOWN
15090,0.0241,0.0000,-962.58,-962.58,DOWN
15100,-0.0066,0.0000,-962.58,-962.58,DOWN
15109,-0.0042,0.0000,-962.58,-962.58,DOWN
15120,-0.0391,0.0000,-962.58,-962.58,DOWN
15130,0.0094,0.0000,-962.58,-962.58,DOWN
15140,0.0209,0.0000,-962.58,-962.58,DOWN
15150,-0.0043,0.0000,-962.58,-962.58,DOWN
15160,-0.0079,0.0000,-962.58,-962.58,DOWN
15170,0.0250,0.0000,-962.58,-962.58,DOWN
15180,0.0259,0.0000,-962.58,-962.58,DOWN
15190,0.0025,0.0000,-962.58,-962.58,DOWN
15200,0.0123,0.0000,-962.58,-962.58,DOWN
15210,0.0268,0.0000,-962.58,-962.58,DOWN
15220,0.0378,0.0000,-962.58,-962.58,DOWN
15230,-0.0043,0.0000,-962.58,-962.58,DOWN
15240,-0.0285,0.0000,-962.58,-962.58,DOWN
15249,-0.0023,0.0000,-962.58,-962.58,DOWN
15259,0.0146,0.0000,-962.58,-962.58,DOWN
15270,0.0129,0.0000,-962.58,-962.58,DOWN
15280,-0.0232,0.0000,-962.58,-962.58,DOWN
15290,-0.0160,0.0000,-962.58,-962.58,DOWN
15300,-0.0019,0.0000,-962.58,-962.58,DOWN
15309,0.0119,0.0000,-962.58,-962.58,DOWN
15319,-0.0114,0.0000,-962.58,-962.58,DOWN
15329,-0.0224,0.0000,-962.58,-962.58,DOWN
15340,-0.0066,0.0000,-962.58,-962.58,DOWN
15350,0.0200,0.0000,-962.58,-962.58,DOWN
15360,0.0087,0.0000,-962.58,-962.58,DOWN
15370,0.0090,0.0000,-962.58,-962.58,DOWN
15380,0.0193,0.0000,-962.58,-962.58,DOWN
15390,0.0114,0.0000,-962.58,-962.58,DOWN
15400,0.0286,0.0000,-962.58,-962.58,DOWN
15410,0.0128,0.0000,-962.58,-962.58,DOWN
15420,0.0018,0.0000,-962.58,-962.58,DOWN
15430,0.0290,0.0000,-962.58,-962.58,DOWN
15440,-0.0261,0.0000,-962.58,-962.58,DOWN
15450,0.0010,0.0000,-962.58,-962.58,DOWN
15460,-0.0090,0.0000,-962.58,-962.58,DOWN
15469,0.0182,0.0000,-962.58,-962.58,DOWN
15480,0.0395,0.0000,-962.58,-962.58,DOWN
15490,-0.0145,0.0000,-962.58,-962.58,DOWN
15500,0.0053,0.0000,-962.58,-962.58,DOWN
15510,-0.0012,0.0000,-962.58,-962.58,DOWN
15520,0.0350,0.0000,-962.58,-962.58,DOWN
15529,0.0020,0.0000,-962.58,-962.58,DOWN
15539,-0.0366,0.0000,-962.58,-962.58,DOWN
15550,-0.0046,0.0000,-962.58,-962.58,DOWN
15560,-0.0035,0.0000,-962.58,-962.58,DOWN
15570,0.0176,0.0000,-962.58,-962.58,DOWN
15580,-0.0036,0.0000,-962.58,-962.58,DOWN
15590,0.0024,0.0000,-962.58,-962.58,DOWN
15600,0.0459,0.0000,-962.58,-962.58,DOWN
15610,0.0096,0.0000,-962.58,-962.58,DOWN
15620,0.0240,0.0000,-962.58,-962.58,DOWN
15630,0.0096,0.0000,-962.58,-962.58,DOWN
15640,0.0405,0.0000,-962.58,-962.58,DOWN
15650,0.0335,0.0000,-962.58,-962.58,DOWN
15660,0.0340,0.0000,-962.58,-962.58,DOWN
15670,0.0049,0.0000,-962.58,-962.58,DOWN
15679,0.0045,0.0000,-962.58,-962.58,DOWN
15690,0.0250,0.0000,-962.58,-962.58,DOWN
15700,-0.0090,0.0000,-962.58,-962.58,DOWN
15710,-0.0126,0.0000,-962.58,-962.58,DOWN
15720,-0.0120,0.0000,-962.58,-962.58,DOWN
15730,0.0110,0.0000,-962.58,-962.58,DOWN
15740,-0.0101,0.0000,-962.58,-962.58,DOWN
15749,-0.0015,0.0000,-962.58,-962.58,DOWN
15759,-0.0065,0.0000,-962.58,-962.58,DOWN
15770,-0.0082,0.0000,-962.58,-962.58,DOWN
15780,0.0024,0.0000,-962.58,-962.58,DOWN
15790,-0.0005,0.0000,-962.58,-962.58,DOWN
15800,0.0095,0.0000,-962.58,-962.58,DOWN
15810,0.0208,0.0000,-962.58,-962.58,DOWN
15819,0.0138,0.0000,-962.58,-962.58,DOWN
15829,0.0076,0.0000,-962.58,-962.58,DOWN
15840,0.0200,0.0000,-962.58,-962.58,DOWN
15850,0.0128,0.0000,-962.58,-962.58,DOWN
15860,0.0309,0.0000,-962.58,-962.58,DOWN
15870,0.0299,0.0000,-962.58,-962.58,DOWN
15880,-0.0040,0.0000,-962.58,-962.58,DOWN
15890,0.0221,0.0000,-962.58,-962.58,DOWN
15899,0.0098,0.0000,-962.58,-962.58,DOWN
15910,0.0031,0.0000,-962.58,-962.58,DOWN
15920,-0.0044,0.0000,-962.58,-962.58,DOWN
15930,-0.0040,0.0000,-962.58,-962.58,DOWN
15940,0.0299,0.0000,-962.58,-962.58,DOWN
15950,0.0151,0.0000,-962.58,-962.58,DOWN
15960,0.0032,0.0000,-962.58,-962.58,DOWN
15969,0.0026,0.0000,-962.58,-962.58,DOWN
15980,0.0018,0.0000,-962.58,-962.58,DOWN
15990,0.0046,0.0000,-962.58,-962.58,DOWN
16000,0.0211,0.0000,-962.58,-962.58,DOWN
16010,-0.0145,0.0000,-962.58,-962.58,DOWN
16020,0.0043,0.0000,-962.58,-962.58,DOWN
16030,0.0064,0.0000,-962.58,-962.58,DOWN
16040,0.0174,0.0000,-962.58,-962.58,DOWN
16050,0.0171,0.0000,-962.58,-962.58,DOWN
16060,-0.0107,0.0000,-962.58,-962.58,DOWN
16070,0.0169,0.0000,-962.58,-962.58,DOWN
16080,0.0408,0.0000,-962.58,-962.58,DOWN
16090,0.0385,0.0000,-962.58,-962.58,DOWN
16100,0.0317,0.0000,-962.58,-962.58,DOWN
16109,-0.0001,0.0000,-962.58,-962.58,DOWN
16120,0.0081,0.0000,-962.58,-962.58,DOWN
16130,0.0182,0.0000,-962.58,-962.58,DOWN
16140,-0.0021,0.0000,-962.58,-962.58,DOWN
16150,-0.0026,0.0000,-962.58,-962.58,DOWN
16160,0.0052,0.0000,-962.58,-962.58,DOWN
16170,0.0200,0.0000,-962.58,-962.58,DOWN
16179,-0.0222,0.0000,-962.58,-962.58,DOWN
16190,0.0092,0.0000,-962.58,-962.58,DOWN
16200,0.0145,0.0000,-962.58,-962.58,DOWN
16210,0.0058,0.0000,-962.58,-962.58,DOWN
16220,-0.0008,0.0000,-962.58,-962.58,DOWN
16230,-0.0227,0.0000,-962.58,-962.58,DOWN
16240,-0.0066,0.0000,-962.58,-962.58,DOWN
16249,0.0050,0.0000,-962.58,-962.58,DOWN
16259,0.0056,0.0000,-962.58,-962.58,DOWN
16270,-0.0133,0.0000,-962.58,-962.58,DOWN
16280,0.0027,0.0000,-962.58,-962.58,DOWN
16290,0.0095,0.0000,-962.58,-962.58,DOWN
16300,0.0136,0.0000,-962.58,-962.58,DOWN
16309,0.0163,0.0000,-962.58,-962.58,DOWN
16319,0.0078,0.0000,-962.58,-962.58,DOWN
16329,0.0081,0.0000,-962.58,-962.58,DOWN
16340,-0.0083,0.0000,-962.58,-962.58,DOWN
16350,-0.0326,0.0000,-962.58,-962.58,DOWN
16360,-0.0005,0.0000,-962.58,-962.58,DOWN
16370,-0.0128,0.0000,-962.58,-962.58,DOWN
16380,0.0124,0.0000,-962.58,-962.58,DOWN
16390,0.0233,0.0000,-962.58,-962.58,DOWN
16399,0.0141,0.0000,-962.58,-962.58,DOWN
16410,0.0156,0.0000,-962.58,-962.58,DOWN
16420,0.0139,0.0000,-962.58,-962.58,DOWN
16430,0.0210,0.0000,-962.58,-962.58,DOWN
16440,-0.0247,0.0000,-962.58,-962.58,DOWN
16450,0.0141,0.0000,-962.58,-962.58,DOWN
16460,0.0249,0.0000,-962.58,-962.58,DOWN
16469,-0.0041,0.0000,-962.58,-962.58,DOWN
16480,-0.0050,0.0000,-962.58,-962.58,DOWN
16490,0.0009,0.0000,-962.58,-962.58,DOWN
16500,0.0512,0.0000,-962.58,-962.58,DOWN
16509,0.0087,0.0000,-962.58,-962.58,DOWN
16520,-0.0051,0.0000,-962.58,-962.58,DOWN
16529,0.0069,0.0000,-962.58,-962.58,DOWN
16540,0.0278,0.0000,-962.58,-962.58,DOWN
16550,0.0374,0.0000,-962.58,-962.58,DOWN
16560,0.0089,0.0000,-962.58,-962.58,DOWN
16570,0.0089,0.0000,-962.58,-962.58,DOWN
16580,0.0027,0.0000,-962.58,-962.58,DOWN
16590,0.0401,0.0000,-962.58,-962.58,DOWN
16600,0.0253,0.0000,-962.58,-962.58,DOWN
16610,-0.0365,0.0000,-962.58,-962.58,DOWN
16620,0.0084,0.0000,-962.58,-962.58,DOWN
16630,0.0258,0.0000,-962.58,-962.58,DOWN
16640,0.0300,0.0000,-962.58,-962.58,DOWN
16650,0.0033,0.0000,-962.58,-962.58,DOWN
16660,0.0109,0.0000,-962.58,-962.58,DOWN
16670,0.0119,0.0000,-962.58,-962.58,DOWN
16680,0.0354,0.0000,-962.58,-962.58,DOWN
16689,0.0197,0.0000,-962.58,-962.58,DOWN
16700,-0.0212,0.0000,-962.58,-962.58,DOWN
16710,0.0094,0.0000,-962.58,-962.58,DOWN
16720,0.0060,0.0000,-962.58,-962.58,DOWN
16729,-0.0201,0.0000,-962.58,-962.58,DOWN
16740,-0.0325,0.0000,-962.58,-962.58,DOWN
16749,0.0039,0.0000,-962.58,-962.58,DOWN
16760,0.0620,0.0000,-962.58,-962.58,DOWN
16770,0.0069,0.0000,-962.58,-962.58,DOWN
16780,-0.0138,0.0000,-962.58,-962.58,DOWN
16790,0.0118,0.0000,-962.58,-962.58,DOWN
16800,0.0207,0.0000,-962.58,-962.58,DOWN
16810,0.0021,0.0000,-962.58,-962.58,DOWN
16820,-0.0247,0.0000,-962.58,-962.58,DOWN
16829,-0.0160,0.0000,-962.58,-962.58,DOWN
16840,0.0340,0.0000,-962.58,-962.58,DOWN
16850,0.0086,0.0000,-962.58,-962.58,DOWN
16860,-0.0158,0.0000,-962.58,-962.58,DOWN
16870,0.0087,0.0000,-962.58,-962.58,DOWN
16880,0.0413,0.0000,-962.58,-962.58,DOWN
16890,0.0371,0.0000,-962.58,-962.58,DOWN
16899,0.0022,0.0000,-962.58,-962.58,DOWN
16910,-0.0001,0.0000,-962.58,-962.58,DOWN
16920,0.0391,0.0000,-962.58,-962.58,DOWN
16930,0.0380,0.0000,-962.58,-962.58,DOWN
16940,0.0044,0.0000,-962.58,-962.58,DOWN
16950,-0.0192,0.0000,-962.58,-962.58,DOWN
16960,0.0137,0.0000,-962.58,-962.58,DOWN
16969,0.0350,0.0000,-962.58,-962.58,DOWN
16980,0.0150,0.0000,-962.58,-962.58,DOWN
16990,-0.0201,0.0000,-962.58,-962.58,DOWN
17000,-0.0081,0.0000,-962.58,-962.58,DOWN
17010,0.0355,0.0000,-962.58,-962.58,DOWN
17020,0.0274,0.0000,-962.58,-962.58,DOWN
17030,0.0000,0.0000,-962.58,-962.58,DOWN
17039,-0.0050,0.0000,-962.58,-962.58,DOWN
17050,0.0333,0.0000,-962.58,-962.58,DOWN
17060,0.0135,0.0000,-962.58,-962.58,DOWN
17070,0.0062,0.0000,-962.58,-962.58,DOWN
17080,-0.0240,0.0000,-962.58,-962.58,DOWN
17090,0.0004,0.0000,-962.58,-962.58,DOWN
17100,0.0458,0.0000,-962.58,-962.58,DOWN
17109,-0.0257,0.0000,-962.58,-962.58,DOWN
17120,-0.0233,0.0000,-962.58,-962.58,DOWN
17130,0.0104,0.0000,-962.58,-962.58,DOWN
17140,0.0140,0.0000,-962.58,-962.58,DOWN
17150,0.0323,0.0000,-962.58,-962.58,DOWN
17160,-0.0271,0.0000,-962.58,-962.58,DOWN
17170,-0.0163,0.0000,-962.58,-962.58,DOWN
17179,0.0403,0.0000,-962.58,-962.58,DOWN
17189,0.0225,0.0000,-962.58,-962.58,DOWN
17200,-0.0256,0.0000,-962.58,-962.58,DOWN
17210,-0.0265,0.0000,-962.58,-962.58,DOWN
17220,-0.0098,0.0000,-962.58,-962.58,DOWN
17230,0.0012,0.0000,-962.58,-962.58,DOWN
17240,0.0004,0.0000,-962.58,-962.58,DOWN
17249,-0.0385,0.0000,-962.58,-962.58,DOWN
17259,0.0155,0.0000,-962.58,-962.58,DOWN
17270,0.0032,0.0000,-962.58,-962.58,DOWN
17280,-0.0235,0.0000,-962.58,-962.58,DOWN
17290,-0.0302,0.0000,-962.58,-962.58,DOWN
17300,-0.0269,0.0000,-962.58,-962.58,DOWN
17309,-0.0034,0.0000,-962.58,-962.58,DOWN
17320,0.0049,0.0000,-962.58,-962.58,DOWN
17329,0.0003,0.0000,-962.58,-962.58,DOWN
17340,0.0116,0.0000,-962.58,-962.58,DOWN
17350,0.0570,0.0000,-962.58,-962.58,DOWN
17360,0.0345,0.0000,-962.58,-962.58,DOWN
17370,-0.0298,0.0000,-962.58,-962.58,DOWN
17380,0.0212,0.0000,-962.58,-962.58,DOWN
17390,0.0224,0.0000,-962.58,-962.58,DOWN
17399,0.0360,0.0000,-962.58,-962.58,DOWN
17410,0.0028,0.0000,-962.58,-962.58,DOWN
17420,-0.0236,0.0000,-962.58,-962.58,DOWN
17430,0.0212,0.0000,-962.58,-962.58,DOWN
17440,0.0468,0.0000,-962.58,-962.58,DOWN
17450,-0.0059,0.0000,-962.58,-962.58,DOWN
17460,-0.0024,0.0000,-962.58,-962.58,DOWN
17469,0.0197,0.0000,-962.58,-962.58,DOWN
17480,0.0348,0.0000,-962.58,-962.58,DOWN
17490,0.0430,0.0000,-962.58,-962.58,DOWN
17500,-0.0062,0.0000,-962.58,-962.58,DOWN
17509,-0.0133,0.0000,-962.58,-962.58,DOWN
17520,0.0428,0.0000,-962.58,-962.58,DOWN
17529,0.0195,0.0000,-962.58,-962.58,DOWN
17540,-0.0282,0.0000,-962.58,-962.58,DOWN
17550,-0.0078,0.0000,-962.58,-962.58,DOWN
17560,0.0248,0.0000,-962.58,-962.58,DOWN
17570,0.0002,0.0000,-962.58,-962.58,DOWN
17580,-0.0131,0.0000,-962.58,-962.58,DOWN
17590,-0.0285,0.0000,-962.58,-962.58,DOWN
17600,0.0151,0.0000,-962.58,-962.58,DOWN
17609,0.0479,0.0000,-962.58,-962.58,DOWN
17620,-0.0167,0.0000,-962.58,-962.58,DOWN
17630,-0.0054,0.0000,-962.58,-962.58,DOWN
17640,-0.0056,0.0000,-962.58,-962.58,DOWN
17650,0.0265,0.0000,-962.58,-962.58,DOWN
17660,0.0290,0.0000,-962.58,-962.58,DOWN
17670,-0.0280,0.0000,-962.58,-962.58,DOWN
17679,-0.0218,0.0000,-962.58,-962.58,DOWN
17689,0.0191,0.0000,-962.58,-962.58,DOWN
17700,0.0260,0.0000,-962.58,-962.58,DOWN
17710,-0.0179,0.0000,-962.58,-962.58,DOWN
17720,0.0129,0.0000,-962.58,-962.58,DOWN
17730,0.0353,0.0000,-962.58,-962.58,DOWN
17740,0.0461,0.0000,-962.58,-962.58,DOWN
17749,-0.0041,0.0000,-962.58,-962.58,DOWN
17759,-0.0345,0.0000,-962.58,-962.58,DOWN
17770,0.0215,0.0000,-962.58,-962.58,DOWN
17780,0.0474,0.0000,-962.58,-962.58,DOWN
17790,0.0153,0.0000,-962.58,-962.58,DOWN
17800,-0.0181,0.0000,-962.58,-962.58,DOWN
17810,-0.0007,0.0000,-962.58,-962.58,DOWN
17820,0.0172,0.0000,-962.58,-962.58,DOWN
17829,0.0405,0.0000,-962.58,-962.58,DOWN
17840,-0.0061,0.0000,-962.58,-962.58,DOWN
17850,-0.0087,0.0000,-962.58,-962.58,DOWN
17860,0.0496,0.0000,-962.58,-962.58,DOWN
17870,0.0218,0.0000,-962.58,-962.58,DOWN
17880,-0.0167,0.0000,-962.58,-962.58,DOWN
17890,-0.0034,0.0000,-962.58,-962.58,DOWN
17899,0.0207,0.0000,-962.58,-962.58,DOWN
17910,0.0194,0.0000,-962.58,-962.58,DOWN
17920,0.0106,0.0000,-962.58,-962.58,DOWN
17930,-0.0375,0.0000,-962.58,-962.58,DOWN
17940,-0.0251,0.0000,-962.58,-962.58,DOWN
17950,0.0219,0.0000,-962.58,-962.58,DOWN
17960,-0.0003,0.0000,-962.58,-962.58,DOWN
17970,-0.0223,0.0000,-962.58,-962.58,DOWN
17980,0.0010,0.0000,-962.58,-962.58,DOWN
17990,0.0447,0.0000,-962.58,-962.58,DOWN
18000,0.0411,0.0000,-962.58,-962.58,DOWN
18010,0.0112,0.0000,-962.58,-962.58,DOWN
18020,-0.0094,0.0000,-962.58,-962.58,DOWN
18030,0.0412,0.0000,-962.58,-962.58,DOWN
18039,0.0624,0.0000,-962.58,-962.58,DOWN
18050,-0.0286,0.0000,-962.58,-962.58,DOWN
18060,-0.0009,0.0000,-962.58,-962.58,DOWN
18070,0.0420,0.0000,-962.58,-962.58,DOWN
18080,0.0462,0.0000,-962.58,-962.58,DOWN
18090,-0.0103,0.0000,-962.58,-962.58,DOWN
18100,-0.0618,0.0000,-962.58,-962.58,DOWN
18109,0.0202,0.0000,-962.58,-962.58,DOWN
18120,0.0205,0.0000,-962.58,-962.58,DOWN
18130,-0.0284,0.0000,-962.58,-962.58,DOWN
18140,-0.0634,0.0000,-962.58,-962.58,DOWN
18150,-0.0202,0.0000,-962.58,-962.58,DOWN
18160,0.0447,0.0000,-962.58,-962.58,DOWN
18170,0.0294,0.0000,-962.58,-962.58,DOWN
18179,-0.0474,0.0000,-962.58,-962.58,DOWN
18189,-0.0333,0.0000,-962.58,-962.58,DOWN
18200,0.0313,0.0000,-962.58,-962.58,DOWN
18210,0.0024,0.0000,-962.58,-962.58,DOWN
18220,-0.0135,0.0000,-962.58,-962.58,DOWN
18230,-0.0067,0.0000,-962.58,-962.58,DOWN
18240,0.0183,0.0000,-962.58,-962.58,DOWN
18249,0.0209,0.0000,-962.58,-962.58,DOWN
18259,-0.0103,0.0000,-962.58,-962.58,DOWN
18270,-0.0022,0.0000,-962.58,-962.58,DOWN
18280,0.0452,0.0000,-962.58,-962.58,DOWN
18290,0.0208,0.0000,-962.58,-962.58,DOWN
18300,-0.0283,0.0000,-962.58,-962.58,DOWN
18310,-0.0192,0.0000,-962.58,-962.58,DOWN
18320,-0.0158,0.0000,-962.58,-962.58,DOWN
18329,0.0449,0.0000,-962.58,-962.58,DOWN
18340,0.0158,0.0000,-962.58,-962.58,DOWN
18350,-0.0382,0.0000,-962.58,-962.58,DOWN
18360,-0.0266,0.0000,-962.58,-962.58,DOWN
18370,0.0586,0.0000,-962.58,-962.58,DOWN
18380,0.0150,0.0000,-962.58,-962.58,DOWN
18390,-0.0044,0.0000,-962.58,-962.58,DOWN
18400,-0.0189,0.0000,-962.58,-962.58,DOWN
18410,0.0370,0.0000,-962.58,-962.58,DOWN
18420,0.0537,0.0000,-962.58,-962.58,DOWN
18430,0.0181,0.0000,-962.58,-962.58,DOWN
18440,-0.0256,0.0000,-962.58,-962.58,DOWN
18450,0.0228,0.0000,-962.58,-962.58,DOWN
18460,0.0334,0.0000,-962.58,-962.58,DOWN
18470,0.0114,0.0000,-962.58,-962.58,DOWN
18480,0.0027,0.0000,-962.58,-962.58,DOWN
18490,-0.0161,0.0000,-962.58,-962.58,DOWN
18500,0.0189,0.0000,-962.58,-962.58,DOWN
18509,0.0292,0.0000,-962.58,-962.58,DOWN
18520,-0.0436,0.0000,-962.58,-962.58,DOWN
18530,-0.0046,0.0000,-962.58,-962.58,DOWN
18539,0.0234,0.0000,-962.58,-962.58,DOWN
18550,0.0243,0.0000,-962.58,-962.58,DOWN
18560,0.0132,0.0000,-962.58,-962.58,DOWN
18570,-0.0368,0.0000,-962.58,-962.58,DOWN
18580,-0.0064,0.0000,-962.58,-962.58,DOWN
18590,0.0245,0.0000,-962.58,-962.58,DOWN
18600,-0.0189,0.0000,-962.58,-962.58,DOWN
18610,-0.0241,0.0000,-962.58,-962.58,DOWN
18620,0.0035,0.0000,-962.58,-962.58,DOWN
18630,0.0080,0.0000,-962.58,-962.58,DOWN
18640,-0.0053,0.0000,-962.58,-962.58,DOWN
18650,-0.0140,0.0000,-962.58,-962.58,DOWN
18660,-0.0190,0.0000,-962.58,-962.58,DOWN
18670,0.0733,0.0000,-962.58,-962.58,DOWN
18680,0.0279,0.0000,-962.58,-962.58,DOWN
18689,-0.0129,0.0000,-962.58,-962.58,DOWN
18700,0.0224,0.0000,-962.58,-962.58,DOWN
18710,0.0389,0.0000,-962.58,-962.58,DOWN
18720,0.0350,0.0000,-962.58,-962.58,DOWN
18730,-0.0027,0.0000,-962.58,-962.58,DOWN
18740,-0.0126,0.0000,-962.58,-962.58,DOWN
18749,0.0361,0.0000,-962.58,-962.58,DOWN
18759,0.0376,0.0000,-962.58,-962.58,DOWN
18770,-0.0051,0.0000,-962.58,-962.58,DOWN
18780,-0.0024,0.0000,-962.58,-962.58,DOWN
18790,0.0133,0.0000,-962.58,-962.58,DOWN
18800,0.0431,0.0000,-962.58,-962.58,DOWN
18810,0.0099,0.0000,-962.58,-962.58,DOWN
18820,-0.0283,0.0000,-962.58,-962.58,DOWN
18829,-0.0148,0.0000,-962.58,-962.58,DOWN
18840,0.0470,0.0000,-962.58,-962.58,DOWN
18850,0.0262,0.0000,-962.58,-962.58,DOWN
18860,-0.0100,0.0000,-962.58,-962.58,DOWN
18870,-0.0308,0.0000,-962.58,-962.58,DOWN
18880,0.0109,0.0000,-962.58,-962.58,DOWN
18890,0.0484,0.0000,-962.58,-962.58,DOWN
18899,0.0223,0.0000,-962.58,-962.58,DOWN
18910,-0.0217,0.0000,-962.58,-962.58,DOWN
18920,0.0102,0.0000,-962.58,-962.58,DOWN
18930,0.0597,0.0000,-962.58,-962.58,DOWN
18940,-0.0123,0.0000,-962.58,-962.58,DOWN
18950,-0.0179,0.0000,-962.58,-962.58,DOWN
18960,0.0058,0.0000,-962.58,-962.58,DOWN
18969,0.0391,0.0000,-962.58,-962.58,DOWN
18980,0.0191,0.0000,-962.58,-962.58,DOWN
18990,-0.0287,0.0000,-962.58,-962.58,DOWN
19000,-0.0186,0.0000,-962.58,-962.58,DOWN
19010,0.0577,0.0000,-962.58,-962.58,DOWN
19020,0.0319,0.0000,-962.58,-962.58,DOWN
19030,-0.0271,0.0000,-962.58,-962.58,DOWN
19040,-0.0206,0.0000,-962.58,-962.58,DOWN
19050,0.0314,0.0000,-962.58,-962.58,DOWN
19060,0.0362,0.0000,-962.58,-962.58,DOWN
19070,-0.0362,0.0000,-962.58,-962.58,DOWN
19080,-0.0441,0.0000,-962.58,-962.58,DOWN
19090,0.0233,0.0000,-962.58,-962.58,DOWN
19100,0.0254,0.0000,-962.58,-962.58,DOWN
19109,0.0034,0.0000,-962.58,-962.58,DOWN
19119,-0.0071,0.0000,-962.58,-962.58,DOWN
19130,0.0330,0.0000,-962.58,-962.58,DOWN
19140,0.0584,0.0000,-962.58,-962.58,DOWN
19150,-0.0126,0.0000,-962.58,-962.58,DOWN
19160,-0.0366,0.0000,-962.58,-962.58,DOWN
19170,0.0189,0.0000,-962.58,-962.58,DOWN
19179,0.0419,0.0000,-962.58,-962.58,DOWN
19189,-0.0015,0.0000,-962.58,-962.58,DOWN
19200,-0.0426,0.0000,-962.58,-962.58,DOWN
19210,-0.0202,0.0000,-962.58,-962.58,DOWN
19220,0.0316,0.0000,-962.58,-962.58,DOWN
19230,0.0053,0.0000,-962.58,-962.58,DOWN
19240,-0.0251,0.0000,-962.58,-962.58,DOWN
19249,-0.0381,0.0000,-962.58,-962.58,DOWN
19259,0.0124,0.0000,-962.58,-962.58,DOWN
19270,0.0518,0.0000,-962.58,-962.58,DOWN
19280,-0.0070,0.0000,-962.58,-962.58,DOWN
19290,-0.0264,0.0000,-962.58,-962.58,DOWN
19300,0.0057,0.0000,-962.58,-962.58,DOWN
19310,0.0189,0.0000,-962.58,-962.58,DOWN
19320,0.0202,0.0000,-962.58,-962.58,DOWN
19329,-0.0129,0.0000,-962.58,-962.58,DOWN
19340,-0.0032,0.0000,-962.58,-962.58,DOWN
19350,0.0518,0.0000,-962.58,-962.58,DOWN
19360,0.0353,0.0000,-962.58,-962.58,DOWN
19370,-0.0251,0.0000,-962.58,-962.58,DOWN
19380,0.0131,0.0000,-962.58,-962.58,DOWN
19390,0.0437,0.0000,-962.58,-962.58,DOWN
19400,0.0241,0.0000,-962.58,-962.58,DOWN
19410,-0.0160,0.0000,-962.58,-962.58,DOWN
19420,-0.0451,0.0000,-962.58,-962.58,DOWN
19430,0.0294,0.0000,-962.58,-962.58,DOWN
19440,0.0582,0.0000,-962.58,-962.58,DOWN
19450,-0.0006,0.0000,-962.58,-962.58,DOWN
19460,-0.0269,0.0000,-962.58,-962.58,DOWN
19469,-0.0050,0.0000,-962.58,-962.58,DOWN
19480,0.0389,0.0000,-962.58,-962.58,DOWN
19490,0.0154,0.0000,-962.58,-962.58,DOWN
19500,-0.0520,0.0000,-962.58,-962.58,DOWN
19509,-0.0239,0.0000,-962.58,-962.58,DOWN
19520,0.0293,0.0000,-962.58,-962.58,DOWN
19530,0.0132,0.0000,-962.58,-962.58,DOWN
19540,-0.0170,0.0000,-962.58,-962.58,DOWN
19550,-0.0101,0.0000,-962.58,-962.58,DOWN
19560,0.0334,0.0000,-962.58,-962.58,DOWN
19570,0.0491,0.0000,-962.58,-962.58,DOWN
19580,0.0079,0.0000,-962.58,-962.58,DOWN
19590,-0.0151,0.0000,-962.58,-962.58,DOWN
19600,0.0229,0.0000,-962.58,-962.58,DOWN
19610,0.0552,0.0000,-962.58,-962.58,DOWN
19619,0.0220,0.0000,-962.58,-962.58,DOWN
19630,-0.0126,0.0000,-962.58,-962.58,DOWN
19640,0.0235,0.0000,-962.58,-962.58,DOWN
19650,0.0339,0.0000,-962.58,-962.58,DOWN
19660,0.0180,0.0000,-962.58,-962.58,DOWN
19670,-0.0425,0.0000,-962.58,-962.58,DOWN
19680,-0.0453,0.0000,-962.58,-962.58,DOWN
19689,0.0239,0.0000,-962.58,-962.58,DOWN
19700,0.0030,0.0000,-962.58,-962.58,DOWN
19710,-0.0434,0.0000,-962.58,-962.58,DOWN
19720,0.0009,0.0000,-962.58,-962.58,DOWN
19730,0.0103,0.0000,-962.58,-962.58,DOWN
19740,0.0294,0.0000,-962.58,-962.58,DOWN
19750,-0.0155,0.0000,-962.58,-962.58,DOWN
19759,-0.0247,0.0000,-962.58,-962.58,DOWN
19770,0.0370,0.0000,-962.58,-962.58,DOWN
19780,0.0697,0.0000,-962.58,-962.58,DOWN
19790,0.0422,0.0000,-962.58,-962.58,DOWN
19800,-0.0077,0.0000,-962.58,-962.58,DOWN
19810,0.0219,0.0000,-962.58,-962.58,DOWN
19820,0.0628,0.0000,-962.58,-962.58,DOWN
19829,0.0320,0.0000,-962.58,-962.58,DOWN
19840,0.0017,0.0000,-962.58,-962.58,DOWN
19850,0.0003,0.0000,-962.58,-962.58,DOWN
19860,0.0308,0.0000,-962.58,-962.58,DOWN
19870,0.0216,0.0000,-962.58,-962.58,DOWN
19880,-0.0487,0.0000,-962.58,-962.58,DOWN
19890,-0.0152,0.0000,-962.58,-962.58,DOWN
19899,0.0179,0.0000,-962.58,-962.58,DOWN
19910,0.0069,0.0000,-962.58,-962.58,DOWN
19920,-0.0221,0.0000,-962.58,-962.58,DOWN
19929,-0.0343,0.0000,-962.58,-962.58,DOWN
19940,0.0202,0.0000,-962.58,-962.58,DOWN
19950,0.0331,0.0000,-962.58,-962.58,DOWN
19960,-0.0333,0.0000,-962.58,-962.58,DOWN
19969,-0.0481,0.0000,-962.58,-962.58,DOWN
19980,-0.0157,0.0000,-962.58,-962.58,DOWN
19990,0.0323,0.0000,-962.58,-962.58,DOWN
20000,-0.0028,0.0000,-962.58,-962.58,DOWN
20010,-0.0440,0.0000,-962.58,-962.58,DOWN
20020,-0.0120,0.0000,-962.58,-962.58,DOWN
20030,0.0530,0.0000,-962.58,-962.58,DOWN
20039,0.0403,0.0000,-962.58,-962.58,DOWN
20050,0.0058,0.0000,-962.58,-962.58,DOWN
20060,-0.0039,0.0000,-962.58,-962.58,DOWN
20070,0.0270,0.0000,-962.58,-962.58,DOWN
20080,0.0257,0.0000,-962.58,-962.58,DOWN
20090,-0.0157,0.0000,-962.58,-962.58,DOWN
20100,-0.0235,0.0000,-962.58,-962.58,DOWN
20110,0.0055,0.0000,-962.58,-962.58,DOWN
20119,0.0275,0.0000,-962.58,-962.58,DOWN
20130,-0.0083,0.0000,-962.58,-962.58,DOWN
20140,-0.0415,0.0000,-962.58,-962.58,DOWN
20150,-0.0271,0.0000,-962.58,-962.58,DOWN
20160,-0.0004,0.0000,-962.58,-962.58,DOWN
20170,0.0174,0.0000,-962.58,-962.58,DOWN
20180,-0.0474,0.0000,-962.58,-962.58,DOWN
20189,-0.0245,0.0000,-962.58,-962.58,DOWN
20200,0.0361,0.0000,-962.58,-962.58,DOWN
20210,0.0577,0.0000,-962.58,-962.58,DOWN
20220,-0.0094,0.0000,-962.58,-962.58,DOWN
20230,-0.0159,0.0000,-962.58,-962.58,DOWN
20240,0.0317,0.0000,-962.58,-962.58,DOWN
20249,0.0513,0.0000,-962.58,-962.58,DOWN
20259,0.0285,0.0000,-962.58,-962.58,DOWN
20270,0.0029,0.0000,-962.58,-962.58,DOWN
20280,0.0346,0.0000,-962.58,-962.58,DOWN
20290,0.0794,0.0000,-962.58,-962.58,DOWN
20300,0.0472,0.0000,-962.58,-962.58,DOWN
20309,-0.0183,0.0000,-962.58,-962.58,DOWN
20320,-0.0118,0.0000,-962.58,-962.58,DOWN
20329,0.0646,0.0000,-962.58,-962.58,DOWN
20340,0.0105,0.0000,-962.58,-962.58,DOWN
20350,-0.0171,0.0000,-962.58,-962.58,DOWN
20360,-0.0411,0.0000,-962.58,-962.58,DOWN
20370,0.0059,0.0000,-962.58,-962.58,DOWN
20380,0.0215,0.0000,-962.58,-962.58,DOWN
20390,-0.0494,0.0000,-962.58,-962.58,DOWN
20399,-0.0371,0.0000,-962.58,-962.58,DOWN
20410,0.0020,0.0000,-962.58,-962.58,DOWN
20420,0.0401,0.0000,-962.58,-962.58,DOWN
20430,-0.0006,0.0000,-962.58,-962.58,DOWN
20440,-0.0433,0.0000,-962.58,-962.58,DOWN
20450,0.0045,0.0000,-962.58,-962.58,DOWN
20460,0.0488,0.0000,-962.58,-962.58,DOWN
20470,0.0231,0.0000,-962.58,-962.58,DOWN
20480,-0.0397,0.0000,-962.58,-962.58,DOWN
20490,-0.0091,0.0000,-962.58,-962.58,DOWN
20500,0.0421,0.0000,-962.58,-962.58,DOWN
20509,0.0191,0.0000,-962.58,-962.58,DOWN
20520,-0.0202,0.0000,-962.58,-962.58,DOWN
20530,0.0077,0.0000,-962.58,-962.58,DOWN
20539,0.0775,0.0000,-962.58,-962.58,DOWN
20550,0.0448,0.0000,-962.58,-962.58,DOWN
20560,-0.0177,0.0000,-962.58,-962.58,DOWN
20570,-0.0229,0.0000,-962.58,-962.58,DOWN
20580,0.0374,0.0000,-962.58,-962.58,DOWN
20590,0.0447,0.0000,-962.58,-962.58,DOWN
20600,-0.0021,0.0000,-962.58,-962.58,DOWN
20610,-0.0049,0.0000,-962.58,-962.58,DOWN
20620,0.0304,0.0000,-962.58,-962.58,DOWN
20630,0.0439,0.0000,-962.58,-962.58,DOWN
20640,0.0303,0.0000,-962.58,-962.58,DOWN
20650,-0.0110,0.0000,-962.58,-962.58,DOWN
20660,-0.0105,0.0000,-962.58,-962.58,DOWN
20670,0.0406,0.0000,-962.58,-962.58,DOWN
20679,0.0160,0.0000,-962.58,-962.58,DOWN
20690,-0.0337,0.0000,-962.58,-962.58,DOWN
20700,-0.0234,0.0000,-962.58,-962.58,DOWN
20710,0.0163,0.0000,-962.58,-962.58,DOWN
20720,0.0489,0.0000,-962.58,-962.58,DOWN
20729,-0.0178,0.0000,-962.58,-962.58,DOWN
20740,-0.0170,0.0000,-962.58,-962.58,DOWN
20750,0.0278,0.0000,-962.58,-962.58,DOWN
20759,0.0331,0.0000,-962.58,-962.58,DOWN
20770,-0.0044,0.0000,-962.58,-962.58,DOWN
20780,-0.0234,0.0000,-962.58,-962.58,DOWN
20790,-0.0109,0.0000,-962.58,-962.58,DOWN
20800,0.0733,0.0000,-962.58,-962.58,DOWN
20810,0.0132,0.0000,-962.58,-962.58,DOWN
20820,-0.0318,0.0000,-962.58,-962.58,DOWN
20829,0.0011,0.0000,-962.58,-962.58,DOWN
20840,0.0490,0.0000,-962.58,-962.58,DOWN
20850,0.0302,0.0000,-962.58,-962.58,DOWN
20860,-0.0342,0.0000,-962.58,-962.58,DOWN
20870,-0.0254,0.0000,-962.58,-962.58,DOWN
20880,0.0423,0.0000,-962.58,-962.58,DOWN
20890,0.0377,0.0000,-962.58,-962.58,DOWN
20900,-0.0149,0.0000,-962.58,-962.58,DOWN
20910,-0.0354,0.0000,-962.58,-962.58,DOWN
20920,0.0427,0.0000,-962.58,-962.58,DOWN
20929,0.0558,0.0000,-962.58,-962.58,DOWN
20940,0.0256,0.0000,-962.58,-962.58,DOWN
20950,-0.0252,0.0000,-962.58,-962.58,DOWN
20960,0.0110,0.0000,-962.58,-962.58,DOWN
20969,0.0522,0.0000,-962.58,-962.58,DOWN
20980,-0.0184,0.0000,-962.58,-962.58,DOWN
20990,-0.0513,0.0000,-962.58,-962.58,DOWN
21000,-0.0222,0.0000,-962.58,-962.58,DOWN
21010,0.0170,0.0000,-962.58,-962.58,DOWN
21020,0.0185,0.0000,-962.58,-962.58,DOWN
21030,-0.0215,0.0000,-962.58,-962.58,DOWN
21040,-0.0359,0.0000,-962.58,-962.58,DOWN
21050,0.0241,0.0000,-962.58,-962.58,DOWN
21060,0.0328,0.0000,-962.58,-962.58,DOWN
21070,-0.0230,0.0000,-962.58,-962.58,DOWN
21080,-0.0024,0.0000,-962.58,-962.58,DOWN
21090,0.0074,0.0000,-962.58,-962.58,DOWN
21100,0.0492,0.0000,-962.58,-962.58,DOWN
21109,-0.0093,0.0000,-962.58,-962.58,DOWN
21119,-0.0189,0.0000,-962.58,-962.58,DOWN
21130,0.0244,0.0000,-962.58,-962.58,DOWN
21140,0.0580,0.0000,-962.58,-962.58,DOWN
21150,0.0306,0.0000,-962.58,-962.58,DOWN
21160,-0.0099,0.0000,-962.58,-962.58,DOWN
21170,0.0155,0.0000,-962.58,-962.58,DOWN
21179,0.0664,0.0000,-962.58,-962.58,DOWN
21189,0.0553,0.0000,-962.58,-962.58,DOWN
21200,-0.0108,0.0000,-962.58,-962.58,DOWN
21210,-0.0041,0.0000,-962.58,-962.58,DOWN
21220,0.0545,0.0000,-962.58,-962.58,DOWN
21230,0.0336,0.0000,-962.58,-962.58,DOWN
21240,0.0191,0.0000,-962.58,-962.58,DOWN
21250,-0.0325,0.0000,-962.58,-962.58,DOWN
21259,0.0205,0.0000,-962.58,-962.58,DOWN
21270,0.0332,0.0000,-962.58,-962.58,DOWN
21280,0.0103,0.0000,-962.58,-962.58,DOWN
21290,-0.0344,0.0000,-962.58,-962.58,DOWN
21300,-0.0174,0.0000,-962.58,-962.58,DOWN
21310,0.0428,0.0000,-962.58,-962.58,DOWN
21320,0.0123,0.0000,-962.58,-962.58,DOWN
21329,-0.0250,0.0000,-962.58,-962.58,DOWN
21340,0.0114,0.0000,-962.58,-962.58,DOWN
21350,0.0393,0.0000,-962.58,-962.58,DOWN
21360,0.0596,0.0000,-962.58,-962.58,DOWN
21370,-0.0158,0.0000,-962.58,-962.58,DOWN
21380,-0.0250,0.0000,-962.58,-962.58,DOWN
21390,0.0198,0.0000,-962.58,-962.58,DOWN
21399,0.0565,0.0000,-962.58,-962.58,DOWN
21410,-0.0025,0.0000,-962.58,-962.58,DOWN
21420,-0.0272,0.0000,-962.58,-962.58,DOWN
21430,0.0133,0.0000,-962.58,-962.58,DOWN
21440,0.0713,0.0000,-962.58,-962.58,DOWN
21450,0.0467,0.0000,-962.58,-962.58,DOWN
21460,0.0010,0.0000,-962.58,-962.58,DOWN
21470,0.0556,0.0000,-962.58,-962.58,DOWN
21480,0.0937,0.0000,-962.58,-962.58,DOWN
21490,0.0868,0.0000,-962.58,-962.58,DOWN
21500,0.0240,0.0000,-962.58,-962.58,DOWN
21509,0.0192,0.0000,-962.58,-962.58,DOWN
21520,0.1144,0.0000,-962.58,-962.58,DOWN
21530,0.1195,0.0000,-962.58,-962.58,DOWN
21540,0.0623,0.0000,-962.58,-962.58,DOWN
21550,0.0554,0.0000,-962.58,-962.58,DOWN
21560,0.1031,0.0000,-961.40,-962.30,DOWN
21570,0.1490,0.0000,-961.40,-962.09,DOWN
21580,0.1108,0.0000,-961.40,-961.92,DOWN
21590,0.0925,0.0000,-961.40,-961.80,DOWN
21600,0.1325,0.0000,-960.48,-961.48,DOWN
21610,0.1919,0.0000,-960.48,-961.24,DOWN
21619,0.1564,0.0000,-960.48,-961.06,DOWN
21630,0.0974,0.0000,-960.48,-960.92,DOWN
21640,0.1176,0.0000,-959.51,-960.58,DOWN
21650,0.1910,0.0000,-959.51,-960.33,DOWN
21660,0.1919,0.0000,-959.51,-960.13,DOWN
21670,0.1184,0.0000,-953.32,-958.50,DOWN
21680,0.1154,0.1154,-952.16,-956.99,DOWN
21689,0.1824,0.1824,-950.34,-955.40,DOWN
21700,0.2106,0.2106,-948.23,-953.68,DOWN
21710,0.1800,0.1800,-946.43,-951.95,DOWN
21720,0.1315,0.1315,-945.12,-950.32,DOWN
21730,0.1975,0.1975,-943.14,-948.60,DOWN
21740,0.2528,0.2528,-940.61,-946.69,DOWN
21750,0.2027,0.2027,-938.59,-944.75,DOWN
21759,0.1744,0.1744,-936.84,-942.86,DOWN
21770,0.1645,0.1645,-935.20,-941.03,DOWN
21780,0.2413,0.2413,-932.78,-939.06,DOWN
21790,0.2676,0.2676,-930.11,-936.92,DOWN
21800,0.2140,0.2140,-927.97,-934.78,DOWN
21810,0.1962,0.1962,-926.01,-932.68,DOWN
21820,0.2812,0.2812,-923.19,-930.41,DOWN
21830,0.3022,0.3022,-920.17,-927.97,DOWN
21840,0.2972,0.2972,-917.20,-925.39,DOWN
21850,0.2408,0.2408,-914.79,-922.86,DOWN
21860,0.3020,0.3020,-911.77,-920.21,DOWN
21870,0.3333,0.3333,-908.44,-917.39,DOWN
21880,0.3476,0.3476,-904.96,-914.42,DOWN
21890,0.3157,0.3157,-901.81,-911.41,DOWN
21900,0.3297,0.3297,-898.51,-908.32,DOWN
21910,0.3606,0.3606,-894.90,-905.11,DOWN
21920,0.3785,0.3785,-891.12,-901.77,DOWN
21929,0.3706,0.3706,-887.41,-898.34,DOWN
21940,0.3214,0.3214,-884.20,-894.96,DOWN
21950,0.3788,0.3788,-880.41,-891.48,DOWN
21960,0.4274,0.4274,-876.14,-887.81,DOWN
21969,0.4054,0.4054,-872.08,-884.05,DOWN
21980,0.3797,0.3797,-868.28,-880.28,DOWN
21990,0.3185,0.3185,-865.10,-876.65,DOWN
22000,0.4032,0.4032,-861.07,-872.93,DOWN
22010,0.4345,0.4345,-856.72,-869.05,DOWN
22020,0.3580,0.3580,-853.14,-865.25,DOWN
22030,0.3150,0.3150,-849.99,-861.60,DOWN
22040,0.3453,0.3453,-846.54,-858.00,DOWN
22049,0.4163,0.4163,-842.38,-854.27,DOWN
22060,0.4467,0.4467,-837.91,-850.36,DOWN
22070,0.4492,0.4492,-833.42,-846.31,DOWN
22080,0.3875,0.3875,-829.54,-842.30,DOWN
22090,0.4376,0.4376,-825.17,-838.20,DOWN
22100,0.5009,0.5009,-820.16,-833.89,DOWN
22109,0.5218,0.5218,-814.94,-829.36,DOWN
22119,0.5173,0.5173,-809.77,-824.68,DOWN
22130,0.4383,0.4383,-805.38,-820.06,DOWN
22140,0.5122,0.5122,-800.26,-815.33,DOWN
22150,0.5303,0.5303,-794.96,-810.46,DOWN
22160,0.5694,0.5694,-789.26,-805.39,DOWN
22170,0.5233,0.5233,-784.03,-800.29,DOWN
22180,0.5280,0.5280,-778.75,-795.14,DOWN
22189,0.5286,0.5286,-773.47,-789.96,DOWN
22200,0.5661,0.5661,-767.80,-784.66,DOWN
22210,0.5988,0.5988,-761.82,-779.20,DOWN
22220,0.5372,0.5372,-756.44,-773.76,DOWN
22230,0.5435,0.5435,-751.01,-768.32,DOWN
22240,0.5373,0.5373,-745.64,-762.90,DOWN
22250,0.5815,0.5815,-739.82,-757.38,DOWN
22259,0.6042,0.6042,-733.78,-751.74,DOWN
22270,0.5786,0.5786,-727.99,-746.06,DOWN
22280,0.5585,0.5585,-722.41,-740.41,DOWN
22290,0.5357,0.5357,-717.05,-734.83,DOWN
22300,0.5964,0.5964,-711.09,-729.15,DOWN
22310,0.6167,0.6167,-704.92,-723.36,DOWN
22320,0.6364,0.6364,-698.56,-717.43,DOWN
22329,0.6021,0.6021,-692.54,-711.48,DOWN
22340,0.5817,0.5817,-686.72,-705.56,DOWN
22350,0.6236,0.6236,-680.48,-699.56,DOWN
22360,0.6489,0.6489,-674.00,-693.45,DOWN
22370,0.6295,0.6295,-667.70,-687.30,DOWN
22379,0.6549,0.6549,-661.15,-681.05,DOWN
22390,0.6597,0.6597,-654.56,-674.71,DOWN
22400,0.6529,0.6529,-648.03,-668.33,DOWN
22410,0.6766,0.6766,-641.26,-661.86,DOWN
22420,0.6730,0.6730,-634.53,-655.33,DOWN
22430,0.6958,0.6958,-627.57,-648.69,DOWN
22440,0.7204,0.7204,-620.37,-641.92,DOWN
22450,0.7256,0.7256,-613.11,-635.04,DOWN
22460,0.7224,0.7224,-605.89,-628.07,DOWN
22469,0.6889,0.6889,-599.00,-621.12,DOWN
22480,0.6964,0.6964,-592.04,-614.17,DOWN
22490,0.6920,0.6920,-585.12,-607.22,DOWN
22500,0.7689,0.7689,-577.43,-600.10,DOWN
22509,0.7540,0.7540,-569.89,-592.88,DOWN
22520,0.7487,0.7487,-562.40,-585.59,DOWN
22530,0.7074,0.7074,-555.33,-578.36,DOWN
22540,0.7118,0.7118,-548.21,-571.15,DOWN
22550,0.7336,0.7336,-540.87,-563.91,DOWN
22560,0.7485,0.7485,-533.39,-556.62,DOWN
22570,0.7539,0.7539,-525.85,-549.26,DOWN
22580,0.7442,0.7442,-518.41,-541.89,DOWN
22590,0.7457,0.7457,-510.95,-534.49,DOWN
22600,0.7626,0.7626,-503.33,-527.04,DOWN
22610,0.7720,0.7720,-495.61,-519.53,DOWN
22620,0.8009,0.8009,-487.60,-511.89,DOWN
22630,0.7957,0.7957,-479.64,-504.18,DOWN
22640,0.7973,0.7973,-471.67,-496.41,DOWN
22650,0.7938,0.7938,-463.73,-488.60,DOWN
22660,0.8077,0.8077,-455.65,-480.72,DOWN
22670,0.8164,0.8164,-447.49,-472.78,DOWN
22680,0.8154,0.8154,-439.33,-464.78,DOWN
22689,0.8435,0.8435,-430.90,-456.68,DOWN
22700,0.8425,0.8425,-422.47,-448.50,DOWN
22710,0.8200,0.8200,-414.27,-440.32,DOWN
22720,0.8198,0.8198,-406.07,-432.13,DOWN
22730,0.7931,0.7931,-398.14,-424.01,DOWN
22740,0.7322,0.7322,-390.82,-416.07,DOWN
22750,0.7500,0.7500,-383.32,-408.24,DOWN
22759,0.7651,0.7651,-375.67,-400.46,DOWN
22770,0.7393,0.7393,-368.28,-392.76,DOWN
22780,0.7376,0.7376,-360.90,-385.15,DOWN
22790,0.6922,0.6922,-353.98,-377.70,DOWN
22800,0.6854,0.6854,-347.12,-370.39,DOWN
22810,0.6927,0.6927,-340.20,-363.17,DOWN
22820,0.6999,0.6999,-333.20,-356.01,DOWN
22829,0.6806,0.6806,-326.39,-348.93,DOWN
22840,0.6994,0.6994,-319.40,-341.87,DOWN
22850,0.7011,0.7011,-312.39,-334.82,DOWN
22860,0.7011,0.7011,-305.38,-327.78,DOWN
22870,0.6583,0.6583,-298.79,-320.85,DOWN
22880,0.6321,0.6321,-292.47,-314.07,DOWN
22890,0.6448,0.6448,-286.02,-307.36,DOWN
22899,0.6501,0.6501,-279.52,-300.71,DOWN
22910,0.6385,0.6385,-273.14,-294.12,DOWN
22920,0.6037,0.6037,-267.10,-287.66,DOWN
22930,0.5828,0.5828,-261.27,-281.35,DOWN
22940,0.5941,0.5941,-255.33,-275.13,DOWN
22950,0.5783,0.5783,-249.55,-269.02,DOWN
22960,0.5622,0.5622,-243.93,-263.02,DOWN
22969,0.5123,0.5123,-238.80,-257.23,DOWN
22980,0.5409,0.5409,-233.39,-251.53,DOWN
22990,0.5628,0.5628,-227.77,-245.85,DOWN
23000,0.5512,0.5512,-222.25,-240.21,DOWN
23010,0.5365,0.5365,-216.89,-234.63,DOWN
23020,0.5348,0.5348,-211.54,-229.11,DOWN
23030,0.5619,0.5619,-205.92,-223.57,DOWN
23040,0.5660,0.5660,-200.26,-218.00,DOWN
23049,0.5506,0.5506,-194.76,-212.44,DOWN
23060,0.5054,0.5054,-189.70,-207.01,DOWN
23070,0.5102,0.5102,-184.60,-201.65,DOWN
23080,0.5267,0.5267,-179.33,-196.32,DOWN
23090,0.5005,0.5005,-174.33,-191.06,DOWN
23100,0.4516,0.4516,-169.81,-185.98,DOWN
23109,0.4338,0.4338,-165.47,-181.08,DOWN
23119,0.4351,0.4351,-161.12,-176.31,DOWN
23130,0.4415,0.4415,-156.71,-171.62,DOWN
23140,0.3937,0.3937,-152.77,-167.12,DOWN
23150,0.3807,0.3807,-148.96,-162.78,DOWN
23160,0.3595,0.3595,-145.37,-158.62,DOWN
23170,0.3713,0.3713,-141.66,-154.56,DOWN
23179,0.3816,0.3816,-137.84,-150.57,DOWN
23189,0.3575,0.3575,-134.26,-146.67,DOWN
23200,0.3772,0.3772,-130.49,-142.80,DOWN
23210,0.3806,0.3806,-126.69,-138.95,DOWN
23220,0.3680,0.3680,-123.01,-135.14,DOWN
23230,0.3561,0.3561,-119.44,-131.39,DOWN
23240,0.3576,0.3576,-115.87,-127.68,DOWN
23250,0.3433,0.3433,-112.44,-124.03,DOWN
23259,0.3593,0.3593,-108.84,-120.40,DOWN
23270,0.3185,0.3185,-105.66,-116.88,DOWN
23280,0.3215,0.3215,-102.44,-113.43,DOWN
23290,0.3185,0.3185,-99.26,-110.04,DOWN
23300,0.3070,0.3070,-96.19,-106.73,DOWN
23310,0.3078,0.3078,-93.11,-103.47,DOWN
23320,0.2985,0.2985,-90.13,-100.28,DOWN
23329,0.2802,0.2802,-87.32,-97.18,DOWN
23340,0.2689,0.2689,-84.63,-94.18,DOWN
23350,0.2856,0.2856,-81.78,-91.22,DOWN
23360,0.2412,0.2412,-79.37,-88.39,DOWN
23370,0.2398,0.2398,-76.97,-85.65,DOWN
23380,0.2130,0.2130,-74.84,-83.07,DOWN
23390,0.2244,0.2244,-72.59,-80.57,DOWN
23399,0.2298,0.2298,-70.30,-78.11,DOWN
23410,0.2131,0.2131,-68.17,-75.73,DOWN
23420,0.1807,0.1807,-66.36,-73.49,DOWN
23430,0.1998,0.1998,-64.36,-71.31,DOWN
23440,0.1774,0.1774,-62.59,-69.22,DOWN
23450,0.1813,0.1813,-60.77,-67.20,DOWN
23460,0.1621,0.1621,-59.15,-65.28,DOWN
23470,0.1532,0.1532,-57.62,-63.45,DOWN
23480,0.1576,0.1576,-56.04,-61.68,DOWN
23490,0.1499,0.1499,-54.55,-59.97,DOWN
23500,0.1411,0.1411,-53.13,-58.34,DOWN
23510,0.1556,0.1556,-51.58,-56.72,DOWN
23520,0.1479,0.1479,-50.10,-55.14,DOWN
23530,0.1400,0.1400,-48.70,-53.60,DOWN
23540,0.1367,0.1367,-47.33,-52.10,DOWN
23549,0.1179,0.1179,-46.15,-50.68,DOWN
23560,0.1044,0.1044,-45.11,-49.35,DOWN
23570,0.1092,0.1092,-44.02,-48.07,DOWN
23580,0.0921,0.0000,-44.02,-47.10,DOWN
23590,0.0857,0.0000,-44.02,-46.37,DOWN
23600,0.0637,0.0000,-44.02,-45.81,DOWN
23610,0.0516,0.0000,-44.02,-45.38,DOWN
23619,0.0331,0.0000,-44.02,-45.05,DOWN
23630,0.0259,0.0000,-44.02,-44.81,DOWN
23640,0.0100,0.0000,-44.02,-44.62,DOWN
23650,-0.0158,0.0000,-44.02,-44.47,DOWN
23660,-0.0233,0.0000,-44.02,-44.36,DOWN
23670,-0.0315,0.0000,-44.02,-44.28,DOWN
23680,-0.0395,0.0000,-44.02,-44.22,DOWN
23689,-0.0405,0.0000,-44.02,-44.17,DOWN
23700,-0.0407,0.0000,-44.02,-44.13,DOWN
23710,-0.0522,0.0000,-44.02,-44.11,DOWN
23720,-0.0549,0.0000,-44.02,-44.09,DOWN
23730,-0.0458,0.0000,-44.02,-44.07,DOWN
23740,-0.0658,0.0000,-44.02,-44.06,DOWN
23750,-0.0455,0.0000,-44.02,-44.05,DOWN
23759,-0.0502,0.0000,-44.02,-44.04,DOWN
23770,-0.0350,0.0000,-44.02,-44.03,DOWN
23780,-0.0436,0.0000,-44.02,-44.03,DOWN
23790,-0.0342,0.0000,-44.02,-44.03,DOWN
23800,-0.0161,0.0000,-44.02,-44.03,DOWN
23810,-0.0125,0.0000,-44.02,-44.02,DOWN
23820,-0.0150,0.0000,-44.02,-44.02,DOWN
23829,-0.0057,0.0000,-44.02,-44.02,DOWN
23840,-0.0212,0.0000,-44.02,-44.02,DOWN
23850,-0.0405,0.0000,-44.02,-44.02,DOWN
23860,-0.0324,0.0000,-44.02,-44.02,DOWN
23870,-0.0261,0.0000,-44.02,-44.02,DOWN
23880,-0.0365,0.0000,-44.02,-44.02,DOWN
23890,-0.0507,0.0000,-44.02,-44.02,DOWN
23899,-0.0435,0.0000,-44.02,-44.02,DOWN
23910,-0.0399,0.0000,-44.02,-44.02,DOWN
23920,-0.0557,0.0000,-44.02,-44.02,DOWN
23930,-0.0551,0.0000,-44.02,-44.02,DOWN
23940,-0.0595,0.0000,-44.02,-44.02,DOWN
23950,-0.0601,0.0000,-44.02,-44.02,DOWN
23960,-0.0650,0.0000,-44.02,-44.02,DOWN
23969,-0.0715,0.0000,-44.02,-44.02,DOWN
23980,-0.0736,0.0000,-44.02,-44.02,DOWN
23990,-0.0521,0.0000,-44.02,-44.02,DOWN
24000,-0.0527,0.0000,-44.02,-44.02,DOWN
24010,-0.0574,0.0000,-44.02,-44.02,DOWN
24020,-0.0419,0.0000,-44.02,-44.02,DOWN
24030,-0.0272,0.0000,-44.02,-44.02,DOWN
24040,-0.0007,0.0000,-44.02,-44.02,DOWN
24049,-0.0278,0.0000,-44.02,-44.02,DOWN
24060,-0.0304,0.0000,-44.02,-44.02,DOWN
24070,-0.0300,0.0000,-44.02,-44.02,DOWN
24080,-0.0427,0.0000,-44.02,-44.02,DOWN
24090,-0.0212,0.0000,-44.02,-44.02,DOWN
24100,-0.0179,0.0000,-44.02,-44.02,DOWN
24109,-0.0250,0.0000,-44.02,-44.02,DOWN
24119,-0.0276,0.0000,-44.02,-44.02,DOWN
24130,-0.0366,0.0000,-44.02,-44.02,DOWN
24140,-0.0171,0.0000,-44.02,-44.02,DOWN
24150,-0.0388,0.0000,-44.02,-44.02,DOWN
24160,-0.0380,0.0000,-44.02,-44.02,DOWN
24170,-0.0236,0.0000,-44.02,-44.02,DOWN
24180,-0.0514,0.0000,-44.02,-44.02,DOWN
24189,-0.0357,0.0000,0.00,0.00,STATIONARY
24200,-0.0206,0.0000,0.00,0.00,STATIONARY
24210,-0.0176,0.0000,0.00,0.00,STATIONARY
24220,-0.0237,0.0000,0.00,0.00,STATIONARY
24230,-0.0239,0.0000,0.00,0.00,STATIONARY
24240,-0.0290,0.0000,0.00,0.00,STATIONARY
24250,-0.0422,0.0000,0.00,0.00,STATIONARY
24260,-0.0243,0.0000,0.00,0.00,STATIONARY
24270,-0.0192,0.0000,0.00,0.00,STATIONARY
24280,-0.0220,0.0000,0.00,0.00,STATIONARY
24290,-0.0246,0.0000,0.00,0.00,STATIONARY
24300,-0.0233,0.0000,0.00,0.00,STATIONARY
24310,-0.0246,0.0000,0.00,0.00,STATIONARY
24320,-0.0341,0.0000,0.00,0.00,STATIONARY
24329,-0.0333,0.0000,0.00,0.00,STATIONARY
24340,-0.0220,0.0000,0.00,0.00,STATIONARY
24350,-0.0235,0.0000,0.00,0.00,STATIONARY
24360,-0.0120,0.0000,0.00,0.00,STATIONARY
24370,-0.0076,0.0000,0.00,0.00,STATIONARY
24380,-0.0064,0.0000,0.00,0.00,STATIONARY
24390,-0.0125,0.0000,0.00,0.00,STATIONARY
24400,-0.0090,0.0000,0.00,0.00,STATIONARY
24410,-0.0115,0.0000,0.00,0.00,STATIONARY
24420,0.0009,0.0000,0.00,0.00,STATIONARY
24430,-0.0155,0.0000,0.00,0.00,STATIONARY
24440,-0.0102,0.0000,0.00,0.00,STATIONARY
24450,-0.0208,0.0000,0.00,0.00,STATIONARY
24460,-0.0049,0.0000,0.00,0.00,STATIONARY
24469,-0.0169,0.0000,0.00,0.00,STATIONARY
24480,-0.0243,0.0000,0.00,0.00,STATIONARY
24490,-0.0173,0.0000,0.00,0.00,STATIONARY
24500,-0.0265,0.0000,0.00,0.00,STATIONARY
24509,-0.0118,0.0000,0.00,0.00,STATIONARY
24520,-0.0176,0.0000,0.00,0.00,STATIONARY
24530,-0.0212,0.0000,0.00,0.00,STATIONARY
24539,-0.0062,0.0000,0.00,0.00,STATIONARY
24549,0.0141,0.0000,0.00,0.00,STATIONARY
24560,-0.0278,0.0000,0.00,0.00,STATIONARY
24570,-0.0076,0.0000,0.00,0.00,STATIONARY
24580,-0.0063,0.0000,0.00,0.00,STATIONARY
24590,0.0036,0.0000,0.00,0.00,STATIONARY
24600,-0.0052,0.0000,0.00,0.00,STATIONARY
24610,-0.0058,0.0000,0.00,0.00,STATIONARY
24619,-0.0064,0.0000,0.00,0.00,STATIONARY
24630,0.0020,0.0000,0.00,0.00,STATIONARY
24640,-0.0011,0.0000,0.00,0.00,STATIONARY
24650,-0.0074,0.0000,0.00,0.00,STATIONARY
24660,0.0046,0.0000,0.00,0.00,STATIONARY
24670,0.0107,0.0000,0.00,0.00,STATIONARY
24680,0.0108,0.0000,0.00,0.00,STATIONARY
24689,0.0054,0.0000,0.00,0.00,STATIONARY
24700,-0.0042,0.0000,0.00,0.00,STATIONARY
24710,0.0157,0.0000,0.00,0.00,STATIONARY
24720,-0.0053,0.0000,0.00,0.00,STATIONARY
24730,-0.0089,0.0000,0.00,0.00,STATIONARY
24740,-0.0202,0.0000,0.00,0.00,STATIONARY
24750,-0.0114,0.0000,0.00,0.00,STATIONARY
24759,0.0028,0.0000,0.00,0.00,STATIONARY
24770,-0.0147,0.0000,0.00,0.00,STATIONARY
24780,-0.0135,0.0000,0.00,0.00,STATIONARY
24790,0.0123,0.0000,0.00,0.00,STATIONARY
24800,-0.0046,0.0000,0.00,0.00,STATIONARY
24810,-0.0083,0.0000,0.00,0.00,STATIONARY
24820,-0.0003,0.0000,0.00,0.00,STATIONARY
24829,0.0122,0.0000,0.00,0.00,STATIONARY
24840,0.0102,0.0000,0.00,0.00,STATIONARY
24850,0.0044,0.0000,0.00,0.00,STATIONARY
24860,0.0191,0.0000,0.00,0.00,STATIONARY
24870,-0.0058,0.0000,0.00,0.00,STATIONARY
24880,0.0099,0.0000,0.00,0.00,STATIONARY
24890,0.0102,0.0000,0.00,0.00,STATIONARY
24899,0.0066,0.0000,0.00,0.00,STATIONARY
24910,-0.0082,0.0000,0.00,0.00,STATIONARY
24920,0.0001,0.0000,0.00,0.00,STATIONARY
24930,-0.0193,0.0000,0.00,0.00,STATIONARY
24940,-0.0207,0.0000,0.00,0.00,STATIONARY
24950,-0.0224,0.0000,0.00,0.00,STATIONARY
24960,-0.0212,0.0000,0.00,0.00,STATIONARY
24970,0.0019,0.0000,0.00,0.00,STATIONARY
24979,-0.0218,0.0000,0.00,0.00,STATIONARY
24990,0.0068,0.0000,0.00,0.00,STATIONARY
25000,0.0119,0.0000,0.00,0.00,STATIONARY
25010,0.0126,0.0000,0.00,0.00,STATIONARY
25020,0.0124,0.0000,0.00,0.00,STATIONARY
25030,0.0091,0.0000,0.00,0.00,STATIONARY
25040,-0.0117,0.0000,0.00,0.00,STATIONARY
25049,0.0151,0.0000,0.00,0.00,STATIONARY
25060,0.0038,0.0000,0.00,0.00,STATIONARY
25070,0.0053,0.0000,0.00,0.00,STATIONARY
25080,0.0009,0.0000,0.00,0.00,STATIONARY
25090,0.0121,0.0000,0.00,0.00,STATIONARY
25100,0.0162,0.0000,0.00,0.00,STATIONARY
25109,0.0029,0.0000,0.00,0.00,STATIONARY
25119,-0.0093,0.0000,0.00,0.00,STATIONARY
25130,0.0034,0.0000,0.00,0.00,STATIONARY
25140,-0.0162,0.0000,0.00,0.00,STATIONARY
25150,-0.0014,0.0000,0.00,0.00,STATIONARY
25160,-0.0104,0.0000,0.00,0.00,STATIONARY
25170,-0.0076,0.0000,0.00,0.00,STATIONARY
25180,-0.0018,0.0000,0.00,0.00,STATIONARY
25189,0.0035,0.0000,0.00,0.00,STATIONARY
25200,0.0216,0.0000,0.00,0.00,STATIONARY
25210,0.0001,0.0000,0.00,0.00,STATIONARY
25220,0.0130,0.0000,0.00,0.00,STATIONARY
25230,0.0143,0.0000,0.00,0.00,STATIONARY
25240,0.0190,0.0000,0.00,0.00,STATIONARY
25250,0.0176,0.0000,0.00,0.00,STATIONARY
25260,0.0137,0.0000,0.00,0.00,STATIONARY
25270,0.0133,0.0000,0.00,0.00,STATIONARY
25280,0.0039,0.0000,0.00,0.00,STATIONARY
25290,0.0214,0.0000,0.00,0.00,STATIONARY
25300,0.0090,0.0000,0.00,0.00,STATIONARY
25310,-0.0041,0.0000,0.00,0.00,STATIONARY
25320,-0.0069,0.0000,0.00,0.00,STATIONARY
25329,-0.0104,0.0000,0.00,0.00,STATIONARY
25340,-0.0102,0.0000,0.00,0.00,STATIONARY
25350,-0.0123,0.0000,0.00,0.00,STATIONARY
25360,-0.0005,0.0000,0.00,0.00,STATIONARY
25370,0.0189,0.0000,0.00,0.00,STATIONARY
25380,0.0020,0.0000,0.00,0.00,STATIONARY
25390,0.0260,0.0000,0.00,0.00,STATIONARY
25400,0.0077,0.0000,0.00,0.00,STATIONARY
25410,0.0234,0.0000,0.00,0.00,STATIONARY
25420,0.0134,0.0000,0.00,0.00,STATIONARY
25430,0.0041,0.0000,0.00,0.00,STATIONARY
25440,0.0175,0.0000,0.00,0.00,STATIONARY
25450,0.0163,0.0000,0.00,0.00,STATIONARY
25460,0.0040,0.0000,0.00,0.00,STATIONARY
25470,-0.0022,0.0000,0.00,0.00,STATIONARY
25479,0.0092,0.0000,0.00,0.00,STATIONARY
25490,0.0041,0.0000,0.00,0.00,STATIONARY
25500,0.0165,0.0000,0.00,0.00,STATIONARY
25509,0.0063,0.0000,0.00,0.00,STATIONARY
25520,0.0023,0.0000,0.00,0.00,STATIONARY
25530,0.0220,0.0000,0.00,0.00,STATIONARY
25540,0.0072,0.0000,0.00,0.00,STATIONARY
25549,0.0109,0.0000,0.00,0.00,STATIONARY
25560,0.0112,0.0000,0.00,0.00,STATIONARY
25570,0.0200,0.0000,0.00,0.00,STATIONARY
25580,0.0250,0.0000,0.00,0.00,STATIONARY
25590,0.0137,0.0000,0.00,0.00,STATIONARY
25600,0.0399,0.0000,0.00,0.00,STATIONARY
25610,0.0272,0.0000,0.00,0.00,STATIONARY
25619,0.0286,0.0000,0.00,0.00,STATIONARY
25630,0.0250,0.0000,0.00,0.00,STATIONARY
25640,0.0474,0.0000,0.00,0.00,STATIONARY
25650,0.0454,0.0000,0.00,0.00,STATIONARY
25660,0.0402,0.0000,0.00,0.00,STATIONARY
25670,0.0557,0.0000,0.00,0.00,STATIONARY
25680,0.0525,0.0000,0.00,0.00,STATIONARY
25689,0.0519,0.0000,0.00,0.00,STATIONARY
25700,0.0495,0.0000,0.00,0.00,STATIONARY
25710,0.0527,0.0000,0.00,0.00,STATIONARY
25720,0.0381,0.0000,0.00,0.00,STATIONARY
25730,0.0423,0.0000,0.00,0.00,STATIONARY
25740,0.0424,0.0000,0.00,0.00,STATIONARY
25750,0.0410,0.0000,0.00,0.00,STATIONARY
25760,0.0429,0.0000,0.00,0.00,STATIONARY
25770,0.0609,0.0000,0.00,0.00,STATIONARY
25780,0.0712,0.0000,0.00,0.00,STATIONARY
25790,0.0634,0.0000,0.00,0.00,STATIONARY
25800,0.0677,0.0000,0.00,0.00,STATIONARY
25810,0.0580,0.0000,0.00,0.00,STATIONARY
25820,0.0822,0.0000,0.00,0.00,STATIONARY
25830,0.0573,0.0000,0.00,0.00,STATIONARY
25840,0.0716,0.0000,0.00,0.00,STATIONARY
25850,0.0633,0.0000,0.00,0.00,STATIONARY
25860,0.0698,0.0000,0.00,0.00,STATIONARY
25870,0.0767,0.0000,0.00,0.00,STATIONARY
25880,0.0794,0.0000,0.00,0.00,STATIONARY
25890,0.0765,0.0000,0.00,0.00,STATIONARY
25899,0.0752,0.0000,0.00,0.00,STATIONARY
25910,0.0829,0.0000,0.00,0.00,STATIONARY
25920,0.0818,0.0000,0.00,0.00,STATIONARY
25930,0.1088,0.0000,0.00,0.00,STATIONARY
25940,0.0894,0.0000,0.00,0.00,STATIONARY
25950,0.0867,0.0000,0.00,0.00,STATIONARY
25960,0.0938,0.0000,0.00,0.00,STATIONARY
25970,0.0931,0.0000,0.00,0.00,STATIONARY
25979,0.0964,0.0000,0.00,0.00,STATIONARY
25990,0.0926,0.0000,0.00,0.00,STATIONARY
26000,0.1078,0.0000,5.52,1.32,STATIONARY
26010,0.1111,0.0000,5.52,2.32,STATIONARY
26020,0.1141,0.0000,5.52,3.09,STATIONARY
26030,0.1132,0.0000,9.98,4.74,STATIONARY
26040,0.1172,0.1172,11.16,6.27,STATIONARY
26049,0.1368,0.1368,12.52,7.77,STATIONARY
26060,0.1147,0.1147,13.67,9.18,STATIONARY
26070,0.1164,0.1164,14.83,10.53,STATIONARY
26080,0.1288,0.1288,16.12,11.87,STATIONARY
26090,0.1194,0.1194,17.32,13.17,STATIONARY
26100,0.1086,0.1086,18.40,14.42,STATIONARY
26109,0.1201,0.1201,19.60,15.66,STATIONARY
26120,0.1320,0.1320,20.92,16.92,STATIONARY
26130,0.1269,0.1269,22.19,18.18,STATIONARY
26140,0.1181,0.1181,23.37,19.42,STATIONARY
26150,0.1047,0.1047,24.42,20.61,STATIONARY
26160,0.1304,0.1304,25.72,21.84,STATIONARY
26170,0.1185,0.1185,26.91,23.05,STATIONARY
26180,0.1241,0.1241,28.15,24.27,STATIONARY
26189,0.1099,0.1099,29.25,25.46,STATIONARY
26200,0.1263,0.1263,30.51,26.67,STATIONARY
26210,0.1246,0.1246,31.76,27.88,STATIONARY
26220,0.1124,0.1124,32.88,29.08,STATIONARY
26230,0.1255,0.1255,34.14,30.29,STATIONARY
26240,0.1208,0.1208,35.34,31.50,UP
26250,0.1121,0.1121,36.47,32.68,UP
26259,0.1060,0.1060,37.53,33.84,UP
26270,0.1137,0.1137,38.66,34.99,UP
26280,0.1169,0.1169,39.83,36.15,UP
26290,0.1043,0.1043,40.88,37.28,UP
26300,0.1046,0.1046,41.92,38.39,UP
26310,0.1011,0.1011,42.93,39.48,UP
26320,0.1072,0.1072,44.00,40.56,UP
26329,0.0918,0.0000,44.00,41.38,UP
26340,0.1006,0.0000,44.92,42.23,UP
26350,0.0899,0.0000,44.92,42.87,UP
26360,0.1003,0.0000,45.82,43.58,UP
26370,0.0989,0.0000,45.82,44.11,UP
26380,0.0932,0.0000,45.82,44.52,UP
26390,0.0837,0.0000,45.82,44.83,UP
26400,0.0789,0.0000,45.82,45.07,UP
26410,0.0871,0.0000,45.82,45.25,UP
26420,0.0814,0.0000,45.82,45.39,UP
26430,0.0742,0.0000,45.82,45.49,UP
26440,0.0577,0.0000,45.82,45.57,UP
26450,0.0849,0.0000,45.82,45.63,UP
26460,0.0620,0.0000,45.82,45.68,UP
26469,0.1052,0.0000,45.82,45.71,UP
26479,0.1647,0.0000,45.82,45.74,UP
26490,0.0848,0.0000,45.82,45.76,UP
26500,0.0371,0.0000,45.82,45.77,UP
26509,0.0045,0.0000,45.82,45.78,UP
26520,0.0216,0.0000,45.82,45.79,UP
26530,0.0410,0.0000,45.82,45.80,UP
26540,-0.0374,0.0000,45.82,45.81,UP
26549,-0.0383,0.0000,45.82,45.81,UP
26560,-0.0491,0.0000,45.82,45.81,UP
26570,-0.0438,0.0000,45.82,45.81,UP
26580,-0.0569,0.0000,45.82,45.82,UP
26590,-0.0506,0.0000,45.82,45.82,UP
26600,-0.0283,0.0000,45.82,45.82,UP
26610,0.0009,0.0000,45.82,45.82,UP
26619,0.0190,0.0000,45.82,45.82,UP
26630,0.0087,0.0000,45.82,45.82,UP
26640,0.0273,0.0000,45.82,45.82,UP
26650,0.0707,0.0000,45.82,45.82,UP
26660,0.0725,0.0000,45.82,45.82,UP
26670,0.0519,0.0000,45.82,45.82,UP
26679,0.0423,0.0000,45.82,45.82,UP
26689,0.0417,0.0000,45.82,45.82,UP
26700,-0.0100,0.0000,45.82,45.82,UP
26710,-0.0271,0.0000,45.82,45.82,UP
26720,-0.0233,0.0000,45.82,45.82,UP
26730,-0.0192,0.0000,45.82,45.82,UP
26740,-0.0186,0.0000,45.82,45.82,UP
26750,-0.0319,0.0000,0.00,0.00,STATIONARY
26760,-0.0048,0.0000,0.00,0.00,STATIONARY
26770,-0.0065,0.0000,0.00,0.00,STATIONARY
26780,0.0146,0.0000,0.00,0.00,STATIONARY
26790,0.0176,0.0000,0.00,0.00,STATIONARY
26800,0.0140,0.0000,0.00,0.00,STATIONARY
26810,0.0439,0.0000,0.00,0.00,STATIONARY
26820,0.0435,0.0000,0.00,0.00,STATIONARY
26829,0.0001,0.0000,0.00,0.00,STATIONARY
26840,-0.0098,0.0000,0.00,0.00,STATIONARY
26850,0.0038,0.0000,0.00,0.00,STATIONARY
26860,0.0039,0.0000,0.00,0.00,STATIONARY
26870,-0.0014,0.0000,0.00,0.00,STATIONARY
26880,-0.0127,0.0000,0.00,0.00,STATIONARY
26890,0.0025,0.0000,0.00,0.00,STATIONARY
26900,0.0054,0.0000,0.00,0.00,STATIONARY
26910,0.0176,0.0000,0.00,0.00,STATIONARY
26920,0.0149,0.0000,0.00,0.00,STATIONARY
26930,-0.0004,0.0000,0.00,0.00,STATIONARY
26940,0.0057,0.0000,0.00,0.00,STATIONARY
26950,0.0165,0.0000,0.00,0.00,STATIONARY
26960,-0.0031,0.0000,0.00,0.00,STATIONARY
26969,-0.0046,0.0000,0.00,0.00,STATIONARY
26979,0.0103,0.0000,0.00,0.00,STATIONARY
26990,-0.0026,0.0000,0.00,0.00,STATIONARY
27000,-0.0033,0.0000,0.00,0.00,STATIONARY
27010,0.0037,0.0000,0.00,0.00,STATIONARY
27020,0.0035,0.0000,0.00,0.00,STATIONARY
27030,0.0209,0.0000,0.00,0.00,STATIONARY
27040,0.0154,0.0000,0.00,0.00,STATIONARY
27049,0.0191,0.0000,0.00,0.00,STATIONARY
27060,0.0113,0.0000,0.00,0.00,STATIONARY
27070,-0.0035,0.0000,0.00,0.00,STATIONARY
27080,-0.0099,0.0000,0.00,0.00,STATIONARY
27090,0.0032,0.0000,0.00,0.00,STATIONARY
27100,0.0030,0.0000,0.00,0.00,STATIONARY
27109,0.0147,0.0000,0.00,0.00,STATIONARY
27119,0.0089,0.0000,0.00,0.00,STATIONARY
27130,0.0233,0.0000,0.00,0.00,STATIONARY
27140,0.0114,0.0000,0.00,0.00,STATIONARY
27150,0.0074,0.0000,0.00,0.00,STATIONARY
27160,0.0100,0.0000,0.00,0.00,STATIONARY
27170,0.0092,0.0000,0.00,0.00,STATIONARY
27180,-0.0063,0.0000,0.00,0.00,STATIONARY
27189,0.0090,0.0000,0.00,0.00,STATIONARY
27200,0.0150,0.0000,0.00,0.00,STATIONARY
27210,-0.0010,0.0000,0.00,0.00,STATIONARY
27220,0.0131,0.0000,0.00,0.00,STATIONARY
27230,0.0108,0.0000,0.00,0.00,STATIONARY
27240,0.0077,0.0000,0.00,0.00,STATIONARY
27250,0.0022,0.0000,0.00,0.00,STATIONARY
27260,-0.0016,0.0000,0.00,0.00,STATIONARY
27270,0.0006,0.0000,0.00,0.00,STATIONARY
27280,0.0032,0.0000,0.00,0.00,STATIONARY
27290,0.0061,0.0000,0.00,0.00,STATIONARY
27300,0.0004,0.0000,0.00,0.00,STATIONARY
27310,0.0076,0.0000,0.00,0.00,STATIONARY
27320,0.0047,0.0000,0.00,0.00,STATIONARY
27329,0.0194,0.0000,0.00,0.00,STATIONARY
27340,0.0175,0.0000,0.00,0.00,STATIONARY
27350,0.0188,0.0000,0.00,0.00,STATIONARY
27360,0.0037,0.0000,0.00,0.00,STATIONARY
27370,-0.0052,0.0000,0.00,0.00,STATIONARY
27380,-0.0095,0.0000,0.00,0.00,STATIONARY
27390,0.0010,0.0000,0.00,0.00,STATIONARY
27400,0.0030,0.0000,0.00,0.00,STATIONARY
27410,-0.0022,0.0000,0.00,0.00,STATIONARY
27420,0.0035,0.0000,0.00,0.00,STATIONARY
27430,0.0114,0.0000,0.00,0.00,STATIONARY
27440,0.0143,0.0000,0.00,0.00,STATIONARY
27450,0.0128,0.0000,0.00,0.00,STATIONARY
27460,0.0075,0.0000,0.00,0.00,STATIONARY
27470,0.0096,0.0000,0.00,0.00,STATIONARY
27479,0.0011,0.0000,0.00,0.00,STATIONARY
27490,0.0055,0.0000,0.00,0.00,STATIONARY
27500,-0.0041,0.0000,0.00,0.00,STATIONARY
27509,0.0064,0.0000,0.00,0.00,STATIONARY
27520,0.0154,0.0000,0.00,0.00,STATIONARY
27530,0.0091,0.0000,0.00,0.00,STATIONARY
27539,0.0023,0.0000,0.00,0.00,STATIONARY
27549,-0.0026,0.0000,0.00,0.00,STATIONARY
27560,0.0104,0.0000,0.00,0.00,STATIONARY
27570,0.0159,0.0000,0.00,0.00,STATIONARY
27580,-0.0128,0.0000,0.00,0.00,STATIONARY
27590,-0.0015,0.0000,0.00,0.00,STATIONARY
27600,0.0047,0.0000,0.00,0.00,STATIONARY
27610,-0.0007,0.0000,0.00,0.00,STATIONARY
27619,-0.0123,0.0000,0.00,0.00,STATIONARY
27630,0.0051,0.0000,0.00,0.00,STATIONARY
27640,0.0138,0.0000,0.00,0.00,STATIONARY
27650,0.0151,0.0000,0.00,0.00,STATIONARY
27660,0.0166,0.0000,0.00,0.00,STATIONARY
27670,0.0190,0.0000,0.00,0.00,STATIONARY
27680,-0.0040,0.0000,0.00,0.00,STATIONARY
27689,0.0171,0.0000,0.00,0.00,STATIONARY
27700,-0.0056,0.0000,0.00,0.00,STATIONARY
27710,0.0082,0.0000,0.00,0.00,STATIONARY
27720,0.0054,0.0000,0.00,0.00,STATIONARY
27730,0.0274,0.0000,0.00,0.00,STATIONARY
27740,0.0085,0.0000,0.00,0.00,STATIONARY
27750,0.0091,0.0000,0.00,0.00,STATIONARY
27759,0.0017,0.0000,0.00,0.00,STATIONARY
27770,0.0002,0.0000,0.00,0.00,STATIONARY
27780,-0.0020,0.0000,0.00,0.00,STATIONARY
27790,0.0193,0.0000,0.00,0.00,STATIONARY
27800,0.0000,0.0000,0.00,0.00,STATIONARY
27810,-0.0011,0.0000,0.00,0.00,STATIONARY
27820,0.0180,0.0000,0.00,0.00,STATIONARY
27829,0.0044,0.0000,0.00,0.00,STATIONARY
27840,0.0152,0.0000,0.00,0.00,STATIONARY
27850,0.0113,0.0000,0.00,0.00,STATIONARY
27860,-0.0040,0.0000,0.00,0.00,STATIONARY
27870,0.0064,0.0000,0.00,0.00,STATIONARY
27880,0.0036,0.0000,0.00,0.00,STATIONARY
27890,0.0069,0.0000,0.00,0.00,STATIONARY
27899,-0.0066,0.0000,0.00,0.00,STATIONARY
27909,0.0079,0.0000,0.00,0.00,STATIONARY
27920,0.0147,0.0000,0.00,0.00,STATIONARY
27930,-0.0007,0.0000,0.00,0.00,STATIONARY
27940,0.0125,0.0000,0.00,0.00,STATIONARY
27950,0.0066,0.0000,0.00,0.00,STATIONARY
27960,0.0056,0.0000,0.00,0.00,STATIONARY
27969,0.0081,0.0000,0.00,0.00,STATIONARY
27979,0.0125,0.0000,0.00,0.00,STATIONARY
27990,0.0025,0.0000,0.00,0.00,STATIONARY
28000,-0.0039,0.0000,0.00,0.00,STATIONARY
28010,0.0030,0.0000,0.00,0.00,STATIONARY
28020,0.0100,0.0000,0.00,0.00,STATIONARY
28030,0.0070,0.0000,0.00,0.00,STATIONARY
28040,0.0009,0.0000,0.00,0.00,STATIONARY
28049,0.0055,0.0000,0.00,0.00,STATIONARY
28060,0.0201,0.0000,0.00,0.00,STATIONARY
28070,0.0060,0.0000,0.00,0.00,STATIONARY
28080,0.0005,0.0000,0.00,0.00,STATIONARY
28090,0.0097,0.0000,0.00,0.00,STATIONARY
28100,-0.0077,0.0000,0.00,0.00,STATIONARY
28109,0.0031,0.0000,0.00,0.00,STATIONARY
28120,0.0060,0.0000,0.00,0.00,STATIONARY
28130,0.0076,0.0000,0.00,0.00,STATIONARY
28140,0.0034,0.0000,0.00,0.00,STATIONARY
28150,0.0094,0.0000,0.00,0.00,STATIONARY
28160,-0.0028,0.0000,0.00,0.00,STATIONARY
28170,0.0026,0.0000,0.00,0.00,STATIONARY
28180,0.0110,0.0000,0.00,0.00,STATIONARY
28189,0.0106,0.0000,0.00,0.00,STATIONARY
28200,-0.0043,0.0000,0.00,0.00,STATIONARY
28210,0.0207,0.0000,0.00,0.00,STATIONARY
28220,0.0079,0.0000,0.00,0.00,STATIONARY
28230,0.0097,0.0000,0.00,0.00,STATIONARY
28240,0.0003,0.0000,0.00,0.00,STATIONARY
28249,0.0072,0.0000,0.00,0.00,STATIONARY
28259,0.0122,0.0000,0.00,0.00,STATIONARY
28270,0.0200,0.0000,0.00,0.00,STATIONARY
28280,0.0089,0.0000,0.00,0.00,STATIONARY
28290,0.0032,0.0000,0.00,0.00,STATIONARY
28300,-0.0006,0.0000,0.00,0.00,STATIONARY
28310,0.0012,0.0000,0.00,0.00,STATIONARY
28320,0.0021,0.0000,0.00,0.00,STATIONARY
28329,0.0087,0.0000,0.00,0.00,STATIONARY
28340,0.0054,0.0000,0.00,0.00,STATIONARY
28350,0.0147,0.0000,0.00,0.00,STATIONARY
28360,0.0175,0.0000,0.00,0.00,STATIONARY
28370,0.0212,0.0000,0.00,0.00,STATIONARY
28380,0.0044,0.0000,0.00,0.00,STATIONARY
28390,-0.0078,0.0000,0.00,0.00,STATIONARY
28400,0.0232,0.0000,0.00,0.00,STATIONARY
28409,0.0121,0.0000,0.00,0.00,STATIONARY
28420,0.0171,0.0000,0.00,0.00,STATIONARY
28430,0.0055,0.0000,0.00,0.00,STATIONARY
28440,-0.0213,0.0000,0.00,0.00,STATIONARY
28450,-0.0073,0.0000,0.00,0.00,STATIONARY
28460,0.0090,0.0000,0.00,0.00,STATIONARY
28469,0.0387,0.0000,0.00,0.00,STATIONARY
28479,0.0252,0.0000,0.00,0.00,STATIONARY
28490,-0.0195,0.0000,0.00,0.00,STATIONARY
28500,-0.0004,0.0000,0.00,0.00,STATIONARY
28510,0.0232,0.0000,0.00,0.00,STATIONARY
28520,0.0024,0.0000,0.00,0.00,STATIONARY
28530,0.0027,0.0000,0.00,0.00,STATIONARY
28540,-0.0063,0.0000,0.00,0.00,STATIONARY
28549,-0.0066,0.0000,0.00,0.00,STATIONARY
28560,-0.0006,0.0000,0.00,0.00,STATIONARY
28570,0.0343,0.0000,0.00,0.00,STATIONARY
28580,0.0380,0.0000,0.00,0.00,STATIONARY
28590,0.0286,0.0000,0.00,0.00,STATIONARY
28600,-0.0164,0.0000,0.00,0.00,STATIONARY
28610,0.0044,0.0000,0.00,0.00,STATIONARY
28619,0.0229,0.0000,0.00,0.00,STATIONARY
28630,0.0112,0.0000,0.00,0.00,STATIONARY
28640,-0.0212,0.0000,0.00,0.00,STATIONARY
28650,0.0211,0.0000,0.00,0.00,STATIONARY
28660,0.0140,0.0000,0.00,0.00,STATIONARY
28670,0.0261,0.0000,0.00,0.00,STATIONARY
28680,0.0538,0.0000,0.00,0.00,STATIONARY
28690,-0.0313,0.0000,0.00,0.00,STATIONARY
28700,-0.0690,0.0000,0.00,0.00,STATIONARY
28710,0.0240,0.0000,0.00,0.00,STATIONARY
28720,0.0351,0.0000,0.00,0.00,STATIONARY
28729,0.0321,0.0000,0.00,0.00,STATIONARY
28740,0.0423,0.0000,0.00,0.00,STATIONARY
28750,0.0276,0.0000,0.00,0.00,STATIONARY
28760,-0.0313,0.0000,0.00,0.00,STATIONARY
28770,0.0193,0.0000,0.00,0.00,STATIONARY
28780,0.0156,0.0000,0.00,0.00,STATIONARY
28790,-0.0159,0.0000,0.00,0.00,STATIONARY
28800,0.0211,0.0000,0.00,0.00,STATIONARY
28810,0.0082,0.0000,0.00,0.00,STATIONARY
28820,0.0687,0.0000,0.00,0.00,STATIONARY
28830,0.0501,0.0000,0.00,0.00,STATIONARY
28840,-0.0366,0.0000,0.00,0.00,STATIONARY
28850,0.0586,0.0000,0.00,0.00,STATIONARY
28860,0.0093,0.0000,0.00,0.00,STATIONARY
28870,-0.0035,0.0000,0.00,0.00,STATIONARY
28880,-0.0477,0.0000,0.00,0.00,STATIONARY
28890,0.0090,0.0000,0.00,0.00,STATIONARY
28899,0.0349,0.0000,0.00,0.00,STATIONARY
28909,-0.0088,0.0000,0.00,0.00,STATIONARY
28920,0.0589,0.0000,0.00,0.00,STATIONARY
28930,-0.0357,0.0000,0.00,0.00,STATIONARY
28940,0.0784,0.0000,0.00,0.00,STATIONARY
28950,0.0228,0.0000,0.00,0.00,STATIONARY
28960,0.0073,0.0000,0.00,0.00,STATIONARY
28969,-0.0289,0.0000,0.00,0.00,STATIONARY
28979,-0.0100,0.0000,0.00,0.00,STATIONARY
28990,0.0189,0.0000,0.00,0.00,STATIONARY
29000,0.0365,0.0000,0.00,0.00,STATIONARY
29010,0.0364,0.0000,0.00,0.00,STATIONARY
29020,0.0143,0.0000,0.00,0.00,STATIONARY
29030,0.0414,0.0000,0.00,0.00,STATIONARY
29040,0.0315,0.0000,0.00,0.00,STATIONARY
29049,0.0273,0.0000,0.00,0.00,STATIONARY
29060,0.0182,0.0000,0.00,0.00,STATIONARY
29070,-0.0282,0.0000,0.00,0.00,STATIONARY
29080,-0.0031,0.0000,0.00,0.00,STATIONARY
29090,0.0094,0.0000,0.00,0.00,STATIONARY
29100,0.0281,0.0000,0.00,0.00,STATIONARY
29110,0.0303,0.0000,0.00,0.00,STATIONARY
29120,0.0634,0.0000,0.00,0.00,STATIONARY
29130,0.0104,0.0000,0.00,0.00,STATIONARY
29140,-0.0080,0.0000,0.00,0.00,STATIONARY
29150,-0.0081,0.0000,0.00,0.00,STATIONARY
29160,-0.0117,0.0000,0.00,0.00,STATIONARY
29170,-0.0164,0.0000,0.00,0.00,STATIONARY
29180,-0.0062,0.0000,0.00,0.00,STATIONARY
29189,0.0311,0.0000,0.00,0.00,STATIONARY
29200,0.0273,0.0000,0.00,0.00,STATIONARY
29210,0.0757,0.0000,0.00,0.00,STATIONARY
29220,-0.0038,0.0000,0.00,0.00,STATIONARY
29230,-0.0397,0.0000,0.00,0.00,STATIONARY
29240,-0.0276,0.0000,0.00,0.00,STATIONARY
29250,0.0043,0.0000,0.00,0.00,STATIONARY
29259,-0.0450,0.0000,0.00,0.00,STATIONARY
29270,-0.0058,0.0000,0.00,0.00,STATIONARY
29280,0.0351,0.0000,0.00,0.00,STATIONARY
29290,0.0786,0.0000,0.00,0.00,STATIONARY
29300,0.0949,0.0000,0.00,0.00,STATIONARY
29310,-0.0253,0.0000,0.00,0.00,STATIONARY
29320,0.0038,0.0000,0.00,0.00,STATIONARY
29329,-0.0422,0.0000,0.00,0.00,STATIONARY
29340,0.0166,0.0000,0.00,0.00,STATIONARY
29350,0.0528,0.0000,0.00,0.00,STATIONARY
29360,0.0134,0.0000,0.00,0.00,STATIONARY
29370,-0.0056,0.0000,0.00,0.00,STATIONARY
29380,-0.0095,0.0000,0.00,0.00,STATIONARY
29390,0.0215,0.0000,0.00,0.00,STATIONARY
29400,0.0509,0.0000,0.00,0.00,STATIONARY
29409,0.0534,0.0000,0.00,0.00,STATIONARY
29420,0.0191,0.0000,0.00,0.00,STATIONARY
29430,-0.0164,0.0000,0.00,0.00,STATIONARY
29440,-0.0089,0.0000,0.00,0.00,STATIONARY
29450,-0.0078,0.0000,0.00,0.00,STATIONARY
29460,-0.0285,0.0000,0.00,0.00,STATIONARY
29469,-0.0057,0.0000,0.00,0.00,STATIONARY
29479,-0.0154,0.0000,0.00,0.00,STATIONARY
29490,-0.0201,0.0000,0.00,0.00,STATIONARY
29500,0.0095,0.0000,0.00,0.00,STATIONARY
29509,0.0399,0.0000,0.00,0.00,STATIONARY
29520,0.0589,0.0000,0.00,0.00,STATIONARY
29529,0.0572,0.0000,0.00,0.00,STATIONARY
29540,0.0029,0.0000,0.00,0.00,STATIONARY
29549,-0.0420,0.0000,0.00,0.00,STATIONARY
29560,-0.0062,0.0000,0.00,0.00,STATIONARY
29570,0.0062,0.0000,0.00,0.00,STATIONARY
29580,-0.0150,0.0000,0.00,0.00,STATIONARY
29590,0.0008,0.0000,0.00,0.00,STATIONARY
29600,0.0087,0.0000,0.00,0.00,STATIONARY
29610,-0.0303,0.0000,0.00,0.00,STATIONARY
29620,-0.0027,0.0000,0.00,0.00,STATIONARY
29630,0.0292,0.0000,0.00,0.00,STATIONARY
29640,0.0444,0.0000,0.00,0.00,STATIONARY
29650,0.0046,0.0000,0.00,0.00,STATIONARY
29660,0.0026,0.0000,0.00,0.00,STATIONARY
29670,0.0221,0.0000,0.00,0.00,STATIONARY
29680,-0.0123,0.0000,0.00,0.00,STATIONARY
29689,0.0405,0.0000,0.00,0.00,STATIONARY
29700,-0.0218,0.0000,0.00,0.00,STATIONARY
29710,-0.0120,0.0000,0.00,0.00,STATIONARY
29720,-0.0099,0.0000,0.00,0.00,STATIONARY
29729,0.0257,0.0000,0.00,0.00,STATIONARY
29740,0.0442,0.0000,0.00,0.00,STATIONARY
29750,-0.0013,0.0000,0.00,0.00,STATIONARY
29759,0.0083,0.0000,0.00,0.00,STATIONARY
29770,-0.0253,0.0000,0.00,0.00,STATIONARY
29780,0.0118,0.0000,0.00,0.00,STATIONARY
29790,0.0001,0.0000,0.00,0.00,STATIONARY
29800,0.0436,0.0000,0.00,0.00,STATIONARY
29810,-0.0148,0.0000,0.00,0.00,STATIONARY
29820,-0.0210,0.0000,0.00,0.00,STATIONARY
29830,-0.0270,0.0000,0.00,0.00,STATIONARY
29840,0.0172,0.0000,0.00,0.00,STATIONARY
29850,0.0590,0.0000,0.00,0.00,STATIONARY
29860,0.0144,0.0000,0.00,0.00,STATIONARY
29870,0.0129,0.0000,0.00,0.00,STATIONARY
29880,-0.0373,0.0000,0.00,0.00,STATIONARY
29890,0.0279,0.0000,0.00,0.00,STATIONARY
29900,0.0459,0.0000,0.00,0.00,STATIONARY
29909,0.0313,0.0000,0.00,0.00,STATIONARY
29920,0.0027,0.0000,0.00,0.00,STATIONARY
29930,-0.0474,0.0000,0.00,0.00,STATIONARY
29940,-0.0078,0.0000,0.00,0.00,STATIONARY
29950,0.0321,0.0000,0.00,0.00,STATIONARY
29960,0.0216,0.0000,0.00,0.00,STATIONARY
29970,-0.0148,0.0000,0.00,0.00,STATIONARY
29979,-0.0142,0.0000,0.00,0.00,STATIONARY
29990,-0.0268,0.0000,0.00,0.00,STATIONARY
30000,0.0161,0.0000,0.00,0.00,STATIONARY
30010,0.0015,0.0000,0.00,0.00,STATIONARY
30020,0.0543,0.0000,0.00,0.00,STATIONARY
30030,0.1003,0.0000,0.00,0.00,STATIONARY
30040,0.0419,0.0000,0.00,0.00,STATIONARY
30049,-0.0230,0.0000,0.00,0.00,STATIONARY
30060,-0.0229,0.0000,0.00,0.00,STATIONARY
30070,0.0091,0.0000,0.00,0.00,STATIONARY
30080,-0.0133,0.0000,0.00,0.00,STATIONARY
30090,-0.0171,0.0000,0.00,0.00,STATIONARY
30100,-0.0347,0.0000,0.00,0.00,STATIONARY
30110,0.0183,0.0000,0.00,0.00,STATIONARY
30119,-0.0158,0.0000,0.00,0.00,STATIONARY
30130,0.0059,0.0000,0.00,0.00,STATIONARY
30140,0.0121,0.0000,0.00,0.00,STATIONARY
30150,-0.0185,0.0000,0.00,0.00,STATIONARY
30160,-0.0128,0.0000,0.00,0.00,STATIONARY
30170,0.0585,0.0000,0.00,0.00,STATIONARY
30180,0.0988,0.0000,0.00,0.00,STATIONARY
30189,0.0234,0.0000,0.00,0.00,STATIONARY
30200,-0.0491,0.0000,0.00,0.00,STATIONARY
30210,-0.0185,0.0000,0.00,0.00,STATIONARY
30220,-0.0168,0.0000,0.00,0.00,STATIONARY
30230,0.0303,0.0000,0.00,0.00,STATIONARY
30240,0.0264,0.0000,0.00,0.00,STATIONARY
30250,-0.0245,0.0000,0.00,0.00,STATIONARY
30260,-0.0334,0.0000,0.00,0.00,STATIONARY
30270,-0.0429,0.0000,0.00,0.00,STATIONARY
30280,0.0312,0.0000,0.00,0.00,STATIONARY
30290,0.0864,0.0000,0.00,0.00,STATIONARY
30300,0.0336,0.0000,0.00,0.00,STATIONARY
30310,-0.0331,0.0000,0.00,0.00,STATIONARY
30320,-0.0135,0.0000,0.00,0.00,STATIONARY
30329,0.0196,0.0000,0.00,0.00,STATIONARY
30340,0.0315,0.0000,0.00,0.00,STATIONARY
30350,0.0271,0.0000,0.00,0.00,STATIONARY
30360,0.0228,0.0000,0.00,0.00,STATIONARY
30370,0.0026,0.0000,0.00,0.00,STATIONARY
30380,-0.0458,0.0000,0.00,0.00,STATIONARY
30390,-0.0205,0.0000,0.00,0.00,STATIONARY
30400,0.0092,0.0000,0.00,0.00,STATIONARY
30409,0.0177,0.0000,0.00,0.00,STATIONARY
30420,0.0105,0.0000,0.00,0.00,STATIONARY
30430,0.0042,0.0000,0.00,0.00,STATIONARY
30440,0.0106,0.0000,0.00,0.00,STATIONARY
30449,0.0244,0.0000,0.00,0.00,STATIONARY
30460,0.0066,0.0000,0.00,0.00,STATIONARY
30470,0.0224,0.0000,0.00,0.00,STATIONARY
30479,-0.0105,0.0000,0.00,0.00,STATIONARY
30490,-0.0103,0.0000,0.00,0.00,STATIONARY
30500,0.0323,0.0000,0.00,0.00,STATIONARY
30510,-0.0213,0.0000,0.00,0.00,STATIONARY
30520,-0.0081,0.0000,0.00,0.00,STATIONARY
30530,-0.0107,0.0000,0.00,0.00,STATIONARY
30540,0.0154,0.0000,0.00,0.00,STATIONARY
30549,-0.0041,0.0000,0.00,0.00,STATIONARY
30560,0.0145,0.0000,0.00,0.00,STATIONARY
30570,0.0491,0.0000,0.00,0.00,STATIONARY
30580,0.0543,0.0000,0.00,0.00,STATIONARY
30590,-0.0364,0.0000,0.00,0.00,STATIONARY
30600,-0.0405,0.0000,0.00,0.00,STATIONARY
30610,0.0303,0.0000,0.00,0.00,STATIONARY
30619,0.0145,0.0000,0.00,0.00,STATIONARY
30630,0.0172,0.0000,0.00,0.00,STATIONARY
30640,-0.0495,0.0000,0.00,0.00,STATIONARY
30650,0.0196,0.0000,0.00,0.00,STATIONARY
30660,0.0242,0.0000,0.00,0.00,STATIONARY
30670,0.0061,0.0000,0.00,0.00,STATIONARY
30680,0.0249,0.0000,0.00,0.00,STATIONARY
30689,0.0127,0.0000,0.00,0.00,STATIONARY
30700,0.0084,0.0000,0.00,0.00,STATIONARY
30710,-0.0333,0.0000,0.00,0.00,STATIONARY
30720,-0.0244,0.0000,0.00,0.00,STATIONARY
30729,-0.0178,0.0000,0.00,0.00,STATIONARY
30740,0.0192,0.0000,0.00,0.00,STATIONARY
30750,0.0257,0.0000,0.00,0.00,STATIONARY
30759,0.0263,0.0000,0.00,0.00,STATIONARY
30770,0.0292,0.0000,0.00,0.00,STATIONARY
30780,0.0083,0.0000,0.00,0.00,STATIONARY
30790,-0.0025,0.0000,0.00,0.00,STATIONARY
30800,-0.0063,0.0000,0.00,0.00,STATIONARY
30810,0.0067,0.0000,0.00,0.00,STATIONARY
30820,-0.0214,0.0000,0.00,0.00,STATIONARY
30829,0.0027,0.0000,0.00,0.00,STATIONARY
30839,-0.0034,0.0000,0.00,0.00,STATIONARY
30850,0.0176,0.0000,0.00,0.00,STATIONARY
30860,0.0148,0.0000,0.00,0.00,STATIONARY
30870,-0.0044,0.0000,0.00,0.00,STATIONARY
30880,0.0263,0.0000,0.00,0.00,STATIONARY
30890,0.0002,0.0000,0.00,0.00,STATIONARY
30899,-0.0062,0.0000,0.00,0.00,STATIONARY
30909,-0.0131,0.0000,0.00,0.00,STATIONARY
30920,-0.0131,0.0000,0.00,0.00,STATIONARY
30930,-0.0085,0.0000,0.00,0.00,STATIONARY
30940,0.0016,0.0000,0.00,0.00,STATIONARY
30950,0.0134,0.0000,0.00,0.00,STATIONARY
30960,0.0225,0.0000,0.00,0.00,STATIONARY
30969,-0.0037,0.0000,0.00,0.00,STATIONARY
30979,0.0035,0.0000,0.00,0.00,STATIONARY
30990,0.0191,0.0000,0.00,0.00,STATIONARY
31000,0.0124,0.0000,0.00,0.00,STATIONARY
31010,0.0124,0.0000,0.00,0.00,STATIONARY
31020,-0.0060,0.0000,0.00,0.00,STATIONARY
31030,0.0135,0.0000,0.00,0.00,STATIONARY
31040,-0.0117,0.0000,0.00,0.00,STATIONARY
31049,-0.0022,0.0000,0.00,0.00,STATIONARY
31060,0.0187,0.0000,0.00,0.00,STATIONARY
31070,0.0048,0.0000,0.00,0.00,STATIONARY
31080,0.0177,0.0000,0.00,0.00,STATIONARY
31090,0.0029,0.0000,0.00,0.00,STATIONARY
31100,0.0145,0.0000,0.00,0.00,STATIONARY
31110,0.0377,0.0000,0.00,0.00,STATIONARY
31119,-0.0109,0.0000,0.00,0.00,STATIONARY
31130,0.0002,0.0000,0.00,0.00,STATIONARY
31140,-0.0053,0.0000,0.00,0.00,STATIONARY
31150,-0.0158,0.0000,0.00,0.00,STATIONARY
31160,-0.0006,0.0000,0.00,0.00,STATIONARY
31170,-0.0065,0.0000,0.00,0.00,STATIONARY
31180,0.0099,0.0000,0.00,0.00,STATIONARY
31189,0.0254,0.0000,0.00,0.00,STATIONARY
31200,0.0201,0.0000,0.00,0.00,STATIONARY
31210,0.0265,0.0000,0.00,0.00,STATIONARY
31220,0.0099,0.0000,0.00,0.00,STATIONARY
31229,-0.0079,0.0000,0.00,0.00,STATIONARY
31240,-0.0091,0.0000,0.00,0.00,STATIONARY
31250,-0.0134,0.0000,0.00,0.00,STATIONARY
31259,0.0061,0.0000,0.00,0.00,STATIONARY
31270,0.0062,0.0000,0.00,0.00,STATIONARY
31280,0.0196,0.0000,0.00,0.00,STATIONARY
31290,0.0247,0.0000,0.00,0.00,STATIONARY
31300,0.0123,0.0000,0.00,0.00,STATIONARY
31310,0.0058,0.0000,0.00,0.00,STATIONARY
31320,0.0338,0.0000,0.00,0.00,STATIONARY
31329,0.0057,0.0000,0.00,0.00,STATIONARY
31339,-0.0056,0.0000,0.00,0.00,STATIONARY
31350,0.0015,0.0000,0.00,0.00,STATIONARY
31360,0.0120,0.0000,0.00,0.00,STATIONARY
31370,0.0139,0.0000,0.00,0.00,STATIONARY
31380,0.0172,0.0000,0.00,0.00,STATIONARY
31390,0.0158,0.0000,0.00,0.00,STATIONARY
31399,0.0013,0.0000,0.00,0.00,STATIONARY
31409,0.0026,0.0000,0.00,0.00,STATIONARY
31420,0.0077,0.0000,0.00,0.00,STATIONARY
31430,0.0149,0.0000,0.00,0.00,STATIONARY
31440,0.0006,0.0000,0.00,0.00,STATIONARY
31450,0.0033,0.0000,0.00,0.00,STATIONARY
31460,0.0042,0.0000,0.00,0.00,STATIONARY
31470,0.0031,0.0000,0.00,0.00,STATIONARY
31480,0.0062,0.0000,0.00,0.00,STATIONARY
31490,0.0208,0.0000,0.00,0.00,STATIONARY
31500,0.0116,0.0000,0.00,0.00,STATIONARY
31509,-0.0077,0.0000,0.00,0.00,STATIONARY
31520,0.0301,0.0000,0.00,0.00,STATIONARY
31529,0.0095,0.0000,0.00,0.00,STATIONARY
31540,-0.0021,0.0000,0.00,0.00,STATIONARY
31549,-0.0154,0.0000,0.00,0.00,STATIONARY
31560,0.0032,0.0000,0.00,0.00,STATIONARY
31570,0.0075,0.0000,0.00,0.00,STATIONARY
31580,0.0030,0.0000,0.00,0.00,STATIONARY
31590,0.0097,0.0000,0.00,0.00,STATIONARY
31600,0.0104,0.0000,0.00,0.00,STATIONARY
31610,0.0003,0.0000,0.00,0.00,STATIONARY
31620,0.0009,0.0000,0.00,0.00,STATIONARY
31630,0.0159,0.0000,0.00,0.00,STATIONARY
31640,0.0050,0.0000,0.00,0.00,STATIONARY
31650,0.0141,0.0000,0.00,0.00,STATIONARY
31660,0.0036,0.0000,0.00,0.00,STATIONARY
31670,0.0054,0.0000,0.00,0.00,STATIONARY
31680,0.0248,0.0000,0.00,0.00,STATIONARY
31689,-0.0022,0.0000,0.00,0.00,STATIONARY
31700,0.0101,0.0000,0.00,0.00,STATIONARY
31710,0.0192,0.0000,0.00,0.00,STATIONARY
31720,0.0076,0.0000,0.00,0.00,STATIONARY
31730,0.0082,0.0000,0.00,0.00,STATIONARY
31740,0.0122,0.0000,0.00,0.00,STATIONARY
31750,-0.0014,0.0000,0.00,0.00,STATIONARY
31760,-0.0036,0.0000,0.00,0.00,STATIONARY
31770,-0.0108,0.0000,0.00,0.00,STATIONARY
31780,-0.0072,0.0000,0.00,0.00,STATIONARY
31790,-0.0066,0.0000,0.00,0.00,STATIONARY
31800,0.0194,0.0000,0.00,0.00,STATIONARY
31810,0.0167,0.0000,0.00,0.00,STATIONARY
31820,0.0082,0.0000,0.00,0.00,STATIONARY
31829,0.0091,0.0000,0.00,0.00,STATIONARY
31840,0.0088,0.0000,0.00,0.00,STATIONARY
31850,0.0219,0.0000,0.00,0.00,STATIONARY
31860,0.0131,0.0000,0.00,0.00,STATIONARY
31870,0.0059,0.0000,0.00,0.00,STATIONARY
31880,0.0074,0.0000,0.00,0.00,STATIONARY
31890,-0.0046,0.0000,0.00,0.00,STATIONARY
31900,-0.0023,0.0000,0.00,0.00,STATIONARY
31909,0.0021,0.0000,0.00,0.00,STATIONARY
31920,0.0162,0.0000,0.00,0.00,STATIONARY
31930,0.0348,0.0000,0.00,0.00,STATIONARY
31940,0.0102,0.0000,0.00,0.00,STATIONARY
31950,0.0037,0.0000,0.00,0.00,STATIONARY
31960,0.0100,0.0000,0.00,0.00,STATIONARY
31970,0.0054,0.0000,0.00,0.00,STATIONARY
31979,0.0161,0.0000,0.00,0.00,STATIONARY
31990,0.0153,0.0000,0.00,0.00,STATIONARY
32000,0.0094,0.0000,0.00,0.00,STATIONARY
32010,-0.0015,0.0000,0.00,0.00,STATIONARY
32020,0.0037,0.0000,0.00,0.00,STATIONARY
32030,0.0127,0.0000,0.00,0.00,STATIONARY
32040,0.0089,0.0000,0.00,0.00,STATIONARY
32049,0.0152,0.0000,0.00,0.00,STATIONARY
32060,-0.0101,0.0000,0.00,0.00,STATIONARY
32070,0.0104,0.0000,0.00,0.00,STATIONARY
32080,0.0107,0.0000,0.00,0.00,STATIONARY
32090,-0.0008,0.0000,0.00,0.00,STATIONARY
32100,0.0137,0.0000,0.00,0.00,STATIONARY
32109,0.0030,0.0000,0.00,0.00,STATIONARY
32119,0.0002,0.0000,0.00,0.00,STATIONARY
32130,0.0162,0.0000,0.00,0.00,STATIONARY
32140,-0.0018,0.0000,0.00,0.00,STATIONARY
32150,0.0167,0.0000,0.00,0.00,STATIONARY
32160,0.0134,0.0000,0.00,0.00,STATIONARY
32170,0.0114,0.0000,0.00,0.00,STATIONARY
32180,0.0084,0.0000,0.00,0.00,STATIONARY
32190,0.0105,0.0000,0.00,0.00,STATIONARY
32200,0.0032,0.0000,0.00,0.00,STATIONARY
32210,0.0270,0.0000,0.00,0.00,STATIONARY
32220,0.0017,0.0000,0.00,0.00,STATIONARY
32230,0.0023,0.0000,0.00,0.00,STATIONARY
32240,0.0018,0.0000,0.00,0.00,STATIONARY
32250,-0.0056,0.0000,0.00,0.00,STATIONARY
32260,0.0103,0.0000,0.00,0.00,STATIONARY
32270,0.0087,0.0000,0.00,0.00,STATIONARY
32280,0.0095,0.0000,0.00,0.00,STATIONARY
32290,0.0093,0.0000,0.00,0.00,STATIONARY
32300,0.0114,0.0000,0.00,0.00,STATIONARY
32310,0.0164,0.0000,0.00,0.00,STATIONARY
32320,0.0247,0.0000,0.00,0.00,STATIONARY
32329,0.0190,0.0000,0.00,0.00,STATIONARY
32340,0.0194,0.0000,0.00,0.00,STATIONARY
32350,0.0106,0.0000,0.00,0.00,STATIONARY
32360,0.0031,0.0000,0.00,0.00,STATIONARY
32370,0.0086,0.0000,0.00,0.00,STATIONARY
32380,0.0246,0.0000,0.00,0.00,STATIONARY
32390,0.0135,0.0000,0.00,0.00,STATIONARY
32400,0.0012,0.0000,0.00,0.00,STATIONARY
32409,0.0145,0.0000,0.00,0.00,STATIONARY
32420,0.0062,0.0000,0.00,0.00,STATIONARY
32430,0.0054,0.0000,0.00,0.00,STATIONARY
32440,0.0115,0.0000,0.00,0.00,STATIONARY
32450,0.0092,0.0000,0.00,0.00,STATIONARY
32460,-0.0012,0.0000,0.00,0.00,STATIONARY
32470,-0.0011,0.0000,0.00,0.00,STATIONARY
32479,0.0141,0.0000,0.00,0.00,STATIONARY
32490,-0.0017,0.0000,0.00,0.00,STATIONARY
32500,-0.0106,0.0000,0.00,0.00,STATIONARY
32509,0.0241,0.0000,0.00,0.00,STATIONARY
32520,0.0076,0.0000,0.00,0.00,STATIONARY
32530,0.0288,0.0000,0.00,0.00,STATIONARY
32540,0.0147,0.0000,0.00,0.00,STATIONARY
32549,0.0166,0.0000,0.00,0.00,STATIONARY
32560,0.0010,0.0000,0.00,0.00,STATIONARY
32570,-0.0028,0.0000,0.00,0.00,STATIONARY
32580,0.0092,0.0000,0.00,0.00,STATIONARY
32590,-0.0001,0.0000,0.00,0.00,STATIONARY
32600,0.0137,0.0000,0.00,0.00,STATIONARY
32610,0.0126,0.0000,0.00,0.00,STATIONARY
32620,0.0279,0.0000,0.00,0.00,STATIONARY
32630,0.0023,0.0000,0.00,0.00,STATIONARY
32640,0.0138,0.0000,0.00,0.00,STATIONARY
32650,0.0182,0.0000,0.00,0.00,STATIONARY
32660,0.0190,0.0000,0.00,0.00,STATIONARY
32670,0.0195,0.0000,0.00,0.00,STATIONARY
32680,0.0213,0.0000,0.00,0.00,STATIONARY
32690,0.0010,0.0000,0.00,0.00,STATIONARY
32700,0.0166,0.0000,0.00,0.00,STATIONARY
32710,0.0176,0.0000,0.00,0.00,STATIONARY
32720,0.0180,0.0000,0.00,0.00,STATIONARY
32730,0.0033,0.0000,0.00,0.00,STATIONARY
32740,0.0145,0.0000,0.00,0.00,STATIONARY
32750,-0.0012,0.0000,0.00,0.00,STATIONARY
32759,0.0065,0.0000,0.00,0.00,STATIONARY
32770,0.0042,0.0000,0.00,0.00,STATIONARY
32780,0.0102,0.0000,0.00,0.00,STATIONARY
32790,0.0076,0.0000,0.00,0.00,STATIONARY
32800,0.0173,0.0000,0.00,0.00,STATIONARY
32810,0.0161,0.0000,0.00,0.00,STATIONARY
32820,0.0066,0.0000,0.00,0.00,STATIONARY
32829,0.0061,0.0000,0.00,0.00,STATIONARY
32839,-0.0052,0.0000,0.00,0.00,STATIONARY
32850,0.0093,0.0000,0.00,0.00,STATIONARY
32860,0.0064,0.0000,0.00,0.00,STATIONARY
32870,0.0113,0.0000,0.00,0.00,STATIONARY
32880,-0.0045,0.0000,0.00,0.00,STATIONARY
32890,-0.0005,0.0000,0.00,0.00,STATIONARY
32900,0.0134,0.0000,0.00,0.00,STATIONARY
32909,0.0123,0.0000,0.00,0.00,STATIONARY
32920,0.0106,0.0000,0.00,0.00,STATIONARY
32930,0.0039,0.0000,0.00,0.00,STATIONARY
32940,0.0003,0.0000,0.00,0.00,STATIONARY
32950,0.0063,0.0000,0.00,0.00,STATIONARY
32960,0.0041,0.0000,0.00,0.00,STATIONARY
32970,-0.0054,0.0000,0.00,0.00,STATIONARY
32979,0.0075,0.0000,0.00,0.00,STATIONARY
32990,0.0147,0.0000,0.00,0.00,STATIONARY
33000,0.0079,0.0000,0.00,0.00,STATIONARY
33010,0.0135,0.0000,0.00,0.00,STATIONARY
33020,0.0064,0.0000,0.00,0.00,STATIONARY
33030,0.0033,0.0000,0.00,0.00,STATIONARY
33040,0.0097,0.0000,0.00,0.00,STATIONARY
33049,-0.0020,0.0000,0.00,0.00,STATIONARY
33060,0.0164,0.0000,0.00,0.00,STATIONARY
33070,-0.0116,0.0000,0.00,0.00,STATIONARY
33080,0.0199,0.0000,0.00,0.00,STATIONARY
33090,0.0050,0.0000,0.00,0.00,STATIONARY
33100,-0.0028,0.0000,0.00,0.00,STATIONARY
33109,0.0179,0.0000,0.00,0.00,STATIONARY
33120,0.0069,0.0000,0.00,0.00,STATIONARY
33130,0.0107,0.0000,0.00,0.00,STATIONARY
33140,0.0089,0.0000,0.00,0.00,STATIONARY
33150,0.0009,0.0000,0.00,0.00,STATIONARY
33160,0.0166,0.0000,0.00,0.00,STATIONARY
33170,0.0160,0.0000,0.00,0.00,STATIONARY
33180,0.0117,0.0000,0.00,0.00,STATIONARY
33189,0.0011,0.0000,0.00,0.00,STATIONARY
33200,0.0022,0.0000,0.00,0.00,STATIONARY
33210,0.0017,0.0000,0.00,0.00,STATIONARY
33220,0.0078,0.0000,0.00,0.00,STATIONARY
33230,0.0014,0.0000,0.00,0.00,STATIONARY
33240,0.0115,0.0000,0.00,0.00,STATIONARY
33250,0.0037,0.0000,0.00,0.00,STATIONARY
33259,-0.0020,0.0000,0.00,0.00,STATIONARY
33270,0.0109,0.0000,0.00,0.00,STATIONARY
33280,0.0014,0.0000,0.00,0.00,STATIONARY
33290,0.0118,0.0000,0.00,0.00,STATIONARY
33300,0.0074,0.0000,0.00,0.00,STATIONARY
33309,0.0083,0.0000,0.00,0.00,STATIONARY
33320,0.0086,0.0000,0.00,0.00,STATIONARY
33330,0.0071,0.0000,0.00,0.00,STATIONARY
33339,0.0026,0.0000,0.00,0.00,STATIONARY
33350,0.0087,0.0000,0.00,0.00,STATIONARY
33360,0.0149,0.0000,0.00,0.00,STATIONARY
33370,-0.0048,0.0000,0.00,0.00,STATIONARY
33380,0.0195,0.0000,0.00,0.00,STATIONARY
33390,0.0073,0.0000,0.00,0.00,STATIONARY
33400,0.0079,0.0000,0.00,0.00,STATIONARY
33409,0.0146,0.0000,0.00,0.00,STATIONARY
33420,0.0056,0.0000,0.00,0.00,STATIONARY
33430,-0.0048,0.0000,0.00,0.00,STATIONARY
33440,0.0063,0.0000,0.00,0.00,STATIONARY
33450,0.0132,0.0000,0.00,0.00,STATIONARY
33460,0.0071,0.0000,0.00,0.00,STATIONARY
33470,0.0068,0.0000,0.00,0.00,STATIONARY
33480,0.0047,0.0000,0.00,0.00,STATIONARY
33490,0.0101,0.0000,0.00,0.00,STATIONARY
33500,0.0133,0.0000,0.00,0.00,STATIONARY
33510,0.0282,0.0000,0.00,0.00,STATIONARY
33520,-0.0024,0.0000,0.00,0.00,STATIONARY
33530,-0.0010,0.0000,0.00,0.00,STATIONARY
33540,0.0155,0.0000,0.00,0.00,STATIONARY
33550,0.0047,0.0000,0.00,0.00,STATIONARY
33560,0.0047,0.0000,0.00,0.00,STATIONARY
33570,0.0123,0.0000,0.00,0.00,STATIONARY
33580,0.0179,0.0000,0.00,0.00,STATIONARY
33590,0.0019,0.0000,0.00,0.00,STATIONARY
33600,0.0064,0.0000,0.00,0.00,STATIONARY
33610,0.0226,0.0000,0.00,0.00,STATIONARY
33620,0.0040,0.0000,0.00,0.00,STATIONARY
33630,-0.0026,0.0000,0.00,0.00,STATIONARY
33640,0.0056,0.0000,0.00,0.00,STATIONARY
33650,0.0203,0.0000,0.00,0.00,STATIONARY
33660,0.0107,0.0000,0.00,0.00,STATIONARY
33670,0.0036,0.0000,0.00,0.00,STATIONARY
33680,0.0034,0.0000,0.00,0.00,STATIONARY
33689,0.0195,0.0000,0.00,0.00,STATIONARY
33700,0.0048,0.0000,0.00,0.00,STATIONARY
33710,0.0053,0.0000,0.00,0.00,STATIONARY
33720,0.0084,0.0000,0.00,0.00,STATIONARY
33730,-0.0030,0.0000,0.00,0.00,STATIONARY
33740,0.0063,0.0000,0.00,0.00,STATIONARY
33750,0.0043,0.0000,0.00,0.00,STATIONARY
33760,0.0098,0.0000,0.00,0.00,STATIONARY
33769,0.0019,0.0000,0.00,0.00,STATIONARY
33780,0.0004,0.0000,0.00,0.00,STATIONARY
33790,0.0027,0.0000,0.00,0.00,STATIONARY
33800,0.0155,0.0000,0.00,0.00,STATIONARY
33810,0.0162,0.0000,0.00,0.00,STATIONARY
33820,0.0095,0.0000,0.00,0.00,STATIONARY
33829,0.0048,0.0000,0.00,0.00,STATIONARY
33840,0.0042,0.0000,0.00,0.00,STATIONARY
33850,0.0069,0.0000,0.00,0.00,STATIONARY
33860,0.0026,0.0000,0.00,0.00,STATIONARY
33870,0.0018,0.0000,0.00,0.00,STATIONARY
33880,0.0109,0.0000,0.00,0.00,STATIONARY
33890,0.0133,0.0000,0.00,0.00,STATIONARY
33900,0.0008,0.0000,0.00,0.00,STATIONARY
33909,0.0008,0.0000,0.00,0.00,STATIONARY
33920,0.0101,0.0000,0.00,0.00,STATIONARY
33930,0.0100,0.0000,0.00,0.00,STATIONARY
33940,0.0244,0.0000,0.00,0.00,STATIONARY
33950,0.0106,0.0000,0.00,0.00,STATIONARY
33960,0.0213,0.0000,0.00,0.00,STATIONARY
33970,0.0151,0.0000,0.00,0.00,STATIONARY
33979,0.0122,0.0000,0.00,0.00,STATIONARY
33990,0.0092,0.0000,0.00,0.00,STATIONARY
34000,0.0123,0.0000,0.00,0.00,STATIONARY
34010,-0.0004,0.0000,0.00,0.00,STATIONARY
34020,0.0013,0.0000,0.00,0.00,STATIONARY
34030,0.0040,0.0000,0.00,0.00,STATIONARY
34040,0.0110,0.0000,0.00,0.00,STATIONARY
34049,0.0103,0.0000,0.00,0.00,STATIONARY
34060,-0.0022,0.0000,0.00,0.00,STATIONARY
34070,0.0017,0.0000,0.00,0.00,STATIONARY
34080,0.0165,0.0000,0.00,0.00,STATIONARY
34090,0.0100,0.0000,0.00,0.00,STATIONARY
34100,0.0249,0.0000,0.00,0.00,STATIONARY
34109,0.0120,0.0000,0.00,0.00,STATIONARY
34120,-0.0026,0.0000,0.00,0.00,STATIONARY
34130,0.0014,0.0000,0.00,0.00,STATIONARY
34140,-0.0045,0.0000,0.00,0.00,STATIONARY
34150,0.0084,0.0000,0.00,0.00,STATIONARY
34160,-0.0090,0.0000,0.00,0.00,STATIONARY
34170,0.0015,0.0000,0.00,0.00,STATIONARY
34180,0.0013,0.0000,0.00,0.00,STATIONARY
34189,0.0174,0.0000,0.00,0.00,STATIONARY
34200,0.0100,0.0000,0.00,0.00,STATIONARY
34210,-0.0003,0.0000,0.00,0.00,STATIONARY
34220,0.0064,0.0000,0.00,0.00,STATIONARY
34230,0.0003,0.0000,0.00,0.00,STATIONARY
34240,0.0061,0.0000,0.00,0.00,STATIONARY
34250,0.0000,0.0000,0.00,0.00,STATIONARY
34260,0.0005,0.0000,0.00,0.00,STATIONARY
34269,-0.0064,0.0000,0.00,0.00,STATIONARY
34280,0.0032,0.0000,0.00,0.00,STATIONARY
34290,0.0116,0.0000,0.00,0.00,STATIONARY
34300,0.0056,0.0000,0.00,0.00,STATIONARY
34309,0.0054,0.0000,0.00,0.00,STATIONARY
34320,0.0051,0.0000,0.00,0.00,STATIONARY
34330,0.0092,0.0000,0.00,0.00,STATIONARY
34339,0.0119,0.0000,0.00,0.00,STATIONARY
34350,0.0029,0.0000,0.00,0.00,STATIONARY
34360,0.0017,0.0000,0.00,0.00,STATIONARY
34370,0.0015,0.0000,0.00,0.00,STATIONARY
34380,0.0066,0.0000,0.00,0.00,STATIONARY
34390,-0.0059,0.0000,0.00,0.00,STATIONARY
34400,0.0094,0.0000,0.00,0.00,STATIONARY
34409,0.0030,0.0000,0.00,0.00,STATIONARY
34420,0.0065,0.0000,0.00,0.00,STATIONARY
34430,0.0090,0.0000,0.00,0.00,STATIONARY
34440,0.0117,0.0000,0.00,0.00,STATIONARY
34450,0.0223,0.0000,0.00,0.00,STATIONARY
34460,0.0114,0.0000,0.00,0.00,STATIONARY
34470,0.0075,0.0000,0.00,0.00,STATIONARY
34479,0.0026,0.0000,0.00,0.00,STATIONARY
34490,0.0118,0.0000,0.00,0.00,STATIONARY
34500,-0.0004,0.0000,0.00,0.00,STATIONARY
34509,-0.0045,0.0000,0.00,0.00,STATIONARY
34520,0.0020,0.0000,0.00,0.00,STATIONARY
34530,0.0213,0.0000,0.00,0.00,STATIONARY
34540,0.0046,0.0000,0.00,0.00,STATIONARY
34549,-0.0080,0.0000,0.00,0.00,STATIONARY
34560,0.0046,0.0000,0.00,0.00,STATIONARY
34570,0.0047,0.0000,0.00,0.00,STATIONARY
34580,0.0307,0.0000,0.00,0.00,STATIONARY
34590,0.0158,0.0000,0.00,0.00,STATIONARY
34600,-0.0005,0.0000,0.00,0.00,STATIONARY
34610,0.0005,0.0000,0.00,0.00,STATIONARY
34620,0.0085,0.0000,0.00,0.00,STATIONARY
34630,0.0063,0.0000,0.00,0.00,STATIONARY
34640,-0.0011,0.0000,0.00,0.00,STATIONARY
34650,0.0043,0.0000,0.00,0.00,STATIONARY
34660,0.0090,0.0000,0.00,0.00,STATIONARY
34670,0.0051,0.0000,0.00,0.00,STATIONARY
34680,0.0043,0.0000,0.00,0.00,STATIONARY
34689,0.0131,0.0000,0.00,0.00,STATIONARY
34700,0.0189,0.0000,0.00,0.00,STATIONARY
34710,0.0234,0.0000,0.00,0.00,STATIONARY
34720,0.0009,0.0000,0.00,0.00,STATIONARY
34730,-0.0223,0.0000,0.00,0.00,STATIONARY
34740,0.0116,0.0000,0.00,0.00,STATIONARY
34750,0.0122,0.0000,0.00,0.00,STATIONARY
34759,0.0053,0.0000,0.00,0.00,STATIONARY
34770,0.0234,0.0000,0.00,0.00,STATIONARY
34780,0.0565,0.0000,0.00,0.00,STATIONARY
34790,-0.0056,0.0000,0.00,0.00,STATIONARY
34800,-0.0216,0.0000,0.00,0.00,STATIONARY
34810,0.0024,0.0000,0.00,0.00,STATIONARY
34820,0.0467,0.0000,0.00,0.00,STATIONARY
34830,-0.0203,0.0000,0.00,0.00,STATIONARY
34839,-0.0622,0.0000,0.00,0.00,STATIONARY
34850,-0.0116,0.0000,0.00,0.00,STATIONARY
34860,0.0440,0.0000,0.00,0.00,STATIONARY
34870,0.0432,0.0000,0.00,0.00,STATIONARY
34880,0.0397,0.0000,0.00,0.00,STATIONARY
34890,0.0199,0.0000,0.00,0.00,STATIONARY
34900,-0.0228,0.0000,0.00,0.00,STATIONARY
34909,-0.0227,0.0000,0.00,0.00,STATIONARY
34920,-0.0156,0.0000,0.00,0.00,STATIONARY
34930,0.0626,0.0000,0.00,0.00,STATIONARY
34939,0.0035,0.0000,0.00,0.00,STATIONARY
34950,-0.0227,0.0000,0.00,0.00,STATIONARY
34960,0.0623,0.0000,0.00,0.00,STATIONARY
34970,0.0405,0.0000,0.00,0.00,STATIONARY
34980,0.0151,0.0000,0.00,0.00,STATIONARY
34990,-0.0076,0.0000,0.00,0.00,STATIONARY
35000,-0.0499,0.0000,0.00,0.00,STATIONARY
35010,-0.0462,0.0000,0.00,0.00,STATIONARY
35020,0.0287,0.0000,0.00,0.00,STATIONARY
35030,0.0156,0.0000,0.00,0.00,STATIONARY
35040,0.0579,0.0000,0.00,0.00,STATIONARY
35049,-0.0051,0.0000,0.00,0.00,STATIONARY
35060,0.0205,0.0000,0.00,0.00,STATIONARY
35070,0.0249,0.0000,0.00,0.00,STATIONARY
35080,0.0055,0.0000,0.00,0.00,STATIONARY
35090,-0.0038,0.0000,0.00,0.00,STATIONARY
35100,-0.0081,0.0000,0.00,0.00,STATIONARY
35110,0.0068,0.0000,0.00,0.00,STATIONARY
35120,0.0286,0.0000,0.00,0.00,STATIONARY
35130,-0.0101,0.0000,0.00,0.00,STATIONARY
35140,0.0183,0.0000,0.00,0.00,STATIONARY
35150,0.0133,0.0000,0.00,0.00,STATIONARY
35160,0.0108,0.0000,0.00,0.00,STATIONARY
35170,0.0219,0.0000,0.00,0.00,STATIONARY
35180,-0.0092,0.0000,0.00,0.00,STATIONARY
35189,-0.0189,0.0000,0.00,0.00,STATIONARY
35200,-0.0057,0.0000,0.00,0.00,STATIONARY
35210,-0.0068,0.0000,0.00,0.00,STATIONARY
35220,0.0088,0.0000,0.00,0.00,STATIONARY
35230,0.0002,0.0000,0.00,0.00,STATIONARY
35240,0.0090,0.0000,0.00,0.00,STATIONARY
35250,0.0301,0.0000,0.00,0.00,STATIONARY
35259,0.0417,0.0000,0.00,0.00,STATIONARY
35269,-0.0054,0.0000,0.00,0.00,STATIONARY
35280,0.0339,0.0000,0.00,0.00,STATIONARY
35290,-0.0073,0.0000,0.00,0.00,STATIONARY
35300,0.0171,0.0000,0.00,0.00,STATIONARY
35310,0.0007,0.0000,0.00,0.00,STATIONARY
35320,0.0007,0.0000,0.00,0.00,STATIONARY
35330,-0.0079,0.0000,0.00,0.00,STATIONARY
35339,-0.0017,0.0000,0.00,0.00,STATIONARY
35350,0.0183,0.0000,0.00,0.00,STATIONARY
35360,-0.0077,0.0000,0.00,0.00,STATIONARY
35370,0.0105,0.0000,0.00,0.00,STATIONARY
35380,0.0051,0.0000,0.00,0.00,STATIONARY
35390,0.0178,0.0000,0.00,0.00,STATIONARY
35400,0.0083,0.0000,0.00,0.00,STATIONARY
35409,-0.0007,0.0000,0.00,0.00,STATIONARY
35420,0.0250,0.0000,0.00,0.00,STATIONARY
35430,-0.0178,0.0000,0.00,0.00,STATIONARY
35440,0.0094,0.0000,0.00,0.00,STATIONARY
35450,-0.0249,0.0000,0.00,0.00,STATIONARY
35460,0.0191,0.0000,0.00,0.00,STATIONARY
35470,-0.0345,0.0000,0.00,0.00,STATIONARY
35480,0.0126,0.0000,0.00,0.00,STATIONARY
35490,0.0253,0.0000,0.00,0.00,STATIONARY
35500,0.0310,0.0000,0.00,0.00,STATIONARY
35509,0.0215,0.0000,0.00,0.00,STATIONARY
35520,-0.0231,0.0000,0.00,0.00,STATIONARY
35529,0.0260,0.0000,0.00,0.00,STATIONARY
35540,-0.0369,0.0000,0.00,0.00,STATIONARY
35549,0.0170,0.0000,0.00,0.00,STATIONARY
35560,-0.0005,0.0000,0.00,0.00,STATIONARY
35570,0.0258,0.0000,0.00,0.00,STATIONARY
35580,0.0021,0.0000,0.00,0.00,STATIONARY
35590,0.0226,0.0000,0.00,0.00,STATIONARY
35600,0.0099,0.0000,0.00,0.00,STATIONARY
35610,0.0121,0.0000,0.00,0.00,STATIONARY
35620,0.0097,0.0000,0.00,0.00,STATIONARY
35630,-0.0195,0.0000,0.00,0.00,STATIONARY
35640,0.0252,0.0000,0.00,0.00,STATIONARY
35650,0.0024,0.0000,0.00,0.00,STATIONARY
35660,0.0282,0.0000,0.00,0.00,STATIONARY
35670,0.0200,0.0000,0.00,0.00,STATIONARY
35680,0.0225,0.0000,0.00,0.00,STATIONARY
35689,0.0026,0.0000,0.00,0.00,STATIONARY
35700,-0.0109,0.0000,0.00,0.00,STATIONARY
35710,-0.0107,0.0000,0.00,0.00,STATIONARY
35720,0.0009,0.0000,0.00,0.00,STATIONARY
35730,0.0167,0.0000,0.00,0.00,STATIONARY
35740,-0.0220,0.0000,0.00,0.00,STATIONARY
35750,-0.0263,0.0000,0.00,0.00,STATIONARY
35760,-0.0293,0.0000,0.00,0.00,STATIONARY
35769,0.0507,0.0000,0.00,0.00,STATIONARY
35780,0.0475,0.0000,0.00,0.00,STATIONARY
35790,0.0285,0.0000,0.00,0.00,STATIONARY
35800,-0.0064,0.0000,0.00,0.00,STATIONARY
35810,-0.0026,0.0000,0.00,0.00,STATIONARY
35820,0.0112,0.0000,0.00,0.00,STATIONARY
35830,0.0046,0.0000,0.00,0.00,STATIONARY
35839,0.0311,0.0000,0.00,0.00,STATIONARY
35850,-0.0027,0.0000,0.00,0.00,STATIONARY
35860,0.0099,0.0000,0.00,0.00,STATIONARY
35870,0.0016,0.0000,0.00,0.00,STATIONARY
35880,0.0331,0.0000,0.00,0.00,STATIONARY
35890,-0.0194,0.0000,0.00,0.00,STATIONARY
35900,-0.0213,0.0000,0.00,0.00,STATIONARY
35909,0.0131,0.0000,0.00,0.00,STATIONARY
35920,0.0092,0.0000,0.00,0.00,STATIONARY
35930,0.0170,0.0000,0.00,0.00,STATIONARY
35939,-0.0136,0.0000,0.00,0.00,STATIONARY
35950,0.0149,0.0000,0.00,0.00,STATIONARY
35960,0.0021,0.0000,0.00,0.00,STATIONARY
35970,0.0128,0.0000,0.00,0.00,STATIONARY
35980,0.0154,0.0000,0.00,0.00,STATIONARY
35990,0.0096,0.0000,0.00,0.00,STATIONARY
36000,0.0031,0.0000,0.00,0.00,STATIONARY
36009,0.0022,0.0000,0.00,0.00,STATIONARY
36020,0.0172,0.0000,0.00,0.00,STATIONARY
36030,0.0110,0.0000,0.00,0.00,STATIONARY
36040,0.0279,0.0000,0.00,0.00,STATIONARY
36049,0.0025,0.0000,0.00,0.00,STATIONARY
36060,0.0294,0.0000,0.00,0.00,STATIONARY
36070,-0.0039,0.0000,0.00,0.00,STATIONARY
36080,0.0123,0.0000,0.00,0.00,STATIONARY
36090,-0.0113,0.0000,0.00,0.00,STATIONARY
36100,0.0006,0.0000,0.00,0.00,STATIONARY
36110,0.0056,0.0000,0.00,0.00,STATIONARY
36119,0.0244,0.0000,0.00,0.00,STATIONARY
36130,0.0134,0.0000,0.00,0.00,STATIONARY
36140,-0.0008,0.0000,0.00,0.00,STATIONARY
36150,-0.0036,0.0000,0.00,0.00,STATIONARY
36160,0.0062,0.0000,0.00,0.00,STATIONARY
36170,0.0163,0.0000,0.00,0.00,STATIONARY
36180,-0.0016,0.0000,0.00,0.00,STATIONARY
36190,0.0170,0.0000,0.00,0.00,STATIONARY
36200,0.0176,0.0000,0.00,0.00,STATIONARY
36210,-0.0158,0.0000,0.00,0.00,STATIONARY
36220,-0.0097,0.0000,0.00,0.00,STATIONARY
36230,-0.0508,0.0000,0.00,0.00,STATIONARY
36240,0.0239,0.0000,0.00,0.00,STATIONARY
36250,0.0460,0.0000,0.00,0.00,STATIONARY
36260,0.0836,0.0000,0.00,0.00,STATIONARY
36270,0.0516,0.0000,0.00,0.00,STATIONARY
36280,-0.0092,0.0000,0.00,0.00,STATIONARY
36290,-0.0278,0.0000,0.00,0.00,STATIONARY
36300,0.0017,0.0000,0.00,0.00,STATIONARY
36310,-0.0427,0.0000,0.00,0.00,STATIONARY
36320,-0.0049,0.0000,0.00,0.00,STATIONARY
36330,-0.0970,0.0000,0.00,0.00,STATIONARY
36339,0.0134,0.0000,0.00,0.00,STATIONARY
36350,0.1248,0.0000,0.00,0.00,STATIONARY
36360,0.0624,0.0000,0.00,0.00,STATIONARY
36370,0.0263,0.0000,0.00,0.00,STATIONARY
36380,0.0485,0.0000,0.00,0.00,STATIONARY
36390,0.0580,0.0000,0.00,0.00,STATIONARY
36400,0.0343,0.0000,0.00,0.00,STATIONARY
36409,-0.0092,0.0000,0.00,0.00,STATIONARY
36420,-0.1026,0.0000,2.20,0.53,STATIONARY
36430,-0.0760,0.0000,2.20,0.93,STATIONARY
36440,-0.0455,0.0000,2.20,1.23,STATIONARY
36450,0.0611,0.0000,2.20,1.47,STATIONARY
36460,0.1163,0.0000,1.60,1.50,STATIONARY
36470,0.0834,0.0000,1.60,1.52,STATIONARY
36480,0.0073,0.0000,1.60,1.54,STATIONARY
36490,0.0471,0.0000,1.60,1.55,STATIONARY
36500,0.0138,0.0000,1.60,1.57,STATIONARY
36510,-0.0394,0.0000,1.60,1.57,STATIONARY
36520,-0.0118,0.0000,1.60,1.58,STATIONARY
36530,-0.0497,0.0000,1.60,1.58,STATIONARY
36540,-0.0037,0.0000,1.60,1.59,STATIONARY
36549,0.0474,0.0000,1.60,1.59,STATIONARY
36560,0.0697,0.0000,1.60,1.59,STATIONARY
36570,0.0966,0.0000,1.60,1.59,STATIONARY
36580,0.0663,0.0000,1.60,1.60,STATIONARY
36590,0.0223,0.0000,1.60,1.60,STATIONARY
36600,-0.0379,0.0000,1.60,1.60,STATIONARY
36610,-0.0002,0.0000,1.60,1.60,STATIONARY
36620,-0.0322,0.0000,1.60,1.60,STATIONARY
36630,0.0199,0.0000,1.60,1.60,STATIONARY
36640,0.0370,0.0000,1.60,1.60,STATIONARY
36650,0.0077,0.0000,1.60,1.60,STATIONARY
36660,-0.0257,0.0000,1.60,1.60,STATIONARY
36670,0.0090,0.0000,1.60,1.60,STATIONARY
36680,0.0796,0.0000,1.60,1.60,STATIONARY
36690,0.0123,0.0000,1.60,1.60,STATIONARY
36700,0.0981,0.0000,1.60,1.60,STATIONARY
36710,-0.0257,0.0000,1.60,1.60,STATIONARY
36720,-0.0181,0.0000,1.60,1.60,STATIONARY
36730,-0.0027,0.0000,1.60,1.60,STATIONARY
36740,0.0203,0.0000,1.60,1.60,STATIONARY
36750,0.1202,0.0000,1.60,1.60,STATIONARY
36760,0.0227,0.0000,1.60,1.60,STATIONARY
36769,-0.0241,0.0000,1.60,1.60,STATIONARY
36780,-0.0106,0.0000,1.60,1.60,STATIONARY
36790,-0.0524,0.0000,1.60,1.60,STATIONARY
36800,0.0216,0.0000,1.60,1.60,STATIONARY
36810,0.0387,0.0000,1.60,1.60,STATIONARY
36820,0.0322,0.0000,1.60,1.60,STATIONARY
36829,0.0427,0.0000,1.60,1.60,STATIONARY
36839,0.0187,0.0000,1.60,1.60,STATIONARY
36850,0.0653,0.0000,1.60,1.60,STATIONARY
36860,0.0282,0.0000,1.60,1.60,STATIONARY
36870,-0.0358,0.0000,1.60,1.60,STATIONARY
36880,0.0009,0.0000,1.60,1.60,STATIONARY
36890,-0.0261,0.0000,1.60,1.60,STATIONARY
36900,0.0065,0.0000,1.60,1.60,STATIONARY
36909,-0.0201,0.0000,1.60,1.60,STATIONARY
36920,0.0259,0.0000,1.60,1.60,STATIONARY
36930,0.0431,0.0000,1.60,1.60,STATIONARY
36940,0.0275,0.0000,1.60,1.60,STATIONARY
36950,0.0319,0.0000,1.60,1.60,STATIONARY
36960,-0.0176,0.0000,1.60,1.60,STATIONARY
36970,0.0317,0.0000,1.60,1.60,STATIONARY
36979,0.0194,0.0000,1.60,1.60,STATIONARY
36990,0.0144,0.0000,1.60,1.60,STATIONARY
37000,-0.0433,0.0000,1.60,1.60,STATIONARY
37010,0.0294,0.0000,1.60,1.60,STATIONARY
37020,0.0678,0.0000,1.60,1.60,STATIONARY
37030,0.0083,0.0000,1.60,1.60,STATIONARY
37040,0.0393,0.0000,1.60,1.60,STATIONARY
37049,-0.0248,0.0000,1.60,1.60,STATIONARY
37060,0.0238,0.0000,1.60,1.60,STATIONARY
37070,-0.0172,0.0000,1.60,1.60,STATIONARY
37080,0.0201,0.0000,1.60,1.60,STATIONARY
37090,0.0026,0.0000,1.60,1.60,STATIONARY
37100,-0.0123,0.0000,1.60,1.60,STATIONARY
37110,0.0260,0.0000,1.60,1.60,STATIONARY
37120,-0.0043,0.0000,1.60,1.60,STATIONARY
37130,0.0821,0.0000,1.60,1.60,STATIONARY
37140,-0.0074,0.0000,1.60,1.60,STATIONARY
37150,-0.0291,0.0000,1.60,1.60,STATIONARY
37160,0.0049,0.0000,1.60,1.60,STATIONARY
37170,-0.0157,0.0000,1.60,1.60,STATIONARY
37180,0.0224,0.0000,1.60,1.60,STATIONARY
37189,-0.0178,0.0000,1.60,1.60,STATIONARY
37199,0.0141,0.0000,1.60,1.60,STATIONARY
37210,0.0100,0.0000,1.60,1.60,STATIONARY
37220,0.0475,0.0000,1.60,1.60,STATIONARY
37230,0.0091,0.0000,1.60,1.60,STATIONARY
37240,0.0085,0.0000,1.60,1.60,STATIONARY
37250,0.0032,0.0000,1.60,1.60,STATIONARY
37259,-0.0014,0.0000,1.60,1.60,STATIONARY
37269,-0.0116,0.0000,1.60,1.60,STATIONARY
37280,0.0253,0.0000,1.60,1.60,STATIONARY
37290,0.0146,0.0000,1.60,1.60,STATIONARY
37300,0.0123,0.0000,1.60,1.60,STATIONARY
37309,0.0261,0.0000,1.60,1.60,STATIONARY
37320,0.0122,0.0000,1.60,1.60,STATIONARY
37330,0.0094,0.0000,1.60,1.60,STATIONARY
37340,0.0232,0.0000,1.60,1.60,STATIONARY
37350,0.0065,0.0000,1.60,1.60,STATIONARY
37360,0.0144,0.0000,1.60,1.60,STATIONARY
37369,-0.0135,0.0000,1.60,1.60,STATIONARY
37380,0.0194,0.0000,1.60,1.60,STATIONARY
37390,0.0055,0.0000,1.60,1.60,STATIONARY
37400,0.0267,0.0000,1.60,1.60,STATIONARY
37409,-0.0129,0.0000,1.60,1.60,STATIONARY
37420,0.0237,0.0000,1.60,1.60,STATIONARY
37430,0.0063,0.0000,1.60,1.60,STATIONARY
37440,-0.0140,0.0000,1.60,1.60,STATIONARY
37450,0.0188,0.0000,1.60,1.60,STATIONARY
37460,0.0002,0.0000,1.60,1.60,STATIONARY
37470,0.0152,0.0000,1.60,1.60,STATIONARY
37479,0.0253,0.0000,1.60,1.60,STATIONARY
37490,0.0042,0.0000,1.60,1.60,STATIONARY
37500,0.0180,0.0000,1.60,1.60,STATIONARY
37509,0.0152,0.0000,1.60,1.60,STATIONARY
37520,-0.0081,0.0000,1.60,1.60,STATIONARY
37530,0.0228,0.0000,1.60,1.60,STATIONARY
37540,0.0124,0.0000,1.60,1.60,STATIONARY
37549,-0.0131,0.0000,1.60,1.60,STATIONARY
37560,0.0184,0.0000,1.60,1.60,STATIONARY
37570,-0.0147,0.0000,1.60,1.60,STATIONARY
37580,0.0234,0.0000,1.60,1.60,STATIONARY
37590,0.0048,0.0000,1.60,1.60,STATIONARY
37600,0.0176,0.0000,1.60,1.60,STATIONARY
37610,0.0010,0.0000,1.60,1.60,STATIONARY
37620,0.0100,0.0000,1.60,1.60,STATIONARY
37630,0.0069,0.0000,1.60,1.60,STATIONARY
37640,-0.0031,0.0000,1.60,1.60,STATIONARY
37650,0.0066,0.0000,1.60,1.60,STATIONARY
37660,-0.0022,0.0000,1.60,1.60,STATIONARY
37670,0.0081,0.0000,1.60,1.60,STATIONARY
37680,0.0000,0.0000,1.60,1.60,STATIONARY
37689,0.0078,0.0000,1.60,1.60,STATIONARY
37699,0.0296,0.0000,1.60,1.60,STATIONARY
37710,-0.0016,0.0000,1.60,1.60,STATIONARY
37720,0.0156,0.0000,1.60,1.60,STATIONARY
37730,-0.0004,0.0000,1.60,1.60,STATIONARY
37740,0.0208,0.0000,1.60,1.60,STATIONARY
37750,0.0044,0.0000,1.60,1.60,STATIONARY
37760,0.0152,0.0000,1.60,1.60,STATIONARY
37769,0.0268,0.0000,1.60,1.60,STATIONARY
37780,-0.0066,0.0000,1.60,1.60,STATIONARY
37790,0.0239,0.0000,1.60,1.60,STATIONARY
37800,0.0150,0.0000,1.60,1.60,STATIONARY
37810,0.0121,0.0000,1.60,1.60,STATIONARY
37820,-0.0202,0.0000,1.60,1.60,STATIONARY
37830,0.0077,0.0000,1.60,1.60,STATIONARY
37839,0.0198,0.0000,1.60,1.60,STATIONARY
37850,0.0005,0.0000,1.60,1.60,STATIONARY
37860,0.0010,0.0000,1.60,1.60,STATIONARY
37870,0.0020,0.0000,1.60,1.60,STATIONARY
37880,0.0114,0.0000,1.60,1.60,STATIONARY
37890,0.0134,0.0000,1.60,1.60,STATIONARY
37900,0.0100,0.0000,1.60,1.60,STATIONARY
37909,0.0236,0.0000,1.60,1.60,STATIONARY
37920,0.0021,0.0000,1.60,1.60,STATIONARY
37930,-0.0141,0.0000,1.60,1.60,STATIONARY
37940,-0.0017,0.0000,1.60,1.60,STATIONARY
37950,0.0042,0.0000,1.60,1.60,STATIONARY
37960,0.0206,0.0000,1.60,1.60,STATIONARY
37970,-0.0040,0.0000,1.60,1.60,STATIONARY
37979,0.0412,0.0000,1.60,1.60,STATIONARY
37990,0.0120,0.0000,1.60,1.60,STATIONARY
38000,0.0109,0.0000,1.60,1.60,STATIONARY
38010,0.0083,0.0000,1.60,1.60,STATIONARY
38020,0.0045,0.0000,1.60,1.60,STATIONARY
38030,-0.0128,0.0000,1.60,1.60,STATIONARY
38040,-0.0153,0.0000,1.60,1.60,STATIONARY
38049,0.0132,0.0000,1.60,1.60,STATIONARY
38060,0.0275,0.0000,1.60,1.60,STATIONARY
38070,0.0111,0.0000,1.60,1.60,STATIONARY
38080,0.0236,0.0000,1.60,1.60,STATIONARY
38090,0.0171,0.0000,1.60,1.60,STATIONARY
38100,0.0182,0.0000,1.60,1.60,STATIONARY
38109,0.0048,0.0000,1.60,1.60,STATIONARY
38120,-0.0010,0.0000,1.60,1.60,STATIONARY
38130,-0.0214,0.0000,1.60,1.60,STATIONARY
38140,0.0132,0.0000,1.60,1.60,STATIONARY
38150,-0.0044,0.0000,1.60,1.60,STATIONARY
38160,0.0122,0.0000,1.60,1.60,STATIONARY
38170,0.0108,0.0000,1.60,1.60,STATIONARY
38180,0.0213,0.0000,1.60,1.60,STATIONARY
38189,0.0022,0.0000,1.60,1.60,STATIONARY
38199,0.0056,0.0000,1.60,1.60,STATIONARY
38210,0.0117,0.0000,1.60,1.60,STATIONARY
38220,0.0055,0.0000,1.60,1.60,STATIONARY
38230,0.0078,0.0000,1.60,1.60,STATIONARY
38240,0.0004,0.0000,1.60,1.60,STATIONARY
38250,0.0134,0.0000,1.60,1.60,STATIONARY
38260,0.0153,0.0000,1.60,1.60,STATIONARY
38269,-0.0138,0.0000,1.60,1.60,STATIONARY
38280,0.0112,0.0000,1.60,1.60,STATIONARY
38290,-0.0049,0.0000,1.60,1.60,STATIONARY
38300,0.0071,0.0000,1.60,1.60,STATIONARY
38310,0.0071,0.0000,1.60,1.60,STATIONARY
38320,0.0211,0.0000,1.60,1.60,STATIONARY
38330,-0.0129,0.0000,1.60,1.60,STATIONARY
38339,0.0078,0.0000,1.60,1.60,STATIONARY
38350,0.0143,0.0000,1.60,1.60,STATIONARY
38360,0.0019,0.0000,1.60,1.60,STATIONARY
38370,0.0056,0.0000,1.60,1.60,STATIONARY
38380,0.0106,0.0000,1.60,1.60,STATIONARY
38390,0.0188,0.0000,1.60,1.60,STATIONARY
38400,-0.0054,0.0000,1.60,1.60,STATIONARY
38409,-0.0016,0.0000,1.60,1.60,STATIONARY
38420,0.0131,0.0000,1.60,1.60,STATIONARY
38430,0.0061,0.0000,1.60,1.60,STATIONARY
38440,0.0241,0.0000,1.60,1.60,STATIONARY
38450,0.0078,0.0000,1.60,1.60,STATIONARY
38460,0.0026,0.0000,1.60,1.60,STATIONARY
38470,0.0042,0.0000,1.60,1.60,STATIONARY
38480,0.0090,0.0000,1.60,1.60,STATIONARY
38490,0.0066,0.0000,1.60,1.60,STATIONARY
38500,0.0101,0.0000,1.60,1.60,STATIONARY
38509,-0.0056,0.0000,1.60,1.60,STATIONARY
38520,0.0114,0.0000,1.60,1.60,STATIONARY
38529,0.0069,0.0000,1.60,1.60,STATIONARY
38540,0.0174,0.0000,1.60,1.60,STATIONARY
38549,0.0189,0.0000,1.60,1.60,STATIONARY
38560,0.0105,0.0000,1.60,1.60,STATIONARY
38570,0.0153,0.0000,1.60,1.60,STATIONARY
38580,-0.0051,0.0000,1.60,1.60,STATIONARY
38590,0.0045,0.0000,1.60,1.60,STATIONARY
38600,-0.0022,0.0000,1.60,1.60,STATIONARY
38610,0.0060,0.0000,1.60,1.60,STATIONARY
38620,0.0183,0.0000,1.60,1.60,STATIONARY
38630,0.0137,0.0000,1.60,1.60,STATIONARY
38640,0.0238,0.0000,1.60,1.60,STATIONARY
38650,0.0088,0.0000,1.60,1.60,STATIONARY
38660,0.0172,0.0000,1.60,1.60,STATIONARY
38670,-0.0048,0.0000,1.60,1.60,STATIONARY
38680,-0.0052,0.0000,1.60,1.60,STATIONARY
38690,0.0155,0.0000,1.60,1.60,STATIONARY
38699,0.0044,0.0000,1.60,1.60,STATIONARY
38710,0.0078,0.0000,1.60,1.60,STATIONARY
38720,0.0069,0.0000,1.60,1.60,STATIONARY
38730,0.0019,0.0000,1.60,1.60,STATIONARY
38740,0.0164,0.0000,1.60,1.60,STATIONARY
38750,0.0012,0.0000,1.60,1.60,STATIONARY
38760,0.0233,0.0000,1.60,1.60,STATIONARY
38769,0.0063,0.0000,1.60,1.60,STATIONARY
38780,0.0117,0.0000,1.60,1.60,STATIONARY
38790,-0.0019,0.0000,1.60,1.60,STATIONARY
38800,0.0067,0.0000,1.60,1.60,STATIONARY
38810,0.0158,0.0000,1.60,1.60,STATIONARY
38820,0.0112,0.0000,1.60,1.60,STATIONARY
38830,-0.0030,0.0000,1.60,1.60,STATIONARY
38840,0.0078,0.0000,1.60,1.60,STATIONARY
38850,-0.0020,0.0000,1.60,1.60,STATIONARY
38860,0.0065,0.0000,1.60,1.60,STATIONARY
38870,0.0088,0.0000,1.60,1.60,STATIONARY
38880,0.0086,0.0000,1.60,1.60,STATIONARY
38890,0.0015,0.0000,1.60,1.60,STATIONARY
38900,0.0159,0.0000,1.60,1.60,STATIONARY
38909,0.0171,0.0000,1.60,1.60,STATIONARY
38920,0.0025,0.0000,1.60,1.60,STATIONARY
38930,-0.0108,0.0000,1.60,1.60,STATIONARY
38940,0.0092,0.0000,1.60,1.60,STATIONARY
38950,0.0184,0.0000,1.60,1.60,STATIONARY
38960,0.0185,0.0000,1.60,1.60,STATIONARY
38970,0.0147,0.0000,1.60,1.60,STATIONARY
38979,0.0259,0.0000,1.60,1.60,STATIONARY
38990,0.0166,0.0000,1.60,1.60,STATIONARY
39000,0.0144,0.0000,1.60,1.60,STATIONARY
39010,0.0185,0.0000,1.60,1.60,STATIONARY
39020,0.0160,0.0000,1.60,1.60,STATIONARY
39030,0.0118,0.0000,1.60,1.60,STATIONARY
39040,0.0227,0.0000,1.60,1.60,STATIONARY
39050,0.0015,0.0000,1.60,1.60,STATIONARY
39060,0.0110,0.0000,1.60,1.60,STATIONARY
39070,0.0166,0.0000,1.60,1.60,STATIONARY
39080,0.0181,0.0000,1.60,1.60,STATIONARY
39090,0.0108,0.0000,1.60,1.60,STATIONARY
39100,0.0227,0.0000,1.60,1.60,STATIONARY
39109,0.0096,0.0000,1.60,1.60,STATIONARY
39119,0.0113,0.0000,1.60,1.60,STATIONARY
39130,-0.0040,0.0000,1.60,1.60,STATIONARY
39140,0.0156,0.0000,1.60,1.60,STATIONARY
39150,0.0032,0.0000,1.60,1.60,STATIONARY
39160,0.0101,0.0000,1.60,1.60,STATIONARY
39170,0.0169,0.0000,1.60,1.60,STATIONARY
39180,-0.0021,0.0000,1.60,1.60,STATIONARY
39190,0.0205,0.0000,1.60,1.60,STATIONARY
39199,0.0190,0.0000,1.60,1.60,STATIONARY
39210,0.0088,0.0000,1.60,1.60,STATIONARY
39220,0.0174,0.0000,1.60,1.60,STATIONARY
39230,-0.0016,0.0000,1.60,1.60,STATIONARY
39240,0.0099,0.0000,1.60,1.60,STATIONARY
39250,-0.0006,0.0000,1.60,1.60,STATIONARY
39260,0.0103,0.0000,1.60,1.60,STATIONARY
39270,0.0119,0.0000,1.60,1.60,STATIONARY
39280,0.0041,0.0000,1.60,1.60,STATIONARY
39290,0.0246,0.0000,1.60,1.60,STATIONARY
39300,0.0195,0.0000,1.60,1.60,STATIONARY
39309,0.0112,0.0000,1.60,1.60,STATIONARY
39320,-0.0015,0.0000,1.60,1.60,STATIONARY
39330,0.0062,0.0000,1.60,1.60,STATIONARY
39339,0.0123,0.0000,1.60,1.60,STATIONARY
39350,0.0115,0.0000,1.60,1.60,STATIONARY
39360,0.0171,0.0000,1.60,1.60,STATIONARY
39370,0.0021,0.0000,1.60,1.60,STATIONARY
39380,0.0163,0.0000,1.60,1.60,STATIONARY
39390,0.0142,0.0000,1.60,1.60,STATIONARY
39400,0.0228,0.0000,1.60,1.60,STATIONARY
39409,-0.0006,0.0000,1.60,1.60,STATIONARY
39420,0.0115,0.0000,1.60,1.60,STATIONARY
39430,0.0005,0.0000,1.60,1.60,STATIONARY
39440,0.0185,0.0000,1.60,1.60,STATIONARY
39450,0.0642,0.0000,1.60,1.60,STATIONARY
39460,0.1052,0.0000,1.60,1.60,STATIONARY
39470,0.1528,0.0000,1.60,1.60,STATIONARY
39479,0.1245,0.0000,1.60,1.60,STATIONARY
39490,0.1301,0.0000,6.73,2.83,STATIONARY
39500,0.1534,0.1534,8.26,4.12,STATIONARY
39509,0.2246,0.2246,10.50,5.65,STATIONARY
39520,0.2703,0.2703,13.21,7.46,STATIONARY
39530,0.3143,0.3143,16.35,9.58,STATIONARY
39540,0.3084,0.3084,19.43,11.94,STATIONARY
39550,0.2368,0.2368,21.80,14.30,STATIONARY
39560,0.2255,0.2255,24.06,16.63,STATIONARY
39570,0.1643,0.1643,25.70,18.80,STATIONARY
39580,0.1361,0.1361,27.06,20.77,STATIONARY
39590,0.1018,0.1018,28.08,22.52,STATIONARY
39600,0.0686,0.0000,28.08,23.85,STATIONARY
39610,-0.0018,0.0000,28.08,24.86,STATIONARY
39620,-0.0173,0.0000,28.08,25.63,STATIONARY
39630,-0.0424,0.0000,28.08,26.22,STATIONARY
39640,-0.0516,0.0000,28.08,26.66,STATIONARY
39650,-0.0135,0.0000,28.08,27.00,STATIONARY
39660,-0.0211,0.0000,28.08,27.26,STATIONARY
39670,0.0167,0.0000,28.08,27.46,STATIONARY
39680,0.0440,0.0000,28.08,27.61,STATIONARY
39689,0.0567,0.0000,28.08,27.72,STATIONARY
39700,0.0908,0.0000,28.08,27.81,STATIONARY
39710,0.0934,0.0000,28.08,27.87,STATIONARY
39720,0.1355,0.0000,28.08,27.92,STATIONARY
39730,0.1405,0.0000,28.08,27.96,STATIONARY
39740,0.1596,0.0000,28.08,27.99,STATIONARY
39750,0.1509,0.0000,33.95,29.41,STATIONARY
39759,0.1607,0.1607,35.55,30.88,STATIONARY
39769,0.1858,0.1858,37.41,32.44,STATIONARY
39780,0.1630,0.1630,39.04,34.02,STATIONARY
39790,0.1625,0.1625,40.67,35.61,STATIONARY
39800,0.1494,0.1494,42.16,37.17,STATIONARY
39810,0.1353,0.1353,43.51,38.69,STATIONARY
39820,0.1254,0.1254,44.77,40.14,STATIONARY
39830,0.0851,0.0000,44.77,41.25,STATIONARY
39840,0.0777,0.0000,44.77,42.09,STATIONARY
39850,0.0715,0.0000,44.77,42.73,STATIONARY
39860,0.0494,0.0000,44.77,43.22,STATIONARY
39870,0.0498,0.0000,44.77,43.59,STATIONARY
39880,0.0380,0.0000,44.77,43.87,STATIONARY
39890,0.0334,0.0000,44.77,44.08,STATIONARY
39900,0.0413,0.0000,44.77,44.25,STATIONARY
39909,0.0779,0.0000,44.77,44.37,STATIONARY
39920,0.0919,0.0000,44.77,44.47,STATIONARY
39930,0.0900,0.0000,44.77,44.54,STATIONARY
39940,0.1198,0.0000,44.77,44.59,STATIONARY
39950,0.1241,0.0000,44.77,44.63,STATIONARY
39960,0.1546,0.0000,44.77,44.67,STATIONARY
39970,0.1590,0.0000,50.34,46.02,STATIONARY
39979,0.1659,0.1659,52.00,47.45,STATIONARY
39990,0.1687,0.1687,53.69,48.94,STATIONARY
40000,0.1686,0.1686,55.37,50.48,STATIONARY
40009,0.1736,0.1736,57.11,52.06,STATIONARY
40020,0.1803,0.1803,58.91,53.70,STATIONARY
40030,0.1892,0.1892,60.80,55.40,STATIONARY
40040,0.1667,0.1667,62.47,57.09,STATIONARY
40050,0.1545,0.1545,64.02,58.75,STATIONARY
40060,0.1598,0.1598,65.61,60.39,STATIONARY
40070,0.1509,0.1509,67.13,62.00,STATIONARY
40080,0.1328,0.1328,68.45,63.54,STATIONARY
40090,0.1222,0.1222,69.67,65.01,STATIONARY
40100,0.1146,0.1146,70.82,66.40,STATIONARY
40110,0.1211,0.1211,72.03,67.74,STATIONARY
40120,0.1139,0.1139,73.17,69.04,STATIONARY
40129,0.1388,0.1388,74.56,70.36,STATIONARY
40140,0.1375,0.1375,75.93,71.69,STATIONARY
40150,0.1660,0.1660,77.59,73.10,STATIONARY
40160,0.1787,0.1787,79.38,74.60,STATIONARY
40170,0.2058,0.2058,81.44,76.24,STATIONARY
40180,0.2248,0.2248,83.68,78.02,UP
40189,0.2472,0.2472,86.16,79.96,UP
40199,0.2879,0.2879,89.04,82.13,UP
40210,0.3275,0.3275,92.31,84.57,UP
40220,0.3470,0.3470,95.78,87.25,UP
40230,0.3488,0.3488,99.27,90.12,UP
40240,0.3849,0.3849,103.12,93.23,UP
40250,0.3673,0.3673,106.79,96.47,UP
40260,0.3620,0.3620,110.41,99.80,UP
40269,0.3703,0.3703,114.11,103.22,UP
40280,0.3474,0.3474,117.59,106.66,UP
40290,0.3539,0.3539,121.13,110.12,UP
40300,0.3374,0.3374,124.50,113.56,UP
40310,0.3177,0.3177,127.68,116.93,UP
40320,0.3207,0.3207,130.88,120.27,UP
40330,0.2968,0.2968,133.85,123.51,UP
40339,0.3102,0.3102,136.95,126.73,UP
40350,0.3189,0.3189,140.14,129.94,UP
40360,0.3026,0.3026,143.17,133.10,UP
40370,0.3208,0.3208,146.38,136.27,UP
40380,0.3378,0.3378,149.76,139.50,UP
40390,0.3464,0.3464,153.22,142.78,UP
40400,0.3427,0.3427,156.65,146.09,UP
40409,0.3495,0.3495,160.14,149.45,UP
40420,0.3694,0.3694,163.84,152.89,UP
40430,0.3756,0.3756,167.59,156.41,UP
40440,0.3801,0.3801,171.39,159.99,UP
40450,0.3734,0.3734,175.13,163.61,UP
40460,0.3822,0.3822,178.95,167.27,UP
40470,0.4137,0.4137,183.09,171.05,UP
40480,0.4131,0.4131,187.22,174.92,UP
40490,0.4085,0.4085,191.30,178.84,UP
40500,0.4170,0.4170,195.47,182.81,UP
40510,0.4270,0.4270,199.74,186.86,UP
40520,0.4282,0.4282,204.02,190.96,UP
40530,0.4260,0.4260,208.28,195.10,UP
40540,0.4216,0.4216,212.50,199.26,UP
40550,0.4197,0.4197,216.70,203.43,UP
40560,0.4374,0.4374,221.07,207.65,UP
40570,0.4172,0.4172,225.24,211.85,UP
40580,0.4142,0.4142,229.39,216.05,UP
40590,0.4231,0.4231,233.62,220.25,UP
40600,0.4067,0.4067,237.68,224.41,UP
40610,0.3994,0.3994,241.68,228.54,UP
40620,0.4018,0.4018,245.69,232.64,UP
40629,0.4138,0.4138,249.83,236.75,UP
40640,0.4185,0.4185,254.02,240.88,UP
40650,0.4182,0.4182,258.20,245.02,UP
40660,0.4368,0.4368,262.57,249.21,UP
40670,0.4617,0.4617,267.19,253.51,UP
40680,0.4635,0.4635,271.82,257.89,UP
40690,0.4721,0.4721,276.54,262.35,UP
40699,0.4704,0.4704,281.24,266.86,UP
40710,0.4631,0.4631,285.88,271.41,UP
40720,0.4548,0.4548,290.42,275.96,UP
40730,0.4771,0.4771,295.20,280.55,UP
40740,0.4906,0.4906,300.10,285.23,UP
40750,0.5067,0.5067,305.17,289.99,UP
40760,0.4632,0.4632,309.80,294.73,UP
40770,0.4758,0.4758,314.56,299.47,UP
40780,0.4801,0.4801,319.36,304.22,UP
40790,0.4655,0.4655,324.01,308.96,UP
40800,0.4810,0.4810,328.82,313.70,UP
40810,0.4499,0.4499,333.32,318.39,UP
40820,0.4589,0.4589,337.91,323.06,UP
40830,0.4949,0.4949,342.86,327.79,UP
40840,0.5080,0.5080,347.94,332.61,UP
40850,0.4722,0.4722,352.66,337.40,UP
40860,0.4847,0.4847,357.51,342.21,UP
40869,0.4895,0.4895,362.40,347.04,UP
40880,0.5133,0.5133,367.54,351.94,UP
40890,0.5097,0.5097,372.63,356.89,UP
40900,0.4846,0.4846,377.48,361.81,UP
40909,0.4852,0.4852,382.33,366.71,UP
40920,0.5059,0.5059,387.39,371.66,UP
40930,0.5355,0.5355,392.75,376.70,UP
40939,0.5078,0.5078,397.82,381.75,UP
40950,0.5076,0.5076,402.90,386.80,UP
40960,0.5281,0.5281,408.18,391.91,UP
40970,0.5239,0.5239,413.42,397.06,UP
40979,0.5364,0.5364,418.78,402.25,UP
40990,0.5165,0.5165,423.95,407.44,UP
41000,0.5412,0.5412,429.36,412.68,UP
41010,0.5540,0.5540,434.90,417.99,UP
41020,0.5365,0.5365,440.27,423.32,UP
41030,0.5457,0.5457,445.72,428.67,UP
41040,0.5373,0.5373,451.10,434.03,UP
41049,0.5539,0.5539,456.63,439.43,UP
41060,0.5635,0.5635,462.27,444.90,UP
41070,0.5597,0.5597,467.87,450.39,UP
41080,0.5624,0.5624,473.49,455.91,UP
41090,0.5333,0.5333,478.82,461.39,UP
41100,0.5482,0.5482,484.30,466.87,UP
41110,0.5583,0.5583,489.89,472.37,UP
41119,0.5580,0.5580,495.47,477.89,UP
41130,0.5676,0.5676,501.14,483.45,UP
41140,0.5961,0.5961,507.11,489.11,UP
41150,0.5666,0.5666,512.77,494.76,UP
41160,0.5803,0.5803,518.57,500.45,UP
41170,0.5636,0.5636,524.21,506.13,UP
41180,0.5692,0.5692,529.90,511.82,UP
41190,0.5772,0.5772,535.67,517.52,UP
41199,0.6070,0.6070,541.74,523.31,UP
41210,0.5749,0.5749,547.49,529.09,UP
41220,0.5972,0.5972,553.46,534.92,UP
41230,0.5912,0.5912,559.38,540.76,UP
41240,0.5781,0.5781,565.16,546.59,UP
41250,0.5980,0.5980,571.14,552.46,UP
41260,0.5982,0.5982,577.12,558.36,UP
41269,0.5966,0.5966,583.08,564.27,UP
41280,0.6138,0.6138,589.22,570.23,UP
41290,0.5886,0.5886,595.11,576.18,UP
41300,0.6022,0.6022,601.13,582.14,UP
41310,0.5995,0.5995,607.12,588.12,UP
41320,0.5854,0.5854,612.98,594.06,UP
41330,0.6008,0.6008,618.99,600.02,UP
41340,0.6032,0.6032,625.02,606.00,UP
41350,0.6198,0.6198,631.22,612.03,UP
41360,0.6436,0.6436,637.65,618.15,UP
41370,0.6361,0.6361,644.01,624.33,UP
41380,0.6118,0.6118,650.13,630.50,UP
41390,0.6473,0.6473,656.60,636.74,UP
41400,0.6860,0.6860,663.46,643.13,UP
41409,0.7079,0.7079,670.54,649.68,UP
41420,0.6959,0.6959,677.50,656.34,UP
41430,0.6567,0.6567,684.07,662.97,UP
41440,0.6551,0.6551,690.62,669.58,UP
41450,0.6784,0.6784,697.41,676.23,UP
41460,0.6964,0.6964,704.37,682.96,UP
41470,0.7005,0.7005,711.37,689.75,UP
41479,0.6291,0.6291,717.66,696.42,UP
41490,0.6192,0.6192,723.86,702.98,UP
41500,0.6022,0.6022,729.88,709.41,UP
41510,0.6454,0.6454,736.33,715.85,UP
41520,0.6476,0.6476,742.81,722.29,UP
41530,0.6566,0.6566,749.37,728.77,UP
41540,0.6394,0.6394,755.77,735.22,UP
41549,0.6553,0.6553,762.32,741.70,UP
41560,0.6254,0.6254,768.58,748.13,UP
41570,0.6676,0.6676,775.25,754.61,UP
41580,0.7340,0.7340,782.59,761.30,UP
41590,0.7109,0.7109,789.70,768.09,UP
41600,0.7005,0.7005,796.71,774.93,UP
41610,0.6578,0.6578,803.29,781.71,UP
41619,0.7170,0.7170,810.45,788.58,UP
41630,0.7369,0.7369,817.82,795.57,UP
41640,0.7536,0.7536,825.36,802.69,UP
41650,0.6915,0.6915,832.28,809.77,UP
41660,0.6610,0.6610,838.89,816.73,UP
41670,0.6848,0.6848,845.73,823.66,UP
41680,0.6912,0.6912,852.65,830.59,UP
41690,0.6872,0.6872,859.52,837.50,UP
41699,0.6300,0.6300,865.82,844.27,UP
41710,0.6027,0.6027,871.84,850.87,UP
41720,0.5909,0.5909,877.75,857.29,UP
41729,0.6182,0.6182,883.93,863.66,UP
41740,0.6122,0.6122,890.06,869.97,UP
41750,0.5539,0.5539,895.60,876.10,UP
41760,0.5402,0.5402,901.00,882.05,UP
41769,0.5260,0.5260,906.26,887.84,UP
41780,0.5527,0.5527,911.78,893.56,UP
41790,0.5513,0.5513,917.30,899.24,UP
41800,0.5011,0.5011,922.31,904.75,UP
41810,0.4562,0.4562,926.87,910.04,UP
41820,0.4179,0.4179,931.05,915.06,UP
41830,0.4523,0.4523,935.57,919.96,UP
41839,0.5003,0.5003,940.57,924.89,UP
41850,0.4255,0.4255,944.83,929.66,UP
41860,0.3764,0.3764,948.59,934.18,UP
41870,0.3427,0.3427,952.02,938.45,UP
41880,0.3543,0.3543,955.56,942.54,UP
41890,0.3948,0.3948,959.51,946.60,UP
41900,0.3423,0.3423,962.93,950.50,UP
41909,0.2869,0.2869,965.80,954.16,UP
41920,0.3260,0.3260,969.06,957.72,UP
41930,0.3740,0.3740,972.80,961.33,UP
41940,0.3655,0.3655,976.46,964.94,UP
41950,0.2934,0.2934,979.39,968.40,UP
41960,0.3139,0.3139,982.53,971.78,UP
41970,0.3522,0.3522,986.05,975.19,UP
41979,0.3771,0.3771,989.82,978.69,UP
41990,0.3170,0.3170,992.99,982.11,UP
42000,0.2405,0.2405,995.40,985.29,UP
42010,0.2716,0.2716,998.11,988.35,UP
42020,0.2614,0.2614,1000.73,991.31,UP
42030,0.2495,0.2495,1003.22,994.16,UP
42040,0.1343,0.1343,1004.57,996.65,UP
42050,0.1146,0.1146,1005.71,998.81,UP
42060,0.1732,0.1732,1007.44,1000.88,UP
42070,0.1312,0.1312,1008.76,1002.76,UP
42080,0.0814,0.0000,1008.76,1004.19,UP
42090,0.0465,0.0000,1008.76,1005.29,UP
42100,0.0575,0.0000,1008.76,1006.11,UP
42110,0.0331,0.0000,1008.76,1006.75,UP
42120,0.0434,0.0000,1008.76,1007.23,UP
42129,0.0310,0.0000,1008.76,1007.59,UP
42140,0.0777,0.0000,1008.76,1007.87,UP
42150,0.1036,0.0000,1012.46,1008.97,UP
42160,0.0337,0.0000,1012.46,1009.80,UP
42170,0.0875,0.0000,1012.46,1010.44,UP
42180,0.0822,0.0000,1012.46,1010.92,UP
42190,0.0939,0.0000,1012.46,1011.29,UP
42200,-0.0369,0.0000,1012.46,1011.57,UP
42210,-0.0535,0.0000,1012.46,1011.78,UP
42220,-0.0151,0.0000,1012.46,1011.95,UP
42230,0.0185,0.0000,1012.46,1012.07,UP
42240,-0.0444,0.0000,1012.46,1012.16,UP
42250,-0.0748,0.0000,1012.46,1012.24,UP
42260,-0.0075,0.0000,1012.46,1012.29,UP
42269,0.0207,0.0000,1012.46,1012.33,UP
42280,-0.0418,0.0000,1012.46,1012.36,UP
42290,-0.0773,0.0000,1012.46,1012.39,UP
42300,-0.0346,0.0000,1012.46,1012.40,UP
42310,-0.0104,0.0000,1012.46,1012.42,UP
42320,-0.0851,0.0000,1012.46,1012.43,UP
42330,-0.1210,0.0000,1012.46,1012.44,UP
42339,-0.0556,0.0000,1012.46,1012.44,UP
42350,-0.0230,0.0000,1012.46,1012.45,UP
42360,-0.0818,0.0000,1012.46,1012.45,UP
42370,-0.1197,0.0000,1010.86,1012.07,UP
42380,-0.0391,0.0000,1010.86,1011.78,UP
42390,-0.0081,0.0000,1010.86,1011.56,UP
42400,-0.0563,0.0000,1010.86,1011.39,UP
42409,-0.1111,0.0000,1009.82,1011.02,UP
42420,-0.0904,0.0000,1009.82,1010.73,UP
42430,0.0018,0.0000,1009.82,1010.52,UP
42440,-0.0462,0.0000,1009.82,1010.35,UP
42450,-0.1199,0.0000,1008.48,1009.90,UP
42460,-0.0605,0.0000,1008.48,1009.56,UP
42470,-0.0217,0.0000,1008.48,1009.30,UP
42480,-0.0443,0.0000,1008.48,1009.10,UP
42490,-0.1380,0.0000,1007.21,1008.65,UP
42500,-0.0817,0.0000,1007.21,1008.31,UP
42510,0.0161,0.0000,1007.21,1008.05,UP
42520,0.0219,0.0000,1007.21,1007.85,UP
42530,-0.0717,0.0000,1007.21,1007.69,UP
42540,-0.0682,0.0000,1007.21,1007.58,UP
42550,0.0382,0.0000,1007.21,1007.49,UP
42559,0.0180,0.0000,1007.21,1007.42,UP
42570,-0.0911,0.0000,1007.21,1007.37,UP
42580,-0.0931,0.0000,1007.21,1007.33,UP
42590,-0.0411,0.0000,1007.21,1007.30,UP
42600,-0.0033,0.0000,1007.21,1007.28,UP
42610,-0.0741,0.0000,1007.21,1007.27,UP
42619,-0.1228,0.0000,1007.21,1007.25,UP
42629,-0.0047,0.0000,1007.21,1007.24,UP
42640,0.0217,0.0000,1007.21,1007.23,UP
42650,-0.0619,0.0000,1007.21,1007.23,UP
42660,-0.0747,0.0000,1007.21,1007.22,UP
42670,-0.0014,0.0000,1007.21,1007.22,UP
42680,0.0479,0.0000,1007.21,1007.22,UP
42690,-0.0541,0.0000,1007.21,1007.22,UP
42700,-0.1053,0.0000,1005.94,1006.91,UP
42710,-0.0112,0.0000,1005.94,1006.68,UP
42720,0.0389,0.0000,1005.94,1006.50,UP
42730,-0.0435,0.0000,1005.94,1006.37,UP
42740,-0.1021,0.0000,1005.94,1006.27,UP
42750,-0.0353,0.0000,1005.94,1006.19,UP
42760,0.0251,0.0000,1005.94,1006.13,UP
42769,-0.0213,0.0000,1005.94,1006.08,UP
42780,-0.1051,0.0000,1005.94,1006.05,UP
42790,-0.0305,0.0000,1005.94,1006.02,UP
42800,0.0385,0.0000,1005.94,1006.00,UP
42810,-0.0251,0.0000,1005.94,1005.99,UP
42820,-0.0691,0.0000,1005.94,1005.98,UP
42830,-0.0556,0.0000,1005.94,1005.97,UP
42839,0.0457,0.0000,1005.94,1005.96,UP
42850,0.0125,0.0000,1005.94,1005.96,UP
42860,-0.0840,0.0000,1005.94,1005.95,UP
42870,-0.0610,0.0000,1005.94,1005.95,UP
42880,0.0113,0.0000,1005.94,1005.95,UP
42890,-0.0026,0.0000,1005.94,1005.95,UP
42900,-0.0604,0.0000,1005.94,1005.94,UP
42909,-0.0808,0.0000,1005.94,1005.94,UP
42920,0.0201,0.0000,1005.94,1005.94,UP
42930,0.0605,0.0000,1005.94,1005.94,UP
42940,-0.0442,0.0000,1005.94,1005.94,UP
42950,-0.0464,0.0000,1005.94,1005.94,UP
42960,0.0202,0.0000,1005.94,1005.94,UP
42970,0.0652,0.0000,1005.94,1005.94,UP
42979,0.0035,0.0000,1005.94,1005.94,UP
42990,-0.0733,0.0000,1005.94,1005.94,UP
43000,-0.0331,0.0000,1005.94,1005.94,UP
43010,0.0519,0.0000,1005.94,1005.94,UP
43020,-0.0141,0.0000,1005.94,1005.94,UP
43030,-0.0613,0.0000,1005.94,1005.94,UP
43040,-0.0550,0.0000,1005.94,1005.94,UP
43049,0.0132,0.0000,1005.94,1005.94,UP
43059,0.0271,0.0000,1005.94,1005.94,UP
43070,-0.0378,0.0000,1005.94,1005.94,UP
43080,-0.0428,0.0000,1005.94,1005.94,UP
43090,0.0311,0.0000,1005.94,1005.94,UP
43100,0.0544,0.0000,1005.94,1005.94,UP
43110,-0.0017,0.0000,1005.94,1005.94,UP
43120,-0.0444,0.0000,1005.94,1005.94,UP
43129,0.0343,0.0000,1005.94,1005.94,UP
43140,0.0458,0.0000,1005.94,1005.94,UP
43150,-0.0003,0.0000,1005.94,1005.94,UP
43160,-0.0559,0.0000,1005.94,1005.94,UP
43170,0.0164,0.0000,1005.94,1005.94,UP
43180,0.0595,0.0000,1005.94,1005.94,UP
43190,0.0228,0.0000,1005.94,1005.94,UP
43199,-0.0409,0.0000,1005.94,1005.94,UP
43210,-0.0147,0.0000,1005.94,1005.94,UP
43220,0.0513,0.0000,1005.94,1005.94,UP
43230,0.0184,0.0000,1005.94,1005.94,UP
43236,-0.0060,0.0000,1005.94,1005.94,UP
43302,0.0158,0.0000,1005.94,1005.94,UP
43368,-0.0222,0.0000,1005.94,1005.94,UP
43434,0.0815,0.0000,1005.94,1005.94,UP
43500,-0.0499,0.0000,1005.94,1005.94,UP
43565,0.0671,0.0000,1005.94,1005.94,UP
43632,-0.0426,0.0000,1005.94,1005.94,UP
43698,0.0051,0.0000,1005.94,1005.94,UP
43764,-0.0111,0.0000,1005.94,1005.94,UP
43830,-0.0130,0.0000,1005.94,1005.94,UP
43896,-0.0058,0.0000,1005.94,1005.94,UP
43962,0.0048,0.0000,1005.94,1005.94,UP
44027,0.0520,0.0000,1005.94,1005.94,UP
44094,-0.0438,0.0000,1005.94,1005.94,UP
44160,0.0432,0.0000,1005.94,1005.94,UP
44226,0.0165,0.0000,1005.94,1005.94,UP
44240,0.0973,0.0000,1005.94,1005.94,UP
44250,0.0602,0.0000,1005.94,1005.94,UP
44260,-0.0407,0.0000,1005.94,1005.94,UP
44269,-0.0019,0.0000,1005.94,1005.94,UP
44280,0.0634,0.0000,1005.94,1005.94,UP
44290,0.0113,0.0000,1005.94,1005.94,UP
44300,-0.0341,0.0000,1005.94,1005.94,UP
44310,-0.0258,0.0000,1005.94,1005.94,UP
44320,0.0202,0.0000,1005.94,1005.94,UP
44330,0.0201,0.0000,1005.94,1005.94,UP
44339,-0.0379,0.0000,1005.94,1005.94,UP
44350,-0.0353,0.0000,1005.94,1005.94,UP
44360,0.0105,0.0000,1005.94,1005.94,UP
44370,0.0501,0.0000,1005.94,1005.94,UP
44380,0.0044,0.0000,1005.94,1005.94,UP
44390,-0.0367,0.0000,1005.94,1005.94,UP
44400,-0.0028,0.0000,1005.94,1005.94,UP
44409,0.0603,0.0000,1005.94,1005.94,UP
44420,0.0433,0.0000,1005.94,1005.94,UP
44430,-0.0077,0.0000,1005.94,1005.94,UP
44440,-0.0029,0.0000,1005.94,1005.94,UP
44450,0.0497,0.0000,1005.94,1005.94,UP
44460,0.0701,0.0000,1005.94,1005.94,UP
44470,0.0297,0.0000,1005.94,1005.94,UP
44479,0.0101,0.0000,1005.94,1005.94,UP
44490,0.0283,0.0000,1005.94,1005.94,UP
44500,0.0440,0.0000,1005.94,1005.94,UP
44510,0.0241,0.0000,1005.94,1005.94,UP
44520,-0.0034,0.0000,1005.94,1005.94,UP
44529,0.0114,0.0000,1005.94,1005.94,UP
44540,0.0595,0.0000,1005.94,1005.94,UP
44550,0.0112,0.0000,1005.94,1005.94,UP
44560,-0.0575,0.0000,1005.94,1005.94,UP
44570,-0.0065,0.0000,1005.94,1005.94,UP
44580,0.0507,0.0000,1005.94,1005.94,UP
44590,0.0438,0.0000,1005.94,1005.94,UP
44600,-0.0202,0.0000,1005.94,1005.94,UP
44610,-0.0452,0.0000,1005.94,1005.94,UP
44620,0.0403,0.0000,1005.94,1005.94,UP
44629,0.0712,0.0000,1005.94,1005.94,UP
44640,-0.0117,0.0000,1005.94,1005.94,UP
44650,-0.0451,0.0000,1005.94,1005.94,UP
44660,0.0094,0.0000,1005.94,1005.94,UP
44670,0.0356,0.0000,1005.94,1005.94,UP
44680,0.0030,0.0000,1005.94,1005.94,UP
44690,-0.0366,0.0000,1005.94,1005.94,UP
44699,-0.0021,0.0000,1005.94,1005.94,UP
44710,0.0515,0.0000,1005.94,1005.94,UP
44720,0.0147,0.0000,1005.94,1005.94,UP
44730,-0.0547,0.0000,1005.94,1005.94,UP
44740,-0.0064,0.0000,1005.94,1005.94,UP
44750,0.0524,0.0000,1005.94,1005.94,UP
44760,0.0436,0.0000,1005.94,1005.94,UP
44769,-0.0400,0.0000,1005.94,1005.94,UP
44780,-0.0213,0.0000,1005.94,1005.94,UP
44790,0.0470,0.0000,1005.94,1005.94,UP
44800,0.0720,0.0000,1005.94,1005.94,UP
44810,-0.0216,0.0000,1005.94,1005.94,UP
44820,-0.0434,0.0000,1005.94,1005.94,UP
44830,0.0261,0.0000,1005.94,1005.94,UP
44839,0.0474,0.0000,1005.94,1005.94,UP
44850,0.0053,0.0000,1005.94,1005.94,UP
44860,-0.0493,0.0000,1005.94,1005.94,UP
44870,-0.0055,0.0000,1005.94,1005.94,UP
44880,0.0570,0.0000,1005.94,1005.94,UP
44890,0.0039,0.0000,1005.94,1005.94,UP
44900,-0.0521,0.0000,1005.94,1005.94,UP
44909,-0.0029,0.0000,1005.94,1005.94,UP
44920,0.0555,0.0000,1005.94,1005.94,UP
44930,0.0268,0.0000,1005.94,1005.94,UP
44940,-0.0132,0.0000,1005.94,1005.94,UP
44950,-0.0140,0.0000,1005.94,1005.94,UP
44960,0.0467,0.0000,1005.94,1005.94,UP
44970,0.0526,0.0000,1005.94,1005.94,UP
44979,-0.0080,0.0000,1005.94,1005.94,UP
44990,-0.0031,0.0000,1005.94,1005.94,UP
45000,0.0496,0.0000,1005.94,1005.94,UP
45010,0.0541,0.0000,1005.94,1005.94,UP
45020,0.0015,0.0000,1005.94,1005.94,UP
45030,-0.0205,0.0000,1005.94,1005.94,UP
45040,0.0044,0.0000,1005.94,1005.94,UP
45049,0.0682,0.0000,1005.94,1005.94,UP
45060,0.0384,0.0000,1005.94,1005.94,UP
45070,-0.0435,0.0000,1005.94,1005.94,UP
45080,0.0159,0.0000,1005.94,1005.94,UP
45090,0.0229,0.0000,1005.94,1005.94,UP
45100,0.0202,0.0000,1005.94,1005.94,UP
45110,-0.0023,0.0000,1005.94,1005.94,UP
45119,-0.0345,0.0000,1005.94,1005.94,UP
45129,0.0281,0.0000,1005.94,1005.94,UP
45140,0.0305,0.0000,1005.94,1005.94,UP
45150,-0.0354,0.0000,1005.94,1005.94,UP
45160,-0.0270,0.0000,1005.94,1005.94,UP
45170,0.0013,0.0000,1005.94,1005.94,UP
45180,0.0255,0.0000,1005.94,1005.94,UP
45190,0.0116,0.0000,1005.94,1005.94,UP
45199,-0.0299,0.0000,1005.94,1005.94,UP
45210,0.0080,0.0000,1005.94,1005.94,UP
45220,0.0603,0.0000,1005.94,1005.94,UP
45230,0.0148,0.0000,1005.94,1005.94,UP
45240,-0.0286,0.0000,1005.94,1005.94,UP
45250,0.0020,0.0000,1005.94,1005.94,UP
45260,0.0368,0.0000,1005.94,1005.94,UP
45269,0.0510,0.0000,1005.94,1005.94,UP
45280,-0.0205,0.0000,1005.94,1005.94,UP
45290,-0.0406,0.0000,1005.94,1005.94,UP
45300,0.0101,0.0000,1005.94,1005.94,UP
45310,0.0188,0.0000,1005.94,1005.94,UP
45320,-0.0244,0.0000,1005.94,1005.94,UP
45330,-0.0559,0.0000,1005.94,1005.94,UP
45339,-0.0078,0.0000,1005.94,1005.94,UP
45350,0.0368,0.0000,1005.94,1005.94,UP
45360,0.0054,0.0000,1005.94,1005.94,UP
45370,-0.0552,0.0000,1005.94,1005.94,UP
45380,0.0228,0.0000,1005.94,1005.94,UP
45390,0.0518,0.0000,1005.94,1005.94,UP
45400,0.0191,0.0000,1005.94,1005.94,UP
45409,-0.0239,0.0000,1005.94,1005.94,UP
45420,-0.0017,0.0000,1005.94,1005.94,UP
45430,0.1085,0.0000,1005.94,1005.94,UP
45440,0.0712,0.0000,1005.94,1005.94,UP
45450,-0.0065,0.0000,1005.94,1005.94,UP
45460,0.0029,0.0000,1005.94,1005.94,UP
45470,0.0446,0.0000,1005.94,1005.94,UP
45479,0.0688,0.0000,1005.94,1005.94,UP
45489,-0.0162,0.0000,1005.94,1005.94,UP
45500,-0.0627,0.0000,1005.94,1005.94,UP
45510,0.0122,0.0000,1005.94,1005.94,UP
45520,0.0151,0.0000,1005.94,1005.94,UP
45530,-0.0279,0.0000,1005.94,1005.94,UP
45540,-0.0507,0.0000,1005.94,1005.94,UP
45550,-0.0169,0.0000,1005.94,1005.94,UP
45559,0.0387,0.0000,1005.94,1005.94,UP
45570,0.0195,0.0000,1005.94,1005.94,UP
45580,-0.0426,0.0000,1005.94,1005.94,UP
45590,-0.0017,0.0000,1005.94,1005.94,UP
45600,0.0357,0.0000,1005.94,1005.94,UP
45610,0.0406,0.0000,1005.94,1005.94,UP
45620,-0.0141,0.0000,1005.94,1005.94,UP
45630,-0.0057,0.0000,1005.94,1005.94,UP
45640,0.0526,0.0000,1005.94,1005.94,UP
45650,0.0378,0.0000,1005.94,1005.94,UP
45660,-0.0150,0.0000,1005.94,1005.94,UP
45670,-0.0352,0.0000,1005.94,1005.94,UP
45680,0.0193,0.0000,1005.94,1005.94,UP
45690,0.0605,0.0000,1005.94,1005.94,UP
45700,0.0034,0.0000,1005.94,1005.94,UP
45710,-0.0385,0.0000,1005.94,1005.94,UP
45720,-0.0233,0.0000,1005.94,1005.94,UP
45730,0.0553,0.0000,1005.94,1005.94,UP
45740,0.0050,0.0000,1005.94,1005.94,UP
45750,-0.0351,0.0000,1005.94,1005.94,UP
45760,0.0029,0.0000,1005.94,1005.94,UP
45770,0.0620,0.0000,1005.94,1005.94,UP
45780,0.0456,0.0000,1005.94,1005.94,UP
45790,-0.0184,0.0000,1005.94,1005.94,UP
45800,0.0066,0.0000,1005.94,1005.94,UP
45810,0.0634,0.0000,1005.94,1005.94,UP
45820,0.0626,0.0000,1005.94,1005.94,UP
45830,0.0181,0.0000,1005.94,1005.94,UP
45839,-0.0528,0.0000,1005.94,1005.94,UP
45850,0.0178,0.0000,1005.94,1005.94,UP
45860,0.0593,0.0000,1005.94,1005.94,UP
45870,-0.0096,0.0000,1005.94,1005.94,UP
45880,-0.0464,0.0000,1005.94,1005.94,UP
45890,-0.0147,0.0000,1005.94,1005.94,UP
45900,0.0283,0.0000,1005.94,1005.94,UP
45909,0.0007,0.0000,1005.94,1005.94,UP
45920,-0.0494,0.0000,1005.94,1005.94,UP
45929,-0.0294,0.0000,1005.94,1005.94,UP
45940,0.0485,0.0000,1005.94,1005.94,UP
45950,0.0305,0.0000,1005.94,1005.94,UP
45960,-0.0163,0.0000,1005.94,1005.94,UP
45970,-0.0005,0.0000,1005.94,1005.94,UP
45979,0.0484,0.0000,1005.94,1005.94,UP
45989,0.0748,0.0000,1005.94,1005.94,UP
46000,0.0195,0.0000,1005.94,1005.94,UP
46010,-0.0049,0.0000,1005.94,1005.94,UP
46020,0.0421,0.0000,1005.94,1005.94,UP
46030,0.0835,0.0000,1005.94,1005.94,UP
46040,0.0563,0.0000,1005.94,1005.94,UP
46049,-0.0323,0.0000,1005.94,1005.94,UP
46060,0.0156,0.0000,1005.94,1005.94,UP
46070,0.0516,0.0000,1005.94,1005.94,UP
46080,0.0342,0.0000,1005.94,1005.94,UP
46090,-0.0370,0.0000,1005.94,1005.94,UP
46100,-0.0311,0.0000,1005.94,1005.94,UP
46110,0.0178,0.0000,1005.94,1005.94,UP
46120,0.0074,0.0000,1005.94,1005.94,UP
46129,-0.0235,0.0000,1005.94,1005.94,UP
46140,-0.0210,0.0000,1005.94,1005.94,UP
46150,0.0249,0.0000,1005.94,1005.94,UP
46160,0.0301,0.0000,1005.94,1005.94,UP
46170,0.0071,0.0000,1005.94,1005.94,UP
46180,-0.0144,0.0000,1005.94,1005.94,UP
46190,-0.0026,0.0000,1005.94,1005.94,UP
46199,0.0609,0.0000,1005.94,1005.94,UP
46210,0.0130,0.0000,1005.94,1005.94,UP
46220,-0.0173,0.0000,1005.94,1005.94,UP
46230,-0.0007,0.0000,1005.94,1005.94,UP
46240,0.0434,0.0000,1005.94,1005.94,UP
46250,0.0345,0.0000,1005.94,1005.94,UP
46260,-0.0457,0.0000,1005.94,1005.94,UP
46269,-0.0388,0.0000,1005.94,1005.94,UP
46280,0.0380,0.0000,1005.94,1005.94,UP
46290,0.0583,0.0000,1005.94,1005.94,UP
46300,0.0114,0.0000,1005.94,1005.94,UP
46310,-0.0009,0.0000,1005.94,1005.94,UP
46320,0.0341,0.0000,1005.94,1005.94,UP
46330,0.0476,0.0000,1005.94,1005.94,UP
46339,0.0043,0.0000,1005.94,1005.94,UP
46350,-0.0401,0.0000,1005.94,1005.94,UP
46360,0.0264,0.0000,1005.94,1005.94,UP
46370,0.0260,0.0000,1005.94,1005.94,UP
46380,0.0175,0.0000,1005.94,1005.94,UP
46390,-0.0274,0.0000,1005.94,1005.94,UP
46400,-0.0351,0.0000,1005.94,1005.94,UP
46409,0.0550,0.0000,1005.94,1005.94,UP
46420,0.0092,0.0000,1005.94,1005.94,UP
46430,-0.0341,0.0000,1005.94,1005.94,UP
46440,0.0007,0.0000,1005.94,1005.94,UP
46450,0.0442,0.0000,1005.94,1005.94,UP
46460,0.0614,0.0000,1005.94,1005.94,UP
46470,0.0027,0.0000,1005.94,1005.94,UP
46480,-0.0074,0.0000,1005.94,1005.94,UP
46489,0.0219,0.0000,1005.94,1005.94,UP
46500,0.0675,0.0000,1005.94,1005.94,UP
46510,-0.0031,0.0000,1005.94,1005.94,UP
46520,-0.0250,0.0000,1005.94,1005.94,UP
46530,0.0169,0.0000,1005.94,1005.94,UP
46540,0.0572,0.0000,1005.94,1005.94,UP
46550,0.0423,0.0000,1005.94,1005.94,UP
46559,-0.0460,0.0000,1005.94,1005.94,UP
46570,-0.0187,0.0000,1005.94,1005.94,UP
46580,0.0571,0.0000,1005.94,1005.94,UP
46590,0.0165,0.0000,1005.94,1005.94,UP
46600,-0.0287,0.0000,1005.94,1005.94,UP
46610,-0.0217,0.0000,1005.94,1005.94,UP
46620,-0.0161,0.0000,1005.94,1005.94,UP
46629,0.0108,0.0000,1005.94,1005.94,UP
46640,-0.0120,0.0000,1005.94,1005.94,UP
46650,-0.0404,0.0000,1005.94,1005.94,UP
46660,0.0311,0.0000,1005.94,1005.94,UP
46670,0.0655,0.0000,1005.94,1005.94,UP
46680,0.0040,0.0000,1005.94,1005.94,UP
46690,-0.0074,0.0000,1005.94,1005.94,UP
46699,0.0037,0.0000,1005.94,1005.94,UP
46710,0.0670,0.0000,1005.94,1005.94,UP
46720,0.0295,0.0000,1005.94,1005.94,UP
46730,-0.0139,0.0000,1005.94,1005.94,UP
46740,-0.0196,0.0000,1005.94,1005.94,UP
46750,0.0598,0.0000,1005.94,1005.94,UP
46760,0.0370,0.0000,1005.94,1005.94,UP
46769,-0.0143,0.0000,1005.94,1005.94,UP
46780,-0.0121,0.0000,1005.94,1005.94,UP
46790,-0.0065,0.0000,1005.94,1005.94,UP
46800,0.0331,0.0000,1005.94,1005.94,UP
46810,0.0194,0.0000,1005.94,1005.94,UP
46820,-0.0012,0.0000,1005.94,1005.94,UP
46830,0.0382,0.0000,1005.94,1005.94,UP
46839,0.0593,0.0000,1005.94,1005.94,UP
46850,0.0041,0.0000,1005.94,1005.94,UP
46860,0.0034,0.0000,1005.94,1005.94,UP
46870,0.0234,0.0000,1005.94,1005.94,UP
46880,0.0359,0.0000,1005.94,1005.94,UP
46890,0.0298,0.0000,1005.94,1005.94,UP
46900,-0.0079,0.0000,1005.94,1005.94,UP
46909,-0.0070,0.0000,1005.94,1005.94,UP
46920,0.0495,0.0000,1005.94,1005.94,UP
46930,0.0178,0.0000,1005.94,1005.94,UP
46940,-0.0487,0.0000,1005.94,1005.94,UP
46950,0.0246,0.0000,1005.94,1005.94,UP
46960,0.0307,0.0000,1005.94,1005.94,UP
46970,0.0283,0.0000,1005.94,1005.94,UP
46979,0.0307,0.0000,1005.94,1005.94,UP
46989,-0.0163,0.0000,1005.94,1005.94,UP
47000,0.0327,0.0000,1005.94,1005.94,UP
47010,0.0411,0.0000,1005.94,1005.94,UP
47020,-0.0030,0.0000,1005.94,1005.94,UP
47030,0.0096,0.0000,1005.94,1005.94,UP
47040,0.0205,0.0000,1005.94,1005.94,UP
47049,0.0108,0.0000,1005.94,1005.94,UP
47059,0.0170,0.0000,1005.94,1005.94,UP
47070,-0.0159,0.0000,1005.94,1005.94,UP
47080,-0.0290,0.0000,1005.94,1005.94,UP
47090,0.0210,0.0000,1005.94,1005.94,UP
47100,0.0119,0.0000,1005.94,1005.94,UP
47110,0.0053,0.0000,1005.94,1005.94,UP
47120,-0.0150,0.0000,1005.94,1005.94,UP
47129,-0.0155,0.0000,1005.94,1005.94,UP
47140,0.0263,0.0000,1005.94,1005.94,UP
47150,0.0010,0.0000,1005.94,1005.94,UP
47160,-0.0324,0.0000,1005.94,1005.94,UP
47170,0.0019,0.0000,1005.94,1005.94,UP
47180,0.0270,0.0000,1005.94,1005.94,UP
47190,0.0250,0.0000,1005.94,1005.94,UP
47199,0.0062,0.0000,1005.94,1005.94,UP
47210,-0.0008,0.0000,1005.94,1005.94,UP
47220,0.0323,0.0000,1005.94,1005.94,UP
47230,0.0077,0.0000,1005.94,1005.94,UP
47240,-0.0344,0.0000,1005.94,1005.94,UP
47250,0.0015,0.0000,1005.94,1005.94,UP
47260,-0.0005,0.0000,1005.94,1005.94,UP
47269,0.0330,0.0000,1005.94,1005.94,UP
47280,-0.0080,0.0000,1005.94,1005.94,UP
47290,0.0024,0.0000,1005.94,1005.94,UP
47300,0.0520,0.0000,1005.94,1005.94,UP
47310,0.0671,0.0000,1005.94,1005.94,UP
47320,0.0585,0.0000,1005.94,1005.94,UP
47330,0.0056,0.0000,1005.94,1005.94,UP
47340,0.0607,0.0000,1005.94,1005.94,UP
47350,0.0547,0.0000,1005.94,1005.94,UP
47360,0.0252,0.0000,1005.94,1005.94,UP
47370,-0.0212,0.0000,1005.94,1005.94,UP
47380,-0.0063,0.0000,1005.94,1005.94,UP
47390,0.0254,0.0000,1005.94,1005.94,UP
47400,-0.0166,0.0000,1005.94,1005.94,UP
47409,-0.0209,0.0000,1005.94,1005.94,UP
47420,-0.0156,0.0000,1005.94,1005.94,UP
47430,0.0279,0.0000,1005.94,1005.94,UP
47440,-0.0104,0.0000,1005.94,1005.94,UP
47450,-0.0347,0.0000,1005.94,1005.94,UP
47460,-0.0370,0.0000,1005.94,1005.94,UP
47470,-0.0079,0.0000,1005.94,1005.94,UP
47480,0.0103,0.0000,1005.94,1005.94,UP
47489,-0.0493,0.0000,1005.94,1005.94,UP
47500,-0.0121,0.0000,1005.94,1005.94,UP
47510,-0.0048,0.0000,1005.94,1005.94,UP
47520,-0.0014,0.0000,1005.94,1005.94,UP
47530,0.0130,0.0000,1005.94,1005.94,UP
47540,-0.0004,0.0000,1005.94,1005.94,UP
47550,0.0218,0.0000,1005.94,1005.94,UP
47559,0.0406,0.0000,1005.94,1005.94,UP
47570,0.0152,0.0000,1005.94,1005.94,UP
47580,0.0307,0.0000,1005.94,1005.94,UP
47590,0.0200,0.0000,1005.94,1005.94,UP
47600,0.0117,0.0000,1005.94,1005.94,UP
47610,0.0186,0.0000,1005.94,1005.94,UP
47620,0.0091,0.0000,1005.94,1005.94,UP
47629,-0.0192,0.0000,1005.94,1005.94,UP
47640,0.0275,0.0000,1005.94,1005.94,UP
47650,0.0091,0.0000,1005.94,1005.94,UP
47660,0.0264,0.0000,1005.94,1005.94,UP
47670,-0.0012,0.0000,1005.94,1005.94,UP
47680,0.0008,0.0000,1005.94,1005.94,UP
47690,0.0326,0.0000,1005.94,1005.94,UP
47700,0.0061,0.0000,1005.94,1005.94,UP
47710,0.0171,0.0000,1005.94,1005.94,UP
47720,-0.0021,0.0000,1005.94,1005.94,UP
47730,0.0061,0.0000,1005.94,1005.94,UP
47740,0.0220,0.0000,1005.94,1005.94,UP
47750,-0.0359,0.0000,1005.94,1005.94,UP
47760,-0.0278,0.0000,1005.94,1005.94,UP
47769,0.0186,0.0000,1005.94,1005.94,UP
47780,0.0314,0.0000,1005.94,1005.94,UP
47790,-0.0081,0.0000,1005.94,1005.94,UP
47800,0.0081,0.0000,1005.94,1005.94,UP
47810,0.0158,0.0000,1005.94,1005.94,UP
47820,0.0055,0.0000,1005.94,1005.94,UP
47830,0.0419,0.0000,1005.94,1005.94,UP
47839,0.0134,0.0000,1005.94,1005.94,UP
47850,0.0259,0.0000,1005.94,1005.94,UP
47860,0.0473,0.0000,1005.94,1005.94,UP
47870,0.0012,0.0000,1005.94,1005.94,UP
47880,0.0401,0.0000,1005.94,1005.94,UP
47890,0.0239,0.0000,1005.94,1005.94,UP
47900,0.0268,0.0000,1005.94,1005.94,UP
47909,0.0149,0.0000,1005.94,1005.94,UP
47920,0.0120,0.0000,1005.94,1005.94,UP
47930,0.0161,0.0000,1005.94,1005.94,UP
47940,0.0156,0.0000,1005.94,1005.94,UP
47950,0.0021,0.0000,1005.94,1005.94,UP
47960,-0.0010,0.0000,1005.94,1005.94,UP
47970,-0.0014,0.0000,1005.94,1005.94,UP
47979,-0.0146,0.0000,1005.94,1005.94,UP
47989,-0.0078,0.0000,1005.94,1005.94,UP
48000,0.0157,0.0000,1005.94,1005.94,UP
48010,-0.0120,0.0000,1005.94,1005.94,UP
48020,0.0061,0.0000,1005.94,1005.94,UP
48029,-0.0013,0.0000,1005.94,1005.94,UP
48040,-0.0035,0.0000,1005.94,1005.94,UP
48050,-0.0267,0.0000,1005.94,1005.94,UP
48060,0.0039,0.0000,1005.94,1005.94,UP
48070,0.0040,0.0000,1005.94,1005.94,UP
48080,0.0068,0.0000,1005.94,1005.94,UP
48090,-0.0026,0.0000,1005.94,1005.94,UP
48100,-0.0061,0.0000,1005.94,1005.94,UP
48110,0.0387,0.0000,1005.94,1005.94,UP
48120,0.0262,0.0000,1005.94,1005.94,UP
48130,0.0122,0.0000,1005.94,1005.94,UP
48140,0.0148,0.0000,1005.94,1005.94,UP
48150,0.0176,0.0000,1005.94,1005.94,UP
48160,0.0330,0.0000,1005.94,1005.94,UP
48170,-0.0054,0.0000,1005.94,1005.94,UP
48180,-0.0083,0.0000,1005.94,1005.94,UP
48190,0.0030,0.0000,1005.94,1005.94,UP
48199,0.0332,0.0000,1005.94,1005.94,UP
48210,0.0176,0.0000,1005.94,1005.94,UP
48220,-0.0277,0.0000,1005.94,1005.94,UP
48230,0.0084,0.0000,1005.94,1005.94,UP
48240,0.0355,0.0000,1005.94,1005.94,UP
48250,0.0330,0.0000,1005.94,1005.94,UP
48260,0.0046,0.0000,1005.94,1005.94,UP
48269,-0.0009,0.0000,1005.94,1005.94,UP
48280,0.0329,0.0000,1005.94,1005.94,UP
48290,0.0260,0.0000,1005.94,1005.94,UP
48300,-0.0078,0.0000,1005.94,1005.94,UP
48310,-0.0000,0.0000,1005.94,1005.94,UP
48320,0.0334,0.0000,1005.94,1005.94,UP
48330,0.0355,0.0000,1005.94,1005.94,UP
48380,0.0092,0.0000,1005.94,1005.94,UP
48446,-0.0016,0.0000,1005.94,1005.94,UP
48512,0.0042,0.0000,1005.94,1005.94,UP
48578,0.0311,0.0000,1005.94,1005.94,UP
48644,-0.0343,0.0000,1005.94,1005.94,UP
48710,0.0129,0.0000,1005.94,1005.94,UP
48776,0.0039,0.0000,1005.94,1005.94,UP
48842,0.0537,0.0000,1005.94,1005.94,UP
48908,-0.0162,0.0000,1005.94,1005.94,UP
48974,0.0059,0.0000,1005.94,1005.94,UP
49040,0.0089,0.0000,1005.94,1005.94,UP
49106,-0.0068,0.0000,1005.94,1005.94,UP
49172,0.0511,0.0000,1005.94,1005.94,UP
49238,-0.0293,0.0000,1005.94,1005.94,UP
49304,0.0483,0.0000,1005.94,1005.94,UP
49370,-0.0249,0.0000,1005.94,1005.94,UP
49436,0.0902,0.0000,1005.94,1005.94,UP
49502,0.0255,0.0000,1005.94,1005.94,UP
49568,0.0372,0.0000,1005.94,1005.94,UP
49634,0.0992,0.0000,1005.94,1005.94,UP
49700,0.0577,0.0000,1005.94,1005.94,UP
49765,0.1295,0.0000,1005.94,1005.94,UP
49832,0.0544,0.0000,1005.94,1005.94,UP
49898,0.1519,0.0000,1009.53,1008.36,UP
49964,0.0498,0.0000,1009.53,1009.15,UP
50030,0.1630,0.0000,1009.53,1009.41,UP
50096,0.0895,0.0000,1009.53,1009.49,UP
50162,0.0867,0.0000,1009.53,1009.52,UP
50228,0.0960,0.0000,1009.53,1009.53,UP
50294,0.0843,0.0000,1009.53,1009.53,UP
50360,0.1404,0.0000,1033.07,1025.41,UP
50426,0.0142,0.0000,1033.07,1030.57,UP
50492,0.1555,0.0000,1033.07,1032.26,UP
50558,0.0743,0.0000,1033.07,1032.80,UP
50624,0.1230,0.0000,1037.97,1036.29,UP
50690,0.0735,0.0000,1037.97,1037.43,UP
50756,0.1565,0.0000,1042.82,1041.07,UP
50822,0.0891,0.0000,1042.82,1042.25,UP
50887,0.0809,0.0000,1042.82,1042.64,UP
50954,0.0877,0.0000,1042.82,1042.76,UP
51020,0.0612,0.0000,1042.82,1042.80,UP
51086,0.1287,0.0000,1063.87,1057.01,UP
51152,0.0224,0.0000,1063.87,1061.64,UP
51218,0.1280,0.0000,1063.87,1063.14,UP
51284,0.0437,0.0000,1063.87,1063.63,UP
51350,0.1151,0.0000,1063.87,1063.79,UP
51415,0.0431,0.0000,1063.87,1063.84,UP
51482,0.0628,0.0000,1063.87,1063.86,UP
51548,0.0908,0.0000,1063.87,1063.86,UP
51614,0.0780,0.0000,1063.87,1063.87,UP
51680,0.1087,0.0000,1082.00,1076.10,UP
51745,0.0453,0.0000,1082.00,1080.08,UP
51812,0.0930,0.0000,1082.00,1081.37,UP
51878,-0.0024,0.0000,1082.00,1081.79,UP
51943,0.1477,0.0000,1090.96,1087.98,UP
52010,0.0441,0.0000,1090.96,1089.99,UP
52075,0.0838,0.0000,1090.96,1090.65,UP
52142,0.0541,0.0000,1090.96,1090.86,UP
52208,0.0328,0.0000,1090.96,1090.93,UP
52274,0.0847,0.0000,1090.96,1090.95,UP
52340,0.0171,0.0000,1090.96,1090.96,UP
52405,0.1006,0.0000,1111.86,1105.06,UP
52472,0.0057,0.0000,1111.86,1109.64,UP
52538,0.1113,0.0000,1111.86,1111.14,UP
52603,-0.0090,0.0000,1111.86,1111.62,UP
52670,0.0534,0.0000,1111.86,1111.78,UP
52736,0.0277,0.0000,1111.86,1111.83,UP
52802,0.0452,0.0000,1111.86,1111.85,UP
52868,0.0428,0.0000,1111.86,1111.85,UP
52934,0.0652,0.0000,1111.86,1111.86,UP
53000,0.0476,0.0000,1111.86,1111.86,UP
53065,-0.0047,0.0000,1111.86,1111.86,UP
53132,0.0708,0.0000,1111.86,1111.86,UP
53198,0.0235,0.0000,1111.86,1111.86,UP
53263,0.0319,0.0000,1111.86,1111.86,UP
53330,0.0111,0.0000,1111.86,1111.86,UP
53396,0.0808,0.0000,1111.86,1111.86,UP
53462,0.0187,0.0000,1111.86,1111.86,UP
53528,0.0294,0.0000,1111.86,1111.86,UP
53594,0.0860,0.0000,1111.86,1111.86,UP
53660,0.0013,0.0000,1111.86,1111.86,UP
53726,0.0819,0.0000,1111.86,1111.86,UP
53792,-0.0240,0.0000,1111.86,1111.86,UP
53858,0.0984,0.0000,1111.86,1111.86,UP
53924,-0.0179,0.0000,1111.86,1111.86,UP
53989,0.0313,0.0000,1111.86,1111.86,UP
54056,-0.0204,0.0000,1111.86,1111.86,UP
54122,0.0384,0.0000,1111.86,1111.86,UP
54188,0.0283,0.0000,1111.86,1111.86,UP
54254,0.0209,0.0000,1111.86,1111.86,UP
54320,0.0171,0.0000,1111.86,1111.86,UP
54386,-0.1163,0.0000,1111.86,1111.86,UP
54452,-0.0548,0.0000,1111.86,1111.86,UP
54518,-0.1929,0.0000,1108.24,1109.42,UP
54583,-0.1714,0.0000,1108.24,1108.62,UP
54650,-0.2695,0.0000,1108.24,1108.36,UP
54715,-0.2467,0.0000,1050.13,1069.07,UP
54782,-0.3513,-0.3513,1026.94,1040.65,UP
54848,-0.3930,-0.3930,1001.00,1013.90,UP
54914,-0.4233,-0.4233,973.06,986.35,UP
54980,-0.4767,-0.4767,941.59,956.15,UP
55045,-0.5278,-0.5278,906.76,922.83,UP
55112,-0.5291,-0.5291,871.84,888.43,UP
55177,-0.6106,-0.6106,831.54,850.05,UP
55244,-0.6208,-0.6208,790.57,809.92,UP
55310,-0.6624,-0.6624,746.85,767.37,UP
55376,-0.7055,-0.7055,700.28,722.11,UP
55442,-0.7609,-0.7609,650.06,673.51,UP
55508,-0.7358,-0.7358,601.50,624.93,UP
55574,-0.6879,-0.6879,556.09,578.49,UP
55640,-0.6604,-0.6604,512.51,533.98,UP
55705,-0.5985,-0.5985,473.01,492.85,UP
55772,-0.5562,-0.5562,436.31,454.70,UP
55838,-0.4832,-0.4832,404.41,420.78,UP
55903,-0.4570,-0.4570,374.25,389.39,UP
55970,-0.3815,-0.3815,349.07,362.19,UP
56036,-0.3172,-0.3172,328.14,339.22,UP
56102,-0.2759,-0.2759,309.93,319.46,UP
56167,-0.2271,-0.2271,294.94,302.92,UP
56234,-0.1698,-0.1698,283.74,289.98,UP
56300,-0.1239,-0.1239,275.56,280.25,UP
56365,-0.0641,0.0000,275.56,277.08,UP
56432,-0.0027,0.0000,275.56,276.05,UP
56498,0.0869,0.0000,275.56,275.72,UP
56564,0.0510,0.0000,275.56,275.61,UP
56629,0.0734,0.0000,275.56,275.57,UP
56696,0.0861,0.0000,275.56,275.56,UP
56762,0.0694,0.0000,275.56,275.56,UP
56828,0.0688,0.0000,275.56,275.56,UP
56894,0.0613,0.0000,275.56,275.56,UP
56960,0.0379,0.0000,275.56,275.56,UP
57026,0.0533,0.0000,275.56,275.56,UP
57092,0.0397,0.0000,275.56,275.56,UP
57158,0.0521,0.0000,275.56,275.56,UP
57223,0.0363,0.0000,275.56,275.56,UP
57290,0.0398,0.0000,275.56,275.56,UP
57355,0.0431,0.0000,275.56,275.56,UP
57422,0.0568,0.0000,275.56,275.56,UP
57488,0.0469,0.0000,275.56,275.56,UP
57554,0.0299,0.0000,275.56,275.56,UP
57620,0.0270,0.0000,275.56,275.56,UP
57685,0.0424,0.0000,275.56,275.56,UP
57752,0.0330,0.0000,275.56,275.56,UP
57817,0.0336,0.0000,275.56,275.56,UP
57884,-0.0015,0.0000,275.56,275.56,UP
57950,-0.0048,0.0000,275.56,275.56,UP
58016,-0.0123,0.0000,275.56,275.56,UP
58082,-0.0296,0.0000,275.56,275.56,UP
58148,-0.0467,0.0000,275.56,275.56,UP
58214,-0.0404,0.0000,275.56,275.56,UP
58279,-0.0577,0.0000,275.56,275.56,UP
58345,-0.0733,0.0000,275.56,275.56,UP
58411,-0.0920,0.0000,275.56,275.56,UP
58478,-0.0951,0.0000,275.56,275.56,UP
58543,-0.0846,0.0000,275.56,275.56,UP
58610,-0.0530,0.0000,275.56,275.56,UP
58676,-0.0541,0.0000,275.56,275.56,UP
58742,-0.0258,0.0000,275.56,275.56,UP
58808,0.0524,0.0000,275.56,275.56,UP
58874,0.1427,0.0000,275.56,275.56,UP
58940,0.0027,0.0000,275.56,275.56,UP
59005,-0.0153,0.0000,275.56,275.56,UP
59072,0.0341,0.0000,275.56,275.56,UP
59138,0.0282,0.0000,275.56,275.56,UP
59204,-0.0101,0.0000,275.56,275.56,UP
59270,0.0527,0.0000,275.56,275.56,UP
59336,0.0375,0.0000,275.56,275.56,UP
59402,0.0160,0.0000,275.56,275.56,UP
59467,0.0391,0.0000,275.56,275.56,UP
59534,0.0419,0.0000,275.56,275.56,UP
59600,0.0489,0.0000,275.56,275.56,UP
59666,0.0550,0.0000,275.56,275.56,UP
59732,0.0508,0.0000,275.56,275.56,UP
59798,0.0467,0.0000,275.56,275.56,UP
59864,0.0618,0.0000,275.56,275.56,UP
59930,0.0630,0.0000,275.56,275.56,UP
59996,0.0524,0.0000,275.56,275.56,UP
60062,0.0490,0.0000,275.56,275.56,UP
60128,0.0518,0.0000,275.56,275.56,UP
60194,0.0323,0.0000,275.56,275.56,UP
60260,0.0577,0.0000,275.56,275.56,UP
60325,0.0491,0.0000,275.56,275.56,UP
60392,0.0370,0.0000,275.56,275.56,UP
60457,0.0561,0.0000,275.56,275.56,UP
60524,0.0518,0.0000,275.56,275.56,UP
60590,0.0319,0.0000,275.56,275.56,UP
60656,0.0235,0.0000,275.56,275.56,UP
60722,0.0657,0.0000,275.56,275.56,UP
60788,0.0284,0.0000,275.56,275.56,UP
60854,0.0205,0.0000,275.56,275.56,UP
60920,0.0189,0.0000,275.56,275.56,UP
60986,0.0296,0.0000,275.56,275.56,UP
61052,0.0051,0.0000,275.56,275.56,UP
61118,0.0061,0.0000,275.56,275.56,UP
61183,0.0737,0.0000,275.56,275.56,UP
61250,0.0191,0.0000,275.56,275.56,UP
61316,-0.0074,0.0000,275.56,275.56,UP
61382,0.0444,0.0000,275.56,275.56,UP
61448,0.0128,0.0000,275.56,275.56,UP
61514,-0.0144,0.0000,275.56,275.56,UP
61580,0.0001,0.0000,275.56,275.56,UP
61645,0.0238,0.0000,275.56,275.56,UP
61712,0.0220,0.0000,275.56,275.56,UP
61778,-0.0141,0.0000,275.56,275.56,UP
61844,0.0479,0.0000,275.56,275.56,UP
61909,0.0202,0.0000,275.56,275.56,UP
61976,0.0508,0.0000,275.56,275.56,UP
62042,0.0383,0.0000,275.56,275.56,UP
62108,0.0132,0.0000,275.56,275.56,UP
62174,0.0420,0.0000,275.56,275.56,UP
62240,0.0769,0.0000,275.56,275.56,UP
62306,0.0348,0.0000,275.56,275.56,UP
62372,0.0842,0.0000,275.56,275.56,UP
62438,0.0316,0.0000,275.56,275.56,UP
62504,-0.0316,0.0000,275.56,275.56,UP
62570,0.0337,0.0000,275.56,275.56,UP
62636,0.0967,0.0000,275.56,275.56,UP
62702,0.0216,0.0000,275.56,275.56,UP
62768,0.0485,0.0000,275.56,275.56,UP
62834,0.0202,0.0000,275.56,275.56,UP
62900,0.0300,0.0000,275.56,275.56,UP
62965,0.0551,0.0000,275.56,275.56,UP
63032,0.0004,0.0000,275.56,275.56,UP
63098,0.0103,0.0000,275.56,275.56,UP
63164,0.0687,0.0000,275.56,275.56,UP
63230,-0.0334,0.0000,275.56,275.56,UP
63296,0.0132,0.0000,275.56,275.56,UP
63362,0.0150,0.0000,275.56,275.56,UP
63428,0.0297,0.0000,275.56,275.56,UP
63494,-0.0022,0.0000,275.56,275.56,UP
63560,0.0160,0.0000,275.56,275.56,UP
63625,0.0018,0.0000,275.56,275.56,UP
63692,-0.0045,0.0000,275.56,275.56,UP
63758,0.0052,0.0000,275.56,275.56,UP
63824,-0.0227,0.0000,275.56,275.56,UP
63890,-0.0136,0.0000,275.56,275.56,UP
63956,-0.0076,0.0000,275.56,275.56,UP
64022,-0.0099,0.0000,275.56,275.56,UP
64088,-0.0174,0.0000,275.56,275.56,UP
64154,-0.0368,0.0000,275.56,275.56,UP
64220,-0.0277,0.0000,275.56,275.56,UP
64285,-0.0295,0.0000,275.56,275.56,UP
64352,-0.0338,0.0000,275.56,275.56,UP
64418,-0.0332,0.0000,275.56,275.56,UP
64483,-0.0290,0.0000,275.56,275.56,UP
64550,-0.0273,0.0000,275.56,275.56,UP
64615,-0.0182,0.0000,275.56,275.56,UP
64682,-0.0302,0.0000,275.56,275.56,UP
64747,-0.0413,0.0000,275.56,275.56,UP
64814,-0.0420,0.0000,275.56,275.56,UP
64880,-0.0287,0.0000,275.56,275.56,UP
64946,-0.0359,0.0000,275.56,275.56,UP
65012,-0.0300,0.0000,275.56,275.56,UP
65078,-0.0233,0.0000,275.56,275.56,UP
65144,-0.0223,0.0000,275.56,275.56,UP
65209,-0.0213,0.0000,275.56,275.56,UP
65276,-0.0333,0.0000,275.56,275.56,UP
65342,-0.0236,0.0000,275.56,275.56,UP
65408,-0.0382,0.0000,275.56,275.56,UP
65474,-0.0149,0.0000,275.56,275.56,UP
65540,-0.0409,0.0000,275.56,275.56,UP
65606,-0.0361,0.0000,275.56,275.56,UP
65672,-0.0074,0.0000,275.56,275.56,UP
65738,-0.0191,0.0000,275.56,275.56,UP
65804,-0.0251,0.0000,275.56,275.56,UP
65870,-0.0307,0.0000,275.56,275.56,UP
65935,-0.0179,0.0000,275.56,275.56,UP
66002,-0.0261,0.0000,275.56,275.56,UP
66068,-0.0214,0.0000,275.56,275.56,UP
66134,-0.0511,0.0000,275.56,275.56,UP
66200,-0.0563,0.0000,275.56,275.56,UP
66265,0.0256,0.0000,275.56,275.56,UP
66332,-0.0702,0.0000,275.56,275.56,UP
66397,-0.0171,0.0000,275.56,275.56,UP
66463,0.0172,0.0000,275.56,275.56,UP
66530,-0.0301,0.0000,275.56,275.56,UP
66596,-0.0623,0.0000,275.56,275.56,UP
66662,0.0046,0.0000,275.56,275.56,UP
66728,-0.0221,0.0000,275.56,275.56,UP
66794,-0.0187,0.0000,275.56,275.56,UP
66860,-0.0059,0.0000,275.56,275.56,UP
66925,-0.0024,0.0000,275.56,275.56,UP
66992,-0.0508,0.0000,275.56,275.56,UP
67058,0.0715,0.0000,275.56,275.56,UP
67124,-0.0419,0.0000,275.56,275.56,UP
67190,-0.0826,0.0000,275.56,275.56,UP
67255,-0.0049,0.0000,275.56,275.56,UP
67322,-0.0383,0.0000,275.56,275.56,UP
67387,-0.0428,0.0000,275.56,275.56,UP
67454,0.0219,0.0000,275.56,275.56,UP
67520,-0.0390,0.0000,275.56,275.56,UP
67585,0.0514,0.0000,275.56,275.56,UP
67652,-0.0470,0.0000,275.56,275.56,UP
67718,-0.0496,0.0000,275.56,275.56,UP
67784,0.0755,0.0000,275.56,275.56,UP
67850,-0.0360,0.0000,275.56,275.56,UP
67915,0.0101,0.0000,275.56,275.56,UP
67982,0.0256,0.0000,275.56,275.56,UP
68048,-0.0011,0.0000,275.56,275.56,UP
68114,-0.0125,0.0000,275.56,275.56,UP
68180,0.0081,0.0000,275.56,275.56,UP
68246,-0.0233,0.0000,275.56,275.56,UP
68312,0.0090,0.0000,275.56,275.56,UP
68378,0.0276,0.0000,275.56,275.56,UP
68443,-0.0105,0.0000,275.56,275.56,UP
68510,-0.0266,0.0000,275.56,275.56,UP
68575,0.0248,0.0000,275.56,275.56,UP
68642,-0.0098,0.0000,275.56,275.56,UP
68708,-0.0060,0.0000,275.56,275.56,UP
68774,0.0101,0.0000,275.56,275.56,UP
68840,0.0507,0.0000,275.56,275.56,UP
68905,0.0493,0.0000,275.56,275.56,UP
68972,-0.0005,0.0000,275.56,275.56,UP
69037,-0.0478,0.0000,275.56,275.56,UP
69104,-0.0025,0.0000,275.56,275.56,UP
69170,-0.0558,0.0000,275.56,275.56,UP
69236,-0.0185,0.0000,275.56,275.56,UP
69302,-0.0333,0.0000,275.56,275.56,UP
69368,-0.0481,0.0000,275.56,275.56,UP
69434,-0.0009,0.0000,275.56,275.56,UP
69500,-0.0238,0.0000,275.56,275.56,UP
69565,-0.0311,0.0000,275.56,275.56,UP
69632,-0.0296,0.0000,275.56,275.56,UP
69698,-0.0044,0.0000,275.56,275.56,UP
69764,-0.0248,0.0000,275.56,275.56,UP
69830,-0.0183,0.0000,275.56,275.56,UP
69896,-0.0090,0.0000,275.56,275.56,UP
69962,-0.0058,0.0000,275.56,275.56,UP
70028,-0.0002,0.0000,275.56,275.56,UP
70094,-0.0128,0.0000,275.56,275.56,UP
70160,-0.0056,0.0000,275.56,275.56,UP
70225,-0.0077,0.0000,275.56,275.56,UP
70292,0.0021,0.0000,275.56,275.56,UP
70358,-0.0104,0.0000,275.56,275.56,UP
70424,0.0098,0.0000,275.56,275.56,UP
70489,-0.0059,0.0000,275.56,275.56,UP
70556,-0.0008,0.0000,275.56,275.56,UP
70622,-0.0004,0.0000,275.56,275.56,UP
70687,-0.0058,0.0000,275.56,275.56,UP
70754,-0.0050,0.0000,275.56,275.56,UP
70820,-0.0022,0.0000,275.56,275.56,UP
70886,-0.0200,0.0000,275.56,275.56,UP
70952,0.0123,0.0000,275.56,275.56,UP
71017,-0.0214,0.0000,275.56,275.56,UP
71083,0.0194,0.0000,275.56,275.56,UP
71150,-0.0069,0.0000,275.56,275.56,UP
71216,-0.0027,0.0000,275.56,275.56,UP
71282,0.0150,0.0000,275.56,275.56,UP
71348,0.0037,0.0000,275.56,275.56,UP
71413,0.0027,0.0000,275.56,275.56,UP
71480,0.0003,0.0000,275.56,275.56,UP
71545,-0.0118,0.0000,275.56,275.56,UP
71612,-0.0064,0.0000,275.56,275.56,UP
71677,-0.0066,0.0000,275.56,275.56,UP
71744,0.0056,0.0000,275.56,275.56,UP
71810,0.0029,0.0000,275.56,275.56,UP
71876,-0.0004,0.0000,275.56,275.56,UP
71942,0.0073,0.0000,275.56,275.56,UP
72008,0.0028,0.0000,275.56,275.56,UP
72074,-0.0014,0.0000,275.56,275.56,UP
72140,0.0016,0.0000,275.56,275.56,UP
72206,-0.0055,0.0000,275.56,275.56,UP
72272,-0.0059,0.0000,275.56,275.56,UP
72338,0.0036,0.0000,275.56,275.56,UP
72404,-0.0026,0.0000,275.56,275.56,UP
72470,-0.0033,0.0000,275.56,275.56,UP
72536,0.0159,0.0000,275.56,275.56,UP
72602,0.0317,0.0000,275.56,275.56,UP
72668,0.0126,0.0000,275.56,275.56,UP
