time_ms,original_az,accel_z_mps2,velocity_mm_s,smooth_mm_s,direction
0,-0.0403,0.0000,0.00,0.00,STATIONARY
10,0.0064,0.0000,0.00,0.00,STATIONARY
20,-0.0461,0.0000,0.00,0.00,STATIONARY
30,-0.0036,0.0000,0.00,0.00,STATIONARY
40,-0.0145,0.0000,0.00,0.00,STATIONARY
50,-0.0354,0.0000,0.00,0.00,STATIONARY
60,0.0028,0.0000,0.00,0.00,STATIONARY
70,-0.0328,0.0000,0.00,0.00,STATIONARY
80,-0.0004,0.0000,0.00,0.00,STATIONARY
90,-0.0139,0.0000,0.00,0.00,STATIONARY
100,-0.0065,0.0000,0.00,0.00,STATIONARY
110,-0.0189,0.0000,0.00,0.00,STATIONARY
120,-0.0257,0.0000,0.00,0.00,STATIONARY
130,-0.0147,0.0000,0.00,0.00,STATIONARY
139,-0.0242,0.0000,0.00,0.00,STATIONARY
149,-0.0195,0.0000,0.00,0.00,STATIONARY
160,-0.0271,0.0000,0.00,0.00,STATIONARY
170,-0.0254,0.0000,0.00,0.00,STATIONARY
180,-0.0291,0.0000,0.00,0.00,STATIONARY
190,-0.0168,0.0000,0.00,0.00,STATIONARY
200,-0.0166,0.0000,0.00,0.00,STATIONARY
210,-0.0264,0.0000,0.00,0.00,STATIONARY
220,-0.0170,0.0000,0.00,0.00,STATIONARY
230,-0.0232,0.0000,0.00,0.00,STATIONARY
240,-0.0102,0.0000,0.00,0.00,STATIONARY
250,-0.0077,0.0000,0.00,0.00,STATIONARY
260,-0.0100,0.0000,0.00,0.00,STATIONARY
269,-0.0229,0.0000,0.00,0.00,STATIONARY
280,-0.0197,0.0000,0.00,0.00,STATIONARY
290,-0.0371,0.0000,0.00,0.00,STATIONARY
300,-0.0238,0.0000,0.00,0.00,STATIONARY
310,-0.0154,0.0000,0.00,0.00,STATIONARY
320,-0.0290,0.0000,0.00,0.00,STATIONARY
330,-0.0264,0.0000,0.00,0.00,STATIONARY
340,-0.0267,0.0000,0.00,0.00,STATIONARY
350,-0.0209,0.0000,0.00,0.00,STATIONARY
359,-0.0178,0.0000,0.00,0.00,STATIONARY
370,-0.0121,0.0000,0.00,0.00,STATIONARY
380,-0.0235,0.0000,0.00,0.00,STATIONARY
390,-0.0244,0.0000,0.00,0.00,STATIONARY
400,-0.0113,0.0000,0.00,0.00,STATIONARY
410,-0.0167,0.0000,0.00,0.00,STATIONARY
420,-0.0055,0.0000,0.00,0.00,STATIONARY
429,-0.0278,0.0000,0.00,0.00,STATIONARY
440,-0.0146,0.0000,0.00,0.00,STATIONARY
450,-0.0222,0.0000,0.00,0.00,STATIONARY
460,-0.0056,0.0000,0.00,0.00,STATIONARY
470,-0.0143,0.0000,0.00,0.00,STATIONARY
480,-0.0310,0.0000,0.00,0.00,STATIONARY
490,-0.0156,0.0000,0.00,0.00,STATIONARY
499,-0.0135,0.0000,0.00,0.00,STATIONARY
510,-0.0006,0.0000,0.00,0.00,STATIONARY
520,-0.0143,0.0000,0.00,0.00,STATIONARY
530,-0.0179,0.0000,0.00,0.00,STATIONARY
540,-0.0211,0.0000,0.00,0.00,STATIONARY
550,-0.0114,0.0000,0.00,0.00,STATIONARY
560,-0.0118,0.0000,0.00,0.00,STATIONARY
569,-0.0013,0.0000,0.00,0.00,STATIONARY
580,-0.0018,0.0000,0.00,0.00,STATIONARY
590,-0.0168,0.0000,0.00,0.00,STATIONARY
600,-0.0138,0.0000,0.00,0.00,STATIONARY
610,-0.0150,0.0000,0.00,0.00,STATIONARY
620,-0.0107,0.0000,0.00,0.00,STATIONARY
630,-0.0113,0.0000,0.00,0.00,STATIONARY
640,-0.0167,0.0000,0.00,0.00,STATIONARY
649,-0.0024,0.0000,0.00,0.00,STATIONARY
660,-0.0167,0.0000,0.00,0.00,STATIONARY
670,-0.0240,0.0000,0.00,0.00,STATIONARY
680,-0.0413,0.0000,0.00,0.00,STATIONARY
690,-0.0295,0.0000,0.00,0.00,STATIONARY
700,-0.0198,0.0000,0.00,0.00,STATIONARY
710,-0.0312,0.0000,0.00,0.00,STATIONARY
719,-0.0218,0.0000,0.00,0.00,STATIONARY
730,-0.0056,0.0000,0.00,0.00,STATIONARY
740,-0.0133,0.0000,0.00,0.00,STATIONARY
750,-0.0074,0.0000,0.00,0.00,STATIONARY
760,-0.0161,0.0000,0.00,0.00,STATIONARY
769,-0.0190,0.0000,0.00,0.00,STATIONARY
780,-0.0050,0.0000,0.00,0.00,STATIONARY
789,-0.0025,0.0000,0.00,0.00,STATIONARY
800,0.0090,0.0000,0.00,0.00,STATIONARY
810,-0.0043,0.0000,0.00,0.00,STATIONARY
820,0.0002,0.0000,0.00,0.00,STATIONARY
830,0.0021,0.0000,0.00,0.00,STATIONARY
840,-0.0193,0.0000,0.00,0.00,STATIONARY
850,-0.0061,0.0000,0.00,0.00,STATIONARY
860,-0.0089,0.0000,0.00,0.00,STATIONARY
870,0.0026,0.0000,0.00,0.00,STATIONARY
880,-0.0136,0.0000,0.00,0.00,STATIONARY
890,-0.0112,0.0000,0.00,0.00,STATIONARY
900,-0.0127,0.0000,0.00,0.00,STATIONARY
910,-0.0065,0.0000,0.00,0.00,STATIONARY
920,-0.0190,0.0000,0.00,0.00,STATIONARY
929,-0.0181,0.0000,0.00,0.00,STATIONARY
940,-0.0062,0.0000,0.00,0.00,STATIONARY
950,-0.0098,0.0000,0.00,0.00,STATIONARY
960,-0.0102,0.0000,0.00,0.00,STATIONARY
970,-0.0067,0.0000,0.00,0.00,STATIONARY
980,-0.0155,0.0000,0.00,0.00,STATIONARY
990,0.0004,0.0000,0.00,0.00,STATIONARY
999,-0.0123,0.0000,0.00,0.00,STATIONARY
1010,0.0033,0.0000,0.00,0.00,STATIONARY
1020,-0.0052,0.0000,0.00,0.00,STATIONARY
1030,-0.0087,0.0000,0.00,0.00,STATIONARY
1040,0.0051,0.0000,0.00,0.00,STATIONARY
1050,-0.0093,0.0000,0.00,0.00,STATIONARY
1060,0.0066,0.0000,0.00,0.00,STATIONARY
1069,0.0065,0.0000,0.00,0.00,STATIONARY
1080,0.0051,0.0000,0.00,0.00,STATIONARY
1090,-0.0056,0.0000,0.00,0.00,STATIONARY
1100,-0.0231,0.0000,0.00,0.00,STATIONARY
1110,-0.0211,0.0000,0.00,0.00,STATIONARY
1120,-0.0361,0.0000,0.00,0.00,STATIONARY
1130,-0.0312,0.0000,0.00,0.00,STATIONARY
1139,-0.0346,0.0000,0.00,0.00,STATIONARY
1149,-0.0171,0.0000,0.00,0.00,STATIONARY
1160,-0.0191,0.0000,0.00,0.00,STATIONARY
1170,0.0031,0.0000,0.00,0.00,STATIONARY
1180,-0.0040,0.0000,0.00,0.00,STATIONARY
1190,-0.0111,0.0000,0.00,0.00,STATIONARY
1200,0.0008,0.0000,0.00,0.00,STATIONARY
1209,0.0166,0.0000,0.00,0.00,STATIONARY
1220,0.0092,0.0000,0.00,0.00,STATIONARY
1230,0.0014,0.0000,0.00,0.00,STATIONARY
1240,-0.0107,0.0000,0.00,0.00,STATIONARY
1249,-0.0119,0.0000,0.00,0.00,STATIONARY
1260,-0.0129,0.0000,0.00,0.00,STATIONARY
1269,-0.0273,0.0000,0.00,0.00,STATIONARY
1280,-0.0390,0.0000,0.00,0.00,STATIONARY
1290,-0.0297,0.0000,0.00,0.00,STATIONARY
1300,-0.0209,0.0000,0.00,0.00,STATIONARY
1310,-0.0250,0.0000,0.00,0.00,STATIONARY
1320,-0.0200,0.0000,0.00,0.00,STATIONARY
1330,-0.0016,0.0000,0.00,0.00,STATIONARY
1340,-0.0028,0.0000,0.00,0.00,STATIONARY
1350,-0.0035,0.0000,0.00,0.00,STATIONARY
1359,-0.0154,0.0000,0.00,0.00,STATIONARY
1370,0.0030,0.0000,0.00,0.00,STATIONARY
1380,0.0037,0.0000,0.00,0.00,STATIONARY
1390,-0.0130,0.0000,0.00,0.00,STATIONARY
1400,0.0016,0.0000,0.00,0.00,STATIONARY
1410,-0.0106,0.0000,0.00,0.00,STATIONARY
1420,-0.0150,0.0000,0.00,0.00,STATIONARY
1429,-0.0189,0.0000,0.00,0.00,STATIONARY
1440,-0.0290,0.0000,0.00,0.00,STATIONARY
1450,-0.0122,0.0000,0.00,0.00,STATIONARY
1460,-0.0363,0.0000,0.00,0.00,STATIONARY
1470,-0.0315,0.0000,0.00,0.00,STATIONARY
1480,-0.0243,0.0000,0.00,0.00,STATIONARY
1490,-0.0261,0.0000,0.00,0.00,STATIONARY
1499,-0.0135,0.0000,0.00,0.00,STATIONARY
1510,-0.0074,0.0000,0.00,0.00,STATIONARY
1520,0.0105,0.0000,0.00,0.00,STATIONARY
1530,-0.0018,0.0000,0.00,0.00,STATIONARY
1540,-0.0056,0.0000,0.00,0.00,STATIONARY
1550,0.0057,0.0000,0.00,0.00,STATIONARY
1560,-0.0162,0.0000,0.00,0.00,STATIONARY
1569,-0.0005,0.0000,0.00,0.00,STATIONARY
1579,-0.0265,0.0000,0.00,0.00,STATIONARY
1590,-0.0136,0.0000,0.00,0.00,STATIONARY
1600,-0.0184,0.0000,0.00,0.00,STATIONARY
1610,-0.0273,0.0000,0.00,0.00,STATIONARY
1620,-0.0159,0.0000,0.00,0.00,STATIONARY
1630,-0.0199,0.0000,0.00,0.00,STATIONARY
1639,-0.0166,0.0000,0.00,0.00,STATIONARY
1649,-0.0166,0.0000,0.00,0.00,STATIONARY
1660,-0.0204,0.0000,0.00,0.00,STATIONARY
1670,-0.0153,0.0000,0.00,0.00,STATIONARY
1680,-0.0067,0.0000,0.00,0.00,STATIONARY
1690,-0.0039,0.0000,0.00,0.00,STATIONARY
1700,-0.0177,0.0000,0.00,0.00,STATIONARY
1710,-0.0091,0.0000,0.00,0.00,STATIONARY
1719,-0.0122,0.0000,0.00,0.00,STATIONARY
1730,-0.0249,0.0000,0.00,0.00,STATIONARY
1740,-0.0140,0.0000,0.00,0.00,STATIONARY
1750,-0.0090,0.0000,0.00,0.00,STATIONARY
1760,-0.0193,0.0000,0.00,0.00,STATIONARY
1769,-0.0188,0.0000,0.00,0.00,STATIONARY
1780,-0.0254,0.0000,0.00,0.00,STATIONARY
1790,-0.0246,0.0000,0.00,0.00,STATIONARY
1800,-0.0193,0.0000,0.00,0.00,STATIONARY
1810,-0.0048,0.0000,0.00,0.00,STATIONARY
1820,-0.0200,0.0000,0.00,0.00,STATIONARY
1830,-0.0007,0.0000,0.00,0.00,STATIONARY
1840,-0.0125,0.0000,0.00,0.00,STATIONARY
1850,-0.0063,0.0000,0.00,0.00,STATIONARY
1859,-0.0157,0.0000,0.00,0.00,STATIONARY
1870,-0.0091,0.0000,0.00,0.00,STATIONARY
1880,-0.0240,0.0000,0.00,0.00,STATIONARY
1890,-0.0317,0.0000,0.00,0.00,STATIONARY
1900,-0.0257,0.0000,0.00,0.00,STATIONARY
1910,-0.0206,0.0000,0.00,0.00,STATIONARY
1920,-0.0264,0.0000,0.00,0.00,STATIONARY
1929,-0.0126,0.0000,0.00,0.00,STATIONARY
1940,-0.0176,0.0000,0.00,0.00,STATIONARY
1950,-0.0084,0.0000,0.00,0.00,STATIONARY
1960,-0.0156,0.0000,0.00,0.00,STATIONARY
1970,-0.0237,0.0000,0.00,0.00,STATIONARY
1980,-0.0152,0.0000,0.00,0.00,STATIONARY
1990,-0.0147,0.0000,0.00,0.00,STATIONARY
2000,-0.0079,0.0000,0.00,0.00,STATIONARY
2010,-0.0160,0.0000,0.00,0.00,STATIONARY
2020,0.0011,0.0000,0.00,0.00,STATIONARY
2030,-0.0117,0.0000,0.00,0.00,STATIONARY
2040,-0.0177,0.0000,0.00,0.00,STATIONARY
2050,-0.0124,0.0000,0.00,0.00,STATIONARY
2060,-0.0387,0.0000,0.00,0.00,STATIONARY
2069,-0.0157,0.0000,0.00,0.00,STATIONARY
2079,-0.0240,0.0000,0.00,0.00,STATIONARY
2090,-0.0184,0.0000,0.00,0.00,STATIONARY
2100,-0.0160,0.0000,0.00,0.00,STATIONARY
2110,-0.0153,0.0000,0.00,0.00,STATIONARY
2120,0.0002,0.0000,0.00,0.00,STATIONARY
2130,-0.0120,0.0000,0.00,0.00,STATIONARY
2139,-0.0101,0.0000,0.00,0.00,STATIONARY
2149,-0.0055,0.0000,0.00,0.00,STATIONARY
2160,-0.0191,0.0000,0.00,0.00,STATIONARY
2170,-0.0186,0.0000,0.00,0.00,STATIONARY
2180,0.0002,0.0000,0.00,0.00,STATIONARY
2190,-0.0162,0.0000,0.00,0.00,STATIONARY
2200,-0.0246,0.0000,0.00,0.00,STATIONARY
2210,-0.0316,0.0000,0.00,0.00,STATIONARY
2219,-0.0283,0.0000,0.00,0.00,STATIONARY
2230,-0.0251,0.0000,0.00,0.00,STATIONARY
2240,-0.0254,0.0000,0.00,0.00,STATIONARY
2250,-0.0388,0.0000,0.00,0.00,STATIONARY
2260,-0.0284,0.0000,0.00,0.00,STATIONARY
2269,-0.0251,0.0000,0.00,0.00,STATIONARY
2280,-0.0265,0.0000,0.00,0.00,STATIONARY
2289,-0.0254,0.0000,0.00,0.00,STATIONARY
2300,-0.0243,0.0000,0.00,0.00,STATIONARY
2310,-0.0191,0.0000,0.00,0.00,STATIONARY
2320,-0.0172,0.0000,0.00,0.00,STATIONARY
2330,-0.0289,0.0000,0.00,0.00,STATIONARY
2340,-0.0144,0.0000,0.00,0.00,STATIONARY
2350,-0.0230,0.0000,0.00,0.00,STATIONARY
2359,-0.0187,0.0000,0.00,0.00,STATIONARY
2370,-0.0070,0.0000,0.00,0.00,STATIONARY
2380,-0.0225,0.0000,0.00,0.00,STATIONARY
2390,-0.0264,0.0000,0.00,0.00,STATIONARY
2400,-0.0217,0.0000,0.00,0.00,STATIONARY
2410,-0.0181,0.0000,0.00,0.00,STATIONARY
2420,-0.0263,0.0000,0.00,0.00,STATIONARY
2429,-0.0377,0.0000,0.00,0.00,STATIONARY
2440,-0.0206,0.0000,0.00,0.00,STATIONARY
2450,-0.0187,0.0000,0.00,0.00,STATIONARY
2460,-0.0135,0.0000,0.00,0.00,STATIONARY
2469,-0.0276,0.0000,0.00,0.00,STATIONARY
2480,-0.0187,0.0000,0.00,0.00,STATIONARY
2490,-0.0221,0.0000,0.00,0.00,STATIONARY
2500,-0.0224,0.0000,0.00,0.00,STATIONARY
2510,-0.0271,0.0000,0.00,0.00,STATIONARY
2520,-0.0211,0.0000,0.00,0.00,STATIONARY
2530,-0.0193,0.0000,0.00,0.00,STATIONARY
2540,-0.0302,0.0000,0.00,0.00,STATIONARY
2550,-0.0341,0.0000,0.00,0.00,STATIONARY
2559,-0.0245,0.0000,0.00,0.00,STATIONARY
2570,-0.0275,0.0000,0.00,0.00,STATIONARY
2579,-0.0200,0.0000,0.00,0.00,STATIONARY
2590,-0.0164,0.0000,0.00,0.00,STATIONARY
2600,-0.0249,0.0000,0.00,0.00,STATIONARY
2610,-0.0210,0.0000,0.00,0.00,STATIONARY
2620,-0.0198,0.0000,0.00,0.00,STATIONARY
2630,-0.0136,0.0000,0.00,0.00,STATIONARY
2640,-0.0241,0.0000,0.00,0.00,STATIONARY
2650,-0.0282,0.0000,0.00,0.00,STATIONARY
2660,-0.0218,0.0000,0.00,0.00,STATIONARY
2670,-0.0236,0.0000,0.00,0.00,STATIONARY
2680,-0.0208,0.0000,0.00,0.00,STATIONARY
2690,-0.0304,0.0000,0.00,0.00,STATIONARY
2700,-0.0226,0.0000,0.00,0.00,STATIONARY
2710,-0.0206,0.0000,0.00,0.00,STATIONARY
2719,-0.0213,0.0000,0.00,0.00,STATIONARY
2730,-0.0187,0.0000,0.00,0.00,STATIONARY
2740,-0.0268,0.0000,0.00,0.00,STATIONARY
2750,-0.0152,0.0000,0.00,0.00,STATIONARY
2760,-0.0245,0.0000,0.00,0.00,STATIONARY
2769,-0.0182,0.0000,0.00,0.00,STATIONARY
2780,-0.0262,0.0000,0.00,0.00,STATIONARY
2790,-0.0357,0.0000,0.00,0.00,STATIONARY
2800,-0.0285,0.0000,0.00,0.00,STATIONARY
2810,-0.0346,0.0000,0.00,0.00,STATIONARY
2820,-0.0366,0.0000,0.00,0.00,STATIONARY
2830,-0.0355,0.0000,0.00,0.00,STATIONARY
2840,-0.0105,0.0000,0.00,0.00,STATIONARY
2850,-0.0314,0.0000,0.00,0.00,STATIONARY
2859,-0.0375,0.0000,0.00,0.00,STATIONARY
2870,-0.0267,0.0000,0.00,0.00,STATIONARY
2880,-0.0126,0.0000,0.00,0.00,STATIONARY
2889,-0.0174,0.0000,0.00,0.00,STATIONARY
2900,-0.0263,0.0000,0.00,0.00,STATIONARY
2910,-0.0294,0.0000,0.00,0.00,STATIONARY
2920,-0.0323,0.0000,0.00,0.00,STATIONARY
2930,-0.0349,0.0000,0.00,0.00,STATIONARY
2940,-0.0373,0.0000,0.00,0.00,STATIONARY
2950,-0.0243,0.0000,0.00,0.00,STATIONARY
2960,-0.0284,0.0000,0.00,0.00,STATIONARY
2970,-0.0269,0.0000,0.00,0.00,STATIONARY
2980,-0.0322,0.0000,0.00,0.00,STATIONARY
2990,-0.0329,0.0000,0.00,0.00,STATIONARY
2999,-0.0283,0.0000,0.00,0.00,STATIONARY
3010,-0.0235,0.0000,0.00,0.00,STATIONARY
3020,-0.0281,0.0000,0.00,0.00,STATIONARY
3030,-0.0200,0.0000,0.00,0.00,STATIONARY
3040,-0.0181,0.0000,0.00,0.00,STATIONARY
3050,-0.0226,0.0000,0.00,0.00,STATIONARY
3060,-0.0274,0.0000,0.00,0.00,STATIONARY
3069,-0.0248,0.0000,0.00,0.00,STATIONARY
3079,-0.0306,0.0000,0.00,0.00,STATIONARY
3090,-0.0282,0.0000,0.00,0.00,STATIONARY
3100,-0.0305,0.0000,0.00,0.00,STATIONARY
3110,-0.0255,0.0000,0.00,0.00,STATIONARY
3120,-0.0187,0.0000,0.00,0.00,STATIONARY
3130,-0.0212,0.0000,0.00,0.00,STATIONARY
3140,-0.0205,0.0000,0.00,0.00,STATIONARY
3149,-0.0026,0.0000,0.00,0.00,STATIONARY
3160,-0.0299,0.0000,0.00,0.00,STATIONARY
3170,-0.0015,0.0000,0.00,0.00,STATIONARY
3180,-0.0188,0.0000,0.00,0.00,STATIONARY
3190,-0.0225,0.0000,0.00,0.00,STATIONARY
3200,-0.0210,0.0000,0.00,0.00,STATIONARY
3210,-0.0307,0.0000,0.00,0.00,STATIONARY
3220,-0.0295,0.0000,0.00,0.00,STATIONARY
3230,-0.0160,0.0000,0.00,0.00,STATIONARY
3240,-0.0268,0.0000,0.00,0.00,STATIONARY
3250,-0.0086,0.0000,0.00,0.00,STATIONARY
3260,-0.0225,0.0000,0.00,0.00,STATIONARY
3270,-0.0028,0.0000,0.00,0.00,STATIONARY
3280,-0.0220,0.0000,0.00,0.00,STATIONARY
3289,-0.0175,0.0000,0.00,0.00,STATIONARY
3300,-0.0250,0.0000,0.00,0.00,STATIONARY
3310,-0.0079,0.0000,0.00,0.00,STATIONARY
3320,-0.0238,0.0000,0.00,0.00,STATIONARY
3330,-0.0305,0.0000,0.00,0.00,STATIONARY
3340,-0.0254,0.0000,0.00,0.00,STATIONARY
3350,-0.0392,0.0000,0.00,0.00,STATIONARY
3359,-0.0256,0.0000,0.00,0.00,STATIONARY
3370,-0.0354,0.0000,0.00,0.00,STATIONARY
3380,-0.0419,0.0000,0.00,0.00,STATIONARY
3390,-0.0193,0.0000,0.00,0.00,STATIONARY
3400,-0.0447,0.0000,0.00,0.00,STATIONARY
3410,-0.0281,0.0000,0.00,0.00,STATIONARY
3420,-0.0194,0.0000,0.00,0.00,STATIONARY
3429,-0.0066,0.0000,0.00,0.00,STATIONARY
3440,-0.0112,0.0000,0.00,0.00,STATIONARY
3450,-0.0183,0.0000,0.00,0.00,STATIONARY
3460,-0.0181,0.0000,0.00,0.00,STATIONARY
3469,-0.0209,0.0000,0.00,0.00,STATIONARY
3480,-0.0374,0.0000,0.00,0.00,STATIONARY
3490,-0.0441,0.0000,0.00,0.00,STATIONARY
3500,-0.0232,0.0000,0.00,0.00,STATIONARY
3510,-0.0452,0.0000,0.00,0.00,STATIONARY
3520,-0.0197,0.0000,0.00,0.00,STATIONARY
3530,-0.0466,0.0000,0.00,0.00,STATIONARY
3540,-0.0115,0.0000,0.00,0.00,STATIONARY
3550,-0.0284,0.0000,0.00,0.00,STATIONARY
3560,-0.0073,0.0000,0.00,0.00,STATIONARY
3570,-0.0222,0.0000,0.00,0.00,STATIONARY
3579,-0.0191,0.0000,0.00,0.00,STATIONARY
3590,-0.0217,0.0000,0.00,0.00,STATIONARY
3600,-0.0129,0.0000,0.00,0.00,STATIONARY
3610,-0.0227,0.0000,0.00,0.00,STATIONARY
3620,-0.0207,0.0000,0.00,0.00,STATIONARY
3630,-0.0227,0.0000,0.00,0.00,STATIONARY
3640,-0.0283,0.0000,0.00,0.00,STATIONARY
3649,-0.0331,0.0000,0.00,0.00,STATIONARY
3660,-0.0121,0.0000,0.00,0.00,STATIONARY
3670,-0.0209,0.0000,0.00,0.00,STATIONARY
3680,-0.0142,0.0000,0.00,0.00,STATIONARY
3690,-0.0173,0.0000,0.00,0.00,STATIONARY
3700,-0.0062,0.0000,0.00,0.00,STATIONARY
3710,-0.0286,0.0000,0.00,0.00,STATIONARY
3719,-0.0138,0.0000,0.00,0.00,STATIONARY
3730,-0.0229,0.0000,0.00,0.00,STATIONARY
3740,-0.0249,0.0000,0.00,0.00,STATIONARY
3750,-0.0319,0.0000,0.00,0.00,STATIONARY
3760,-0.0123,0.0000,0.00,0.00,STATIONARY
3769,-0.0317,0.0000,0.00,0.00,STATIONARY
3780,-0.0312,0.0000,0.00,0.00,STATIONARY
3789,-0.0176,0.0000,0.00,0.00,STATIONARY
3800,-0.0123,0.0000,0.00,0.00,STATIONARY
3810,-0.0362,0.0000,0.00,0.00,STATIONARY
3820,-0.0467,0.0000,0.00,0.00,STATIONARY
3830,-0.0376,0.0000,0.00,0.00,STATIONARY
3840,-0.0766,0.0000,0.00,0.00,STATIONARY
3850,-0.0518,0.0000,0.00,0.00,STATIONARY
3860,-0.0728,0.0000,0.00,0.00,STATIONARY
3870,-0.1005,0.0000,0.00,0.00,STATIONARY
3880,-0.0991,0.0000,0.00,0.00,STATIONARY
3889,-0.1103,0.0000,-0.99,-0.24,STATIONARY
3900,-0.0804,0.0000,-0.99,-0.42,STATIONARY
3910,-0.1203,0.0000,-1.80,-0.75,STATIONARY
3920,-0.1053,0.0000,-1.80,-1.00,STATIONARY
3929,-0.1004,0.0000,-1.80,-1.19,STATIONARY
3940,-0.0890,0.0000,-1.80,-1.33,STATIONARY
3950,-0.0949,0.0000,-1.80,-1.44,STATIONARY
3960,-0.0914,0.0000,-1.80,-1.53,STATIONARY
3970,-0.0976,0.0000,-1.80,-1.59,STATIONARY
3980,-0.1082,0.0000,-5.53,-2.53,STATIONARY
3990,-0.1261,0.0000,-5.53,-3.25,STATIONARY
3999,-0.1310,0.0000,-5.53,-3.79,STATIONARY
4010,-0.1099,0.0000,-10.28,-5.34,STATIONARY
4020,-0.1368,-0.1368,-11.65,-6.85,STATIONARY
4030,-0.1266,-0.1266,-12.91,-8.30,STATIONARY
4040,-0.1544,-0.1544,-14.45,-9.77,STATIONARY
4050,-0.1383,-0.1383,-15.84,-11.22,STATIONARY
4060,-0.1433,-0.1433,-17.27,-12.67,STATIONARY
4069,-0.1386,-0.1386,-18.66,-14.10,STATIONARY
4079,-0.1526,-0.1526,-20.18,-15.55,STATIONARY
4090,-0.1390,-0.1390,-21.57,-16.99,STATIONARY
4100,-0.1503,-0.1503,-23.08,-18.45,STATIONARY
4110,-0.1572,-0.1572,-24.65,-19.93,STATIONARY
4120,-0.1473,-0.1473,-26.12,-21.41,STATIONARY
4130,-0.1334,-0.1334,-27.46,-22.86,STATIONARY
4140,-0.1527,-0.1527,-28.98,-24.32,STATIONARY
4149,-0.1470,-0.1470,-30.45,-25.79,STATIONARY
4160,-0.1362,-0.1362,-31.82,-27.23,STATIONARY
4170,-0.1376,-0.1376,-33.19,-28.65,STATIONARY
4180,-0.1559,-0.1559,-34.75,-30.11,STATIONARY
4190,-0.1539,-0.1539,-36.29,-31.59,STATIONARY
4200,-0.1522,-0.1522,-37.81,-33.08,STATIONARY
4210,-0.1492,-0.1492,-39.30,-34.56,STATIONARY
4219,-0.1624,-0.1624,-40.93,-36.08,STATIONARY
4230,-0.1403,-0.1403,-42.33,-37.58,DOWN
4240,-0.1692,-0.1692,-44.02,-39.12,DOWN
4250,-0.1587,-0.1587,-45.61,-40.67,DOWN
4260,-0.1714,-0.1714,-47.32,-42.26,DOWN
4269,-0.1761,-0.1761,-49.08,-43.89,DOWN
4280,-0.1752,-0.1752,-50.84,-45.55,DOWN
4290,-0.1815,-0.1815,-52.65,-47.25,DOWN
4300,-0.1759,-0.1759,-54.41,-48.96,DOWN
4310,-0.1830,-0.1830,-56.24,-50.70,DOWN
4320,-0.1807,-0.1807,-58.05,-52.46,DOWN
4330,-0.1745,-0.1745,-59.79,-54.21,DOWN
4340,-0.1671,-0.1671,-61.46,-55.94,DOWN
4350,-0.1826,-0.1826,-63.29,-57.70,DOWN
4359,-0.1755,-0.1755,-65.04,-59.46,DOWN
4370,-0.1767,-0.1767,-66.81,-61.21,DOWN
4380,-0.1987,-0.1987,-68.80,-63.03,DOWN
4390,-0.1969,-0.1969,-70.77,-64.88,DOWN
4400,-0.2084,-0.2084,-72.85,-66.78,DOWN
4410,-0.1963,-0.1963,-74.81,-68.70,DOWN
4420,-0.2186,-0.2186,-77.00,-70.69,DOWN
4429,-0.2224,-0.2224,-79.22,-72.73,DOWN
4440,-0.2390,-0.2390,-81.61,-74.85,DOWN
4450,-0.2470,-0.2470,-84.08,-77.06,DOWN
4460,-0.2667,-0.2667,-86.75,-79.38,DOWN
4469,-0.2888,-0.2888,-89.64,-81.83,DOWN
4480,-0.2900,-0.2900,-92.54,-84.39,DOWN
4489,-0.3010,-0.3010,-95.55,-87.06,DOWN
4500,-0.3045,-0.3045,-98.59,-89.81,DOWN
4509,-0.3173,-0.3173,-101.76,-92.67,DOWN
4520,-0.3239,-0.3239,-105.00,-95.62,DOWN
4530,-0.3378,-0.3378,-108.38,-98.67,DOWN
4540,-0.3365,-0.3365,-111.75,-101.80,DOWN
4550,-0.3547,-0.3547,-115.29,-105.02,DOWN
4560,-0.3607,-0.3607,-118.90,-108.34,DOWN
4569,-0.3669,-0.3669,-122.57,-111.74,DOWN
4580,-0.3618,-0.3618,-126.19,-115.20,DOWN
4590,-0.3461,-0.3461,-129.65,-118.65,DOWN
4600,-0.3722,-0.3722,-133.37,-122.17,DOWN
4610,-0.3678,-0.3678,-137.05,-125.73,DOWN
4620,-0.3763,-0.3763,-140.81,-129.33,DOWN
4630,-0.3562,-0.3562,-144.37,-132.93,DOWN
4640,-0.3604,-0.3604,-147.98,-136.53,DOWN
4649,-0.3618,-0.3618,-151.60,-140.13,DOWN
4660,-0.3586,-0.3586,-155.18,-143.73,DOWN
4670,-0.3705,-0.3705,-158.89,-147.35,DOWN
4680,-0.3728,-0.3728,-162.62,-151.00,DOWN
4690,-0.3747,-0.3747,-166.36,-154.67,DOWN
4700,-0.3856,-0.3856,-170.22,-158.39,DOWN
4710,-0.3977,-0.3977,-174.20,-162.17,DOWN
4719,-0.4051,-0.4051,-178.25,-166.01,DOWN
4730,-0.4177,-0.4177,-182.43,-169.94,DOWN
4740,-0.3914,-0.3914,-186.34,-173.86,DOWN
4750,-0.3926,-0.3926,-190.27,-177.78,DOWN
4760,-0.4165,-0.4165,-194.43,-181.76,DOWN
4769,-0.4075,-0.4075,-198.50,-185.76,DOWN
4780,-0.4314,-0.4314,-202.82,-189.84,DOWN
4789,-0.4390,-0.4390,-207.21,-193.99,DOWN
4800,-0.4039,-0.4039,-211.25,-198.12,DOWN
4810,-0.4166,-0.4166,-215.41,-202.25,DOWN
4820,-0.4286,-0.4286,-219.70,-206.42,DOWN
4830,-0.4481,-0.4481,-224.18,-210.67,DOWN
4840,-0.4420,-0.4420,-228.60,-214.95,DOWN
4850,-0.4369,-0.4369,-232.97,-219.26,DOWN
4860,-0.4339,-0.4339,-237.31,-223.58,DOWN
4870,-0.4306,-0.4306,-241.61,-227.89,DOWN
4880,-0.4506,-0.4506,-246.12,-232.25,DOWN
4890,-0.4553,-0.4553,-250.67,-236.65,DOWN
4900,-0.4425,-0.4425,-255.10,-241.06,DOWN
4910,-0.4472,-0.4472,-259.57,-245.49,DOWN
4920,-0.4532,-0.4532,-264.10,-249.94,DOWN
4930,-0.4407,-0.4407,-268.51,-254.38,DOWN
4940,-0.4573,-0.4573,-273.08,-258.85,DOWN
4950,-0.4551,-0.4551,-277.63,-263.34,DOWN
4960,-0.4583,-0.4583,-282.22,-267.85,DOWN
4970,-0.4798,-0.4798,-287.01,-272.43,DOWN
4980,-0.4775,-0.4775,-291.79,-277.06,DOWN
4990,-0.4718,-0.4718,-296.51,-281.71,DOWN
4999,-0.4851,-0.4851,-301.36,-286.40,DOWN
5009,-0.4830,-0.4830,-306.19,-291.13,DOWN
5020,-0.4854,-0.4854,-311.04,-295.89,DOWN
5030,-0.4823,-0.4823,-315.86,-300.67,DOWN
5040,-0.4664,-0.4664,-320.53,-305.41,DOWN
5050,-0.4834,-0.4834,-325.36,-310.18,DOWN
5060,-0.4795,-0.4795,-330.16,-314.96,DOWN
5069,-0.4803,-0.4803,-334.96,-319.74,DOWN
5079,-0.4873,-0.4873,-339.83,-324.54,DOWN
5090,-0.4744,-0.4744,-344.58,-329.33,DOWN
5100,-0.5087,-0.5087,-349.66,-334.19,DOWN
5110,-0.5015,-0.5015,-354.68,-339.09,DOWN
5120,-0.5064,-0.5064,-359.74,-344.03,DOWN
5130,-0.5128,-0.5128,-364.87,-349.01,DOWN
5140,-0.5103,-0.5103,-369.97,-354.02,DOWN
5149,-0.5421,-0.5421,-375.39,-359.13,DOWN
5160,-0.5267,-0.5267,-380.66,-364.28,DOWN
5170,-0.5163,-0.5163,-385.83,-369.43,DOWN
5179,-0.5262,-0.5262,-391.09,-374.61,DOWN
5190,-0.5323,-0.5323,-396.41,-379.82,DOWN
5200,-0.5171,-0.5171,-401.58,-385.02,DOWN
5210,-0.5201,-0.5201,-406.78,-390.22,DOWN
5220,-0.5329,-0.5329,-412.11,-395.46,DOWN
5230,-0.5346,-0.5346,-417.46,-400.72,DOWN
5240,-0.5188,-0.5188,-422.65,-405.96,DOWN
5250,-0.5315,-0.5315,-427.96,-411.22,DOWN
5260,-0.5426,-0.5426,-433.39,-416.52,DOWN
5269,-0.5639,-0.5639,-439.02,-421.90,DOWN
5280,-0.5501,-0.5501,-444.53,-427.31,DOWN
5289,-0.5545,-0.5545,-450.07,-432.75,DOWN
5300,-0.5463,-0.5463,-455.53,-438.20,DOWN
5310,-0.5570,-0.5570,-461.10,-443.67,DOWN
5320,-0.5501,-0.5501,-466.61,-449.15,DOWN
5330,-0.5218,-0.5218,-471.82,-454.57,DOWN
5339,-0.5477,-0.5477,-477.30,-460.01,DOWN
5350,-0.5557,-0.5557,-482.86,-465.47,DOWN
5359,-0.5480,-0.5480,-488.34,-470.93,DOWN
5370,-0.5690,-0.5690,-494.03,-476.46,DOWN
5380,-0.5608,-0.5608,-499.64,-482.00,DOWN
5390,-0.5956,-0.5956,-505.59,-487.64,DOWN
5400,-0.5852,-0.5852,-511.44,-493.33,DOWN
5410,-0.5901,-0.5901,-517.34,-499.07,DOWN
5420,-0.5824,-0.5824,-523.17,-504.83,DOWN
5429,-0.5749,-0.5749,-528.92,-510.59,DOWN
5440,-0.5873,-0.5873,-534.79,-516.37,DOWN
5450,-0.5909,-0.5909,-540.70,-522.19,DOWN
5460,-0.5832,-0.5832,-546.53,-528.01,DOWN
5470,-0.6031,-0.6031,-552.56,-533.88,DOWN
5480,-0.5971,-0.5971,-558.53,-539.77,DOWN
5490,-0.6042,-0.6042,-564.57,-545.70,DOWN
5499,-0.6023,-0.6023,-570.60,-551.65,DOWN
5510,-0.6016,-0.6016,-576.61,-557.62,DOWN
5520,-0.5877,-0.5877,-582.49,-563.57,DOWN
5530,-0.6022,-0.6022,-588.51,-569.53,DOWN
5540,-0.5959,-0.5959,-594.47,-575.49,DOWN
5550,-0.6102,-0.6102,-600.57,-581.49,DOWN
5560,-0.6069,-0.6069,-606.64,-587.50,DOWN
5570,-0.6334,-0.6334,-612.98,-593.59,DOWN
5579,-0.6413,-0.6413,-619.39,-599.76,DOWN
5590,-0.6333,-0.6333,-625.72,-605.97,DOWN
5600,-0.6610,-0.6610,-632.33,-612.27,DOWN
5610,-0.6150,-0.6150,-638.48,-618.53,DOWN
5620,-0.6319,-0.6319,-644.80,-624.81,DOWN
5630,-0.6176,-0.6176,-650.98,-631.07,DOWN
5640,-0.6372,-0.6372,-657.35,-637.35,DOWN
5650,-0.6334,-0.6334,-663.68,-643.65,DOWN
5660,-0.6346,-0.6346,-670.03,-649.95,DOWN
5670,-0.6454,-0.6454,-676.48,-656.30,DOWN
5680,-0.6369,-0.6369,-682.85,-662.64,DOWN
5690,-0.6558,-0.6558,-689.41,-669.04,DOWN
5700,-0.6548,-0.6548,-695.96,-675.48,DOWN
5710,-0.6723,-0.6723,-702.69,-681.99,DOWN
5720,-0.6591,-0.6591,-709.27,-688.50,DOWN
5730,-0.6553,-0.6553,-715.83,-695.04,DOWN
5740,-0.6359,-0.6359,-722.19,-701.53,DOWN
5750,-0.6437,-0.6437,-728.62,-708.00,DOWN
5760,-0.6743,-0.6743,-735.36,-714.54,DOWN
5769,-0.6811,-0.6811,-742.17,-721.15,DOWN
5780,-0.7082,-0.7082,-749.26,-727.87,DOWN
5789,-0.6916,-0.6916,-756.17,-734.63,DOWN
5800,-0.7065,-0.7065,-763.24,-741.47,DOWN
5810,-0.6983,-0.6983,-770.22,-748.35,DOWN
5820,-0.7046,-0.7046,-777.27,-755.26,DOWN
5830,-0.7303,-0.7303,-784.57,-762.27,DOWN
5840,-0.7134,-0.7134,-791.70,-769.30,DOWN
5850,-0.7051,-0.7051,-798.76,-776.34,DOWN
5860,-0.6940,-0.6940,-805.69,-783.36,DOWN
5870,-0.7014,-0.7014,-812.71,-790.38,DOWN
5880,-0.6952,-0.6952,-819.66,-797.38,DOWN
5890,-0.7072,-0.7072,-826.73,-804.40,DOWN
5900,-0.7043,-0.7043,-833.78,-811.42,DOWN
5910,-0.6782,-0.6782,-840.58,-818.40,DOWN
5920,-0.6991,-0.6991,-847.55,-825.36,DOWN
5929,-0.6871,-0.6871,-854.42,-832.30,DOWN
5940,-0.7139,-0.7139,-861.56,-839.30,DOWN
5950,-0.7087,-0.7087,-868.65,-846.31,DOWN
5960,-0.6750,-0.6750,-875.40,-853.27,DOWN
5970,-0.6437,-0.6437,-881.83,-860.10,DOWN
5980,-0.6771,-0.6771,-888.60,-866.91,DOWN
5990,-0.6752,-0.6752,-895.36,-873.71,DOWN
6000,-0.6354,-0.6354,-901.71,-880.40,DOWN
6009,-0.5909,-0.5909,-907.62,-886.91,DOWN
6020,-0.6005,-0.6005,-913.62,-893.30,DOWN
6030,-0.5896,-0.5896,-919.52,-899.57,DOWN
6039,-0.5843,-0.5843,-925.36,-905.73,DOWN
6050,-0.5766,-0.5766,-931.13,-911.80,DOWN
6060,-0.5321,-0.5321,-936.45,-917.70,DOWN
6070,-0.5136,-0.5136,-941.59,-923.41,DOWN
6080,-0.5180,-0.5180,-946.77,-928.99,DOWN
6090,-0.5379,-0.5379,-952.15,-934.53,DOWN
6100,-0.5172,-0.5172,-957.32,-939.98,DOWN
6110,-0.4812,-0.4812,-962.13,-945.27,DOWN
6120,-0.4633,-0.4633,-966.76,-950.41,DOWN
6130,-0.4839,-0.4839,-971.60,-955.47,DOWN
6140,-0.4601,-0.4601,-976.20,-960.43,DOWN
6149,-0.4207,-0.4207,-980.41,-965.20,DOWN
6160,-0.3829,-0.3829,-984.24,-969.76,DOWN
6170,-0.4038,-0.4038,-988.28,-974.18,DOWN
6180,-0.4428,-0.4428,-992.70,-978.61,DOWN
6190,-0.3836,-0.3836,-996.54,-982.90,DOWN
6200,-0.3712,-0.3712,-1000.25,-987.05,DOWN
6210,-0.3244,-0.3244,-1003.50,-990.98,DOWN
6220,-0.3693,-0.3693,-1007.19,-994.85,DOWN
6230,-0.3714,-0.3714,-1010.90,-998.69,DOWN
6240,-0.3163,-0.3163,-1014.07,-1002.37,DOWN
6250,-0.3075,-0.3075,-1017.14,-1005.90,DOWN
6260,-0.3271,-0.3271,-1020.41,-1009.37,DOWN
6269,-0.3284,-0.3284,-1023.69,-1012.79,DOWN
6280,-0.3045,-0.3045,-1026.74,-1016.13,DOWN
6290,-0.2704,-0.2704,-1029.44,-1019.31,DOWN
6300,-0.2739,-0.2739,-1032.18,-1022.39,DOWN
6310,-0.2724,-0.2724,-1034.91,-1025.38,DOWN
6320,-0.2573,-0.2573,-1037.48,-1028.27,DOWN
6330,-0.2094,-0.2094,-1039.57,-1030.98,DOWN
6340,-0.1905,-0.1905,-1041.48,-1033.49,DOWN
6350,-0.2110,-0.2110,-1043.59,-1035.90,DOWN
6360,-0.1662,-0.1662,-1045.25,-1038.14,DOWN
6370,-0.1307,-0.1307,-1046.56,-1040.15,DOWN
6380,-0.1356,-0.1356,-1047.92,-1042.01,DOWN
6390,-0.1199,-0.1199,-1049.11,-1043.71,DOWN
6400,-0.1216,-0.1216,-1050.33,-1045.29,DOWN
6410,-0.0744,0.0000,-1050.33,-1046.49,DOWN
6420,-0.0637,0.0000,-1050.33,-1047.41,DOWN
6430,-0.0857,0.0000,-1050.33,-1048.11,DOWN
6440,-0.0748,0.0000,-1050.33,-1048.64,DOWN
6450,-0.0152,0.0000,-1050.33,-1049.04,DOWN
6460,0.0039,0.0000,-1050.33,-1049.35,DOWN
6470,-0.0381,0.0000,-1050.33,-1049.59,DOWN
6480,-0.0395,0.0000,-1050.33,-1049.76,DOWN
6490,0.0309,0.0000,-1050.33,-1049.90,DOWN
6500,0.0594,0.0000,-1050.33,-1050.00,DOWN
6510,0.0144,0.0000,-1050.33,-1050.08,DOWN
6520,0.0101,0.0000,-1050.33,-1050.14,DOWN
6530,0.0488,0.0000,-1050.33,-1050.19,DOWN
6540,0.0724,0.0000,-1050.33,-1050.22,DOWN
6550,0.0474,0.0000,-1050.33,-1050.25,DOWN
6560,0.0327,0.0000,-1050.33,-1050.27,DOWN
6570,0.0600,0.0000,-1050.33,-1050.28,DOWN
6579,0.0956,0.0000,-1050.33,-1050.29,DOWN
6590,0.0601,0.0000,-1050.33,-1050.30,DOWN
6600,0.0000,0.0000,-1050.33,-1050.31,DOWN
6610,0.0544,0.0000,-1050.33,-1050.31,DOWN
6620,0.0930,0.0000,-1050.33,-1050.32,DOWN
6630,0.0499,0.0000,-1050.33,-1050.32,DOWN
6640,0.0237,0.0000,-1050.33,-1050.32,DOWN
6649,0.0332,0.0000,-1050.33,-1050.33,DOWN
6660,0.0703,0.0000,-1050.33,-1050.33,DOWN
6670,0.0438,0.0000,-1050.33,-1050.33,DOWN
6680,-0.0035,0.0000,-1050.33,-1050.33,DOWN
6690,0.0343,0.0000,-1050.33,-1050.33,DOWN
6700,0.0637,0.0000,-1050.33,-1050.33,DOWN
6710,0.0469,0.0000,-1050.33,-1050.33,DOWN
6719,0.0039,0.0000,-1050.33,-1050.33,DOWN
6730,0.0205,0.0000,-1050.33,-1050.33,DOWN
6740,0.0714,0.0000,-1050.33,-1050.33,DOWN
6750,0.0614,0.0000,-1050.33,-1050.33,DOWN
6760,0.0195,0.0000,-1050.33,-1050.33,DOWN
6769,-0.0214,0.0000,-1050.33,-1050.33,DOWN
6780,0.0615,0.0000,-1050.33,-1050.33,DOWN
6790,0.0367,0.0000,-1050.33,-1050.33,DOWN
6800,-0.0242,0.0000,-1050.33,-1050.33,DOWN
6810,-0.0160,0.0000,-1050.33,-1050.33,DOWN
6820,0.0284,0.0000,-1050.33,-1050.33,DOWN
6830,0.0706,0.0000,-1050.33,-1050.33,DOWN
6840,0.0018,0.0000,-1050.33,-1050.33,DOWN
6850,-0.0104,0.0000,-1050.33,-1050.33,DOWN
6860,0.0415,0.0000,-1050.33,-1050.33,DOWN
6870,0.0573,0.0000,-1050.33,-1050.33,DOWN
6880,0.0088,0.0000,-1050.33,-1050.33,DOWN
6890,-0.0295,0.0000,-1050.33,-1050.33,DOWN
6900,0.0246,0.0000,-1050.33,-1050.33,DOWN
6910,0.0845,0.0000,-1050.33,-1050.33,DOWN
6920,0.0137,0.0000,-1050.33,-1050.33,DOWN
6929,-0.0486,0.0000,-1050.33,-1050.33,DOWN
6940,-0.0035,0.0000,-1050.33,-1050.33,DOWN
6950,0.0705,0.0000,-1050.33,-1050.33,DOWN
6960,0.0112,0.0000,-1050.33,-1050.33,DOWN
6970,-0.0325,0.0000,-1050.33,-1050.33,DOWN
6980,0.0165,0.0000,-1050.33,-1050.33,DOWN
6990,0.0709,0.0000,-1050.33,-1050.33,DOWN
7000,0.0372,0.0000,-1050.33,-1050.33,DOWN
7009,-0.0343,0.0000,-1050.33,-1050.33,DOWN
7020,-0.0274,0.0000,-1050.33,-1050.33,DOWN
7030,0.0544,0.0000,-1050.33,-1050.33,DOWN
7040,0.0298,0.0000,-1050.33,-1050.33,DOWN
7050,-0.0034,0.0000,-1050.33,-1050.33,DOWN
7060,0.0084,0.0000,-1050.33,-1050.33,DOWN
7070,0.0797,0.0000,-1050.33,-1050.33,DOWN
7079,0.0556,0.0000,-1050.33,-1050.33,DOWN
7090,0.0103,0.0000,-1050.33,-1050.33,DOWN
7100,-0.0174,0.0000,-1050.33,-1050.33,DOWN
7110,0.0532,0.0000,-1050.33,-1050.33,DOWN
7120,0.0171,0.0000,-1050.33,-1050.33,DOWN
7130,-0.0487,0.0000,-1050.33,-1050.33,DOWN
7140,-0.0183,0.0000,-1050.33,-1050.33,DOWN
7149,-0.0008,0.0000,-1050.33,-1050.33,DOWN
7160,0.0571,0.0000,-1050.33,-1050.33,DOWN
7170,-0.0304,0.0000,-1050.33,-1050.33,DOWN
7180,-0.0600,0.0000,-1050.33,-1050.33,DOWN
7190,-0.0036,0.0000,-1050.33,-1050.33,DOWN
7200,0.0133,0.0000,-1050.33,-1050.33,DOWN
7210,0.0123,0.0000,-1050.33,-1050.33,DOWN
7220,-0.0675,0.0000,-1050.33,-1050.33,DOWN
7230,-0.0111,0.0000,-1050.33,-1050.33,DOWN
7240,0.0421,0.0000,-1050.33,-1050.33,DOWN
7250,0.0324,0.0000,-1050.33,-1050.33,DOWN
7260,-0.0160,0.0000,-1050.33,-1050.33,DOWN
7269,-0.0184,0.0000,-1050.33,-1050.33,DOWN
7280,0.0379,0.0000,-1050.33,-1050.33,DOWN
7290,0.0542,0.0000,-1050.33,-1050.33,DOWN
7300,-0.0240,0.0000,-1050.33,-1050.33,DOWN
7310,-0.0080,0.0000,-1050.33,-1050.33,DOWN
7320,0.0393,0.0000,-1050.33,-1050.33,DOWN
7330,0.0145,0.0000,-1050.33,-1050.33,DOWN
7340,-0.0137,0.0000,-1050.33,-1050.33,DOWN
7350,-0.0543,0.0000,-1050.33,-1050.33,DOWN
7360,0.0098,0.0000,-1050.33,-1050.33,DOWN
7370,0.0320,0.0000,-1050.33,-1050.33,DOWN
7380,-0.0640,0.0000,-1050.33,-1050.33,DOWN
7390,-0.0619,0.0000,-1050.33,-1050.33,DOWN
7400,-0.0008,0.0000,-1050.33,-1050.33,DOWN
7410,0.0119,0.0000,-1050.33,-1050.33,DOWN
7420,-0.0080,0.0000,-1050.33,-1050.33,DOWN
7429,-0.0474,0.0000,-1050.33,-1050.33,DOWN
7439,-0.0087,0.0000,-1050.33,-1050.33,DOWN
7450,0.0317,0.0000,-1050.33,-1050.33,DOWN
7460,0.0246,0.0000,-1050.33,-1050.33,DOWN
7470,-0.0037,0.0000,-1050.33,-1050.33,DOWN
7480,-0.0225,0.0000,-1050.33,-1050.33,DOWN
7490,0.0338,0.0000,-1050.33,-1050.33,DOWN
7500,0.0100,0.0000,-1050.33,-1050.33,DOWN
7510,-0.0143,0.0000,-1050.33,-1050.33,DOWN
7520,-0.0524,0.0000,-1050.33,-1050.33,DOWN
7530,-0.0468,0.0000,-1050.33,-1050.33,DOWN
7540,0.0003,0.0000,-1050.33,-1050.33,DOWN
7550,-0.0074,0.0000,-1050.33,-1050.33,DOWN
7560,-0.0577,0.0000,-1050.33,-1050.33,DOWN
7570,-0.0125,0.0000,-1050.33,-1050.33,DOWN
7579,0.0262,0.0000,-1050.33,-1050.33,DOWN
7590,-0.0001,0.0000,-1050.33,-1050.33,DOWN
7600,-0.0283,0.0000,-1050.33,-1050.33,DOWN
7610,-0.0441,0.0000,-1050.33,-1050.33,DOWN
7620,0.0398,0.0000,-1050.33,-1050.33,DOWN
7630,-0.0133,0.0000,-1050.33,-1050.33,DOWN
7640,-0.0316,0.0000,-1050.33,-1050.33,DOWN
7649,-0.0357,0.0000,-1050.33,-1050.33,DOWN
7660,-0.0199,0.0000,-1050.33,-1050.33,DOWN
7670,0.0159,0.0000,-1050.33,-1050.33,DOWN
7680,-0.0693,0.0000,-1050.33,-1050.33,DOWN
7690,-0.0592,0.0000,-1050.33,-1050.33,DOWN
7700,-0.0250,0.0000,-1050.33,-1050.33,DOWN
7710,-0.0390,0.0000,-1050.33,-1050.33,DOWN
7719,-0.0516,0.0000,-1050.33,-1050.33,DOWN
7730,-0.0823,0.0000,-1050.33,-1050.33,DOWN
7740,-0.0529,0.0000,-1050.33,-1050.33,DOWN
7750,-0.0072,0.0000,-1050.33,-1050.33,DOWN
7760,-0.0292,0.0000,-1050.33,-1050.33,DOWN
7769,-0.0666,0.0000,-1050.33,-1050.33,DOWN
7780,-0.0447,0.0000,-1050.33,-1050.33,DOWN
7790,0.0015,0.0000,-1050.33,-1050.33,DOWN
7800,-0.0259,0.0000,-1050.33,-1050.33,DOWN
7810,-0.0523,0.0000,-1050.33,-1050.33,DOWN
7820,-0.0553,0.0000,-1050.33,-1050.33,DOWN
7830,-0.0549,0.0000,-1050.33,-1050.33,DOWN
7840,-0.0264,0.0000,-1050.33,-1050.33,DOWN
7850,-0.0533,0.0000,-1050.33,-1050.33,DOWN
7859,-0.0909,0.0000,-1050.33,-1050.33,DOWN
7870,-0.0703,0.0000,-1050.33,-1050.33,DOWN
7880,-0.0253,0.0000,-1050.33,-1050.33,DOWN
7890,-0.0449,0.0000,-1050.33,-1050.33,DOWN
7900,-0.0705,0.0000,-1050.33,-1050.33,DOWN
7910,-0.0362,0.0000,-1050.33,-1050.33,DOWN
7920,0.0070,0.0000,-1050.33,-1050.33,DOWN
7930,-0.0275,0.0000,-1050.33,-1050.33,DOWN
7939,-0.0864,0.0000,-1050.33,-1050.33,DOWN
7950,-0.0823,0.0000,-1050.33,-1050.33,DOWN
7960,-0.0093,0.0000,-1050.33,-1050.33,DOWN
7970,-0.0260,0.0000,-1050.33,-1050.33,DOWN
7980,-0.0569,0.0000,-1050.33,-1050.33,DOWN
7990,-0.0733,0.0000,-1050.33,-1050.33,DOWN
8000,-0.0188,0.0000,-1050.33,-1050.33,DOWN
8009,-0.0202,0.0000,-1050.33,-1050.33,DOWN
8020,-0.0691,0.0000,-1050.33,-1050.33,DOWN
8030,-0.0939,0.0000,-1050.33,-1050.33,DOWN
8040,-0.0311,0.0000,-1050.33,-1050.33,DOWN
8050,-0.0307,0.0000,-1050.33,-1050.33,DOWN
8060,-0.0589,0.0000,-1050.33,-1050.33,DOWN
8070,-0.0967,0.0000,-1050.33,-1050.33,DOWN
8079,-0.0826,0.0000,-1050.33,-1050.33,DOWN
8090,-0.0476,0.0000,-1050.33,-1050.33,DOWN
8100,-0.0566,0.0000,-1050.33,-1050.33,DOWN
8110,-0.0887,0.0000,-1050.33,-1050.33,DOWN
8120,-0.0831,0.0000,-1050.33,-1050.33,DOWN
8130,-0.0274,0.0000,-1050.33,-1050.33,DOWN
8140,-0.0302,0.0000,-1050.33,-1050.33,DOWN
8149,-0.0841,0.0000,-1050.33,-1050.33,DOWN
8160,-0.0842,0.0000,-1050.33,-1050.33,DOWN
8170,-0.0614,0.0000,-1050.33,-1050.33,DOWN
8180,-0.0404,0.0000,-1050.33,-1050.33,DOWN
8190,-0.0811,0.0000,-1050.33,-1050.33,DOWN
8200,-0.1134,0.0000,-1050.33,-1050.33,DOWN
8210,-0.0366,0.0000,-1050.33,-1050.33,DOWN
8219,-0.0264,0.0000,-1050.33,-1050.33,DOWN
8230,-0.0728,0.0000,-1050.33,-1050.33,DOWN
8240,-0.1013,0.0000,-1051.69,-1050.66,DOWN
8250,-0.0664,0.0000,-1051.69,-1050.90,DOWN
8260,-0.0310,0.0000,-1051.69,-1051.09,DOWN
8269,-0.0705,0.0000,-1051.69,-1051.23,DOWN
8280,-0.1081,0.0000,-1053.37,-1051.74,DOWN
8290,-0.0827,0.0000,-1053.37,-1052.13,DOWN
8300,-0.0562,0.0000,-1053.37,-1052.43,DOWN
8310,-0.0590,0.0000,-1053.37,-1052.65,DOWN
8320,-0.0907,0.0000,-1053.37,-1052.82,DOWN
8330,-0.0805,0.0000,-1053.37,-1052.95,DOWN
8340,-0.0419,0.0000,-1053.37,-1053.05,DOWN
8350,-0.0412,0.0000,-1053.37,-1053.13,DOWN
8360,-0.0753,0.0000,-1053.37,-1053.19,DOWN
8370,-0.0861,0.0000,-1053.37,-1053.23,DOWN
8380,-0.0381,0.0000,-1053.37,-1053.26,DOWN
8390,-0.0357,0.0000,-1053.37,-1053.29,DOWN
8400,-0.0968,0.0000,-1053.37,-1053.31,DOWN
8410,-0.1210,0.0000,-1053.37,-1053.32,DOWN
8420,-0.0653,0.0000,-1053.37,-1053.33,DOWN
8429,-0.0443,0.0000,-1053.37,-1053.34,DOWN
8439,-0.0668,0.0000,-1053.37,-1053.35,DOWN
8450,-0.1026,0.0000,-1055.13,-1053.77,DOWN
8460,-0.1171,0.0000,-1055.13,-1054.10,DOWN
8470,-0.0505,0.0000,-1055.13,-1054.35,DOWN
8480,-0.0345,0.0000,-1055.13,-1054.53,DOWN
8489,-0.1040,0.0000,-1055.98,-1054.88,DOWN
8499,-0.0873,0.0000,-1055.98,-1055.14,DOWN
8510,-0.0651,0.0000,-1055.98,-1055.34,DOWN
8520,-0.0505,0.0000,-1055.98,-1055.50,DOWN
8530,-0.0509,0.0000,-1055.98,-1055.61,DOWN
8540,-0.0900,0.0000,-1055.98,-1055.70,DOWN
8550,-0.0278,0.0000,-1055.98,-1055.77,DOWN
8560,-0.0013,0.0000,-1055.98,-1055.82,DOWN
8570,-0.0471,0.0000,-1055.98,-1055.86,DOWN
8580,-0.1005,0.0000,-1060.18,-1056.89,DOWN
8590,-0.0844,0.0000,-1060.18,-1057.68,DOWN
8600,-0.0334,0.0000,-1060.18,-1058.28,DOWN
8609,-0.0918,0.0000,-1060.18,-1058.73,DOWN
8620,-0.1281,0.0000,-1062.28,-1059.58,DOWN
8630,-0.1257,0.0000,-1062.28,-1060.23,DOWN
8640,-0.0719,0.0000,-1062.28,-1060.72,DOWN
8649,-0.0752,0.0000,-1062.28,-1061.09,DOWN
8660,-0.1126,0.0000,-1063.75,-1061.73,DOWN
8670,-0.1050,0.0000,-1063.75,-1062.21,DOWN
8680,-0.0853,0.0000,-1063.75,-1062.58,DOWN
8690,-0.0589,0.0000,-1063.75,-1062.86,DOWN
8700,-0.0933,0.0000,-1063.75,-1063.07,DOWN
8710,-0.1173,0.0000,-1066.12,-1063.80,DOWN
8719,-0.0515,0.0000,-1066.12,-1064.36,DOWN
8730,-0.0481,0.0000,-1066.12,-1064.78,DOWN
8740,-0.0450,0.0000,-1066.12,-1065.10,DOWN
8750,-0.0933,0.0000,-1066.12,-1065.35,DOWN
8760,-0.0676,0.0000,-1066.12,-1065.53,DOWN
8769,-0.0405,0.0000,-1066.12,-1065.67,DOWN
8780,-0.0738,0.0000,-1066.12,-1065.78,DOWN
8790,-0.1063,0.0000,-1070.32,-1066.87,DOWN
8800,-0.0997,0.0000,-1070.32,-1067.69,DOWN
8810,-0.0641,0.0000,-1070.32,-1068.32,DOWN
8820,-0.0738,0.0000,-1070.32,-1068.80,DOWN
8830,-0.1082,0.0000,-1072.70,-1069.73,DOWN
8840,-0.1123,0.0000,-1072.70,-1070.44,DOWN
8850,-0.0822,0.0000,-1072.70,-1070.98,DOWN
8859,-0.0524,0.0000,-1072.70,-1071.39,DOWN
8870,-0.1053,0.0000,-1074.04,-1072.03,DOWN
8880,-0.1002,0.0000,-1074.04,-1072.51,DOWN
8890,-0.0421,0.0000,-1074.04,-1072.88,DOWN
8900,-0.0276,0.0000,-1074.04,-1073.15,DOWN
8910,-0.0556,0.0000,-1074.04,-1073.37,DOWN
8920,-0.0984,0.0000,-1074.04,-1073.53,DOWN
8929,-0.0391,0.0000,-1074.04,-1073.65,DOWN
8939,-0.0262,0.0000,-1074.04,-1073.75,DOWN
8950,-0.0582,0.0000,-1074.04,-1073.82,DOWN
8960,-0.0973,0.0000,-1074.04,-1073.87,DOWN
8970,-0.1051,0.0000,-1078.49,-1074.97,DOWN
8980,-0.0312,0.0000,-1078.49,-1075.81,DOWN
8990,-0.0780,0.0000,-1078.49,-1076.45,DOWN
9000,-0.1122,0.0000,-1079.58,-1077.20,DOWN
9009,-0.1023,0.0000,-1079.58,-1077.77,DOWN
9020,-0.0753,0.0000,-1079.58,-1078.20,DOWN
9030,-0.0465,0.0000,-1079.58,-1078.53,DOWN
9040,-0.1041,0.0000,-1080.80,-1079.07,DOWN
9050,-0.1148,0.0000,-1080.80,-1079.49,DOWN
9060,-0.0871,0.0000,-1080.80,-1079.80,DOWN
9070,-0.0366,0.0000,-1080.80,-1080.04,DOWN
9079,-0.0617,0.0000,-1080.80,-1080.22,DOWN
9090,-0.0989,0.0000,-1080.80,-1080.36,DOWN
9100,-0.0523,0.0000,-1080.80,-1080.46,DOWN
9110,-0.0444,0.0000,-1080.80,-1080.54,DOWN
9120,-0.0285,0.0000,-1080.80,-1080.61,DOWN
9130,-0.1204,0.0000,-1084.89,-1081.63,DOWN
9140,-0.0940,0.0000,-1084.89,-1082.41,DOWN
9149,-0.0614,0.0000,-1084.89,-1083.00,DOWN
9160,-0.0629,0.0000,-1084.89,-1083.46,DOWN
9170,-0.0668,0.0000,-1084.89,-1083.80,DOWN
9180,-0.0953,0.0000,-1084.89,-1084.06,DOWN
9190,-0.0809,0.0000,-1084.89,-1084.26,DOWN
9200,-0.0544,0.0000,-1084.89,-1084.41,DOWN
9210,-0.0792,0.0000,-1084.89,-1084.53,DOWN
9220,-0.0968,0.0000,-1084.89,-1084.61,DOWN
9230,-0.0911,0.0000,-1084.89,-1084.68,DOWN
9240,-0.0574,0.0000,-1084.89,-1084.73,DOWN
9250,-0.0626,0.0000,-1084.89,-1084.77,DOWN
9259,-0.0775,0.0000,-1084.89,-1084.80,DOWN
9269,-0.0779,0.0000,-1084.89,-1084.82,DOWN
9280,-0.0227,0.0000,-1084.89,-1084.84,DOWN
9289,-0.0389,0.0000,-1084.89,-1084.85,DOWN
9300,-0.0865,0.0000,-1084.89,-1084.86,DOWN
9310,-0.0769,0.0000,-1084.89,-1084.87,DOWN
9320,-0.0327,0.0000,-1084.89,-1084.88,DOWN
9330,-0.0384,0.0000,-1084.89,-1084.88,DOWN
9340,-0.0844,0.0000,-1084.89,-1084.88,DOWN
9350,-0.1006,0.0000,-1084.89,-1084.89,DOWN
9359,-0.0727,0.0000,-1084.89,-1084.89,DOWN
9370,-0.0285,0.0000,-1084.89,-1084.89,DOWN
9380,-0.0764,0.0000,-1084.89,-1084.89,DOWN
9390,-0.1388,0.0000,-1086.67,-1085.32,DOWN
9400,-0.0941,0.0000,-1086.67,-1085.64,DOWN
9410,-0.0490,0.0000,-1086.67,-1085.89,DOWN
9420,-0.0770,0.0000,-1086.67,-1086.07,DOWN
9429,-0.1024,0.0000,-1088.87,-1086.74,DOWN
9439,-0.0596,0.0000,-1088.87,-1087.25,DOWN
9450,-0.0187,0.0000,-1088.87,-1087.64,DOWN
9460,-0.0577,0.0000,-1088.87,-1087.93,DOWN
9470,-0.1044,0.0000,-1090.23,-1088.48,DOWN
9480,-0.0926,0.0000,-1090.23,-1088.90,DOWN
9490,-0.0136,0.0000,-1090.23,-1089.22,DOWN
9499,-0.0555,0.0000,-1090.23,-1089.46,DOWN
9510,-0.0785,0.0000,-1090.23,-1089.64,DOWN
9520,-0.0879,0.0000,-1090.23,-1089.78,DOWN
9530,-0.0587,0.0000,-1090.23,-1089.89,DOWN
9540,-0.0332,0.0000,-1090.23,-1089.97,DOWN
9549,-0.0768,0.0000,-1090.23,-1090.03,DOWN
9560,-0.1254,0.0000,-1095.20,-1091.27,DOWN
9570,-0.0820,0.0000,-1095.20,-1092.21,DOWN
9580,-0.0577,0.0000,-1095.20,-1092.92,DOWN
9590,-0.0756,0.0000,-1095.20,-1093.47,DOWN
9600,-0.0952,0.0000,-1095.20,-1093.88,DOWN
9610,-0.0700,0.0000,-1095.20,-1094.19,DOWN
9620,-0.0463,0.0000,-1095.20,-1094.43,DOWN
9630,-0.0371,0.0000,-1095.20,-1094.62,DOWN
9640,-0.0793,0.0000,-1095.20,-1094.75,DOWN
9649,-0.0830,0.0000,-1095.20,-1094.86,DOWN
9660,-0.0321,0.0000,-1095.20,-1094.94,DOWN
9670,-0.0509,0.0000,-1095.20,-1095.00,DOWN
9680,-0.0675,0.0000,-1095.20,-1095.05,DOWN
9690,-0.0985,0.0000,-1095.20,-1095.08,DOWN
9700,-0.0736,0.0000,-1095.20,-1095.11,DOWN
9710,-0.0574,0.0000,-1095.20,-1095.13,DOWN
9719,-0.0951,0.0000,-1095.20,-1095.15,DOWN
9730,-0.1136,0.0000,-1095.20,-1095.16,DOWN
9740,-0.1046,0.0000,-1095.20,-1095.17,DOWN
9750,-0.0404,0.0000,-1095.20,-1095.17,DOWN
9760,-0.0565,0.0000,-1095.20,-1095.18,DOWN
9769,-0.0960,0.0000,-1095.20,-1095.18,DOWN
9780,-0.0735,0.0000,-1095.20,-1095.19,DOWN
9789,-0.0383,0.0000,-1095.20,-1095.19,DOWN
9800,-0.0259,0.0000,-1095.20,-1095.19,DOWN
9810,-0.0809,0.0000,-1095.20,-1095.19,DOWN
9820,-0.1057,0.0000,-1099.31,-1096.18,DOWN
9830,-0.0522,0.0000,-1099.31,-1096.93,DOWN
9840,-0.0569,0.0000,-1099.31,-1097.50,DOWN
9850,-0.1018,0.0000,-1100.40,-1098.19,DOWN
9860,-0.0894,0.0000,-1100.40,-1098.72,DOWN
9870,-0.0559,0.0000,-1100.40,-1099.12,DOWN
9880,-0.0317,0.0000,-1100.40,-1099.43,DOWN
9890,-0.0671,0.0000,-1100.40,-1099.66,DOWN
9900,-0.0551,0.0000,-1100.40,-1099.84,DOWN
9910,-0.0639,0.0000,-1100.40,-1099.97,DOWN
9920,0.0031,0.0000,-1100.40,-1100.07,DOWN
9930,-0.0504,0.0000,-1100.40,-1100.15,DOWN
9940,-0.0832,0.0000,-1100.40,-1100.21,DOWN
9950,-0.0717,0.0000,-1100.40,-1100.26,DOWN
9960,-0.0417,0.0000,-1100.40,-1100.29,DOWN
9970,-0.0448,0.0000,-1100.40,-1100.32,DOWN
9980,-0.0914,0.0000,-1100.40,-1100.34,DOWN
9989,-0.1381,0.0000,-1100.40,-1100.35,DOWN
10000,-0.0556,0.0000,-1100.40,-1100.36,DOWN
10009,-0.0461,0.0000,-1100.40,-1100.37,DOWN
10020,-0.0938,0.0000,-1100.40,-1100.38,DOWN
10030,-0.1085,0.0000,-1102.36,-1100.85,DOWN
10040,-0.1008,0.0000,-1102.36,-1101.21,DOWN
10050,-0.0537,0.0000,-1102.36,-1101.49,DOWN
10060,-0.0895,0.0000,-1102.36,-1101.69,DOWN
10070,-0.0921,0.0000,-1102.36,-1101.85,DOWN
10079,-0.0986,0.0000,-1102.36,-1101.97,DOWN
10090,-0.0517,0.0000,-1102.36,-1102.06,DOWN
10100,-0.0433,0.0000,-1102.36,-1102.13,DOWN
10110,-0.0854,0.0000,-1102.36,-1102.19,DOWN
10120,-0.0307,0.0000,-1102.36,-1102.23,DOWN
10130,-0.0302,0.0000,-1102.36,-1102.26,DOWN
10140,-0.0254,0.0000,-1102.36,-1102.28,DOWN
10149,-0.0666,0.0000,-1102.36,-1102.30,DOWN
10160,-0.0732,0.0000,-1102.36,-1102.31,DOWN
10170,-0.0408,0.0000,-1102.36,-1102.32,DOWN
10180,-0.0352,0.0000,-1102.36,-1102.33,DOWN
10190,-0.0638,0.0000,-1102.36,-1102.34,DOWN
10200,-0.0981,0.0000,-1102.36,-1102.34,DOWN
10210,-0.0509,0.0000,-1102.36,-1102.35,DOWN
10219,-0.0396,0.0000,-1102.36,-1102.35,DOWN
10230,-0.0960,0.0000,-1102.36,-1102.35,DOWN
10240,-0.0801,0.0000,-1102.36,-1102.35,DOWN
10250,-0.0602,0.0000,-1102.36,-1102.35,DOWN
10260,-0.0402,0.0000,-1102.36,-1102.35,DOWN
10269,-0.0681,0.0000,-1102.36,-1102.35,DOWN
10280,-0.0891,0.0000,-1102.36,-1102.35,DOWN
10290,-0.0794,0.0000,-1102.36,-1102.35,DOWN
10300,-0.0383,0.0000,-1102.36,-1102.36,DOWN
10310,-0.0198,0.0000,-1102.36,-1102.36,DOWN
10320,-0.1041,0.0000,-1102.36,-1102.36,DOWN
10330,-0.0864,0.0000,-1102.36,-1102.36,DOWN
10340,-0.0626,0.0000,-1102.36,-1102.36,DOWN
10350,-0.0420,0.0000,-1102.36,-1102.36,DOWN
10360,-0.0664,0.0000,-1102.36,-1102.36,DOWN
10369,-0.0928,0.0000,-1102.36,-1102.36,DOWN
10380,-0.0457,0.0000,-1102.36,-1102.36,DOWN
10390,-0.0286,0.0000,-1102.36,-1102.36,DOWN
10400,-0.0505,0.0000,-1102.36,-1102.36,DOWN
10410,-0.0902,0.0000,-1102.36,-1102.36,DOWN
10420,-0.0464,0.0000,-1102.36,-1102.36,DOWN
10430,-0.0201,0.0000,-1102.36,-1102.36,DOWN
10439,-0.0777,0.0000,-1102.36,-1102.36,DOWN
10450,-0.1069,0.0000,-1102.36,-1102.36,DOWN
10460,-0.0896,0.0000,-1102.36,-1102.36,DOWN
10470,-0.0330,0.0000,-1102.36,-1102.36,DOWN
10480,-0.0451,0.0000,-1102.36,-1102.36,DOWN
10490,-0.0970,0.0000,-1102.36,-1102.36,DOWN
10500,-0.1070,0.0000,-1105.00,-1102.99,DOWN
10510,-0.0674,0.0000,-1105.00,-1103.47,DOWN
10520,-0.0601,0.0000,-1105.00,-1103.84,DOWN
10530,-0.1088,0.0000,-1106.28,-1104.42,DOWN
10540,-0.0916,0.0000,-1106.28,-1104.86,DOWN
10550,-0.0723,0.0000,-1106.28,-1105.20,DOWN
10560,-0.0377,0.0000,-1106.28,-1105.46,DOWN
10570,-0.0657,0.0000,-1106.28,-1105.65,DOWN
10580,-0.1045,0.0000,-1108.95,-1106.44,DOWN
10590,-0.0679,0.0000,-1108.95,-1107.04,DOWN
10600,-0.0092,0.0000,-1108.95,-1107.50,DOWN
10609,-0.0588,0.0000,-1108.95,-1107.85,DOWN
10620,-0.0763,0.0000,-1108.95,-1108.11,DOWN
10630,-0.0947,0.0000,-1108.95,-1108.31,DOWN
10640,-0.0701,0.0000,-1108.95,-1108.46,DOWN
10649,-0.0546,0.0000,-1108.95,-1108.58,DOWN
10660,-0.1001,0.0000,-1113.27,-1109.70,DOWN
10670,-0.1000,0.0000,-1113.27,-1110.55,DOWN
10680,-0.0428,0.0000,-1113.27,-1111.20,DOWN
10690,-0.0542,0.0000,-1113.27,-1111.69,DOWN
10700,-0.0734,0.0000,-1113.27,-1112.07,DOWN
10710,-0.1015,0.0000,-1115.97,-1113.00,DOWN
10720,-0.0456,0.0000,-1115.97,-1113.71,DOWN
10730,-0.0310,0.0000,-1115.97,-1114.25,DOWN
10740,-0.0666,0.0000,-1115.97,-1114.66,DOWN
10750,-0.1041,0.0000,-1117.40,-1115.32,DOWN
10760,-0.0540,0.0000,-1117.40,-1115.81,DOWN
10769,0.0043,0.0000,-1117.40,-1116.19,DOWN
10780,-0.0240,0.0000,-1117.40,-1116.48,DOWN
10789,-0.0799,0.0000,-1117.40,-1116.70,DOWN
10800,-0.0586,0.0000,-1117.40,-1116.87,DOWN
10810,-0.0360,0.0000,-1117.40,-1117.00,DOWN
10820,-0.0245,0.0000,-1117.40,-1117.09,DOWN
10830,-0.1096,0.0000,-1120.13,-1117.82,DOWN
10840,-0.0991,0.0000,-1120.13,-1118.37,DOWN
10850,-0.0725,0.0000,-1120.13,-1118.79,DOWN
10860,-0.0175,0.0000,-1120.13,-1119.11,DOWN
10869,-0.0658,0.0000,-1120.13,-1119.35,DOWN
10880,-0.1158,0.0000,-1122.68,-1120.15,DOWN
10890,-0.0479,0.0000,-1122.68,-1120.75,DOWN
10900,-0.0427,0.0000,-1122.68,-1121.21,DOWN
10910,-0.0585,0.0000,-1122.68,-1121.56,DOWN
10920,-0.0968,0.0000,-1122.68,-1121.83,DOWN
10929,-0.0877,0.0000,-1122.68,-1122.03,DOWN
10939,-0.0251,0.0000,-1122.68,-1122.19,DOWN
10950,-0.0479,0.0000,-1122.68,-1122.30,DOWN
10960,-0.0742,0.0000,-1122.68,-1122.39,DOWN
10970,-0.0816,0.0000,-1122.68,-1122.46,DOWN
10980,-0.0281,0.0000,-1122.68,-1122.51,DOWN
10990,-0.0329,0.0000,-1122.68,-1122.55,DOWN
11000,-0.1001,0.0000,-1122.68,-1122.58,DOWN
11009,-0.1013,0.0000,-1122.68,-1122.61,DOWN
11020,-0.0542,0.0000,-1122.68,-1122.62,DOWN
11030,-0.0310,0.0000,-1122.68,-1122.64,DOWN
11040,-0.0701,0.0000,-1122.68,-1122.65,DOWN
11050,-0.0722,0.0000,-1122.68,-1122.65,DOWN
11060,-0.0286,0.0000,-1122.68,-1122.66,DOWN
11070,-0.0142,0.0000,-1122.68,-1122.66,DOWN
11080,-0.0525,0.0000,-1122.68,-1122.67,DOWN
11090,-0.0918,0.0000,-1122.68,-1122.67,DOWN
11100,-0.0576,0.0000,-1122.68,-1122.67,DOWN
11110,-0.0169,0.0000,-1122.68,-1122.67,DOWN
11120,-0.0313,0.0000,-1122.68,-1122.68,DOWN
11130,-0.0900,0.0000,-1122.68,-1122.68,DOWN
11140,-0.0829,0.0000,-1122.68,-1122.68,DOWN
11149,-0.0236,0.0000,-1122.68,-1122.68,DOWN
11160,0.0014,0.0000,-1122.68,-1122.68,DOWN
11170,-0.0762,0.0000,-1122.68,-1122.68,DOWN
11180,-0.1071,0.0000,-1122.68,-1122.68,DOWN
11190,-0.0390,0.0000,-1122.68,-1122.68,DOWN
11200,-0.0143,0.0000,-1122.68,-1122.68,DOWN
11210,-0.0612,0.0000,-1122.68,-1122.68,DOWN
11219,-0.1073,0.0000,-1123.82,-1122.95,DOWN
11230,-0.0687,0.0000,-1123.82,-1123.16,DOWN
11240,-0.0218,0.0000,-1123.82,-1123.32,DOWN
11250,-0.0734,0.0000,-1123.82,-1123.44,DOWN
11260,-0.0942,0.0000,-1123.82,-1123.53,DOWN
11269,-0.0678,0.0000,-1123.82,-1123.60,DOWN
11280,-0.0177,0.0000,-1123.82,-1123.65,DOWN
11289,-0.0586,0.0000,-1123.82,-1123.70,DOWN
11300,-0.0844,0.0000,-1123.82,-1123.73,DOWN
11310,-0.0901,0.0000,-1123.82,-1123.75,DOWN
11320,-0.0544,0.0000,-1123.82,-1123.77,DOWN
11330,-0.0315,0.0000,-1123.82,-1123.78,DOWN
11340,-0.0818,0.0000,-1123.82,-1123.79,DOWN
11350,-0.0831,0.0000,-1123.82,-1123.80,DOWN
11360,-0.0458,0.0000,-1123.82,-1123.80,DOWN
11369,-0.0114,0.0000,-1123.82,-1123.81,DOWN
11380,-0.0404,0.0000,-1123.82,-1123.81,DOWN
11390,-0.0906,0.0000,-1123.82,-1123.82,DOWN
11400,-0.0794,0.0000,-1123.82,-1123.82,DOWN
11410,-0.0349,0.0000,-1123.82,-1123.82,DOWN
11420,-0.0639,0.0000,-1123.82,-1123.82,DOWN
11430,-0.0944,0.0000,-1123.82,-1123.82,DOWN
11439,-0.0885,0.0000,-1123.82,-1123.82,DOWN
11450,-0.0211,0.0000,-1123.82,-1123.82,DOWN
11460,-0.0425,0.0000,-1123.82,-1123.82,DOWN
11470,-0.0853,0.0000,-1123.82,-1123.82,DOWN
11480,-0.0848,0.0000,-1123.82,-1123.82,DOWN
11490,-0.0562,0.0000,-1123.82,-1123.82,DOWN
11500,-0.0393,0.0000,-1123.82,-1123.82,DOWN
11510,-0.0905,0.0000,-1123.82,-1123.82,DOWN
11520,-0.0972,0.0000,-1123.82,-1123.82,DOWN
11530,-0.0305,0.0000,-1123.82,-1123.82,DOWN
11540,-0.0252,0.0000,-1123.82,-1123.82,DOWN
11550,-0.0443,0.0000,-1123.82,-1123.82,DOWN
11560,-0.1123,0.0000,-1123.82,-1123.82,DOWN
11570,-0.0703,0.0000,-1123.82,-1123.82,DOWN
11579,-0.0345,0.0000,-1123.82,-1123.82,DOWN
11590,-0.0840,0.0000,-1123.82,-1123.82,DOWN
11600,-0.0985,0.0000,-1123.82,-1123.82,DOWN
11610,-0.0717,0.0000,-1123.82,-1123.82,DOWN
11620,-0.0114,0.0000,-1123.82,-1123.82,DOWN
11630,-0.0507,0.0000,-1123.82,-1123.82,DOWN
11640,-0.0955,0.0000,-1123.82,-1123.82,DOWN
11649,-0.0763,0.0000,-1123.82,-1123.82,DOWN
11660,-0.0407,0.0000,-1123.82,-1123.82,DOWN
11670,-0.0117,0.0000,-1123.82,-1123.82,DOWN
11680,-0.0827,0.0000,-1123.82,-1123.82,DOWN
11690,-0.1055,0.0000,-1123.82,-1123.82,DOWN
11700,-0.0755,0.0000,-1123.82,-1123.82,DOWN
11710,-0.0193,0.0000,-1123.82,-1123.82,DOWN
11719,-0.0693,0.0000,-1123.82,-1123.82,DOWN
11730,-0.0956,0.0000,-1123.82,-1123.82,DOWN
11740,-0.0591,0.0000,-1123.82,-1123.82,DOWN
11749,-0.0124,0.0000,-1123.82,-1123.82,DOWN
11760,-0.0522,0.0000,-1123.82,-1123.82,DOWN
11769,-0.1044,0.0000,-1127.66,-1124.74,DOWN
11780,-0.0701,0.0000,-1127.66,-1125.44,DOWN
11790,-0.0287,0.0000,-1127.66,-1125.97,DOWN
11800,-0.0359,0.0000,-1127.66,-1126.37,DOWN
11810,-0.0930,0.0000,-1127.66,-1126.68,DOWN
11820,-0.0747,0.0000,-1127.66,-1126.91,DOWN
11830,-0.0248,0.0000,-1127.66,-1127.09,DOWN
11840,-0.0333,0.0000,-1127.66,-1127.23,DOWN
11850,-0.0875,0.0000,-1127.66,-1127.33,DOWN
11860,-0.0936,0.0000,-1127.66,-1127.41,DOWN
11869,-0.0347,0.0000,-1127.66,-1127.47,DOWN
11880,-0.0333,0.0000,-1127.66,-1127.51,DOWN
11890,-0.1009,0.0000,-1127.66,-1127.55,DOWN
11900,-0.0993,0.0000,-1127.66,-1127.57,DOWN
11910,-0.0625,0.0000,-1127.66,-1127.59,DOWN
11920,-0.0396,0.0000,-1127.66,-1127.61,DOWN
11929,-0.0605,0.0000,-1127.66,-1127.62,DOWN
11939,-0.0823,0.0000,-1127.66,-1127.63,DOWN
11950,-0.0591,0.0000,-1127.66,-1127.64,DOWN
11960,-0.0162,0.0000,-1127.66,-1127.64,DOWN
11970,-0.0477,0.0000,-1127.66,-1127.65,DOWN
11980,-0.0952,0.0000,-1127.66,-1127.65,DOWN
11990,-0.0750,0.0000,-1127.66,-1127.65,DOWN
12000,-0.0543,0.0000,-1127.66,-1127.65,DOWN
12010,-0.0678,0.0000,-1127.66,-1127.65,DOWN
12020,-0.0849,0.0000,-1127.66,-1127.65,DOWN
12030,-0.0796,0.0000,-1127.66,-1127.65,DOWN
12040,-0.0460,0.0000,-1127.66,-1127.66,DOWN
12050,-0.0228,0.0000,-1127.66,-1127.66,DOWN
12060,-0.0762,0.0000,-1127.66,-1127.66,DOWN
12070,-0.0731,0.0000,-1127.66,-1127.66,DOWN
12079,-0.0287,0.0000,-1127.66,-1127.66,DOWN
12090,-0.0129,0.0000,-1127.66,-1127.66,DOWN
12100,-0.0336,0.0000,-1127.66,-1127.66,DOWN
12110,-0.0659,0.0000,-1127.66,-1127.66,DOWN
12120,-0.0784,0.0000,-1127.66,-1127.66,DOWN
12130,-0.0350,0.0000,-1127.66,-1127.66,DOWN
12140,-0.0346,0.0000,-1127.66,-1127.66,DOWN
12149,-0.0795,0.0000,-1127.66,-1127.66,DOWN
12160,-0.0589,0.0000,-1127.66,-1127.66,DOWN
12170,-0.0460,0.0000,-1127.66,-1127.66,DOWN
12180,-0.0617,0.0000,-1127.66,-1127.66,DOWN
12189,-0.0786,0.0000,-1127.66,-1127.66,DOWN
12200,-0.1143,0.0000,-1127.66,-1127.66,DOWN
12210,-0.0666,0.0000,-1127.66,-1127.66,DOWN
12219,-0.0349,0.0000,-1127.66,-1127.66,DOWN
12230,-0.0510,0.0000,-1127.66,-1127.66,DOWN
12240,-0.0803,0.0000,-1127.66,-1127.66,DOWN
12250,-0.0408,0.0000,-1127.66,-1127.66,DOWN
12260,-0.0358,0.0000,-1127.66,-1127.66,DOWN
12269,-0.0637,0.0000,-1127.66,-1127.66,DOWN
12280,-0.0566,0.0000,-1127.66,-1127.66,DOWN
12290,-0.0528,0.0000,-1127.66,-1127.66,DOWN
12300,-0.0210,0.0000,-1127.66,-1127.66,DOWN
12310,-0.0393,0.0000,-1127.66,-1127.66,DOWN
12320,-0.0775,0.0000,-1127.66,-1127.66,DOWN
12330,-0.0656,0.0000,-1127.66,-1127.66,DOWN
12340,-0.0339,0.0000,-1127.66,-1127.66,DOWN
12350,-0.0318,0.0000,-1127.66,-1127.66,DOWN
12360,-0.0585,0.0000,-1127.66,-1127.66,DOWN
12369,-0.0885,0.0000,-1127.66,-1127.66,DOWN
12380,-0.0626,0.0000,-1127.66,-1127.66,DOWN
12390,-0.0336,0.0000,-1127.66,-1127.66,DOWN
12400,-0.0788,0.0000,-1127.66,-1127.66,DOWN
12410,-0.0887,0.0000,-1127.66,-1127.66,DOWN
12420,-0.0932,0.0000,-1127.66,-1127.66,DOWN
12430,-0.0474,0.0000,-1127.66,-1127.66,DOWN
12440,-0.0513,0.0000,-1127.66,-1127.66,DOWN
12450,-0.0799,0.0000,-1127.66,-1127.66,DOWN
12460,-0.0391,0.0000,-1127.66,-1127.66,DOWN
12470,-0.0497,0.0000,-1127.66,-1127.66,DOWN
12480,-0.0361,0.0000,-1127.66,-1127.66,DOWN
12490,-0.0609,0.0000,-1127.66,-1127.66,DOWN
12500,-0.0470,0.0000,-1127.66,-1127.66,DOWN
12510,-0.0250,0.0000,-1127.66,-1127.66,DOWN
12520,-0.0902,0.0000,-1127.66,-1127.66,DOWN
12530,-0.0579,0.0000,-1127.66,-1127.66,DOWN
12540,-0.0592,0.0000,-1127.66,-1127.66,DOWN
12550,-0.0470,0.0000,-1127.66,-1127.66,DOWN
12560,-0.0226,0.0000,-1127.66,-1127.66,DOWN
12570,-0.0621,0.0000,-1127.66,-1127.66,DOWN
12580,-0.0781,0.0000,-1127.66,-1127.66,DOWN
12590,-0.0614,0.0000,-1127.66,-1127.66,DOWN
12600,-0.0484,0.0000,-1127.66,-1127.66,DOWN
12610,-0.0547,0.0000,-1127.66,-1127.66,DOWN
12620,-0.0852,0.0000,-1127.66,-1127.66,DOWN
12630,-0.0609,0.0000,-1127.66,-1127.66,DOWN
12640,-0.0500,0.0000,-1127.66,-1127.66,DOWN
12649,-0.0580,0.0000,-1127.66,-1127.66,DOWN
12660,-0.0555,0.0000,-1127.66,-1127.66,DOWN
12670,-0.0504,0.0000,-1127.66,-1127.66,DOWN
12680,-0.0420,0.0000,-1127.66,-1127.66,DOWN
12690,-0.0121,0.0000,-1127.66,-1127.66,DOWN
12700,-0.0478,0.0000,-1127.66,-1127.66,DOWN
12710,-0.0520,0.0000,-1127.66,-1127.66,DOWN
12719,-0.0452,0.0000,-1127.66,-1127.66,DOWN
12730,-0.0365,0.0000,-1127.66,-1127.66,DOWN
12740,-0.0404,0.0000,-1127.66,-1127.66,DOWN
12750,-0.0759,0.0000,-1127.66,-1127.66,DOWN
12760,-0.0550,0.0000,-1127.66,-1127.66,DOWN
12769,-0.0223,0.0000,-1127.66,-1127.66,DOWN
12780,-0.0445,0.0000,-1127.66,-1127.66,DOWN
12789,-0.0547,0.0000,-1127.66,-1127.66,DOWN
12800,-0.0846,0.0000,-1127.66,-1127.66,DOWN
12810,-0.0524,0.0000,-1127.66,-1127.66,DOWN
12820,-0.0761,0.0000,-1127.66,-1127.66,DOWN
12830,-0.0662,0.0000,-1127.66,-1127.66,DOWN
12840,-0.0759,0.0000,-1127.66,-1127.66,DOWN
12850,-0.0821,0.0000,-1127.66,-1127.66,DOWN
12860,-0.0535,0.0000,-1127.66,-1127.66,DOWN
12869,-0.0884,0.0000,-1127.66,-1127.66,DOWN
12880,-0.0712,0.0000,-1127.66,-1127.66,DOWN
12890,-0.0759,0.0000,-1127.66,-1127.66,DOWN
12900,-0.0495,0.0000,-1127.66,-1127.66,DOWN
12910,-0.0596,0.0000,-1127.66,-1127.66,DOWN
12920,-0.0462,0.0000,-1127.66,-1127.66,DOWN
12929,-0.0223,0.0000,-1127.66,-1127.66,DOWN
12939,-0.0278,0.0000,-1127.66,-1127.66,DOWN
12950,-0.0101,0.0000,-1127.66,-1127.66,DOWN
12960,-0.0631,0.0000,-1127.66,-1127.66,DOWN
12970,-0.0422,0.0000,-1127.66,-1127.66,DOWN
12980,-0.0260,0.0000,-1127.66,-1127.66,DOWN
12990,-0.0554,0.0000,-1127.66,-1127.66,DOWN
13000,-0.0312,0.0000,-1127.66,-1127.66,DOWN
13009,-0.0648,0.0000,-1127.66,-1127.66,DOWN
13020,-0.0564,0.0000,-1127.66,-1127.66,DOWN
13030,-0.0596,0.0000,-1127.66,-1127.66,DOWN
13040,-0.0657,0.0000,-1127.66,-1127.66,DOWN
13050,-0.0614,0.0000,-1127.66,-1127.66,DOWN
13060,-0.0628,0.0000,-1127.66,-1127.66,DOWN
13070,-0.0464,0.0000,-1127.66,-1127.66,DOWN
13079,-0.0511,0.0000,-1127.66,-1127.66,DOWN
13090,-0.0717,0.0000,-1127.66,-1127.66,DOWN
13100,-0.0596,0.0000,-1127.66,-1127.66,DOWN
13110,-0.0358,0.0000,-1127.66,-1127.66,DOWN
13120,-0.0307,0.0000,-1127.66,-1127.66,DOWN
13130,-0.0406,0.0000,-1127.66,-1127.66,DOWN
13140,-0.0460,0.0000,-1127.66,-1127.66,DOWN
13149,-0.0529,0.0000,-1127.66,-1127.66,DOWN
13160,-0.0404,0.0000,-1127.66,-1127.66,DOWN
13170,-0.0290,0.0000,-1127.66,-1127.66,DOWN
13180,-0.0652,0.0000,-1127.66,-1127.66,DOWN
13190,-0.0508,0.0000,-1127.66,-1127.66,DOWN
13200,-0.0528,0.0000,-1127.66,-1127.66,DOWN
13210,-0.0425,0.0000,-1127.66,-1127.66,DOWN
13219,-0.0564,0.0000,-1127.66,-1127.66,DOWN
13230,-0.0503,0.0000,-1127.66,-1127.66,DOWN
13240,-0.0559,0.0000,-1127.66,-1127.66,DOWN
13250,-0.0618,0.0000,-1127.66,-1127.66,DOWN
13260,-0.0783,0.0000,-1127.66,-1127.66,DOWN
13269,-0.0567,0.0000,-1127.66,-1127.66,DOWN
13280,-0.0372,0.0000,-1127.66,-1127.66,DOWN
13290,-0.0629,0.0000,-1127.66,-1127.66,DOWN
13299,-0.0602,0.0000,-1127.66,-1127.66,DOWN
13310,-0.0699,0.0000,-1127.66,-1127.66,DOWN
13320,-0.0805,0.0000,-1127.66,-1127.66,DOWN
13330,-0.0556,0.0000,-1127.66,-1127.66,DOWN
13340,-0.0719,0.0000,-1127.66,-1127.66,DOWN
13350,-0.0862,0.0000,-1127.66,-1127.66,DOWN
13359,-0.0543,0.0000,-1127.66,-1127.66,DOWN
13369,-0.0619,0.0000,-1127.66,-1127.66,DOWN
13380,-0.0617,0.0000,-1127.66,-1127.66,DOWN
13390,-0.0353,0.0000,-1127.66,-1127.66,DOWN
13400,-0.0609,0.0000,-1127.66,-1127.66,DOWN
13410,-0.0235,0.0000,-1127.66,-1127.66,DOWN
13420,-0.0496,0.0000,-1127.66,-1127.66,DOWN
13430,-0.0657,0.0000,-1127.66,-1127.66,DOWN
13439,-0.0571,0.0000,-1127.66,-1127.66,DOWN
13450,-0.0729,0.0000,-1127.66,-1127.66,DOWN
13460,-0.0419,0.0000,-1127.66,-1127.66,DOWN
13470,-0.0539,0.0000,-1127.66,-1127.66,DOWN
13480,-0.0593,0.0000,-1127.66,-1127.66,DOWN
13490,-0.0751,0.0000,-1127.66,-1127.66,DOWN
13500,-0.0424,0.0000,-1127.66,-1127.66,DOWN
13510,-0.0587,0.0000,-1127.66,-1127.66,DOWN
13520,-0.0989,0.0000,-1127.66,-1127.66,DOWN
13530,-0.0638,0.0000,-1127.66,-1127.66,DOWN
13540,-0.0523,0.0000,-1127.66,-1127.66,DOWN
13550,-0.0401,0.0000,-1127.66,-1127.66,DOWN
13560,-0.0707,0.0000,-1127.66,-1127.66,DOWN
13570,-0.0683,0.0000,-1127.66,-1127.66,DOWN
13579,-0.0328,0.0000,-1127.66,-1127.66,DOWN
13590,-0.0342,0.0000,-1127.66,-1127.66,DOWN
13600,-0.0491,0.0000,-1127.66,-1127.66,DOWN
13610,-0.0733,0.0000,-1127.66,-1127.66,DOWN
13620,-0.0373,0.0000,-1127.66,-1127.66,DOWN
13630,-0.0203,0.0000,-1127.66,-1127.66,DOWN
13640,-0.0595,0.0000,-1127.66,-1127.66,DOWN
13649,-0.0452,0.0000,-1127.66,-1127.66,DOWN
13660,-0.0553,0.0000,-1127.66,-1127.66,DOWN
13670,-0.0124,0.0000,-1127.66,-1127.66,DOWN
13680,-0.0210,0.0000,-1127.66,-1127.66,DOWN
13690,-0.0902,0.0000,-1127.66,-1127.66,DOWN
13700,-0.0631,0.0000,-1127.66,-1127.66,DOWN
13710,-0.0367,0.0000,-1127.66,-1127.66,DOWN
13719,-0.0153,0.0000,-1127.66,-1127.66,DOWN
13730,-0.0576,0.0000,-1127.66,-1127.66,DOWN
13740,-0.0649,0.0000,-1127.66,-1127.66,DOWN
13750,-0.0582,0.0000,-1127.66,-1127.66,DOWN
13760,-0.0435,0.0000,-1127.66,-1127.66,DOWN
13769,-0.0363,0.0000,-1127.66,-1127.66,DOWN
13780,-0.1049,0.0000,-1127.66,-1127.66,DOWN
13790,-0.0767,0.0000,-1127.66,-1127.66,DOWN
13799,-0.0523,0.0000,-1127.66,-1127.66,DOWN
13810,-0.0766,0.0000,-1127.66,-1127.66,DOWN
13820,-0.0887,0.0000,-1127.66,-1127.66,DOWN
13830,-0.0722,0.0000,-1127.66,-1127.66,DOWN
13840,-0.0327,0.0000,-1127.66,-1127.66,DOWN
13850,-0.0428,0.0000,-1127.66,-1127.66,DOWN
13860,-0.0689,0.0000,-1127.66,-1127.66,DOWN
13870,-0.0403,0.0000,-1127.66,-1127.66,DOWN
13880,-0.0401,0.0000,-1127.66,-1127.66,DOWN
13890,-0.0376,0.0000,-1127.66,-1127.66,DOWN
13900,-0.0680,0.0000,-1127.66,-1127.66,DOWN
13910,-0.0761,0.0000,-1127.66,-1127.66,DOWN
13920,-0.0238,0.0000,-1127.66,-1127.66,DOWN
13930,-0.0384,0.0000,-1127.66,-1127.66,DOWN
13939,-0.0714,0.0000,-1127.66,-1127.66,DOWN
13950,-0.0512,0.0000,-1127.66,-1127.66,DOWN
13960,-0.0432,0.0000,-1127.66,-1127.66,DOWN
13970,-0.0235,0.0000,-1127.66,-1127.66,DOWN
13980,-0.0539,0.0000,-1127.66,-1127.66,DOWN
13990,-0.0619,0.0000,-1127.66,-1127.66,DOWN
14000,-0.0637,0.0000,-1127.66,-1127.66,DOWN
14009,-0.0321,0.0000,-1127.66,-1127.66,DOWN
14020,-0.0257,0.0000,-1127.66,-1127.66,DOWN
14030,-0.0925,0.0000,-1127.66,-1127.66,DOWN
14040,-0.0606,0.0000,-1127.66,-1127.66,DOWN
14050,-0.0486,0.0000,-1127.66,-1127.66,DOWN
14060,-0.0359,0.0000,-1127.66,-1127.66,DOWN
14070,-0.0738,0.0000,-1127.66,-1127.66,DOWN
14080,-0.0768,0.0000,-1127.66,-1127.66,DOWN
14090,-0.0329,0.0000,-1127.66,-1127.66,DOWN
14100,-0.0431,0.0000,-1127.66,-1127.66,DOWN
14110,-0.0374,0.0000,-1127.66,-1127.66,DOWN
14120,-0.0768,0.0000,-1127.66,-1127.66,DOWN
14130,-0.0303,0.0000,-1127.66,-1127.66,DOWN
14140,-0.0327,0.0000,-1127.66,-1127.66,DOWN
14150,-0.0502,0.0000,-1127.66,-1127.66,DOWN
14160,-0.0670,0.0000,-1127.66,-1127.66,DOWN
14170,-0.0616,0.0000,-1127.66,-1127.66,DOWN
14180,-0.0054,0.0000,-1127.66,-1127.66,DOWN
14190,-0.0692,0.0000,-1127.66,-1127.66,DOWN
14200,-0.1020,0.0000,-1127.66,-1127.66,DOWN
14210,-0.0604,0.0000,-1127.66,-1127.66,DOWN
14219,-0.0437,0.0000,-1127.66,-1127.66,DOWN
14230,-0.0273,0.0000,-1127.66,-1127.66,DOWN
14240,-0.0881,0.0000,-1127.66,-1127.66,DOWN
14250,-0.0802,0.0000,-1127.66,-1127.66,DOWN
14260,-0.0289,0.0000,-1127.66,-1127.66,DOWN
14269,-0.0123,0.0000,-1127.66,-1127.66,DOWN
14280,-0.0768,0.0000,-1127.66,-1127.66,DOWN
14290,-0.0731,0.0000,-1127.66,-1127.66,DOWN
14299,-0.0645,0.0000,-1127.66,-1127.66,DOWN
14310,-0.0579,0.0000,-1127.66,-1127.66,DOWN
14320,-0.0472,0.0000,-1127.66,-1127.66,DOWN
14330,-0.0981,0.0000,-1127.66,-1127.66,DOWN
14340,-0.0778,0.0000,-1127.66,-1127.66,DOWN
14350,-0.0405,0.0000,-1127.66,-1127.66,DOWN
14360,-0.0734,0.0000,-1127.66,-1127.66,DOWN
14369,-0.0856,0.0000,-1127.66,-1127.66,DOWN
14380,-0.0873,0.0000,-1127.66,-1127.66,DOWN
14390,-0.0721,0.0000,-1127.66,-1127.66,DOWN
14399,-0.0579,0.0000,-1127.66,-1127.66,DOWN
14410,-0.0709,0.0000,-1127.66,-1127.66,DOWN
14420,-0.0578,0.0000,-1127.66,-1127.66,DOWN
14430,-0.0147,0.0000,-1127.66,-1127.66,DOWN
14439,-0.0106,0.0000,-1127.66,-1127.66,DOWN
14450,-0.0691,0.0000,-1127.66,-1127.66,DOWN
14460,-0.0574,0.0000,-1127.66,-1127.66,DOWN
14470,-0.0415,0.0000,-1127.66,-1127.66,DOWN
14480,0.0031,0.0000,-1127.66,-1127.66,DOWN
14490,-0.0364,0.0000,-1127.66,-1127.66,DOWN
14500,-0.0745,0.0000,-1127.66,-1127.66,DOWN
14510,-0.0731,0.0000,-1127.66,-1127.66,DOWN
14520,0.0024,0.0000,-1127.66,-1127.66,DOWN
14530,-0.0426,0.0000,-1127.66,-1127.66,DOWN
14540,-0.0748,0.0000,-1127.66,-1127.66,DOWN
14550,-0.0554,0.0000,-1127.66,-1127.66,DOWN
14560,-0.0481,0.0000,-1127.66,-1127.66,DOWN
14570,-0.0211,0.0000,-1127.66,-1127.66,DOWN
14579,-0.0490,0.0000,-1127.66,-1127.66,DOWN
14590,-0.0612,0.0000,-1127.66,-1127.66,DOWN
14600,0.0006,0.0000,-1127.66,-1127.66,DOWN
14610,-0.0367,0.0000,-1127.66,-1127.66,DOWN
14620,-0.0697,0.0000,-1127.66,-1127.66,DOWN
14630,-0.0474,0.0000,-1127.66,-1127.66,DOWN
14640,-0.0370,0.0000,-1127.66,-1127.66,DOWN
14650,-0.0324,0.0000,-1127.66,-1127.66,DOWN
14660,-0.0596,0.0000,-1127.66,-1127.66,DOWN
14670,-0.0890,0.0000,-1127.66,-1127.66,DOWN
14680,-0.0463,0.0000,-1127.66,-1127.66,DOWN
14690,-0.0205,0.0000,-1127.66,-1127.66,DOWN
14700,-0.0570,0.0000,-1127.66,-1127.66,DOWN
14710,-0.0753,0.0000,-1127.66,-1127.66,DOWN
14719,-0.0663,0.0000,-1127.66,-1127.66,DOWN
14730,-0.0341,0.0000,-1127.66,-1127.66,DOWN
14740,-0.0425,0.0000,-1127.66,-1127.66,DOWN
14750,-0.0804,0.0000,-1127.66,-1127.66,DOWN
14760,-0.0799,0.0000,-1127.66,-1127.66,DOWN
14769,-0.0267,0.0000,-1127.66,-1127.66,DOWN
14780,-0.0385,0.0000,-1127.66,-1127.66,DOWN
14790,-0.0379,0.0000,-1127.66,-1127.66,DOWN
14800,-0.0371,0.0000,-1127.66,-1127.66,DOWN
14810,-0.0387,0.0000,-1127.66,-1127.66,DOWN
14820,-0.0179,0.0000,-1127.66,-1127.66,DOWN
14830,-0.0330,0.0000,-1127.66,-1127.66,DOWN
14840,-0.0820,0.0000,-1127.66,-1127.66,DOWN
14850,-0.0385,0.0000,-1127.66,-1127.66,DOWN
14860,-0.0116,0.0000,-1127.66,-1127.66,DOWN
14869,-0.0432,0.0000,-1127.66,-1127.66,DOWN
14880,-0.0846,0.0000,-1127.66,-1127.66,DOWN
14890,-0.0780,0.0000,-1127.66,-1127.66,DOWN
14900,-0.0181,0.0000,-1127.66,-1127.66,DOWN
14910,-0.0049,0.0000,-1127.66,-1127.66,DOWN
14920,-0.0509,0.0000,-1127.66,-1127.66,DOWN
14930,-0.0902,0.0000,-1127.66,-1127.66,DOWN
14939,-0.0204,0.0000,-1127.66,-1127.66,DOWN
14950,-0.0236,0.0000,-1127.66,-1127.66,DOWN
14960,-0.0529,0.0000,-1127.66,-1127.66,DOWN
14970,-0.0815,0.0000,-1127.66,-1127.66,DOWN
14980,-0.0330,0.0000,-1127.66,-1127.66,DOWN
14990,-0.0163,0.0000,-1127.66,-1127.66,DOWN
15000,-0.0339,0.0000,-1127.66,-1127.66,DOWN
15009,-0.0834,0.0000,-1127.66,-1127.66,DOWN
15020,-0.1076,0.0000,-1127.66,-1127.66,DOWN
15030,-0.0004,0.0000,-1127.66,-1127.66,DOWN
15040,-0.0376,0.0000,-1127.66,-1127.66,DOWN
15050,-0.0773,0.0000,-1127.66,-1127.66,DOWN
15060,-0.0560,0.0000,-1127.66,-1127.66,DOWN
15070,-0.0254,0.0000,-1127.66,-1127.66,DOWN
15079,0.0067,0.0000,-1127.66,-1127.66,DOWN
15090,-0.0328,0.0000,-1127.66,-1127.66,DOWN
15100,-0.0847,0.0000,-1127.66,-1127.66,DOWN
15110,-0.0198,0.0000,-1127.66,-1127.66,DOWN
15120,-0.0232,0.0000,-1127.66,-1127.66,DOWN
15130,-0.0470,0.0000,-1127.66,-1127.66,DOWN
15140,-0.0803,0.0000,-1127.66,-1127.66,DOWN
15150,-0.0257,0.0000,-1127.66,-1127.66,DOWN
15160,0.0067,0.0000,-1127.66,-1127.66,DOWN
15170,-0.0332,0.0000,-1127.66,-1127.66,DOWN
15180,-0.0935,0.0000,-1127.66,-1127.66,DOWN
15190,-0.0412,0.0000,-1127.66,-1127.66,DOWN
15200,-0.0024,0.0000,-1127.66,-1127.66,DOWN
15210,-0.0666,0.0000,-1127.66,-1127.66,DOWN
15219,-0.1028,0.0000,-1127.66,-1127.66,DOWN
15230,-0.1003,0.0000,-1127.66,-1127.66,DOWN
15240,-0.0349,0.0000,-1127.66,-1127.66,DOWN
15250,-0.0329,0.0000,-1127.66,-1127.66,DOWN
15260,-0.0953,0.0000,-1127.66,-1127.66,DOWN
15269,-0.0817,0.0000,-1127.66,-1127.66,DOWN
15280,-0.0148,0.0000,-1127.66,-1127.66,DOWN
15290,-0.0235,0.0000,-1127.66,-1127.66,DOWN
15299,-0.0406,0.0000,-1127.66,-1127.66,DOWN
15310,-0.0729,0.0000,-1127.66,-1127.66,DOWN
15320,-0.0524,0.0000,-1127.66,-1127.66,DOWN
15330,-0.0306,0.0000,-1127.66,-1127.66,DOWN
15340,-0.0543,0.0000,-1127.66,-1127.66,DOWN
15350,-0.0851,0.0000,-1127.66,-1127.66,DOWN
15360,-0.0493,0.0000,-1127.66,-1127.66,DOWN
15370,-0.0364,0.0000,-1127.66,-1127.66,DOWN
15380,-0.0527,0.0000,-1127.66,-1127.66,DOWN
15390,-0.0771,0.0000,-1127.66,-1127.66,DOWN
15400,-0.0652,0.0000,-1127.66,-1127.66,DOWN
15410,-0.0042,0.0000,-1127.66,-1127.66,DOWN
15420,-0.0025,0.0000,-1127.66,-1127.66,DOWN
15430,-0.0740,0.0000,-1127.66,-1127.66,DOWN
15439,-0.0748,0.0000,-1127.66,-1127.66,DOWN
15450,-0.0102,0.0000,-1127.66,-1127.66,DOWN
15460,-0.0293,0.0000,-1127.66,-1127.66,DOWN
15470,-0.0558,0.0000,-1127.66,-1127.66,DOWN
15480,-0.0649,0.0000,-1127.66,-1127.66,DOWN
15490,-0.0448,0.0000,-1127.66,-1127.66,DOWN
15500,0.0027,0.0000,-1127.66,-1127.66,DOWN
15510,-0.0436,0.0000,-1127.66,-1127.66,DOWN
15520,-0.0902,0.0000,-1127.66,-1127.66,DOWN
15530,-0.0375,0.0000,-1127.66,-1127.66,DOWN
15540,-0.0176,0.0000,-1127.66,-1127.66,DOWN
15550,-0.0288,0.0000,-1127.66,-1127.66,DOWN
15560,-0.0536,0.0000,-1127.66,-1127.66,DOWN
15570,-0.0676,0.0000,-1127.66,-1127.66,DOWN
15580,-0.0078,0.0000,-1127.66,-1127.66,DOWN
15590,-0.0077,0.0000,-1127.66,-1127.66,DOWN
15600,-0.0788,0.0000,-1127.66,-1127.66,DOWN
15610,-0.0797,0.0000,-1127.66,-1127.66,DOWN
15620,-0.0660,0.0000,-1127.66,-1127.66,DOWN
15630,-0.0387,0.0000,-1127.66,-1127.66,DOWN
15640,-0.0519,0.0000,-1127.66,-1127.66,DOWN
15649,-0.0914,0.0000,-1127.66,-1127.66,DOWN
15660,-0.0748,0.0000,-1127.66,-1127.66,DOWN
15670,-0.0199,0.0000,-1127.66,-1127.66,DOWN
15680,-0.0369,0.0000,-1127.66,-1127.66,DOWN
15690,-0.0963,0.0000,-1127.66,-1127.66,DOWN
15700,-0.0546,0.0000,-1127.66,-1127.66,DOWN
15710,-0.0339,0.0000,-1127.66,-1127.66,DOWN
15720,-0.0455,0.0000,-1127.66,-1127.66,DOWN
15730,-0.0654,0.0000,-1127.66,-1127.66,DOWN
15740,-0.0783,0.0000,-1127.66,-1127.66,DOWN
15750,-0.0135,0.0000,-1127.66,-1127.66,DOWN
15760,-0.0057,0.0000,-1127.66,-1127.66,DOWN
15769,-0.0809,0.0000,-1127.66,-1127.66,DOWN
15780,-0.0688,0.0000,-1127.66,-1127.66,DOWN
15790,-0.0142,0.0000,-1127.66,-1127.66,DOWN
15799,-0.0230,0.0000,-1127.66,-1127.66,DOWN
15810,-0.0453,0.0000,-1127.66,-1127.66,DOWN
15820,-0.0617,0.0000,-1127.66,-1127.66,DOWN
15830,-0.0399,0.0000,-1127.66,-1127.66,DOWN
15840,-0.0116,0.0000,-1127.66,-1127.66,DOWN
15850,-0.0268,0.0000,-1127.66,-1127.66,DOWN
15860,-0.0610,0.0000,-1127.66,-1127.66,DOWN
15869,-0.0407,0.0000,-1127.66,-1127.66,DOWN
15880,-0.0297,0.0000,-1127.66,-1127.66,DOWN
15890,-0.0370,0.0000,-1127.66,-1127.66,DOWN
15900,-0.0895,0.0000,-1127.66,-1127.66,DOWN
15910,-0.0908,0.0000,-1127.66,-1127.66,DOWN
15920,-0.0264,0.0000,-1127.66,-1127.66,DOWN
15930,-0.0395,0.0000,-1127.66,-1127.66,DOWN
15939,-0.0651,0.0000,-1127.66,-1127.66,DOWN
15950,-0.0882,0.0000,-1127.66,-1127.66,DOWN
15960,-0.0802,0.0000,-1127.66,-1127.66,DOWN
15970,-0.0190,0.0000,-1127.66,-1127.66,DOWN
15980,-0.0347,0.0000,-1127.66,-1127.66,DOWN
15990,-0.0902,0.0000,-1127.66,-1127.66,DOWN
16000,-0.0479,0.0000,-1127.66,-1127.66,DOWN
16009,-0.0005,0.0000,-1127.66,-1127.66,DOWN
16020,-0.0338,0.0000,-1127.66,-1127.66,DOWN
16030,-0.0652,0.0000,-1127.66,-1127.66,DOWN
16040,-0.0630,0.0000,-1127.66,-1127.66,DOWN
16050,-0.0039,0.0000,-1127.66,-1127.66,DOWN
16060,-0.0148,0.0000,-1127.66,-1127.66,DOWN
16070,-0.0686,0.0000,-1127.66,-1127.66,DOWN
16079,-0.0656,0.0000,-1127.66,-1127.66,DOWN
16090,-0.0001,0.0000,-1127.66,-1127.66,DOWN
16100,-0.0015,0.0000,-1127.66,-1127.66,DOWN
16110,-0.0637,0.0000,-1127.66,-1127.66,DOWN
16120,-0.0956,0.0000,-1127.66,-1127.66,DOWN
16130,-0.0329,0.0000,-1127.66,-1127.66,DOWN
16140,-0.0409,0.0000,-1127.66,-1127.66,DOWN
16150,-0.0861,0.0000,-1127.66,-1127.66,DOWN
16160,-0.1001,0.0000,-1127.66,-1127.66,DOWN
16170,-0.0580,0.0000,-1127.66,-1127.66,DOWN
16180,-0.0153,0.0000,-1127.66,-1127.66,DOWN
16190,-0.0586,0.0000,-1127.66,-1127.66,DOWN
16200,-0.0808,0.0000,-1127.66,-1127.66,DOWN
16210,-0.0708,0.0000,-1127.66,-1127.66,DOWN
16219,-0.0391,0.0000,-1127.66,-1127.66,DOWN
16229,-0.0301,0.0000,-1127.66,-1127.66,DOWN
16240,-0.0740,0.0000,-1127.66,-1127.66,DOWN
16250,-0.0607,0.0000,-1127.66,-1127.66,DOWN
16260,-0.0074,0.0000,-1127.66,-1127.66,DOWN
16269,-0.0248,0.0000,-1127.66,-1127.66,DOWN
16280,-0.0749,0.0000,-1127.66,-1127.66,DOWN
16289,-0.0839,0.0000,-1127.66,-1127.66,DOWN
16300,-0.0276,0.0000,-1127.66,-1127.66,DOWN
16310,-0.0281,0.0000,-1127.66,-1127.66,DOWN
16320,-0.0574,0.0000,-1127.66,-1127.66,DOWN
16330,-0.0958,0.0000,-1127.66,-1127.66,DOWN
16340,-0.0569,0.0000,-1127.66,-1127.66,DOWN
16350,-0.0224,0.0000,-1127.66,-1127.66,DOWN
16359,-0.0648,0.0000,-1127.66,-1127.66,DOWN
16369,-0.0821,0.0000,-1127.66,-1127.66,DOWN
16380,-0.0702,0.0000,-1127.66,-1127.66,DOWN
16390,-0.0434,0.0000,-1127.66,-1127.66,DOWN
16400,-0.0261,0.0000,-1127.66,-1127.66,DOWN
16410,-0.0737,0.0000,-1127.66,-1127.66,DOWN
16420,-0.0746,0.0000,-1127.66,-1127.66,DOWN
16430,-0.0109,0.0000,-1127.66,-1127.66,DOWN
16439,-0.0305,0.0000,-1127.66,-1127.66,DOWN
16450,-0.0560,0.0000,-1127.66,-1127.66,DOWN
16460,-0.0535,0.0000,-1127.66,-1127.66,DOWN
16470,-0.0179,0.0000,-1127.66,-1127.66,DOWN
16480,-0.0091,0.0000,-1127.66,-1127.66,DOWN
16490,-0.0668,0.0000,-1127.66,-1127.66,DOWN
16500,-0.1054,0.0000,-1127.66,-1127.66,DOWN
16510,-0.0655,0.0000,-1127.66,-1127.66,DOWN
16520,0.0120,0.0000,-1127.66,-1127.66,DOWN
16530,-0.0303,0.0000,-1127.66,-1127.66,DOWN
16540,-0.0896,0.0000,-1127.66,-1127.66,DOWN
16550,-0.0471,0.0000,-1127.66,-1127.66,DOWN
16560,-0.0352,0.0000,-1127.66,-1127.66,DOWN
16570,-0.0126,0.0000,-1127.66,-1127.66,DOWN
16580,-0.0931,0.0000,-1127.66,-1127.66,DOWN
16590,-0.0972,0.0000,-1127.66,-1127.66,DOWN
16600,-0.0357,0.0000,-1127.66,-1127.66,DOWN
16610,-0.0236,0.0000,-1127.66,-1127.66,DOWN
16620,-0.0731,0.0000,-1127.66,-1127.66,DOWN
16630,-0.0931,0.0000,-1127.66,-1127.66,DOWN
16640,-0.0362,0.0000,-1127.66,-1127.66,DOWN
16649,-0.0227,0.0000,-1127.66,-1127.66,DOWN
16660,-0.0306,0.0000,-1127.66,-1127.66,DOWN
16670,-0.0599,0.0000,-1127.66,-1127.66,DOWN
16680,-0.0603,0.0000,-1127.66,-1127.66,DOWN
16690,0.0113,0.0000,-1127.66,-1127.66,DOWN
16700,-0.0220,0.0000,-1127.66,-1127.66,DOWN
16710,-0.0638,0.0000,-1127.66,-1127.66,DOWN
16719,-0.0499,0.0000,-1127.66,-1127.66,DOWN
16729,-0.0458,0.0000,-1127.66,-1127.66,DOWN
16740,-0.0373,0.0000,-1127.66,-1127.66,DOWN
16750,-0.0927,0.0000,-1127.66,-1127.66,DOWN
16760,-0.1015,0.0000,-1127.66,-1127.66,DOWN
16769,-0.0306,0.0000,-1127.66,-1127.66,DOWN
16780,-0.0258,0.0000,-1127.66,-1127.66,DOWN
16790,-0.0752,0.0000,-1127.66,-1127.66,DOWN
16799,-0.0965,0.0000,-1127.66,-1127.66,DOWN
16810,-0.0329,0.0000,-1127.66,-1127.66,DOWN
16820,-0.0123,0.0000,-1127.66,-1127.66,DOWN
16830,-0.0436,0.0000,-1127.66,-1127.66,DOWN
16840,-0.0812,0.0000,-1127.66,-1127.66,DOWN
16850,-0.0389,0.0000,-1127.66,-1127.66,DOWN
16860,0.0071,0.0000,-1127.66,-1127.66,DOWN
16869,-0.0256,0.0000,-1127.66,-1127.66,DOWN
16880,-0.0893,0.0000,-1127.66,-1127.66,DOWN
16889,-0.0607,0.0000,-1127.66,-1127.66,DOWN
16900,-0.0164,0.0000,-1127.66,-1127.66,DOWN
16910,-0.0189,0.0000,-1127.66,-1127.66,DOWN
16920,-0.0470,0.0000,-1127.66,-1127.66,DOWN
16930,-0.0650,0.0000,-1127.66,-1127.66,DOWN
16939,-0.0137,0.0000,-1127.66,-1127.66,DOWN
16950,-0.0158,0.0000,-1127.66,-1127.66,DOWN
16960,-0.0566,0.0000,-1127.66,-1127.66,DOWN
16970,-0.0851,0.0000,-1127.66,-1127.66,DOWN
16980,-0.0463,0.0000,-1127.66,-1127.66,DOWN
16990,-0.0361,0.0000,-1127.66,-1127.66,DOWN
17000,-0.0578,0.0000,-1127.66,-1127.66,DOWN
17009,-0.0785,0.0000,-1127.66,-1127.66,DOWN
17020,-0.0522,0.0000,-1127.66,-1127.66,DOWN
17030,-0.0100,0.0000,-1127.66,-1127.66,DOWN
17040,-0.0516,0.0000,-1127.66,-1127.66,DOWN
17050,-0.0910,0.0000,-1127.66,-1127.66,DOWN
17060,-0.0721,0.0000,-1127.66,-1127.66,DOWN
17070,-0.0484,0.0000,-1127.66,-1127.66,DOWN
17079,-0.0450,0.0000,-1127.66,-1127.66,DOWN
17090,-0.0957,0.0000,-1127.66,-1127.66,DOWN
17100,-0.0887,0.0000,-1127.66,-1127.66,DOWN
17110,-0.0146,0.0000,-1127.66,-1127.66,DOWN
17120,-0.0207,0.0000,-1127.66,-1127.66,DOWN
17130,-0.0303,0.0000,-1127.66,-1127.66,DOWN
17140,-0.0677,0.0000,-1127.66,-1127.66,DOWN
17149,-0.0527,0.0000,-1127.66,-1127.66,DOWN
17160,-0.0371,0.0000,-1127.66,-1127.66,DOWN
17170,-0.0597,0.0000,-1127.66,-1127.66,DOWN
17180,-0.0943,0.0000,-1127.66,-1127.66,DOWN
17190,-0.0893,0.0000,-1127.66,-1127.66,DOWN
17200,-0.0097,0.0000,-1127.66,-1127.66,DOWN
17210,-0.0291,0.0000,-1127.66,-1127.66,DOWN
17219,-0.0819,0.0000,-1127.66,-1127.66,DOWN
17230,-0.0834,0.0000,-1127.66,-1127.66,DOWN
17239,-0.0639,0.0000,-1127.66,-1127.66,DOWN
17250,-0.0498,0.0000,-1127.66,-1127.66,DOWN
17260,-0.0751,0.0000,-1127.66,-1127.66,DOWN
17269,-0.0915,0.0000,-1127.66,-1127.66,DOWN
17280,-0.0486,0.0000,-1127.66,-1127.66,DOWN
17290,-0.0115,0.0000,-1127.66,-1127.66,DOWN
17300,-0.0565,0.0000,-1127.66,-1127.66,DOWN
17310,-0.0797,0.0000,-1127.66,-1127.66,DOWN
17320,-0.0550,0.0000,-1127.66,-1127.66,DOWN
17330,-0.0039,0.0000,-1127.66,-1127.66,DOWN
17340,-0.0175,0.0000,-1127.66,-1127.66,DOWN
17350,-0.0831,0.0000,-1127.66,-1127.66,DOWN
17360,-0.0386,0.0000,-1127.66,-1127.66,DOWN
17369,0.0260,0.0000,-1127.66,-1127.66,DOWN
17380,0.0057,0.0000,-1127.66,-1127.66,DOWN
17390,-0.0776,0.0000,-1127.66,-1127.66,DOWN
17400,-0.1028,0.0000,-1127.66,-1127.66,DOWN
17410,0.0019,0.0000,-1127.66,-1127.66,DOWN
17420,-0.0308,0.0000,-1127.66,-1127.66,DOWN
17430,-0.0631,0.0000,-1127.66,-1127.66,DOWN
17439,-0.0997,0.0000,-1127.66,-1127.66,DOWN
17450,-0.0508,0.0000,-1127.66,-1127.66,DOWN
17460,-0.0057,0.0000,-1127.66,-1127.66,DOWN
17470,-0.0877,0.0000,-1127.66,-1127.66,DOWN
17480,-0.1124,0.0000,-1131.02,-1128.46,DOWN
17490,-0.0555,0.0000,-1131.02,-1129.07,DOWN
17500,-0.0141,0.0000,-1131.02,-1129.54,DOWN
17510,-0.0385,0.0000,-1131.02,-1129.89,DOWN
17520,-0.0867,0.0000,-1131.02,-1130.16,DOWN
17530,-0.0799,0.0000,-1131.02,-1130.36,DOWN
17540,-0.0125,0.0000,-1131.02,-1130.52,DOWN
17550,-0.0269,0.0000,-1131.02,-1130.64,DOWN
17560,-0.0916,0.0000,-1131.02,-1130.73,DOWN
17570,-0.0885,0.0000,-1131.02,-1130.80,DOWN
17579,-0.0285,0.0000,-1131.02,-1130.85,DOWN
17590,-0.0296,0.0000,-1131.02,-1130.89,DOWN
17600,-0.0674,0.0000,-1131.02,-1130.92,DOWN
17610,-0.0766,0.0000,-1131.02,-1130.94,DOWN
17620,0.0164,0.0000,-1131.02,-1130.96,DOWN
17630,-0.0019,0.0000,-1131.02,-1130.97,DOWN
17640,-0.0605,0.0000,-1131.02,-1130.98,DOWN
17650,-0.0866,0.0000,-1131.02,-1130.99,DOWN
17660,-0.0369,0.0000,-1131.02,-1131.00,DOWN
17670,0.0078,0.0000,-1131.02,-1131.00,DOWN
17680,-0.0409,0.0000,-1131.02,-1131.00,DOWN
17690,-0.0499,0.0000,-1131.02,-1131.01,DOWN
17700,-0.0536,0.0000,-1131.02,-1131.01,DOWN
17710,0.0041,0.0000,-1131.02,-1131.01,DOWN
17720,-0.0054,0.0000,-1131.02,-1131.01,DOWN
17729,-0.0487,0.0000,-1131.02,-1131.01,DOWN
17740,-0.0664,0.0000,-1131.02,-1131.01,DOWN
17750,-0.0212,0.0000,-1131.02,-1131.01,DOWN
17760,-0.0352,0.0000,-1131.02,-1131.01,DOWN
17769,-0.0646,0.0000,-1131.02,-1131.01,DOWN
17780,-0.0869,0.0000,-1131.02,-1131.01,DOWN
17790,-0.0279,0.0000,-1131.02,-1131.02,DOWN
17800,-0.0094,0.0000,-1131.02,-1131.02,DOWN
17810,-0.0662,0.0000,-1131.02,-1131.02,DOWN
17820,-0.1015,0.0000,-1131.02,-1131.02,DOWN
17830,-0.0434,0.0000,-1131.02,-1131.02,DOWN
17840,-0.0247,0.0000,-1131.02,-1131.02,DOWN
17850,-0.0355,0.0000,-1131.02,-1131.02,DOWN
17860,-0.1128,0.0000,-1131.02,-1131.02,DOWN
17870,-0.0917,0.0000,-1131.02,-1131.02,DOWN
17880,-0.0022,0.0000,-1131.02,-1131.02,DOWN
17890,-0.0320,0.0000,-1131.02,-1131.02,DOWN
17899,-0.0675,0.0000,-1131.02,-1131.02,DOWN
17910,-0.0825,0.0000,-1131.02,-1131.02,DOWN
17920,0.0026,0.0000,-1131.02,-1131.02,DOWN
17930,-0.0055,0.0000,-1131.02,-1131.02,DOWN
17939,-0.0760,0.0000,-1131.02,-1131.02,DOWN
17950,-0.0853,0.0000,-1131.02,-1131.02,DOWN
17960,-0.0312,0.0000,-1131.02,-1131.02,DOWN
17970,-0.0010,0.0000,-1131.02,-1131.02,DOWN
17980,-0.0371,0.0000,-1131.02,-1131.02,DOWN
17990,-0.0794,0.0000,-1131.02,-1131.02,DOWN
18000,-0.0414,0.0000,-1131.02,-1131.02,DOWN
18009,-0.0113,0.0000,-1131.02,-1131.02,DOWN
18020,-0.0265,0.0000,-1131.02,-1131.02,DOWN
18030,-0.0683,0.0000,-1131.02,-1131.02,DOWN
18040,-0.0848,0.0000,-1131.02,-1131.02,DOWN
18050,-0.0274,0.0000,-1131.02,-1131.02,DOWN
18060,-0.0463,0.0000,-1131.02,-1131.02,DOWN
18070,-0.0849,0.0000,-1131.02,-1131.02,DOWN
18079,-0.0793,0.0000,-1131.02,-1131.02,DOWN
18090,-0.0411,0.0000,-1131.02,-1131.02,DOWN
18100,-0.0274,0.0000,-1131.02,-1131.02,DOWN
18110,-0.0676,0.0000,-1131.02,-1131.02,DOWN
18120,-0.0941,0.0000,-1131.02,-1131.02,DOWN
18130,-0.0452,0.0000,-1131.02,-1131.02,DOWN
18140,-0.0286,0.0000,-1131.02,-1131.02,DOWN
18149,-0.0664,0.0000,-1131.02,-1131.02,DOWN
18160,-0.0682,0.0000,-1131.02,-1131.02,DOWN
18170,-0.0542,0.0000,-1131.02,-1131.02,DOWN
18180,0.0036,0.0000,-1131.02,-1131.02,DOWN
18190,-0.0353,0.0000,-1131.02,-1131.02,DOWN
18200,-0.0689,0.0000,-1131.02,-1131.02,DOWN
18210,-0.0432,0.0000,-1131.02,-1131.02,DOWN
18220,0.0038,0.0000,-1131.02,-1131.02,DOWN
18229,-0.0084,0.0000,-1131.02,-1131.02,DOWN
18240,-0.0636,0.0000,-1131.02,-1131.02,DOWN
18250,-0.0664,0.0000,-1131.02,-1131.02,DOWN
18260,-0.0245,0.0000,-1131.02,-1131.02,DOWN
18269,0.0079,0.0000,-1131.02,-1131.02,DOWN
18280,-0.0605,0.0000,-1131.02,-1131.02,DOWN
18289,-0.0813,0.0000,-1131.02,-1131.02,DOWN
18299,-0.0509,0.0000,-1131.02,-1131.02,DOWN
18310,-0.0244,0.0000,-1131.02,-1131.02,DOWN
18320,-0.0414,0.0000,-1131.02,-1131.02,DOWN
18330,-0.0937,0.0000,-1131.02,-1131.02,DOWN
18340,-0.0687,0.0000,-1131.02,-1131.02,DOWN
18350,-0.0293,0.0000,-1131.02,-1131.02,DOWN
18360,-0.0562,0.0000,-1131.02,-1131.02,DOWN
18370,-0.0890,0.0000,-1131.02,-1131.02,DOWN
18380,-0.0722,0.0000,-1131.02,-1131.02,DOWN
18390,-0.0217,0.0000,-1131.02,-1131.02,DOWN
18400,-0.0313,0.0000,-1131.02,-1131.02,DOWN
18410,-0.0650,0.0000,-1131.02,-1131.02,DOWN
18420,-0.0535,0.0000,-1131.02,-1131.02,DOWN
18430,-0.0344,0.0000,-1131.02,-1131.02,DOWN
18439,-0.0052,0.0000,-1131.02,-1131.02,DOWN
18450,-0.0462,0.0000,-1131.02,-1131.02,DOWN
18460,-0.0745,0.0000,-1131.02,-1131.02,DOWN
18470,-0.0734,0.0000,-1131.02,-1131.02,DOWN
18480,-0.0077,0.0000,-1131.02,-1131.02,DOWN
18490,-0.0509,0.0000,-1131.02,-1131.02,DOWN
18500,-0.0732,0.0000,-1131.02,-1131.02,DOWN
18510,-0.0556,0.0000,-1131.02,-1131.02,DOWN
18520,-0.0169,0.0000,-1131.02,-1131.02,DOWN
18530,-0.0099,0.0000,-1131.02,-1131.02,DOWN
18540,-0.0457,0.0000,-1131.02,-1131.02,DOWN
18550,-0.0169,0.0000,-1131.02,-1131.02,DOWN
18560,0.0010,0.0000,-1131.02,-1131.02,DOWN
18570,0.0461,0.0000,-1131.02,-1131.02,DOWN
18579,-0.0144,0.0000,-1131.02,-1131.02,DOWN
18590,-0.0292,0.0000,-1131.02,-1131.02,DOWN
18600,0.0576,0.0000,-1131.02,-1131.02,DOWN
18610,0.0854,0.0000,-1131.02,-1131.02,DOWN
18620,0.0637,0.0000,-1131.02,-1131.02,DOWN
18630,0.0097,0.0000,-1131.02,-1131.02,DOWN
18640,0.0336,0.0000,-1131.02,-1131.02,DOWN
18649,0.1039,0.0000,-1131.02,-1131.02,DOWN
18660,0.0717,0.0000,-1131.02,-1131.02,DOWN
18670,0.0345,0.0000,-1131.02,-1131.02,DOWN
18680,0.0498,0.0000,-1131.02,-1131.02,DOWN
18690,0.1134,0.0000,-1129.45,-1130.64,DOWN
18700,0.1168,0.0000,-1129.45,-1130.36,DOWN
18710,0.0646,0.0000,-1129.45,-1130.14,DOWN
18720,0.0563,0.0000,-1129.45,-1129.98,DOWN
18730,0.1023,0.0000,-1128.25,-1129.56,DOWN
18740,0.1436,0.0000,-1128.25,-1129.25,DOWN
18750,0.0736,0.0000,-1128.25,-1129.01,DOWN
18760,0.0585,0.0000,-1128.25,-1128.83,DOWN
18769,0.1244,0.0000,-1126.92,-1128.37,DOWN
18780,0.1817,0.0000,-1126.92,-1128.03,DOWN
18790,0.1461,0.0000,-1126.92,-1127.76,DOWN
18799,0.0888,0.0000,-1126.92,-1127.56,DOWN
18810,0.1441,0.0000,-1126.04,-1127.20,DOWN
18820,0.1985,0.0000,-1126.04,-1126.92,DOWN
18830,0.1742,0.0000,-1126.04,-1126.71,DOWN
18840,0.1490,0.0000,-1119.38,-1124.96,DOWN
18850,0.1085,0.1085,-1118.29,-1123.36,DOWN
18860,0.1578,0.1578,-1116.71,-1121.77,DOWN
18870,0.2380,0.2380,-1114.33,-1120.00,DOWN
18880,0.1678,0.1678,-1112.66,-1118.24,DOWN
18890,0.1488,0.1488,-1111.17,-1116.55,DOWN
18900,0.2055,0.2055,-1109.11,-1114.77,DOWN
18910,0.2787,0.2787,-1106.33,-1112.75,DOWN
18920,0.2649,0.2649,-1103.68,-1110.58,DOWN
18930,0.2282,0.2282,-1101.40,-1108.39,DOWN
18939,0.2123,0.2123,-1099.27,-1106.21,DOWN
18950,0.2915,0.2915,-1096.36,-1103.85,DOWN
18960,0.3184,0.3184,-1093.17,-1101.30,DOWN
18970,0.2748,0.2748,-1090.43,-1098.70,DOWN
18980,0.2638,0.2638,-1087.79,-1096.09,DOWN
18990,0.2893,0.2893,-1084.89,-1093.41,DOWN
19000,0.3289,0.3289,-1081.60,-1090.59,DOWN
19009,0.3511,0.3511,-1078.09,-1087.60,DOWN
19020,0.2846,0.2846,-1075.25,-1084.65,DOWN
19030,0.3058,0.3058,-1072.19,-1081.67,DOWN
19040,0.3595,0.3595,-1068.60,-1078.55,DOWN
19050,0.3576,0.3576,-1065.02,-1075.31,DOWN
19060,0.3317,0.3317,-1061.70,-1072.06,DOWN
19070,0.2669,0.2669,-1059.03,-1068.94,DOWN
19080,0.3018,0.3018,-1056.02,-1065.85,DOWN
19090,0.3610,0.3610,-1052.41,-1062.64,DOWN
19100,0.3419,0.3419,-1048.99,-1059.37,DOWN
19110,0.2934,0.2934,-1046.05,-1056.19,DOWN
19120,0.2696,0.2696,-1043.36,-1053.12,DOWN
19130,0.3404,0.3404,-1039.95,-1049.97,DOWN
19140,0.4003,0.4003,-1035.95,-1046.62,DOWN
19150,0.3960,0.3960,-1031.99,-1043.12,DOWN
19159,0.3443,0.3443,-1028.55,-1039.64,DOWN
19170,0.3561,0.3561,-1024.99,-1036.14,DOWN
19180,0.4399,0.4399,-1020.59,-1032.42,DOWN
19190,0.4709,0.4709,-1015.88,-1028.47,DOWN
19200,0.4802,0.4802,-1011.08,-1024.31,DOWN
19210,0.4082,0.4082,-1006.99,-1020.17,DOWN
19220,0.4501,0.4501,-1002.49,-1015.94,DOWN
19229,0.4814,0.4814,-997.68,-1011.58,DOWN
19240,0.5128,0.5128,-992.55,-1007.03,DOWN
19250,0.4932,0.4932,-987.62,-1002.39,DOWN
19260,0.4697,0.4697,-982.92,-997.74,DOWN
19269,0.4784,0.4784,-978.14,-993.05,DOWN
19280,0.5106,0.5106,-973.03,-988.26,DOWN
19290,0.5584,0.5584,-967.45,-983.29,DOWN
19300,0.5198,0.5198,-962.25,-978.26,DOWN
19310,0.4794,0.4794,-957.46,-973.29,DOWN
19320,0.4854,0.4854,-952.60,-968.34,DOWN
19330,0.4992,0.4992,-947.61,-963.39,DOWN
19340,0.5370,0.5370,-942.24,-958.33,DOWN
19350,0.5432,0.5432,-936.81,-953.19,DOWN
19360,0.5078,0.5078,-931.73,-948.06,DOWN
19369,0.4820,0.4820,-926.91,-943.00,DOWN
19380,0.5168,0.5168,-921.74,-937.92,DOWN
19390,0.5338,0.5338,-916.40,-932.78,DOWN
19400,0.5905,0.5905,-910.50,-927.45,DOWN
19410,0.5665,0.5665,-904.83,-922.04,DOWN
19420,0.5681,0.5681,-899.15,-916.57,DOWN
19430,0.5414,0.5414,-893.74,-911.11,DOWN
19439,0.5939,0.5939,-887.80,-905.54,DOWN
19450,0.5686,0.5686,-882.11,-899.94,DOWN
19460,0.6202,0.6202,-875.91,-894.19,DOWN
19470,0.6265,0.6265,-869.65,-888.33,DOWN
19480,0.6191,0.6191,-863.46,-882.38,DOWN
19490,0.6324,0.6324,-857.13,-876.34,DOWN
19500,0.6176,0.6176,-850.96,-870.28,DOWN
19510,0.6352,0.6352,-844.60,-864.14,DOWN
19520,0.6627,0.6627,-837.97,-857.88,DOWN
19530,0.6689,0.6689,-831.29,-851.52,DOWN
19540,0.6880,0.6880,-824.41,-845.04,DOWN
19550,0.6439,0.6439,-817.97,-838.57,DOWN
19560,0.6303,0.6303,-811.66,-832.14,DOWN
19570,0.6295,0.6295,-805.37,-825.74,DOWN
19579,0.6821,0.6821,-798.55,-819.24,DOWN
19590,0.7185,0.7185,-791.36,-812.57,DOWN
19600,0.7058,0.7058,-784.30,-805.82,DOWN
19610,0.7045,0.7045,-777.26,-798.99,DOWN
19620,0.6436,0.6436,-770.82,-792.26,DOWN
19630,0.6881,0.6881,-763.94,-785.49,DOWN
19640,0.6719,0.6719,-757.22,-778.73,DOWN
19649,0.6929,0.6929,-750.30,-771.93,DOWN
19659,0.6853,0.6853,-743.44,-765.12,DOWN
19670,0.6799,0.6799,-736.64,-758.31,DOWN
19680,0.7119,0.7119,-729.52,-751.43,DOWN
19690,0.7249,0.7249,-722.27,-744.46,DOWN
19700,0.7735,0.7735,-714.54,-737.31,DOWN
19710,0.7571,0.7571,-706.96,-730.05,DOWN
19719,0.7578,0.7578,-699.39,-722.73,DOWN
19730,0.7861,0.7861,-691.53,-715.27,DOWN
19740,0.7580,0.7580,-683.95,-707.78,DOWN
19750,0.7615,0.7615,-676.33,-700.26,DOWN
19760,0.7546,0.7546,-668.79,-692.74,DOWN
19769,0.7621,0.7621,-661.17,-685.19,DOWN
19780,0.7791,0.7791,-653.37,-677.58,DOWN
19790,0.7617,0.7617,-645.76,-669.98,DOWN
19799,0.7472,0.7472,-638.29,-662.40,DOWN
19810,0.7000,0.7000,-631.28,-654.96,DOWN
19820,0.6940,0.6940,-624.34,-647.64,DOWN
19830,0.6608,0.6608,-617.74,-640.49,DOWN
19840,0.6763,0.6763,-610.97,-633.44,DOWN
19850,0.6567,0.6567,-604.41,-626.50,DOWN
19860,0.6370,0.6370,-598.04,-619.69,DOWN
19870,0.6521,0.6521,-591.52,-612.96,DOWN
19880,0.6250,0.6250,-585.26,-606.34,DOWN
19890,0.6497,0.6497,-578.77,-599.75,DOWN
19900,0.6236,0.6236,-572.53,-593.24,DOWN
19910,0.6530,0.6530,-566.00,-586.73,DOWN
19920,0.6854,0.6854,-559.15,-580.14,DOWN
19930,0.6493,0.6493,-552.66,-573.57,DOWN
19940,0.6268,0.6268,-546.39,-567.07,DOWN
19950,0.5941,0.5941,-540.45,-560.70,DOWN
19960,0.5832,0.5832,-534.61,-554.47,DOWN
19970,0.5889,0.5889,-528.72,-548.31,DOWN
19980,0.5891,0.5891,-522.83,-542.22,DOWN
19990,0.5572,0.5572,-517.26,-536.25,DOWN
20000,0.5471,0.5471,-511.79,-530.41,DOWN
20010,0.5276,0.5276,-506.51,-524.69,DOWN
20020,0.5007,0.5007,-501.51,-519.15,DOWN
20030,0.4990,0.4990,-496.52,-513.74,DOWN
20040,0.5122,0.5122,-491.39,-508.40,DOWN
20050,0.5065,0.5065,-486.33,-503.12,DOWN
20060,0.4913,0.4913,-481.42,-497.93,DOWN
20070,0.4663,0.4663,-476.75,-492.87,DOWN
20080,0.4651,0.4651,-472.10,-487.91,DOWN
20090,0.4820,0.4820,-467.28,-482.97,DOWN
20100,0.4909,0.4909,-462.37,-478.05,DOWN
20110,0.4823,0.4823,-457.55,-473.15,DOWN
20120,0.4603,0.4603,-452.95,-468.32,DOWN
20130,0.4722,0.4722,-448.22,-463.52,DOWN
20140,0.4586,0.4586,-443.64,-458.76,DOWN
20149,0.4640,0.4640,-439.00,-454.04,DOWN
20159,0.4336,0.4336,-434.66,-449.41,DOWN
20170,0.4243,0.4243,-430.42,-444.87,DOWN
20180,0.4167,0.4167,-426.25,-440.42,DOWN
20190,0.4193,0.4193,-422.06,-436.03,DOWN
20200,0.4065,0.4065,-418.00,-431.72,DOWN
20210,0.3837,0.3837,-414.16,-427.52,DOWN
20220,0.3571,0.3571,-410.59,-423.47,DOWN
20230,0.3328,0.3328,-407.26,-419.60,DOWN
20240,0.3431,0.3431,-403.83,-415.83,DOWN
20250,0.3223,0.3223,-400.60,-412.19,DOWN
20260,0.3228,0.3228,-397.38,-408.65,DOWN
20269,0.3076,0.3076,-394.30,-405.22,DOWN
20280,0.2849,0.2849,-391.45,-401.93,DOWN
20290,0.3061,0.3061,-388.39,-398.69,DOWN
20300,0.2876,0.2876,-385.52,-395.54,DOWN
20310,0.2968,0.2968,-382.54,-392.42,DOWN
20320,0.2671,0.2671,-379.88,-389.43,DOWN
20330,0.2800,0.2800,-377.08,-386.48,DOWN
20340,0.2735,0.2735,-374.34,-383.58,DOWN
20350,0.2590,0.2590,-371.75,-380.75,DOWN
20360,0.2644,0.2644,-369.11,-377.97,DOWN
20369,0.2655,0.2655,-366.45,-375.21,DOWN
20380,0.2501,0.2501,-363.95,-372.52,DOWN
20390,0.2560,0.2560,-361.39,-369.86,DOWN
20400,0.2377,0.2377,-359.01,-367.27,DOWN
20410,0.2301,0.2301,-356.71,-364.74,DOWN
20420,0.2261,0.2261,-354.45,-362.28,DOWN
20430,0.2257,0.2257,-352.20,-359.87,DOWN
20440,0.2013,0.2013,-350.18,-357.56,DOWN
20450,0.1870,0.1870,-348.31,-355.35,DOWN
20460,0.1610,0.1610,-346.70,-353.28,DOWN
20470,0.1684,0.1684,-345.02,-351.30,DOWN
20480,0.1566,0.1566,-343.45,-349.43,DOWN
20490,0.1390,0.1390,-342.06,-347.67,DOWN
20500,0.1360,0.1360,-340.70,-346.00,DOWN
20510,0.1162,0.1162,-339.54,-344.46,DOWN
20520,0.1164,0.1164,-338.38,-343.00,DOWN
20530,0.1101,0.1101,-337.28,-341.63,DOWN
20540,0.0985,0.0000,-337.28,-340.59,DOWN
20550,0.0889,0.0000,-337.28,-339.80,DOWN
20560,0.0909,0.0000,-337.28,-339.20,DOWN
20570,0.0863,0.0000,-337.28,-338.74,DOWN
20579,0.0834,0.0000,-337.28,-338.39,DOWN
20590,0.0799,0.0000,-337.28,-338.12,DOWN
20600,0.0909,0.0000,-337.28,-337.92,DOWN
20610,0.0885,0.0000,-337.28,-337.77,DOWN
20620,0.0834,0.0000,-337.28,-337.65,DOWN
20630,0.0625,0.0000,-337.28,-337.56,DOWN
20640,0.0542,0.0000,-337.28,-337.49,DOWN
20649,0.0434,0.0000,-337.28,-337.44,DOWN
20659,0.0170,0.0000,-337.28,-337.40,DOWN
20670,0.0119,0.0000,-337.28,-337.37,DOWN
20680,0.0110,0.0000,-337.28,-337.35,DOWN
20690,-0.0223,0.0000,-337.28,-337.33,DOWN
20700,-0.0336,0.0000,-337.28,-337.32,DOWN
20710,-0.0456,0.0000,-337.28,-337.31,DOWN
20720,-0.0550,0.0000,-337.28,-337.30,DOWN
20729,-0.0749,0.0000,-337.28,-337.30,DOWN
20740,-0.0904,0.0000,-337.28,-337.29,DOWN
20750,-0.0960,0.0000,-337.28,-337.29,DOWN
20760,-0.1039,0.0000,-337.28,-337.28,DOWN
20769,-0.0826,0.0000,-337.28,-337.28,DOWN
20780,-0.0931,0.0000,-337.28,-337.28,DOWN
20790,-0.1062,0.0000,-339.03,-337.70,DOWN
20800,-0.1030,0.0000,-339.03,-338.02,DOWN
20810,-0.0840,0.0000,-339.03,-338.26,DOWN
20820,-0.0912,0.0000,-339.03,-338.45,DOWN
20830,-0.0835,0.0000,-339.03,-338.59,DOWN
20840,-0.0808,0.0000,-339.03,-338.69,DOWN
20850,-0.0965,0.0000,-339.03,-338.77,DOWN
20860,-0.0825,0.0000,-339.03,-338.84,DOWN
20870,-0.0872,0.0000,-339.03,-338.88,DOWN
20880,-0.0811,0.0000,-339.03,-338.92,DOWN
20890,-0.0757,0.0000,-339.03,-338.95,DOWN
20900,-0.0745,0.0000,-339.03,-338.97,DOWN
20910,-0.0696,0.0000,-339.03,-338.98,DOWN
20920,-0.0711,0.0000,-339.03,-338.99,DOWN
20930,-0.0960,0.0000,-339.03,-339.00,DOWN
20940,-0.1140,0.0000,-339.03,-339.01,DOWN
20950,-0.1213,0.0000,-339.03,-339.02,DOWN
20960,-0.1224,0.0000,-339.03,-339.02,DOWN
20970,-0.1196,0.0000,-343.81,-340.16,DOWN
20980,-0.1162,-0.1162,-344.97,-341.31,DOWN
20990,-0.1193,-0.1193,-346.16,-342.47,DOWN
21000,-0.1113,-0.1113,-347.27,-343.62,DOWN
21009,-0.1216,-0.1216,-348.49,-344.78,DOWN
21020,-0.1071,-0.1071,-349.56,-345.93,DOWN
21030,-0.1128,-0.1128,-350.69,-347.07,DOWN
21040,-0.1040,-0.1040,-351.73,-348.18,DOWN
21050,-0.1057,-0.1057,-352.79,-349.28,DOWN
21060,-0.0963,0.0000,-352.79,-350.12,DOWN
21070,-0.0996,0.0000,-352.79,-350.76,DOWN
21079,-0.1012,0.0000,-354.75,-351.71,DOWN
21090,-0.0856,0.0000,-354.75,-352.44,DOWN
21100,-0.0919,0.0000,-354.75,-352.99,DOWN
21110,-0.0821,0.0000,-354.75,-353.41,DOWN
21120,-0.0717,0.0000,-354.75,-353.73,DOWN
21130,-0.0810,0.0000,-354.75,-353.97,DOWN
21140,-0.0660,0.0000,-354.75,-354.16,DOWN
21150,-0.0782,0.0000,-354.75,-354.30,DOWN
21159,-0.0901,0.0000,-354.75,-354.40,DOWN
21170,-0.0808,0.0000,-354.75,-354.49,DOWN
21180,-0.0896,0.0000,-354.75,-354.55,DOWN
21190,-0.1051,0.0000,-354.75,-354.60,DOWN
21200,-0.1065,0.0000,-354.75,-354.63,DOWN
21210,-0.0985,0.0000,-354.75,-354.66,DOWN
21220,-0.1085,0.0000,-355.73,-354.92,DOWN
21229,-0.1104,0.0000,-355.73,-355.11,DOWN
21240,-0.0907,0.0000,-355.73,-355.26,DOWN
21250,-0.0889,0.0000,-355.73,-355.37,DOWN
21260,-0.0898,0.0000,-355.73,-355.46,DOWN
21269,-0.1015,0.0000,-358.43,-356.17,DOWN
21280,-0.0782,0.0000,-358.43,-356.71,DOWN
21290,-0.0865,0.0000,-358.43,-357.12,DOWN
21300,-0.0738,0.0000,-358.43,-357.43,DOWN
21310,-0.0825,0.0000,-358.43,-357.67,DOWN
21320,-0.0775,0.0000,-358.43,-357.85,DOWN
21330,-0.0763,0.0000,-358.43,-357.99,DOWN
21340,-0.0623,0.0000,-358.43,-358.09,DOWN
21350,-0.0541,0.0000,-358.43,-358.17,DOWN
21360,-0.0603,0.0000,-358.43,-358.23,DOWN
21369,-0.0573,0.0000,-358.43,-358.28,DOWN
21380,-0.0600,0.0000,-358.43,-358.31,DOWN
21390,-0.0695,0.0000,-358.43,-358.34,DOWN
21400,-0.0677,0.0000,-358.43,-358.36,DOWN
21410,-0.0714,0.0000,-358.43,-358.38,DOWN
21420,-0.0677,0.0000,-358.43,-358.39,DOWN
21430,-0.0736,0.0000,-358.43,-358.40,DOWN
21440,-0.0654,0.0000,-358.43,-358.40,DOWN
21450,-0.0777,0.0000,-358.43,-358.41,DOWN
21460,-0.0737,0.0000,-358.43,-358.41,DOWN
21470,-0.0760,0.0000,-358.43,-358.42,DOWN
21480,-0.0888,0.0000,-358.43,-358.42,DOWN
21490,-0.0672,0.0000,-358.43,-358.42,DOWN
21499,-0.0980,0.0000,-358.43,-358.42,DOWN
21510,-0.0851,0.0000,-358.43,-358.42,DOWN
21520,-0.0760,0.0000,-358.43,-358.42,DOWN
21530,-0.0908,0.0000,-358.43,-358.42,DOWN
21540,-0.0710,0.0000,-358.43,-358.42,DOWN
21550,-0.0811,0.0000,-358.43,-358.42,DOWN
21560,-0.0714,0.0000,-358.43,-358.43,DOWN
21570,-0.0690,0.0000,-358.43,-358.43,DOWN
21579,-0.0418,0.0000,-358.43,-358.43,DOWN
21590,-0.0383,0.0000,-358.43,-358.43,DOWN
21600,-0.0465,0.0000,-358.43,-358.43,DOWN
21610,-0.0473,0.0000,-358.43,-358.43,DOWN
21620,-0.0341,0.0000,-358.43,-358.43,DOWN
21630,-0.0492,0.0000,-358.43,-358.43,DOWN
21640,-0.0446,0.0000,-358.43,-358.43,DOWN
21649,-0.0584,0.0000,-358.43,-358.43,DOWN
21659,-0.0651,0.0000,-358.43,-358.43,DOWN
21670,-0.0741,0.0000,-358.43,-358.43,DOWN
21680,-0.0498,0.0000,-358.43,-358.43,DOWN
21690,-0.0735,0.0000,-358.43,-358.43,DOWN
21700,-0.0733,0.0000,-358.43,-358.43,DOWN
21710,-0.0689,0.0000,-358.43,-358.43,DOWN
21720,-0.0816,0.0000,-358.43,-358.43,DOWN
21729,-0.0633,0.0000,-358.43,-358.43,DOWN
21740,-0.0592,0.0000,-358.43,-358.43,DOWN
21750,-0.0625,0.0000,-358.43,-358.43,DOWN
21760,-0.0615,0.0000,-358.43,-358.43,DOWN
21769,-0.0554,0.0000,-358.43,-358.43,DOWN
21780,-0.0564,0.0000,-358.43,-358.43,DOWN
21790,-0.0573,0.0000,-358.43,-358.43,DOWN
21799,-0.0444,0.0000,-358.43,-358.43,DOWN
21810,-0.0534,0.0000,-358.43,-358.43,DOWN
21820,-0.0496,0.0000,-358.43,-358.43,DOWN
21830,-0.0512,0.0000,-358.43,-358.43,DOWN
21840,-0.0561,0.0000,-358.43,-358.43,DOWN
21850,-0.0549,0.0000,-358.43,-358.43,DOWN
21860,-0.0536,0.0000,-358.43,-358.43,DOWN
21870,-0.0366,0.0000,-358.43,-358.43,DOWN
21880,-0.0492,0.0000,-358.43,-358.43,DOWN
21890,-0.0251,0.0000,-358.43,-358.43,DOWN
21899,-0.0521,0.0000,-358.43,-358.43,DOWN
21910,-0.0565,0.0000,-358.43,-358.43,DOWN
21920,-0.0552,0.0000,-358.43,-358.43,DOWN
21930,-0.0455,0.0000,-358.43,-358.43,DOWN
21939,-0.0624,0.0000,-358.43,-358.43,DOWN
21950,-0.0633,0.0000,-358.43,-358.43,DOWN
21960,-0.0617,0.0000,-358.43,-358.43,DOWN
21970,-0.0734,0.0000,-358.43,-358.43,DOWN
21980,-0.0700,0.0000,-358.43,-358.43,DOWN
21990,-0.0594,0.0000,-358.43,-358.43,DOWN
22000,-0.0584,0.0000,-358.43,-358.43,DOWN
22009,-0.0523,0.0000,-358.43,-358.43,DOWN
22020,-0.0453,0.0000,-358.43,-358.43,DOWN
22030,-0.0504,0.0000,-358.43,-358.43,DOWN
22040,-0.0532,0.0000,-358.43,-358.43,DOWN
22050,-0.0465,0.0000,-358.43,-358.43,DOWN
22060,-0.0294,0.0000,-358.43,-358.43,DOWN
22070,-0.0398,0.0000,-358.43,-358.43,DOWN
22080,-0.0535,0.0000,-358.43,-358.43,DOWN
22089,-0.0455,0.0000,-358.43,-358.43,DOWN
22100,-0.0456,0.0000,-358.43,-358.43,DOWN
22110,-0.0425,0.0000,-358.43,-358.43,DOWN
22120,-0.0526,0.0000,-358.43,-358.43,DOWN
22130,-0.0554,0.0000,-358.43,-358.43,DOWN
22139,-0.0501,0.0000,-358.43,-358.43,DOWN
22150,-0.0705,0.0000,-358.43,-358.43,DOWN
22159,-0.0601,0.0000,-358.43,-358.43,DOWN
22170,-0.0578,0.0000,-358.43,-358.43,DOWN
22180,-0.0477,0.0000,-358.43,-358.43,DOWN
22190,-0.0547,0.0000,-358.43,-358.43,DOWN
22200,-0.0618,0.0000,-358.43,-358.43,DOWN
22210,-0.0444,0.0000,-358.43,-358.43,DOWN
22220,-0.0501,0.0000,-358.43,-358.43,DOWN
22229,-0.0537,0.0000,-358.43,-358.43,DOWN
22240,-0.0474,0.0000,-358.43,-358.43,DOWN
22250,-0.0359,0.0000,-358.43,-358.43,DOWN
22260,-0.0536,0.0000,-358.43,-358.43,DOWN
22269,-0.0585,0.0000,-358.43,-358.43,DOWN
22280,-0.0704,0.0000,-358.43,-358.43,DOWN
22290,-0.0775,0.0000,-358.43,-358.43,DOWN
22299,-0.0664,0.0000,-358.43,-358.43,DOWN
22310,-0.0485,0.0000,-358.43,-358.43,DOWN
22320,-0.0673,0.0000,-358.43,-358.43,DOWN
22330,-0.0593,0.0000,-358.43,-358.43,DOWN
22340,-0.0362,0.0000,-358.43,-358.43,DOWN
22350,-0.0458,0.0000,-358.43,-358.43,DOWN
22360,-0.0459,0.0000,-358.43,-358.43,DOWN
22370,-0.0221,0.0000,-358.43,-358.43,DOWN
22380,-0.0363,0.0000,-358.43,-358.43,DOWN
22390,-0.0355,0.0000,-358.43,-358.43,DOWN
22400,-0.0460,0.0000,-358.43,-358.43,DOWN
22410,-0.0367,0.0000,-358.43,-358.43,DOWN
22420,-0.0335,0.0000,-358.43,-358.43,DOWN
22430,-0.0388,0.0000,-358.43,-358.43,DOWN
22439,-0.0462,0.0000,-358.43,-358.43,DOWN
22450,-0.0534,0.0000,-358.43,-358.43,DOWN
22460,-0.0560,0.0000,-358.43,-358.43,DOWN
22470,-0.0379,0.0000,-358.43,-358.43,DOWN
22480,-0.0650,0.0000,-358.43,-358.43,DOWN
22490,-0.0547,0.0000,-358.43,-358.43,DOWN
22500,-0.0789,0.0000,-358.43,-358.43,DOWN
22510,-0.0488,0.0000,-358.43,-358.43,DOWN
22520,-0.0652,0.0000,-358.43,-358.43,DOWN
22530,-0.0438,0.0000,-358.43,-358.43,DOWN
22540,-0.0332,0.0000,-358.43,-358.43,DOWN
22550,-0.0441,0.0000,-358.43,-358.43,DOWN
22560,-0.0442,0.0000,-358.43,-358.43,DOWN
22570,-0.0473,0.0000,-358.43,-358.43,DOWN
22580,-0.0306,0.0000,-358.43,-358.43,DOWN
22589,-0.0390,0.0000,-358.43,-358.43,DOWN
22600,-0.0378,0.0000,-358.43,-358.43,DOWN
22610,-0.0330,0.0000,-358.43,-358.43,DOWN
22620,-0.0346,0.0000,-358.43,-358.43,DOWN
22630,-0.0283,0.0000,-358.43,-358.43,DOWN
22640,-0.0288,0.0000,-358.43,-358.43,DOWN
22649,-0.0476,0.0000,-358.43,-358.43,DOWN
22659,-0.0399,0.0000,-358.43,-358.43,DOWN
22670,-0.0439,0.0000,-358.43,-358.43,DOWN
22680,-0.0621,0.0000,-358.43,-358.43,DOWN
22690,-0.0575,0.0000,-358.43,-358.43,DOWN
22700,-0.0538,0.0000,-358.43,-358.43,DOWN
22710,-0.0572,0.0000,-358.43,-358.43,DOWN
22720,-0.0342,0.0000,-358.43,-358.43,DOWN
22729,-0.0197,0.0000,-358.43,-358.43,DOWN
22740,-0.0321,0.0000,-358.43,-358.43,DOWN
22750,-0.0272,0.0000,-358.43,-358.43,DOWN
22760,-0.0247,0.0000,-358.43,-358.43,DOWN
22769,-0.0190,0.0000,-358.43,-358.43,DOWN
22780,-0.0182,0.0000,-358.43,-358.43,DOWN
22790,-0.0014,0.0000,-358.43,-358.43,DOWN
22799,-0.0058,0.0000,-358.43,-358.43,DOWN
22810,-0.0101,0.0000,-358.43,-358.43,DOWN
22820,0.0023,0.0000,-358.43,-358.43,DOWN
22830,0.0198,0.0000,-358.43,-358.43,DOWN
22840,-0.0140,0.0000,-358.43,-358.43,DOWN
22850,-0.0051,0.0000,-358.43,-358.43,DOWN
22860,-0.0013,0.0000,-358.43,-358.43,DOWN
22869,0.0061,0.0000,-358.43,-358.43,DOWN
22880,0.0032,0.0000,-358.43,-358.43,DOWN
22890,-0.0230,0.0000,-358.43,-358.43,DOWN
22900,-0.0047,0.0000,-358.43,-358.43,DOWN
22910,-0.0009,0.0000,-358.43,-358.43,DOWN
22920,-0.0042,0.0000,-358.43,-358.43,DOWN
22930,-0.0065,0.0000,-358.43,-358.43,DOWN
22939,-0.0115,0.0000,-358.43,-358.43,DOWN
22950,0.0055,0.0000,-358.43,-358.43,DOWN
22960,0.0159,0.0000,-358.43,-358.43,DOWN
22970,0.0115,0.0000,-358.43,-358.43,DOWN
22980,0.0123,0.0000,-358.43,-358.43,DOWN
22990,0.0181,0.0000,-358.43,-358.43,DOWN
23000,0.0193,0.0000,-358.43,-358.43,DOWN
23009,0.0195,0.0000,-358.43,-358.43,DOWN
23020,0.0194,0.0000,-358.43,-358.43,DOWN
23030,0.0278,0.0000,-358.43,-358.43,DOWN
23040,0.0333,0.0000,-358.43,-358.43,DOWN
23050,0.0388,0.0000,-358.43,-358.43,DOWN
23060,0.0168,0.0000,-358.43,-358.43,DOWN
23070,0.0435,0.0000,-358.43,-358.43,DOWN
23080,0.0342,0.0000,-358.43,-358.43,DOWN
23089,0.0535,0.0000,-358.43,-358.43,DOWN
23100,0.0602,0.0000,-358.43,-358.43,DOWN
23110,0.0437,0.0000,-358.43,-358.43,DOWN
23120,0.0415,0.0000,-358.43,-358.43,DOWN
23130,0.0416,0.0000,-358.43,-358.43,DOWN
23140,0.0429,0.0000,-358.43,-358.43,DOWN
23149,0.0429,0.0000,-358.43,-358.43,DOWN
23159,0.0396,0.0000,-358.43,-358.43,DOWN
23170,0.0551,0.0000,-358.43,-358.43,DOWN
23180,0.0579,0.0000,-358.43,-358.43,DOWN
23190,0.0660,0.0000,-358.43,-358.43,DOWN
23200,0.0536,0.0000,-358.43,-358.43,DOWN
23210,0.0739,0.0000,-358.43,-358.43,DOWN
23220,0.0694,0.0000,-358.43,-358.43,DOWN
23229,0.0584,0.0000,-358.43,-358.43,DOWN
23240,0.0696,0.0000,-358.43,-358.43,DOWN
23250,0.0697,0.0000,-358.43,-358.43,DOWN
23260,0.0692,0.0000,-358.43,-358.43,DOWN
23269,0.0772,0.0000,-358.43,-358.43,DOWN
23280,0.0616,0.0000,-358.43,-358.43,DOWN
23290,0.0734,0.0000,-358.43,-358.43,DOWN
23299,0.0712,0.0000,-358.43,-358.43,DOWN
23310,0.0628,0.0000,-358.43,-358.43,DOWN
23320,0.0667,0.0000,-358.43,-358.43,DOWN
23330,0.0625,0.0000,-358.43,-358.43,DOWN
23340,0.0701,0.0000,-358.43,-358.43,DOWN
23350,0.0505,0.0000,-358.43,-358.43,DOWN
23360,0.0616,0.0000,-358.43,-358.43,DOWN
23370,0.0750,0.0000,-358.43,-358.43,DOWN
23380,0.0633,0.0000,-358.43,-358.43,DOWN
23390,0.0658,0.0000,-358.43,-358.43,DOWN
23400,0.0670,0.0000,-358.43,-358.43,DOWN
23410,0.0417,0.0000,-358.43,-358.43,DOWN
23420,0.0637,0.0000,-358.43,-358.43,DOWN
23430,0.0640,0.0000,-358.43,-358.43,DOWN
23440,0.0592,0.0000,-358.43,-358.43,DOWN
23450,0.0304,0.0000,-358.43,-358.43,DOWN
23460,0.0495,0.0000,-358.43,-358.43,DOWN
23470,0.0402,0.0000,-358.43,-358.43,DOWN
23480,0.0483,0.0000,-358.43,-358.43,DOWN
23490,0.0371,0.0000,-358.43,-358.43,DOWN
23500,0.0415,0.0000,-358.43,-358.43,DOWN
23510,0.0346,0.0000,-358.43,-358.43,DOWN
23520,0.0361,0.0000,-358.43,-358.43,DOWN
23530,0.0439,0.0000,-358.43,-358.43,DOWN
23540,0.0455,0.0000,-358.43,-358.43,DOWN
23550,0.0540,0.0000,-358.43,-358.43,DOWN
23560,0.0358,0.0000,-358.43,-358.43,DOWN
23570,0.0344,0.0000,-358.43,-358.43,DOWN
23580,0.0325,0.0000,-358.43,-358.43,DOWN
23589,0.0242,0.0000,-358.43,-358.43,DOWN
23600,0.0259,0.0000,-358.43,-358.43,DOWN
23610,0.0289,0.0000,-358.43,-358.43,DOWN
23620,0.0161,0.0000,-358.43,-358.43,DOWN
23630,0.0191,0.0000,-358.43,-358.43,DOWN
23640,0.0248,0.0000,-358.43,-358.43,DOWN
23649,0.0818,0.0000,-358.43,-358.43,DOWN
23659,0.0981,0.0000,-358.43,-358.43,DOWN
23670,0.0248,0.0000,-358.43,-358.43,DOWN
23680,-0.0419,0.0000,-358.43,-358.43,DOWN
23690,-0.0514,0.0000,-358.43,-358.43,DOWN
23700,-0.0254,0.0000,-358.43,-358.43,DOWN
23710,-0.0397,0.0000,-358.43,-358.43,DOWN
23720,-0.1314,0.0000,-358.43,-358.43,DOWN
23730,-0.1212,0.0000,-358.43,-358.43,DOWN
23740,-0.1056,0.0000,-358.43,-358.43,DOWN
23750,-0.1023,0.0000,-363.03,-359.53,DOWN
23760,-0.1024,-0.1024,-364.05,-360.61,DOWN
23769,-0.1039,-0.1039,-365.09,-361.68,DOWN
23780,-0.0852,0.0000,-365.09,-362.50,DOWN
23790,-0.0481,0.0000,-365.09,-363.12,DOWN
23799,-0.0110,0.0000,-365.09,-363.59,DOWN
23810,-0.0487,0.0000,-365.09,-363.95,DOWN
23820,-0.0171,0.0000,-365.09,-364.22,DOWN
23830,0.0126,0.0000,-365.09,-364.43,DOWN
23840,-0.0021,0.0000,-365.09,-364.59,DOWN
23849,-0.0264,0.0000,-365.09,-364.71,DOWN
23860,-0.0294,0.0000,-365.09,-364.80,DOWN
23869,-0.0434,0.0000,-365.09,-364.87,DOWN
23880,-0.0654,0.0000,-365.09,-364.92,DOWN
23890,-0.0699,0.0000,-365.09,-364.96,DOWN
23899,-0.0757,0.0000,-365.09,-365.00,DOWN
23910,-0.0677,0.0000,-365.09,-365.02,DOWN
23920,-0.0655,0.0000,-365.09,-365.04,DOWN
23930,-0.0523,0.0000,-365.09,-365.05,DOWN
23939,-0.0310,0.0000,-365.09,-365.06,DOWN
23950,-0.0190,0.0000,-365.09,-365.07,DOWN
23960,-0.0176,0.0000,-365.09,-365.07,DOWN
23970,-0.0220,0.0000,-365.09,-365.08,DOWN
23980,-0.0452,0.0000,-365.09,-365.08,DOWN
23990,-0.0404,0.0000,-365.09,-365.09,DOWN
24000,-0.0545,0.0000,-365.09,-365.09,DOWN
24009,-0.0795,0.0000,-365.09,-365.09,DOWN
24020,-0.0676,0.0000,-365.09,-365.09,DOWN
24030,-0.0596,0.0000,-365.09,-365.09,DOWN
24040,-0.0516,0.0000,-365.09,-365.09,DOWN
24050,-0.0541,0.0000,-365.09,-365.09,DOWN
24060,-0.0572,0.0000,-365.09,-365.09,DOWN
24070,-0.0529,0.0000,-365.09,-365.09,DOWN
24079,-0.0430,0.0000,-365.09,-365.09,DOWN
24089,-0.0353,0.0000,-365.09,-365.09,DOWN
24100,-0.0191,0.0000,-365.09,-365.09,DOWN
24110,-0.0248,0.0000,-365.09,-365.09,DOWN
24120,-0.0330,0.0000,-365.09,-365.09,DOWN
24130,-0.0283,0.0000,-365.09,-365.09,DOWN
24140,-0.0280,0.0000,-365.09,-365.09,DOWN
24149,-0.0581,0.0000,-365.09,-365.09,DOWN
24159,-0.0651,0.0000,-365.09,-365.09,DOWN
24170,-0.0565,0.0000,-365.09,-365.09,DOWN
24180,-0.0746,0.0000,-365.09,-365.09,DOWN
24190,-0.0550,0.0000,-365.09,-365.09,DOWN
24200,-0.0577,0.0000,-365.09,-365.09,DOWN
24210,-0.0624,0.0000,-365.09,-365.09,DOWN
24220,-0.0346,0.0000,-365.09,-365.09,DOWN
24229,-0.0273,0.0000,-365.09,-365.09,DOWN
24240,-0.0410,0.0000,-365.09,-365.09,DOWN
24250,-0.0309,0.0000,-365.09,-365.09,DOWN
24260,-0.0485,0.0000,-365.09,-365.09,DOWN
24269,-0.0397,0.0000,-365.09,-365.09,DOWN
24280,-0.0411,0.0000,-365.09,-365.09,DOWN
24290,-0.0495,0.0000,-365.09,-365.09,DOWN
24299,-0.0565,0.0000,-365.09,-365.09,DOWN
24310,-0.0466,0.0000,-365.09,-365.09,DOWN
24320,-0.0522,0.0000,-365.09,-365.09,DOWN
24330,-0.0338,0.0000,-365.09,-365.09,DOWN
24340,-0.0410,0.0000,-365.09,-365.09,DOWN
24350,-0.0513,0.0000,-365.09,-365.09,DOWN
24360,-0.0571,0.0000,-365.09,-365.09,DOWN
24369,-0.0445,0.0000,-365.09,-365.09,DOWN
24380,-0.0566,0.0000,-365.09,-365.09,DOWN
24390,-0.0363,0.0000,-365.09,-365.09,DOWN
24400,-0.0523,0.0000,-365.09,-365.09,DOWN
24410,-0.0470,0.0000,-365.09,-365.09,DOWN
24420,-0.0474,0.0000,-365.09,-365.09,DOWN
24430,-0.0526,0.0000,-365.09,-365.09,DOWN
24440,-0.0528,0.0000,-365.09,-365.09,DOWN
24450,-0.0417,0.0000,-365.09,-365.09,DOWN
24460,-0.0456,0.0000,-365.09,-365.09,DOWN
24470,-0.0514,0.0000,-365.09,-365.09,DOWN
24480,-0.0522,0.0000,-365.09,-365.09,DOWN
24490,-0.0613,0.0000,-365.09,-365.09,DOWN
24500,-0.0306,0.0000,-365.09,-365.09,DOWN
24510,-0.0434,0.0000,-365.09,-365.09,DOWN
24520,-0.0453,0.0000,-365.09,-365.09,DOWN
24530,-0.0452,0.0000,-365.09,-365.09,DOWN
24540,-0.0574,0.0000,-365.09,-365.09,DOWN
24550,-0.0570,0.0000,-365.09,-365.09,DOWN
24560,-0.0536,0.0000,-365.09,-365.09,DOWN
24570,-0.0494,0.0000,-365.09,-365.09,DOWN
24580,-0.0569,0.0000,-365.09,-365.09,DOWN
24589,-0.0581,0.0000,-365.09,-365.09,DOWN
24600,-0.0422,0.0000,-365.09,-365.09,DOWN
24610,-0.0370,0.0000,-365.09,-365.09,DOWN
24620,-0.0425,0.0000,-365.09,-365.09,DOWN
24630,-0.0564,0.0000,-365.09,-365.09,DOWN
24640,-0.0496,0.0000,-365.09,-365.09,DOWN
24649,-0.0386,0.0000,-365.09,-365.09,DOWN
24659,-0.0465,0.0000,-365.09,-365.09,DOWN
24670,-0.0571,0.0000,-365.09,-365.09,DOWN
24680,-0.0563,0.0000,-365.09,-365.09,DOWN
24690,-0.0589,0.0000,-365.09,-365.09,DOWN
24700,-0.0481,0.0000,-365.09,-365.09,DOWN
24710,-0.0533,0.0000,-365.09,-365.09,DOWN
24720,-0.0460,0.0000,-365.09,-365.09,DOWN
24729,-0.0437,0.0000,-365.09,-365.09,DOWN
24740,-0.0497,0.0000,-365.09,-365.09,DOWN
24750,-0.0605,0.0000,-365.09,-365.09,DOWN
24760,-0.0431,0.0000,-365.09,-365.09,DOWN
24770,-0.0530,0.0000,-365.09,-365.09,DOWN
24780,-0.0577,0.0000,-365.09,-365.09,DOWN
24790,-0.0507,0.0000,-365.09,-365.09,DOWN
24800,-0.0454,0.0000,-365.09,-365.09,DOWN
24810,-0.0429,0.0000,-365.09,-365.09,DOWN
24820,-0.0548,0.0000,-365.09,-365.09,DOWN
24830,-0.0436,0.0000,-365.09,-365.09,DOWN
24840,-0.0586,0.0000,-365.09,-365.09,DOWN
24850,-0.0489,0.0000,-365.09,-365.09,DOWN
24860,-0.0425,0.0000,-365.09,-365.09,DOWN
24869,-0.0489,0.0000,-365.09,-365.09,DOWN
24880,-0.0522,0.0000,-365.09,-365.09,DOWN
24890,-0.0478,0.0000,-365.09,-365.09,DOWN
24900,-0.0499,0.0000,-365.09,-365.09,DOWN
24910,-0.0403,0.0000,-365.09,-365.09,DOWN
24920,-0.0423,0.0000,-365.09,-365.09,DOWN
24930,-0.0463,0.0000,-365.09,-365.09,DOWN
24940,-0.0454,0.0000,-365.09,-365.09,DOWN
24950,-0.0554,0.0000,-365.09,-365.09,DOWN
24960,-0.0553,0.0000,-365.09,-365.09,DOWN
24970,-0.0582,0.0000,-365.09,-365.09,DOWN
24980,-0.0450,0.0000,-365.09,-365.09,DOWN
24990,-0.0598,0.0000,-365.09,-365.09,DOWN
25000,-0.0429,0.0000,-365.09,-365.09,DOWN
25010,-0.0432,0.0000,-365.09,-365.09,DOWN
25019,-0.0451,0.0000,-365.09,-365.09,DOWN
25030,-0.0506,0.0000,-365.09,-365.09,DOWN
25040,-0.0477,0.0000,-365.09,-365.09,DOWN
25050,-0.0503,0.0000,-365.09,-365.09,DOWN
25059,-0.0430,0.0000,-365.09,-365.09,DOWN
25070,-0.0521,0.0000,-365.09,-365.09,DOWN
25080,-0.0449,0.0000,-365.09,-365.09,DOWN
25089,-0.0540,0.0000,-365.09,-365.09,DOWN
25100,-0.0517,0.0000,-365.09,-365.09,DOWN
25110,-0.0534,0.0000,-365.09,-365.09,DOWN
25120,-0.0516,0.0000,-365.09,-365.09,DOWN
25130,-0.0544,0.0000,-365.09,-365.09,DOWN
25140,-0.0441,0.0000,-365.09,-365.09,DOWN
25149,-0.0429,0.0000,-365.09,-365.09,DOWN
25159,-0.0505,0.0000,-365.09,-365.09,DOWN
25170,-0.0499,0.0000,-365.09,-365.09,DOWN
25180,-0.0650,0.0000,-365.09,-365.09,DOWN
25190,-0.0543,0.0000,-365.09,-365.09,DOWN
25200,-0.0421,0.0000,-365.09,-365.09,DOWN
25210,-0.0476,0.0000,-365.09,-365.09,DOWN
25220,-0.0374,0.0000,-365.09,-365.09,DOWN
25229,-0.0566,0.0000,-365.09,-365.09,DOWN
25240,-0.0413,0.0000,-365.09,-365.09,DOWN
25250,-0.0396,0.0000,-365.09,-365.09,DOWN
25260,-0.0438,0.0000,-365.09,-365.09,DOWN
25270,-0.0443,0.0000,-365.09,-365.09,DOWN
25280,-0.0397,0.0000,-365.09,-365.09,DOWN
25290,-0.0512,0.0000,-365.09,-365.09,DOWN
25299,-0.0453,0.0000,-365.09,-365.09,DOWN
25310,-0.0492,0.0000,-365.09,-365.09,DOWN
25320,-0.0414,0.0000,-365.09,-365.09,DOWN
25330,-0.0342,0.0000,-365.09,-365.09,DOWN
25340,-0.0522,0.0000,-365.09,-365.09,DOWN
25350,-0.0427,0.0000,-365.09,-365.09,DOWN
25360,-0.0426,0.0000,-365.09,-365.09,DOWN
25370,-0.0574,0.0000,-365.09,-365.09,DOWN
25380,-0.0499,0.0000,-365.09,-365.09,DOWN
25390,-0.0388,0.0000,-365.09,-365.09,DOWN
25400,-0.0478,0.0000,-365.09,-365.09,DOWN
25410,-0.0526,0.0000,-365.09,-365.09,DOWN
25420,-0.0459,0.0000,-365.09,-365.09,DOWN
25430,-0.0393,0.0000,-365.09,-365.09,DOWN
25440,-0.0475,0.0000,-365.09,-365.09,DOWN
25450,-0.0517,0.0000,-365.09,-365.09,DOWN
25460,-0.0377,0.0000,-365.09,-365.09,DOWN
25470,-0.0462,0.0000,-365.09,-365.09,DOWN
25480,-0.0432,0.0000,-365.09,-365.09,DOWN
25490,-0.0559,0.0000,-365.09,-365.09,DOWN
25500,-0.0517,0.0000,-365.09,-365.09,DOWN
25510,-0.0635,0.0000,-365.09,-365.09,DOWN
25519,-0.0530,0.0000,-365.09,-365.09,DOWN
25530,-0.0416,0.0000,-365.09,-365.09,DOWN
25540,-0.0492,0.0000,-365.09,-365.09,DOWN
25550,-0.0604,0.0000,-365.09,-365.09,DOWN
25560,-0.0431,0.0000,-365.09,-365.09,DOWN
25570,-0.0409,0.0000,-365.09,-365.09,DOWN
25580,-0.0424,0.0000,-365.09,-365.09,DOWN
25589,-0.0447,0.0000,-365.09,-365.09,DOWN
25600,-0.0540,0.0000,-365.09,-365.09,DOWN
25610,-0.0676,0.0000,-365.09,-365.09,DOWN
25620,-0.0396,0.0000,-365.09,-365.09,DOWN
25630,-0.0476,0.0000,-365.09,-365.09,DOWN
25640,-0.0221,0.0000,-365.09,-365.09,DOWN
25650,-0.0482,0.0000,-365.09,-365.09,DOWN
25660,-0.0809,0.0000,-365.09,-365.09,DOWN
25670,-0.0643,0.0000,-365.09,-365.09,DOWN
25680,-0.0262,0.0000,-365.09,-365.09,DOWN
25690,-0.0458,0.0000,-365.09,-365.09,DOWN
25700,-0.0597,0.0000,-365.09,-365.09,DOWN
25710,-0.0800,0.0000,-365.09,-365.09,DOWN
25720,-0.0510,0.0000,-365.09,-365.09,DOWN
25730,-0.0581,0.0000,-365.09,-365.09,DOWN
25740,-0.0505,0.0000,-365.09,-365.09,DOWN
25750,-0.0093,0.0000,-365.09,-365.09,DOWN
25760,-0.0205,0.0000,-365.09,-365.09,DOWN
25769,-0.0692,0.0000,-365.09,-365.09,DOWN
25780,-0.0424,0.0000,-365.09,-365.09,DOWN
25790,-0.0348,0.0000,-365.09,-365.09,DOWN
25800,-0.0591,0.0000,-365.09,-365.09,DOWN
25810,-0.0668,0.0000,-365.09,-365.09,DOWN
25820,-0.0550,0.0000,-365.09,-365.09,DOWN
25830,-0.0434,0.0000,-365.09,-365.09,DOWN
25840,-0.0504,0.0000,-365.09,-365.09,DOWN
25850,0.0019,0.0000,-365.09,-365.09,DOWN
25860,-0.1183,0.0000,-365.09,-365.09,DOWN
25870,-0.1100,0.0000,-365.09,-365.09,DOWN
25880,-0.0206,0.0000,-365.09,-365.09,DOWN
25890,-0.0114,0.0000,-365.09,-365.09,DOWN
25900,-0.0160,0.0000,-365.09,-365.09,DOWN
25910,-0.0348,0.0000,-365.09,-365.09,DOWN
25920,-0.0250,0.0000,-365.09,-365.09,DOWN
25930,-0.0388,0.0000,-365.09,-365.09,DOWN
25940,-0.0491,0.0000,-365.09,-365.09,DOWN
25950,-0.0369,0.0000,-365.09,-365.09,DOWN
25960,-0.0786,0.0000,-365.09,-365.09,DOWN
25970,-0.0119,0.0000,-365.09,-365.09,DOWN
25980,-0.0811,0.0000,-365.09,-365.09,DOWN
25990,-0.0288,0.0000,-365.09,-365.09,DOWN
26000,-0.0317,0.0000,-365.09,-365.09,DOWN
26010,-0.0636,0.0000,-365.09,-365.09,DOWN
26019,0.0045,0.0000,-365.09,-365.09,DOWN
26030,-0.0576,0.0000,-365.09,-365.09,DOWN
26040,-0.0647,0.0000,-365.09,-365.09,DOWN
26050,-0.1013,0.0000,-365.09,-365.09,DOWN
26060,-0.0336,0.0000,-365.09,-365.09,DOWN
26070,-0.0477,0.0000,-365.09,-365.09,DOWN
26080,-0.0405,0.0000,-365.09,-365.09,DOWN
26090,-0.0255,0.0000,-365.09,-365.09,DOWN
26100,-0.0831,0.0000,-365.09,-365.09,DOWN
26110,0.0097,0.0000,-365.09,-365.09,DOWN
26120,-0.0359,0.0000,-365.09,-365.09,DOWN
26130,-0.0511,0.0000,-365.09,-365.09,DOWN
26140,-0.0942,0.0000,-365.09,-365.09,DOWN
26150,-0.0651,0.0000,-365.09,-365.09,DOWN
26160,-0.0336,0.0000,-365.09,-365.09,DOWN
26170,-0.0315,0.0000,-365.09,-365.09,DOWN
26180,-0.0319,0.0000,-365.09,-365.09,DOWN
26190,-0.0559,0.0000,-365.09,-365.09,DOWN
26200,-0.0227,0.0000,-365.09,-365.09,DOWN
26210,-0.0343,0.0000,-365.09,-365.09,DOWN
26220,-0.0290,0.0000,-365.09,-365.09,DOWN
26229,-0.0296,0.0000,-365.09,-365.09,DOWN
26240,-0.0990,0.0000,-365.09,-365.09,DOWN
26250,-0.0825,0.0000,-365.09,-365.09,DOWN
26260,-0.0288,0.0000,-365.09,-365.09,DOWN
26269,-0.0352,0.0000,-365.09,-365.09,DOWN
26280,-0.0252,0.0000,-365.09,-365.09,DOWN
26290,0.0054,0.0000,-365.09,-365.09,DOWN
26299,-0.0677,0.0000,-365.09,-365.09,DOWN
26310,-0.0429,0.0000,-365.09,-365.09,DOWN
26320,-0.0603,0.0000,-365.09,-365.09,DOWN
26330,-0.0469,0.0000,-365.09,-365.09,DOWN
26340,-0.0535,0.0000,-365.09,-365.09,DOWN
26350,-0.0665,0.0000,-365.09,-365.09,DOWN
26360,-0.0439,0.0000,-365.09,-365.09,DOWN
26369,-0.0274,0.0000,-365.09,-365.09,DOWN
26380,-0.0056,0.0000,-365.09,-365.09,DOWN
26390,-0.0358,0.0000,-365.09,-365.09,DOWN
26400,-0.0861,0.0000,-365.09,-365.09,DOWN
26410,-0.0644,0.0000,-365.09,-365.09,DOWN
26420,-0.0532,0.0000,-365.09,-365.09,DOWN
26430,-0.0951,0.0000,-365.09,-365.09,DOWN
26439,-0.0263,0.0000,-365.09,-365.09,DOWN
26450,-0.0379,0.0000,-365.09,-365.09,DOWN
26460,0.0528,0.0000,-365.09,-365.09,DOWN
26470,0.0173,0.0000,-365.09,-365.09,DOWN
26480,-0.0931,0.0000,-365.09,-365.09,DOWN
26490,-0.0679,0.0000,-365.09,-365.09,DOWN
26500,-0.1207,0.0000,-365.09,-365.09,DOWN
26510,-0.0365,0.0000,-365.09,-365.09,DOWN
26520,-0.0135,0.0000,-365.09,-365.09,DOWN
26530,-0.0457,0.0000,-365.09,-365.09,DOWN
26540,-0.0449,0.0000,-365.09,-365.09,DOWN
26550,-0.0845,0.0000,-365.09,-365.09,DOWN
26560,-0.0462,0.0000,-365.09,-365.09,DOWN
26570,0.0054,0.0000,-365.09,-365.09,DOWN
26579,-0.0416,0.0000,-365.09,-365.09,DOWN
26590,-0.0304,0.0000,-365.09,-365.09,DOWN
26600,-0.0762,0.0000,-365.09,-365.09,DOWN
26610,-0.0741,0.0000,-365.09,-365.09,DOWN
26620,-0.0189,0.0000,-365.09,-365.09,DOWN
26630,-0.0502,0.0000,-365.09,-365.09,DOWN
26640,-0.0462,0.0000,-365.09,-365.09,DOWN
26650,-0.1097,0.0000,-365.09,-365.09,DOWN
26659,-0.0419,0.0000,-365.09,-365.09,DOWN
26670,-0.0183,0.0000,-365.09,-365.09,DOWN
26680,-0.0269,0.0000,-365.09,-365.09,DOWN
26690,-0.0106,0.0000,-365.09,-365.09,DOWN
26700,-0.0146,0.0000,-365.09,-365.09,DOWN
26710,-0.0472,0.0000,-365.09,-365.09,DOWN
26720,-0.0860,0.0000,-365.09,-365.09,DOWN
26730,-0.0510,0.0000,-365.09,-365.09,DOWN
26740,-0.0180,0.0000,-365.09,-365.09,DOWN
26750,-0.0576,0.0000,-365.09,-365.09,DOWN
26760,-0.0793,0.0000,-365.09,-365.09,DOWN
26769,-0.0785,0.0000,-365.09,-365.09,DOWN
26780,-0.0639,0.0000,-365.09,-365.09,DOWN
26790,-0.0344,0.0000,-365.09,-365.09,DOWN
26799,-0.0145,0.0000,-365.09,-365.09,DOWN
26810,0.0112,0.0000,-365.09,-365.09,DOWN
26820,-0.0160,0.0000,-365.09,-365.09,DOWN
26830,-0.0845,0.0000,-365.09,-365.09,DOWN
26839,-0.0262,0.0000,-365.09,-365.09,DOWN
26850,-0.0614,0.0000,-365.09,-365.09,DOWN
26860,-0.0457,0.0000,-365.09,-365.09,DOWN
26869,-0.0451,0.0000,-365.09,-365.09,DOWN
26880,-0.0589,0.0000,-365.09,-365.09,DOWN
26890,-0.0550,0.0000,-365.09,-365.09,DOWN
26900,-0.0307,0.0000,-365.09,-365.09,DOWN
26910,-0.0207,0.0000,-365.09,-365.09,DOWN
26920,-0.0458,0.0000,-365.09,-365.09,DOWN
26930,-0.0416,0.0000,-365.09,-365.09,DOWN
26939,-0.0704,0.0000,-365.09,-365.09,DOWN
26950,-0.0680,0.0000,-365.09,-365.09,DOWN
26960,-0.0544,0.0000,-365.09,-365.09,DOWN
26970,-0.0128,0.0000,-365.09,-365.09,DOWN
26980,-0.0828,0.0000,-365.09,-365.09,DOWN
26990,-0.0826,0.0000,-365.09,-365.09,DOWN
27000,-0.0855,0.0000,-365.09,-365.09,DOWN
27009,-0.0262,0.0000,-365.09,-365.09,DOWN
27019,0.0044,0.0000,-365.09,-365.09,DOWN
27030,-0.0294,0.0000,-365.09,-365.09,DOWN
27039,-0.0548,0.0000,-365.09,-365.09,DOWN
27050,-0.0712,0.0000,-365.09,-365.09,DOWN
27060,-0.0015,0.0000,-365.09,-365.09,DOWN
27070,0.0072,0.0000,-365.09,-365.09,DOWN
27080,-0.0247,0.0000,-365.09,-365.09,DOWN
27089,-0.0300,0.0000,-365.09,-365.09,DOWN
27100,-0.0693,0.0000,-365.09,-365.09,DOWN
27110,-0.0494,0.0000,-365.09,-365.09,DOWN
27120,-0.0313,0.0000,-365.09,-365.09,DOWN
27130,-0.0584,0.0000,-365.09,-365.09,DOWN
27140,-0.0467,0.0000,-365.09,-365.09,DOWN
27150,-0.0443,0.0000,-365.09,-365.09,DOWN
27159,-0.0864,0.0000,-365.09,-365.09,DOWN
27170,-0.0490,0.0000,-365.09,-365.09,DOWN
27180,-0.0558,0.0000,-365.09,-365.09,DOWN
27190,0.0058,0.0000,-365.09,-365.09,DOWN
27200,0.0456,0.0000,-365.09,-365.09,DOWN
27210,-0.0170,0.0000,-365.09,-365.09,DOWN
27220,-0.1002,0.0000,-365.09,-365.09,DOWN
27229,-0.0839,0.0000,-365.09,-365.09,DOWN
27240,-0.0535,0.0000,-365.09,-365.09,DOWN
27250,-0.0357,0.0000,-365.09,-365.09,DOWN
27260,-0.0671,0.0000,-365.09,-365.09,DOWN
27269,-0.0816,0.0000,-365.09,-365.09,DOWN
27280,-0.0571,0.0000,-365.09,-365.09,DOWN
27290,-0.0664,0.0000,-365.09,-365.09,DOWN
27299,-0.0444,0.0000,-365.09,-365.09,DOWN
27310,-0.0390,0.0000,-365.09,-365.09,DOWN
27320,-0.0844,0.0000,-365.09,-365.09,DOWN
27330,-0.0843,0.0000,-365.09,-365.09,DOWN
27340,-0.0088,0.0000,-365.09,-365.09,DOWN
27350,0.0140,0.0000,-365.09,-365.09,DOWN
27360,0.0173,0.0000,-365.09,-365.09,DOWN
27369,-0.0503,0.0000,-365.09,-365.09,DOWN
27380,-0.0780,0.0000,-365.09,-365.09,DOWN
27390,-0.0815,0.0000,-365.09,-365.09,DOWN
27400,-0.0828,0.0000,-365.09,-365.09,DOWN
27410,-0.0633,0.0000,-365.09,-365.09,DOWN
27420,-0.0574,0.0000,-365.09,-365.09,DOWN
27430,-0.0584,0.0000,-365.09,-365.09,DOWN
27439,-0.0669,0.0000,-365.09,-365.09,DOWN
27450,-0.0307,0.0000,-365.09,-365.09,DOWN
27460,0.0088,0.0000,-365.09,-365.09,DOWN
27470,-0.0108,0.0000,-365.09,-365.09,DOWN
27480,-0.0578,0.0000,-365.09,-365.09,DOWN
27490,-0.0468,0.0000,-365.09,-365.09,DOWN
27500,-0.0071,0.0000,-365.09,-365.09,DOWN
27510,-0.0321,0.0000,-365.09,-365.09,DOWN
27519,-0.0460,0.0000,-365.09,-365.09,DOWN
27530,-0.0484,0.0000,-365.09,-365.09,DOWN
27540,-0.1101,0.0000,-365.09,-365.09,DOWN
27550,-0.0612,0.0000,-365.09,-365.09,DOWN
27560,-0.0361,0.0000,-365.09,-365.09,DOWN
27570,-0.0343,0.0000,-365.09,-365.09,DOWN
27579,-0.0552,0.0000,-365.09,-365.09,DOWN
27589,-0.0604,0.0000,-365.09,-365.09,DOWN
27600,-0.0587,0.0000,-365.09,-365.09,DOWN
27610,-0.0509,0.0000,-365.09,-365.09,DOWN
27620,-0.0211,0.0000,-365.09,-365.09,DOWN
27630,-0.0184,0.0000,-365.09,-365.09,DOWN
27640,-0.0203,0.0000,-365.09,-365.09,DOWN
27650,-0.0743,0.0000,-365.09,-365.09,DOWN
27659,-0.0695,0.0000,-365.09,-365.09,DOWN
27670,-0.0625,0.0000,-365.09,-365.09,DOWN
27680,-0.0341,0.0000,-365.09,-365.09,DOWN
27690,-0.0126,0.0000,-365.09,-365.09,DOWN
27700,-0.0838,0.0000,-365.09,-365.09,DOWN
27710,-0.0732,0.0000,-365.09,-365.09,DOWN
27720,-0.0609,0.0000,-365.09,-365.09,DOWN
27729,-0.0257,0.0000,-365.09,-365.09,DOWN
27740,-0.0113,0.0000,-365.09,-365.09,DOWN
27750,-0.0309,0.0000,-365.09,-365.09,DOWN
27760,-0.0430,0.0000,-365.09,-365.09,DOWN
27770,-0.0322,0.0000,-365.09,-365.09,DOWN
27780,-0.0198,0.0000,-365.09,-365.09,DOWN
27790,-0.0600,0.0000,-365.09,-365.09,DOWN
27800,-0.0465,0.0000,-365.09,-365.09,DOWN
27810,-0.0770,0.0000,-365.09,-365.09,DOWN
27820,-0.0745,0.0000,-365.09,-365.09,DOWN
27830,-0.0787,0.0000,-365.09,-365.09,DOWN
27840,-0.0362,0.0000,-365.09,-365.09,DOWN
27850,-0.0523,0.0000,-365.09,-365.09,DOWN
27860,-0.0623,0.0000,-365.09,-365.09,DOWN
27870,-0.0230,0.0000,-365.09,-365.09,DOWN
27880,-0.0119,0.0000,-365.09,-365.09,DOWN
27890,-0.0068,0.0000,-365.09,-365.09,DOWN
27900,-0.0829,0.0000,-365.09,-365.09,DOWN
27910,-0.0668,0.0000,-365.09,-365.09,DOWN
27920,-0.0604,0.0000,-365.09,-365.09,DOWN
27930,-0.0682,0.0000,-365.09,-365.09,DOWN
27940,-0.0415,0.0000,-365.09,-365.09,DOWN
27949,-0.0394,0.0000,-365.09,-365.09,DOWN
27960,0.0025,0.0000,-365.09,-365.09,DOWN
27970,-0.0192,0.0000,-365.09,-365.09,DOWN
27980,-0.0540,0.0000,-365.09,-365.09,DOWN
27990,-0.0530,0.0000,-365.09,-365.09,DOWN
28000,-0.0511,0.0000,-365.09,-365.09,DOWN
28009,-0.0757,0.0000,-365.09,-365.09,DOWN
28019,-0.0666,0.0000,-365.09,-365.09,DOWN
28030,-0.0653,0.0000,-365.09,-365.09,DOWN
28040,-0.0441,0.0000,-365.09,-365.09,DOWN
28050,-0.0578,0.0000,-365.09,-365.09,DOWN
28060,-0.0522,0.0000,-365.09,-365.09,DOWN
28070,-0.0314,0.0000,-365.09,-365.09,DOWN
28080,-0.0154,0.0000,-365.09,-365.09,DOWN
28089,-0.0160,0.0000,-365.09,-365.09,DOWN
28100,-0.0365,0.0000,-365.09,-365.09,DOWN
28110,-0.0326,0.0000,-365.09,-365.09,DOWN
28120,-0.0817,0.0000,-365.09,-365.09,DOWN
28130,-0.0833,0.0000,-365.09,-365.09,DOWN
28140,-0.0691,0.0000,-365.09,-365.09,DOWN
28150,-0.0457,0.0000,-365.09,-365.09,DOWN
28160,-0.0388,0.0000,-365.09,-365.09,DOWN
28170,-0.0446,0.0000,-365.09,-365.09,DOWN
28180,-0.0252,0.0000,-365.09,-365.09,DOWN
28190,-0.0609,0.0000,-365.09,-365.09,DOWN
28200,-0.0433,0.0000,-365.09,-365.09,DOWN
28210,-0.0496,0.0000,-365.09,-365.09,DOWN
28220,-0.0214,0.0000,-365.09,-365.09,DOWN
28229,-0.0487,0.0000,-365.09,-365.09,DOWN
28240,-0.0473,0.0000,-365.09,-365.09,DOWN
28250,-0.0662,0.0000,-365.09,-365.09,DOWN
28260,-0.0439,0.0000,-365.09,-365.09,DOWN
28270,-0.0399,0.0000,-365.09,-365.09,DOWN
28280,-0.0531,0.0000,-365.09,-365.09,DOWN
28290,-0.0259,0.0000,-365.09,-365.09,DOWN
28299,-0.0401,0.0000,-365.09,-365.09,DOWN
28310,-0.0386,0.0000,-365.09,-365.09,DOWN
28320,-0.0629,0.0000,-365.09,-365.09,DOWN
28330,-0.0546,0.0000,-365.09,-365.09,DOWN
28340,-0.0375,0.0000,-365.09,-365.09,DOWN
28350,-0.0641,0.0000,-365.09,-365.09,DOWN
28360,-0.0473,0.0000,-365.09,-365.09,DOWN
28370,-0.0554,0.0000,-365.09,-365.09,DOWN
28380,-0.0561,0.0000,-365.09,-365.09,DOWN
28390,-0.0494,0.0000,-365.09,-365.09,DOWN
28400,-0.0336,0.0000,-365.09,-365.09,DOWN
28410,-0.0312,0.0000,-365.09,-365.09,DOWN
28420,-0.0319,0.0000,-365.09,-365.09,DOWN
28430,-0.0380,0.0000,-365.09,-365.09,DOWN
28440,-0.0354,0.0000,-365.09,-365.09,DOWN
28449,-0.0451,0.0000,-365.09,-365.09,DOWN
28460,-0.0609,0.0000,-365.09,-365.09,DOWN
28470,-0.0377,0.0000,-365.09,-365.09,DOWN
28480,-0.0484,0.0000,-365.09,-365.09,DOWN
28490,-0.0511,0.0000,-365.09,-365.09,DOWN
28500,-0.0501,0.0000,-365.09,-365.09,DOWN
28510,-0.0327,0.0000,-365.09,-365.09,DOWN
28519,-0.0433,0.0000,-365.09,-365.09,DOWN
28530,-0.0478,0.0000,-365.09,-365.09,DOWN
28540,-0.0350,0.0000,-365.09,-365.09,DOWN
28550,-0.0399,0.0000,-365.09,-365.09,DOWN
28560,-0.0362,0.0000,-365.09,-365.09,DOWN
28570,-0.0437,0.0000,-365.09,-365.09,DOWN
28580,-0.0624,0.0000,-365.09,-365.09,DOWN
28589,-0.0524,0.0000,-365.09,-365.09,DOWN
28600,-0.0476,0.0000,-365.09,-365.09,DOWN
28610,-0.0583,0.0000,-365.09,-365.09,DOWN
28620,-0.0505,0.0000,-365.09,-365.09,DOWN
28630,-0.0562,0.0000,-365.09,-365.09,DOWN
28640,-0.0396,0.0000,-365.09,-365.09,DOWN
28650,-0.0358,0.0000,-365.09,-365.09,DOWN
28660,-0.0218,0.0000,-365.09,-365.09,DOWN
28670,-0.0496,0.0000,-365.09,-365.09,DOWN
28680,-0.0423,0.0000,-365.09,-365.09,DOWN
28690,-0.0531,0.0000,-365.09,-365.09,DOWN
28700,-0.0426,0.0000,-365.09,-365.09,DOWN
28710,-0.0593,0.0000,-365.09,-365.09,DOWN
28720,-0.0450,0.0000,-365.09,-365.09,DOWN
28730,-0.0401,0.0000,-365.09,-365.09,DOWN
28740,-0.0442,0.0000,-365.09,-365.09,DOWN
28750,-0.0400,0.0000,-365.09,-365.09,DOWN
28760,-0.0400,0.0000,-365.09,-365.09,DOWN
28769,-0.0315,0.0000,-365.09,-365.09,DOWN
28780,-0.0420,0.0000,-365.09,-365.09,DOWN
28790,-0.0492,0.0000,-365.09,-365.09,DOWN
28800,-0.0512,0.0000,-365.09,-365.09,DOWN
28810,-0.0567,0.0000,-365.09,-365.09,DOWN
28820,-0.0421,0.0000,-365.09,-365.09,DOWN
28830,-0.0483,0.0000,-365.09,-365.09,DOWN
28840,-0.0433,0.0000,-365.09,-365.09,DOWN
28850,-0.0500,0.0000,-365.09,-365.09,DOWN
28860,-0.0443,0.0000,-365.09,-365.09,DOWN
28870,-0.0423,0.0000,-365.09,-365.09,DOWN
28880,-0.0477,0.0000,-365.09,-365.09,DOWN
28890,-0.0662,0.0000,-365.09,-365.09,DOWN
28900,-0.0325,0.0000,-365.09,-365.09,DOWN
28910,-0.0411,0.0000,-365.09,-365.09,DOWN
28920,-0.0537,0.0000,-365.09,-365.09,DOWN
28930,-0.0393,0.0000,-365.09,-365.09,DOWN
28939,-0.0412,0.0000,-365.09,-365.09,DOWN
28949,-0.0427,0.0000,-365.09,-365.09,DOWN
28960,-0.0449,0.0000,-365.09,-365.09,DOWN
28970,-0.0597,0.0000,-365.09,-365.09,DOWN
28980,-0.0441,0.0000,-365.09,-365.09,DOWN
28990,-0.0491,0.0000,-365.09,-365.09,DOWN
29000,-0.0317,0.0000,-365.09,-365.09,DOWN
29009,-0.0440,0.0000,-365.09,-365.09,DOWN
29019,-0.0349,0.0000,-365.09,-365.09,DOWN
29030,-0.0333,0.0000,-365.09,-365.09,DOWN
29040,-0.0304,0.0000,-365.09,-365.09,DOWN
29050,-0.0483,0.0000,-365.09,-365.09,DOWN
29060,-0.0468,0.0000,-365.09,-365.09,DOWN
29070,-0.0412,0.0000,-365.09,-365.09,DOWN
29080,-0.0332,0.0000,-365.09,-365.09,DOWN
29089,-0.0614,0.0000,-365.09,-365.09,DOWN
29100,-0.0404,0.0000,-365.09,-365.09,DOWN
29110,-0.0521,0.0000,-365.09,-365.09,DOWN
29120,-0.0392,0.0000,-365.09,-365.09,DOWN
29130,-0.0456,0.0000,-365.09,-365.09,DOWN
29140,-0.0452,0.0000,-365.09,-365.09,DOWN
29150,-0.0640,0.0000,-365.09,-365.09,DOWN
29159,-0.0649,0.0000,-365.09,-365.09,DOWN
29170,-0.0478,0.0000,-365.09,-365.09,DOWN
29180,-0.0531,0.0000,-365.09,-365.09,DOWN
29190,-0.0483,0.0000,-365.09,-365.09,DOWN
29200,-0.0541,0.0000,-365.09,-365.09,DOWN
29210,-0.0544,0.0000,-365.09,-365.09,DOWN
29220,-0.0397,0.0000,-365.09,-365.09,DOWN
29229,-0.0403,0.0000,-365.09,-365.09,DOWN
29240,-0.0305,0.0000,-365.09,-365.09,DOWN
29250,-0.0477,0.0000,-365.09,-365.09,DOWN
29260,-0.0444,0.0000,-365.09,-365.09,DOWN
29269,-0.0396,0.0000,-365.09,-365.09,DOWN
29280,-0.0618,0.0000,-365.09,-365.09,DOWN
29290,-0.0574,0.0000,-365.09,-365.09,DOWN
29299,-0.0457,0.0000,-365.09,-365.09,DOWN
29310,-0.0425,0.0000,-365.09,-365.09,DOWN
29320,-0.0483,0.0000,-365.09,-365.09,DOWN
29330,-0.0540,0.0000,-365.09,-365.09,DOWN
29340,-0.0552,0.0000,-365.09,-365.09,DOWN
29350,-0.0390,0.0000,-365.09,-365.09,DOWN
29360,-0.0411,0.0000,-365.09,-365.09,DOWN
29369,-0.0292,0.0000,-365.09,-365.09,DOWN
29380,-0.0628,0.0000,-365.09,-365.09,DOWN
29390,-0.0395,0.0000,-365.09,-365.09,DOWN
29400,-0.0330,0.0000,-365.09,-365.09,DOWN
29410,-0.0486,0.0000,-365.09,-365.09,DOWN
29420,-0.0517,0.0000,-365.09,-365.09,DOWN
29430,-0.0417,0.0000,-365.09,-365.09,DOWN
29439,-0.0498,0.0000,-365.09,-365.09,DOWN
29449,-0.0314,0.0000,-365.09,-365.09,DOWN
29460,-0.0389,0.0000,-365.09,-365.09,DOWN
29470,-0.0391,0.0000,-365.09,-365.09,DOWN
29480,-0.0593,0.0000,-365.09,-365.09,DOWN
29489,-0.0448,0.0000,-365.09,-365.09,DOWN
29500,-0.0517,0.0000,-365.09,-365.09,DOWN
29510,-0.0450,0.0000,-365.09,-365.09,DOWN
29520,-0.0441,0.0000,-365.09,-365.09,DOWN
29530,-0.0494,0.0000,-365.09,-365.09,DOWN
29540,-0.0468,0.0000,-365.09,-365.09,DOWN
29550,-0.0499,0.0000,-365.09,-365.09,DOWN
29560,-0.0643,0.0000,-365.09,-365.09,DOWN
29570,-0.0475,0.0000,-365.09,-365.09,DOWN
29580,-0.0510,0.0000,-365.09,-365.09,DOWN
29589,-0.0334,0.0000,-365.09,-365.09,DOWN
29600,-0.0503,0.0000,-365.09,-365.09,DOWN
29610,-0.0545,0.0000,-365.09,-365.09,DOWN
29620,-0.0477,0.0000,-365.09,-365.09,DOWN
29630,-0.0449,0.0000,-365.09,-365.09,DOWN
29640,-0.0499,0.0000,-365.09,-365.09,DOWN
29650,-0.0463,0.0000,-365.09,-365.09,DOWN
29660,-0.0520,0.0000,-365.09,-365.09,DOWN
29670,-0.0532,0.0000,-365.09,-365.09,DOWN
29680,-0.0543,0.0000,-365.09,-365.09,DOWN
29690,-0.0518,0.0000,-365.09,-365.09,DOWN
29700,-0.0563,0.0000,-365.09,-365.09,DOWN
29710,-0.0564,0.0000,-365.09,-365.09,DOWN
29720,-0.0400,0.0000,-365.09,-365.09,DOWN
29729,-0.0523,0.0000,-365.09,-365.09,DOWN
29740,-0.0347,0.0000,-365.09,-365.09,DOWN
29750,-0.0359,0.0000,-365.09,-365.09,DOWN
29760,-0.0496,0.0000,-365.09,-365.09,DOWN
29769,-0.0310,0.0000,-365.09,-365.09,DOWN
29780,-0.0396,0.0000,-365.09,-365.09,DOWN
29790,-0.0418,0.0000,-365.09,-365.09,DOWN
29800,-0.0517,0.0000,-365.09,-365.09,DOWN
29810,-0.0446,0.0000,-365.09,-365.09,DOWN
29820,-0.0492,0.0000,-365.09,-365.09,DOWN
29830,-0.0378,0.0000,-365.09,-365.09,DOWN
29840,-0.0382,0.0000,-365.09,-365.09,DOWN
29850,-0.0376,0.0000,-365.09,-365.09,DOWN
29860,-0.0575,0.0000,-365.09,-365.09,DOWN
29870,-0.0423,0.0000,-365.09,-365.09,DOWN
29880,-0.0483,0.0000,-365.09,-365.09,DOWN
29890,-0.0513,0.0000,-365.09,-365.09,DOWN
29900,-0.0392,0.0000,-365.09,-365.09,DOWN
29910,-0.0404,0.0000,-365.09,-365.09,DOWN
29920,-0.0408,0.0000,-365.09,-365.09,DOWN
29930,-0.0529,0.0000,-365.09,-365.09,DOWN
29939,-0.0443,0.0000,-365.09,-365.09,DOWN
29949,-0.0355,0.0000,-365.09,-365.09,DOWN
29960,-0.0436,0.0000,-365.09,-365.09,DOWN
29970,-0.0424,0.0000,-365.09,-365.09,DOWN
29980,-0.0428,0.0000,-365.09,-365.09,DOWN
29990,-0.0413,0.0000,-365.09,-365.09,DOWN
30000,-0.0377,0.0000,-365.09,-365.09,DOWN
30009,-0.0441,0.0000,-365.09,-365.09,DOWN
30020,-0.0430,0.0000,-365.09,-365.09,DOWN
30030,-0.0479,0.0000,-365.09,-365.09,DOWN
30040,-0.0535,0.0000,-365.09,-365.09,DOWN
30050,-0.0501,0.0000,-365.09,-365.09,DOWN
30060,-0.0602,0.0000,-365.09,-365.09,DOWN
30070,-0.0468,0.0000,-365.09,-365.09,DOWN
30080,-0.0530,0.0000,-365.09,-365.09,DOWN
30090,-0.0521,0.0000,-365.09,-365.09,DOWN
30100,-0.0414,0.0000,-365.09,-365.09,DOWN
30110,-0.0357,0.0000,-365.09,-365.09,DOWN
30120,-0.0481,0.0000,-365.09,-365.09,DOWN
30130,-0.0491,0.0000,-365.09,-365.09,DOWN
30140,-0.0347,0.0000,-365.09,-365.09,DOWN
30150,-0.0391,0.0000,-365.09,-365.09,DOWN
30160,-0.0463,0.0000,-365.09,-365.09,DOWN
30170,-0.0507,0.0000,-365.09,-365.09,DOWN
30180,-0.0513,0.0000,-365.09,-365.09,DOWN
30190,-0.0462,0.0000,-365.09,-365.09,DOWN
30200,-0.0353,0.0000,-365.09,-365.09,DOWN
30210,-0.0475,0.0000,-365.09,-365.09,DOWN
30220,-0.0456,0.0000,-365.09,-365.09,DOWN
30229,-0.0432,0.0000,-365.09,-365.09,DOWN
30240,-0.0447,0.0000,-365.09,-365.09,DOWN
30250,-0.0413,0.0000,-365.09,-365.09,DOWN
30260,-0.0444,0.0000,-365.09,-365.09,DOWN
30269,-0.0441,0.0000,-365.09,-365.09,DOWN
30280,-0.0398,0.0000,-365.09,-365.09,DOWN
30290,-0.0569,0.0000,-365.09,-365.09,DOWN
30299,-0.0470,0.0000,-365.09,-365.09,DOWN
30310,-0.0429,0.0000,-365.09,-365.09,DOWN
30320,-0.0389,0.0000,-365.09,-365.09,DOWN
30330,-0.0307,0.0000,-365.09,-365.09,DOWN
30340,-0.0265,0.0000,-365.09,-365.09,DOWN
30350,-0.0259,0.0000,-365.09,-365.09,DOWN
30360,-0.0459,0.0000,-365.09,-365.09,DOWN
30370,-0.0453,0.0000,-365.09,-365.09,DOWN
30380,-0.0308,0.0000,-365.09,-365.09,DOWN
30390,-0.0249,0.0000,-365.09,-365.09,DOWN
30400,-0.0456,0.0000,-365.09,-365.09,DOWN
30409,-0.0356,0.0000,-365.09,-365.09,DOWN
30420,-0.0387,0.0000,-365.09,-365.09,DOWN
30430,-0.0486,0.0000,-365.09,-365.09,DOWN
30440,-0.0326,0.0000,-365.09,-365.09,DOWN
30449,-0.0393,0.0000,-365.09,-365.09,DOWN
30460,-0.0370,0.0000,-365.09,-365.09,DOWN
30470,-0.0325,0.0000,-365.09,-365.09,DOWN
30480,-0.0204,0.0000,-365.09,-365.09,DOWN
30490,-0.0261,0.0000,-365.09,-365.09,DOWN
30500,-0.0301,0.0000,-365.09,-365.09,DOWN
30510,-0.0293,0.0000,-365.09,-365.09,DOWN
30519,-0.0370,0.0000,-365.09,-365.09,DOWN
30530,-0.0413,0.0000,-365.09,-365.09,DOWN
30540,-0.0361,0.0000,-365.09,-365.09,DOWN
30550,-0.0237,0.0000,-365.09,-365.09,DOWN
30560,-0.0409,0.0000,-365.09,-365.09,DOWN
30570,-0.0427,0.0000,-365.09,-365.09,DOWN
30580,-0.0265,0.0000,-365.09,-365.09,DOWN
30589,-0.0323,0.0000,-365.09,-365.09,DOWN
30600,-0.0432,0.0000,-365.09,-365.09,DOWN
30610,-0.0475,0.0000,-365.09,-365.09,DOWN
30620,-0.0388,0.0000,-365.09,-365.09,DOWN
30630,-0.0294,0.0000,-365.09,-365.09,DOWN
30640,-0.0420,0.0000,-365.09,-365.09,DOWN
30650,-0.0449,0.0000,-365.09,-365.09,DOWN
30659,-0.0348,0.0000,-365.09,-365.09,DOWN
30670,-0.0410,0.0000,-365.09,-365.09,DOWN
30680,-0.0284,0.0000,-365.09,-365.09,DOWN
30690,-0.0379,0.0000,-365.09,-365.09,DOWN
30700,-0.0471,0.0000,-365.09,-365.09,DOWN
30710,-0.0398,0.0000,-365.09,-365.09,DOWN
30720,-0.0450,0.0000,-365.09,-365.09,DOWN
30729,-0.0362,0.0000,-365.09,-365.09,DOWN
30740,-0.0485,0.0000,-365.09,-365.09,DOWN
30750,-0.0475,0.0000,-365.09,-365.09,DOWN
30760,-0.0502,0.0000,-365.09,-365.09,DOWN
30769,-0.0344,0.0000,-365.09,-365.09,DOWN
30780,-0.0562,0.0000,-365.09,-365.09,DOWN
30790,-0.0488,0.0000,-365.09,-365.09,DOWN
30799,-0.0465,0.0000,-365.09,-365.09,DOWN
30810,-0.0392,0.0000,-365.09,-365.09,DOWN
30820,-0.0333,0.0000,-365.09,-365.09,DOWN
30830,-0.0476,0.0000,-365.09,-365.09,DOWN
30840,-0.0451,0.0000,-365.09,-365.09,DOWN
30850,-0.0368,0.0000,-365.09,-365.09,DOWN
30860,-0.0358,0.0000,-365.09,-365.09,DOWN
30870,-0.0430,0.0000,-365.09,-365.09,DOWN
30879,-0.0424,0.0000,-365.09,-365.09,DOWN
30890,-0.0370,0.0000,-365.09,-365.09,DOWN
30900,-0.0382,0.0000,-365.09,-365.09,DOWN
30910,-0.0506,0.0000,-365.09,-365.09,DOWN
30920,-0.0449,0.0000,-365.09,-365.09,DOWN
30930,-0.0417,0.0000,-365.09,-365.09,DOWN
30939,-0.0415,0.0000,-365.09,-365.09,DOWN
30949,-0.0476,0.0000,-365.09,-365.09,DOWN
30960,-0.0501,0.0000,-365.09,-365.09,DOWN
30970,-0.0480,0.0000,-365.09,-365.09,DOWN
30980,-0.0300,0.0000,-365.09,-365.09,DOWN
30990,-0.0476,0.0000,-365.09,-365.09,DOWN
31000,-0.0456,0.0000,-365.09,-365.09,DOWN
31009,-0.0376,0.0000,-365.09,-365.09,DOWN
31019,-0.0502,0.0000,-365.09,-365.09,DOWN
31030,-0.0371,0.0000,-365.09,-365.09,DOWN
31040,-0.0469,0.0000,-365.09,-365.09,DOWN
31050,-0.0418,0.0000,-365.09,-365.09,DOWN
31060,-0.0463,0.0000,-365.09,-365.09,DOWN
31070,-0.0360,0.0000,-365.09,-365.09,DOWN
31080,-0.0422,0.0000,-365.09,-365.09,DOWN
31089,-0.0461,0.0000,-365.09,-365.09,DOWN
31100,-0.0447,0.0000,-365.09,-365.09,DOWN
31110,-0.0310,0.0000,-365.09,-365.09,DOWN
31120,-0.0323,0.0000,-365.09,-365.09,DOWN
31130,-0.0543,0.0000,-365.09,-365.09,DOWN
31140,-0.0463,0.0000,-365.09,-365.09,DOWN
31150,-0.0492,0.0000,-365.09,-365.09,DOWN
31160,-0.0478,0.0000,-365.09,-365.09,DOWN
31170,-0.0562,0.0000,-365.09,-365.09,DOWN
31180,-0.0545,0.0000,-365.09,-365.09,DOWN
31190,-0.0570,0.0000,-365.09,-365.09,DOWN
31200,-0.0597,0.0000,-365.09,-365.09,DOWN
31210,-0.0461,0.0000,-365.09,-365.09,DOWN
31220,-0.0487,0.0000,-365.09,-365.09,DOWN
31229,-0.0488,0.0000,-365.09,-365.09,DOWN
31240,-0.0555,0.0000,-365.09,-365.09,DOWN
31250,-0.0511,0.0000,-365.09,-365.09,DOWN
31260,-0.0425,0.0000,-365.09,-365.09,DOWN
31269,-0.0518,0.0000,-365.09,-365.09,DOWN
31280,-0.0555,0.0000,-365.09,-365.09,DOWN
31290,-0.0356,0.0000,-365.09,-365.09,DOWN
31299,-0.0510,0.0000,-365.09,-365.09,DOWN
31310,-0.0413,0.0000,-365.09,-365.09,DOWN
31320,-0.0333,0.0000,-365.09,-365.09,DOWN
31330,-0.0281,0.0000,-365.09,-365.09,DOWN
31340,-0.0450,0.0000,-365.09,-365.09,DOWN
31350,-0.0617,0.0000,-365.09,-365.09,DOWN
31360,-0.0495,0.0000,-365.09,-365.09,DOWN
31369,-0.0255,0.0000,-365.09,-365.09,DOWN
31379,-0.0484,0.0000,-365.09,-365.09,DOWN
31390,-0.0455,0.0000,-365.09,-365.09,DOWN
31400,-0.0505,0.0000,-365.09,-365.09,DOWN
31410,-0.0340,0.0000,-365.09,-365.09,DOWN
31420,-0.0475,0.0000,-365.09,-365.09,DOWN
31430,-0.0418,0.0000,-365.09,-365.09,DOWN
31440,-0.0485,0.0000,-365.09,-365.09,DOWN
31449,-0.0391,0.0000,-365.09,-365.09,DOWN
31460,-0.0385,0.0000,-365.09,-365.09,DOWN
31470,-0.0595,0.0000,-365.09,-365.09,DOWN
31480,-0.0522,0.0000,-365.09,-365.09,DOWN
31490,-0.0605,0.0000,-365.09,-365.09,DOWN
31500,-0.0365,0.0000,-365.09,-365.09,DOWN
31510,-0.0374,0.0000,-365.09,-365.09,DOWN
31520,-0.0463,0.0000,-365.09,-365.09,DOWN
31530,-0.0379,0.0000,-365.09,-365.09,DOWN
31540,-0.0509,0.0000,-365.09,-365.09,DOWN
31550,-0.0481,0.0000,-365.09,-365.09,DOWN
31560,-0.0512,0.0000,-365.09,-365.09,DOWN
31570,-0.0486,0.0000,-365.09,-365.09,DOWN
31580,-0.0444,0.0000,-365.09,-365.09,DOWN
31589,-0.0504,0.0000,-365.09,-365.09,DOWN
31600,-0.0620,0.0000,-365.09,-365.09,DOWN
31610,-0.0545,0.0000,-365.09,-365.09,DOWN
31620,-0.0455,0.0000,-365.09,-365.09,DOWN
31630,-0.0505,0.0000,-365.09,-365.09,DOWN
31640,-0.0560,0.0000,-365.09,-365.09,DOWN
31649,-0.0346,0.0000,-365.09,-365.09,DOWN
31660,-0.0474,0.0000,-365.09,-365.09,DOWN
31670,-0.0452,0.0000,-365.09,-365.09,DOWN
31680,-0.0374,0.0000,-365.09,-365.09,DOWN
31690,-0.0511,0.0000,-365.09,-365.09,DOWN
31700,-0.0414,0.0000,-365.09,-365.09,DOWN
31710,-0.0594,0.0000,-365.09,-365.09,DOWN
31720,-0.0684,0.0000,-365.09,-365.09,DOWN
31729,-0.0436,0.0000,-365.09,-365.09,DOWN
31740,-0.0557,0.0000,-365.09,-365.09,DOWN
31750,-0.0508,0.0000,-365.09,-365.09,DOWN
31760,-0.0400,0.0000,-365.09,-365.09,DOWN
31769,-0.0448,0.0000,-365.09,-365.09,DOWN
31780,-0.0441,0.0000,-365.09,-365.09,DOWN
31790,-0.0442,0.0000,-365.09,-365.09,DOWN
31800,-0.0559,0.0000,-365.09,-365.09,DOWN
31810,-0.0573,0.0000,-365.09,-365.09,DOWN
31820,-0.0326,0.0000,-365.09,-365.09,DOWN
31830,-0.0386,0.0000,-365.09,-365.09,DOWN
31840,-0.0485,0.0000,-365.09,-365.09,DOWN
31850,-0.0351,0.0000,-365.09,-365.09,DOWN
31860,-0.0563,0.0000,-365.09,-365.09,DOWN
31870,-0.0509,0.0000,-365.09,-365.09,DOWN
31879,-0.0599,0.0000,-365.09,-365.09,DOWN
31890,-0.0289,0.0000,-365.09,-365.09,DOWN
31900,-0.0513,0.0000,-365.09,-365.09,DOWN
31910,-0.0535,0.0000,-365.09,-365.09,DOWN
31920,-0.0285,0.0000,-365.09,-365.09,DOWN
31930,-0.0217,0.0000,-365.09,-365.09,DOWN
31939,-0.0634,0.0000,-365.09,-365.09,DOWN
31949,-0.0768,0.0000,-365.09,-365.09,DOWN
31960,-0.0363,0.0000,-365.09,-365.09,DOWN
31970,-0.0306,0.0000,-365.09,-365.09,DOWN
31980,-0.0700,0.0000,-365.09,-365.09,DOWN
31990,-0.0871,0.0000,-365.09,-365.09,DOWN
32000,-0.0303,0.0000,-365.09,-365.09,DOWN
32010,-0.0283,0.0000,-365.09,-365.09,DOWN
32019,-0.0470,0.0000,-365.09,-365.09,DOWN
32030,-0.0467,0.0000,-365.09,-365.09,DOWN
32040,-0.0398,0.0000,-365.09,-365.09,DOWN
32050,-0.0756,0.0000,-365.09,-365.09,DOWN
32060,-0.0513,0.0000,-365.09,-365.09,DOWN
32070,-0.0175,0.0000,-365.09,-365.09,DOWN
32080,-0.0084,0.0000,-365.09,-365.09,DOWN
32089,-0.0571,0.0000,-365.09,-365.09,DOWN
32100,-0.0576,0.0000,-365.09,-365.09,DOWN
32110,-0.0538,0.0000,-365.09,-365.09,DOWN
32120,-0.0421,0.0000,-365.09,-365.09,DOWN
32130,-0.0514,0.0000,-365.09,-365.09,DOWN
32140,-0.0180,0.0000,-365.09,-365.09,DOWN
32150,-0.0485,0.0000,-365.09,-365.09,DOWN
32159,-0.0612,0.0000,-365.09,-365.09,DOWN
32170,-0.0372,0.0000,-365.09,-365.09,DOWN
32180,-0.0866,0.0000,-365.09,-365.09,DOWN
32190,-0.0591,0.0000,-365.09,-365.09,DOWN
32200,-0.0220,0.0000,-365.09,-365.09,DOWN
32210,-0.0118,0.0000,-365.09,-365.09,DOWN
32220,-0.0203,0.0000,-365.09,-365.09,DOWN
32230,-0.0798,0.0000,-365.09,-365.09,DOWN
32240,-0.0872,0.0000,-365.09,-365.09,DOWN
32250,-0.0219,0.0000,-365.09,-365.09,DOWN
32260,-0.0322,0.0000,-365.09,-365.09,DOWN
32270,-0.0416,0.0000,-365.09,-365.09,DOWN
32280,-0.0326,0.0000,-365.09,-365.09,DOWN
32290,0.0075,0.0000,-365.09,-365.09,DOWN
32299,-0.0530,0.0000,-365.09,-365.09,DOWN
32310,-0.1027,0.0000,-365.09,-365.09,DOWN
32320,-0.0587,0.0000,-365.09,-365.09,DOWN
32330,-0.0429,0.0000,-365.09,-365.09,DOWN
32340,-0.0557,0.0000,-365.09,-365.09,DOWN
32350,-0.0696,0.0000,-365.09,-365.09,DOWN
32360,-0.0411,0.0000,-365.09,-365.09,DOWN
32369,-0.0551,0.0000,-365.09,-365.09,DOWN
32380,-0.0530,0.0000,-365.09,-365.09,DOWN
32390,-0.0125,0.0000,-365.09,-365.09,DOWN
32400,-0.0128,0.0000,-365.09,-365.09,DOWN
32410,-0.0213,0.0000,-365.09,-365.09,DOWN
32420,-0.0556,0.0000,-365.09,-365.09,DOWN
32430,-0.0258,0.0000,-365.09,-365.09,DOWN
32440,-0.0790,0.0000,-365.09,-365.09,DOWN
32449,-0.0444,0.0000,-365.09,-365.09,DOWN
32460,-0.0427,0.0000,-365.09,-365.09,DOWN
32470,-0.0260,0.0000,-365.09,-365.09,DOWN
32480,-0.0594,0.0000,-365.09,-365.09,DOWN
32490,-0.0980,0.0000,-365.09,-365.09,DOWN
32500,-0.0593,0.0000,-365.09,-365.09,DOWN
32510,-0.0548,0.0000,-365.09,-365.09,DOWN
32519,-0.0084,0.0000,-365.09,-365.09,DOWN
32530,-0.0535,0.0000,-365.09,-365.09,DOWN
32540,-0.0485,0.0000,-365.09,-365.09,DOWN
32550,-0.0564,0.0000,-365.09,-365.09,DOWN
32560,-0.0278,0.0000,-365.09,-365.09,DOWN
32570,-0.0319,0.0000,-365.09,-365.09,DOWN
32580,-0.0564,0.0000,-365.09,-365.09,DOWN
32589,-0.0325,0.0000,-365.09,-365.09,DOWN
32600,-0.0508,0.0000,-365.09,-365.09,DOWN
32610,-0.0384,0.0000,-365.09,-365.09,DOWN
32620,-0.0767,0.0000,-365.09,-365.09,DOWN
32630,-0.0486,0.0000,-365.09,-365.09,DOWN
32639,-0.0502,0.0000,-365.09,-365.09,DOWN
32650,-0.0311,0.0000,-365.09,-365.09,DOWN
32660,-0.0547,0.0000,-365.09,-365.09,DOWN
32670,-0.0520,0.0000,-365.09,-365.09,DOWN
32680,-0.0457,0.0000,-365.09,-365.09,DOWN
32690,-0.0424,0.0000,-365.09,-365.09,DOWN
32700,-0.0294,0.0000,-365.09,-365.09,DOWN
32710,-0.0706,0.0000,-365.09,-365.09,DOWN
32720,-0.0450,0.0000,-365.09,-365.09,DOWN
32729,-0.0790,0.0000,-365.09,-365.09,DOWN
32740,-0.0248,0.0000,-365.09,-365.09,DOWN
32750,-0.0472,0.0000,-365.09,-365.09,DOWN
32760,-0.0320,0.0000,-365.09,-365.09,DOWN
32769,-0.0523,0.0000,-365.09,-365.09,DOWN
32780,-0.0525,0.0000,-365.09,-365.09,DOWN
32790,-0.0593,0.0000,-365.09,-365.09,DOWN
32800,-0.0808,0.0000,-365.09,-365.09,DOWN
32810,-0.0199,0.0000,-365.09,-365.09,DOWN
32820,-0.0484,0.0000,-365.09,-365.09,DOWN
32830,-0.0357,0.0000,-365.09,-365.09,DOWN
32840,-0.0451,0.0000,-365.09,-365.09,DOWN
32850,-0.0442,0.0000,-365.09,-365.09,DOWN
32860,-0.0378,0.0000,-365.09,-365.09,DOWN
32870,-0.0269,0.0000,-365.09,-365.09,DOWN
32879,-0.0334,0.0000,-365.09,-365.09,DOWN
32890,-0.0605,0.0000,-365.09,-365.09,DOWN
32900,-0.0658,0.0000,-365.09,-365.09,DOWN
32910,-0.0997,0.0000,-365.09,-365.09,DOWN
32920,-0.0258,0.0000,-365.09,-365.09,DOWN
32930,-0.0459,0.0000,-365.09,-365.09,DOWN
32940,-0.0216,0.0000,-365.09,-365.09,DOWN
32949,-0.0565,0.0000,-365.09,-365.09,DOWN
32960,-0.0693,0.0000,-365.09,-365.09,DOWN
32970,-0.0201,0.0000,-365.09,-365.09,DOWN
32980,-0.0445,0.0000,-365.09,-365.09,DOWN
32989,-0.0013,0.0000,-365.09,-365.09,DOWN
33000,-0.0481,0.0000,-365.09,-365.09,DOWN
33010,-0.0526,0.0000,-365.09,-365.09,DOWN
33020,-0.0791,0.0000,-365.09,-365.09,DOWN
33030,-0.0504,0.0000,-365.09,-365.09,DOWN
33040,-0.0429,0.0000,-365.09,-365.09,DOWN
33050,-0.0383,0.0000,-365.09,-365.09,DOWN
33060,-0.0264,0.0000,-365.09,-365.09,DOWN
33070,-0.0344,0.0000,-365.09,-365.09,DOWN
33080,-0.0548,0.0000,-365.09,-365.09,DOWN
33089,-0.0687,0.0000,-365.09,-365.09,DOWN
33100,-0.0480,0.0000,-365.09,-365.09,DOWN
33110,-0.0432,0.0000,-365.09,-365.09,DOWN
33120,-0.0482,0.0000,-365.09,-365.09,DOWN
33130,-0.0323,0.0000,-365.09,-365.09,DOWN
33140,-0.0466,0.0000,-365.09,-365.09,DOWN
33150,-0.0569,0.0000,-365.09,-365.09,DOWN
33159,-0.0257,0.0000,-365.09,-365.09,DOWN
33170,-0.0322,0.0000,-365.09,-365.09,DOWN
33180,-0.0250,0.0000,-365.09,-365.09,DOWN
33190,-0.0404,0.0000,-365.09,-365.09,DOWN
33200,-0.0517,0.0000,-365.09,-365.09,DOWN
33210,-0.0647,0.0000,-365.09,-365.09,DOWN
33220,-0.0653,0.0000,-365.09,-365.09,DOWN
33230,-0.0530,0.0000,-365.09,-365.09,DOWN
33240,-0.0655,0.0000,-365.09,-365.09,DOWN
33250,-0.0282,0.0000,-365.09,-365.09,DOWN
33260,-0.0454,0.0000,-365.09,-365.09,DOWN
33269,-0.0369,0.0000,-365.09,-365.09,DOWN
33280,-0.0432,0.0000,-365.09,-365.09,DOWN
33290,-0.0593,0.0000,-365.09,-365.09,DOWN
33299,-0.0547,0.0000,-365.09,-365.09,DOWN
33310,-0.0244,0.0000,-365.09,-365.09,DOWN
33320,-0.0527,0.0000,-365.09,-365.09,DOWN
33330,-0.0631,0.0000,-365.09,-365.09,DOWN
33340,-0.0180,0.0000,-365.09,-365.09,DOWN
33350,-0.0503,0.0000,-365.09,-365.09,DOWN
33360,-0.0370,0.0000,-365.09,-365.09,DOWN
33370,-0.0700,0.0000,-365.09,-365.09,DOWN
33379,-0.0739,0.0000,-365.09,-365.09,DOWN
33390,-0.0479,0.0000,-365.09,-365.09,DOWN
33400,-0.0378,0.0000,-365.09,-365.09,DOWN
33410,0.0012,0.0000,-365.09,-365.09,DOWN
33420,0.0173,0.0000,-365.09,-365.09,DOWN
33430,-0.0497,0.0000,-365.09,-365.09,DOWN
33439,-0.0646,0.0000,-365.09,-365.09,DOWN
33449,-0.0380,0.0000,-365.09,-365.09,DOWN
33460,-0.0888,0.0000,-365.09,-365.09,DOWN
33470,-0.0856,0.0000,-365.09,-365.09,DOWN
33480,-0.1652,0.0000,-365.09,-365.09,DOWN
33490,-0.0716,0.0000,-365.09,-365.09,DOWN
33500,0.0493,0.0000,-365.09,-365.09,DOWN
33510,0.0088,0.0000,-365.09,-365.09,DOWN
33519,0.0151,0.0000,-365.09,-365.09,DOWN
33530,-0.0323,0.0000,-365.09,-365.09,DOWN
33540,0.0084,0.0000,-365.09,-365.09,DOWN
33550,-0.0311,0.0000,-365.09,-365.09,DOWN
33560,-0.0444,0.0000,-365.09,-365.09,DOWN
33570,-0.1286,0.0000,-366.07,-365.33,DOWN
33580,-0.1303,0.0000,-366.07,-365.51,DOWN
33589,-0.1104,0.0000,-366.07,-365.64,DOWN
33600,-0.0449,0.0000,-366.07,-365.74,DOWN
33610,0.0074,0.0000,-366.07,-365.82,DOWN
33620,-0.0111,0.0000,-366.07,-365.88,DOWN
33630,-0.0110,0.0000,-366.07,-365.93,DOWN
33640,-0.0076,0.0000,-366.07,-365.96,DOWN
33650,-0.0008,0.0000,-366.07,-365.99,DOWN
33660,-0.0808,0.0000,-366.07,-366.01,DOWN
33670,-0.0734,0.0000,-366.07,-366.02,DOWN
33680,-0.0723,0.0000,-366.07,-366.04,DOWN
33690,-0.1010,0.0000,-366.07,-366.04,DOWN
33700,-0.0639,0.0000,-366.07,-366.05,DOWN
33710,-0.0314,0.0000,-366.07,-366.06,DOWN
33720,0.0203,0.0000,-366.07,-366.06,DOWN
33730,-0.0046,0.0000,-366.07,-366.06,DOWN
33740,-0.0506,0.0000,-366.07,-366.07,DOWN
33750,-0.0737,0.0000,-366.07,-366.07,DOWN
33760,-0.0845,0.0000,-366.07,-366.07,DOWN
33769,-0.0489,0.0000,-366.07,-366.07,DOWN
33780,-0.0149,0.0000,-366.07,-366.07,DOWN
33790,-0.0218,0.0000,-366.07,-366.07,DOWN
33799,-0.0280,0.0000,-366.07,-366.07,DOWN
33809,-0.0675,0.0000,-366.07,-366.07,DOWN
33820,-0.0895,0.0000,-366.07,-366.07,DOWN
33830,-0.0242,0.0000,-366.07,-366.07,DOWN
33840,-0.0655,0.0000,-366.07,-366.07,DOWN
33850,-0.0659,0.0000,-366.07,-366.07,DOWN
33860,-0.0408,0.0000,-366.07,-366.07,DOWN
33870,-0.0656,0.0000,-366.07,-366.07,DOWN
33879,-0.0514,0.0000,-366.07,-366.07,DOWN
33890,-0.0668,0.0000,-366.07,-366.07,DOWN
33900,-0.0389,0.0000,-366.07,-366.07,DOWN
33910,0.0594,0.0000,-366.07,-366.07,DOWN
33920,-0.0300,0.0000,-366.07,-366.07,DOWN
33930,-0.0365,0.0000,-366.07,-366.07,DOWN
33939,-0.1110,0.0000,-366.07,-366.07,DOWN
33949,-0.0835,0.0000,-366.07,-366.07,DOWN
33960,-0.1048,0.0000,-366.91,-366.27,DOWN
33970,-0.0242,0.0000,-366.91,-366.42,DOWN
33980,0.0375,0.0000,-366.91,-366.54,DOWN
33990,-0.0405,0.0000,-366.91,-366.63,DOWN
34000,-0.0221,0.0000,-366.91,-366.69,DOWN
34010,-0.0435,0.0000,-366.91,-366.75,DOWN
34019,-0.0164,0.0000,-366.91,-366.78,DOWN
34030,-0.0704,0.0000,-366.91,-366.81,DOWN
34040,-0.0562,0.0000,-366.91,-366.84,DOWN
34050,-0.0572,0.0000,-366.91,-366.85,DOWN
34060,-0.0754,0.0000,-366.91,-366.87,DOWN
34070,-0.0652,0.0000,-366.91,-366.88,DOWN
34080,-0.0476,0.0000,-366.91,-366.88,DOWN
34090,0.0130,0.0000,-366.91,-366.89,DOWN
34100,-0.0115,0.0000,-366.91,-366.89,DOWN
34110,-0.0584,0.0000,-366.91,-366.90,DOWN
34120,-0.0985,0.0000,-366.91,-366.90,DOWN
34130,-0.0140,0.0000,-366.91,-366.90,DOWN
34139,-0.0195,0.0000,-366.91,-366.90,DOWN
34150,-0.0690,0.0000,-366.91,-366.90,DOWN
34160,-0.0578,0.0000,-366.91,-366.90,DOWN
34170,-0.0610,0.0000,-366.91,-366.91,DOWN
34180,0.0267,0.0000,-366.91,-366.91,DOWN
34190,-0.0342,0.0000,-366.91,-366.91,DOWN
34200,-0.0450,0.0000,-366.91,-366.91,DOWN
34210,-0.0697,0.0000,-366.91,-366.91,DOWN
34220,-0.0633,0.0000,-366.91,-366.91,DOWN
34229,-0.0829,0.0000,-366.91,-366.91,DOWN
34240,-0.0523,0.0000,-366.91,-366.91,DOWN
34250,-0.0324,0.0000,-366.91,-366.91,DOWN
34260,-0.0487,0.0000,-366.91,-366.91,DOWN
34269,-0.0198,0.0000,-366.91,-366.91,DOWN
34280,-0.0530,0.0000,-366.91,-366.91,DOWN
34290,-0.0110,0.0000,-366.91,-366.91,DOWN
34299,-0.0471,0.0000,-366.91,-366.91,DOWN
34310,-0.0400,0.0000,-366.91,-366.91,DOWN
34320,-0.0291,0.0000,-366.91,-366.91,DOWN
34330,-0.0487,0.0000,-366.91,-366.91,DOWN
34340,-0.0498,0.0000,-366.91,-366.91,DOWN
34350,-0.0617,0.0000,-366.91,-366.91,DOWN
34360,-0.0148,0.0000,-366.91,-366.91,DOWN
34370,-0.0313,0.0000,-366.91,-366.91,DOWN
34379,-0.0649,0.0000,-366.91,-366.91,DOWN
34390,-0.0474,0.0000,-366.91,-366.91,DOWN
34400,-0.0564,0.0000,-366.91,-366.91,DOWN
34410,-0.0401,0.0000,-366.91,-366.91,DOWN
34420,-0.0684,0.0000,-366.91,-366.91,DOWN
34429,-0.0537,0.0000,-366.91,-366.91,DOWN
34440,-0.0281,0.0000,-366.91,-366.91,DOWN
34449,-0.0421,0.0000,-366.91,-366.91,DOWN
34460,-0.0233,0.0000,-366.91,-366.91,DOWN
34470,-0.0259,0.0000,-366.91,-366.91,DOWN
34480,-0.0429,0.0000,-366.91,-366.91,DOWN
34490,-0.0755,0.0000,-366.91,-366.91,DOWN
34500,-0.0633,0.0000,-366.91,-366.91,DOWN
34510,-0.0197,0.0000,-366.91,-366.91,DOWN
34519,-0.0294,0.0000,-366.91,-366.91,DOWN
34530,-0.0322,0.0000,-366.91,-366.91,DOWN
34540,-0.0605,0.0000,-366.91,-366.91,DOWN
34550,-0.0352,0.0000,-366.91,-366.91,DOWN
34560,-0.0379,0.0000,-366.91,-366.91,DOWN
34570,-0.0421,0.0000,-366.91,-366.91,DOWN
34580,-0.0463,0.0000,-366.91,-366.91,DOWN
34589,-0.0712,0.0000,-366.91,-366.91,DOWN
34600,-0.0358,0.0000,-366.91,-366.91,DOWN
34610,-0.0545,0.0000,-366.91,-366.91,DOWN
34620,-0.0423,0.0000,-366.91,-366.91,DOWN
34630,-0.0311,0.0000,-366.91,-366.91,DOWN
34640,-0.0549,0.0000,-366.91,-366.91,DOWN
34650,-0.0418,0.0000,-366.91,-366.91,DOWN
34659,-0.0566,0.0000,-366.91,-366.91,DOWN
34670,-0.0446,0.0000,-366.91,-366.91,DOWN
34680,-0.0289,0.0000,-366.91,-366.91,DOWN
34690,-0.0394,0.0000,-366.91,-366.91,DOWN
34700,-0.0560,0.0000,-366.91,-366.91,DOWN
34710,-0.0482,0.0000,-366.91,-366.91,DOWN
34720,-0.0442,0.0000,-366.91,-366.91,DOWN
34729,-0.0418,0.0000,-366.91,-366.91,DOWN
34740,-0.0464,0.0000,-366.91,-366.91,DOWN
34750,-0.0215,0.0000,-366.91,-366.91,DOWN
34760,-0.0676,0.0000,-366.91,-366.91,DOWN
34769,-0.0359,0.0000,-366.91,-366.91,DOWN
34780,-0.0600,0.0000,-366.91,-366.91,DOWN
34790,-0.0320,0.0000,-366.91,-366.91,DOWN
34800,-0.0530,0.0000,-366.91,-366.91,DOWN
34809,-0.0525,0.0000,-366.91,-366.91,DOWN
34820,-0.0409,0.0000,-366.91,-366.91,DOWN
34830,-0.0597,0.0000,-366.91,-366.91,DOWN
34840,-0.0347,0.0000,-366.91,-366.91,DOWN
34850,-0.0502,0.0000,-366.91,-366.91,DOWN
34860,-0.0418,0.0000,-366.91,-366.91,DOWN
34870,-0.0522,0.0000,-366.91,-366.91,DOWN
34879,-0.0391,0.0000,-366.91,-366.91,DOWN
34890,-0.0429,0.0000,-366.91,-366.91,DOWN
34900,-0.0484,0.0000,-366.91,-366.91,DOWN
34910,-0.0241,0.0000,-366.91,-366.91,DOWN
34920,-0.0690,0.0000,-366.91,-366.91,DOWN
34930,-0.0514,0.0000,-366.91,-366.91,DOWN
34940,-0.0633,0.0000,-366.91,-366.91,DOWN
34949,-0.0331,0.0000,-366.91,-366.91,DOWN
34960,-0.0209,0.0000,-366.91,-366.91,DOWN
34970,-0.0474,0.0000,-366.91,-366.91,DOWN
34980,-0.0632,0.0000,-366.91,-366.91,DOWN
34990,-0.0411,0.0000,-366.91,-366.91,DOWN
35000,-0.0450,0.0000,-366.91,-366.91,DOWN
35010,-0.0462,0.0000,-366.91,-366.91,DOWN
35019,-0.0442,0.0000,-366.91,-366.91,DOWN
35030,-0.0358,0.0000,-366.91,-366.91,DOWN
35040,-0.0496,0.0000,-366.91,-366.91,DOWN
35050,-0.0147,0.0000,-366.91,-366.91,DOWN
35060,-0.0411,0.0000,-366.91,-366.91,DOWN
35070,-0.0238,0.0000,-366.91,-366.91,DOWN
35080,-0.0470,0.0000,-366.91,-366.91,DOWN
35090,-0.0605,0.0000,-366.91,-366.91,DOWN
35100,-0.0653,0.0000,-366.91,-366.91,DOWN
35110,-0.0581,0.0000,-366.91,-366.91,DOWN
35120,-0.0654,0.0000,-366.91,-366.91,DOWN
35130,-0.0397,0.0000,-366.91,-366.91,DOWN
35140,-0.0420,0.0000,-366.91,-366.91,DOWN
35150,-0.0383,0.0000,-366.91,-366.91,DOWN
35159,-0.0433,0.0000,-366.91,-366.91,DOWN
35170,-0.0509,0.0000,-366.91,-366.91,DOWN
35180,-0.0588,0.0000,-366.91,-366.91,DOWN
35190,-0.0358,0.0000,-366.91,-366.91,DOWN
35200,-0.0507,0.0000,-366.91,-366.91,DOWN
35210,-0.0341,0.0000,-366.91,-366.91,DOWN
35220,-0.0238,0.0000,-366.91,-366.91,DOWN
35229,-0.0392,0.0000,-366.91,-366.91,DOWN
35240,-0.0359,0.0000,-366.91,-366.91,DOWN
35250,-0.0177,0.0000,-366.91,-366.91,DOWN
35260,-0.0473,0.0000,-366.91,-366.91,DOWN
35269,-0.0362,0.0000,-366.91,-366.91,DOWN
35280,-0.0693,0.0000,-366.91,-366.91,DOWN
35290,-0.0566,0.0000,-366.91,-366.91,DOWN
35300,-0.0493,0.0000,-366.91,-366.91,DOWN
35310,-0.0611,0.0000,-366.91,-366.91,DOWN
35320,-0.0398,0.0000,-366.91,-366.91,DOWN
35330,-0.0373,0.0000,-366.91,-366.91,DOWN
35340,-0.0349,0.0000,-366.91,-366.91,DOWN
35349,-0.0267,0.0000,-366.91,-366.91,DOWN
35360,-0.0463,0.0000,-366.91,-366.91,DOWN
35370,-0.0358,0.0000,-366.91,-366.91,DOWN
35379,-0.0616,0.0000,-366.91,-366.91,DOWN
35390,-0.0505,0.0000,-366.91,-366.91,DOWN
35400,-0.0657,0.0000,-366.91,-366.91,DOWN
35410,-0.0461,0.0000,-366.91,-366.91,DOWN
35420,-0.0551,0.0000,-366.91,-366.91,DOWN
35430,-0.0489,0.0000,-366.91,-366.91,DOWN
35440,-0.0261,0.0000,-366.91,-366.91,DOWN
35449,-0.0492,0.0000,-366.91,-366.91,DOWN
35460,-0.0314,0.0000,-366.91,-366.91,DOWN
35470,-0.0480,0.0000,-366.91,-366.91,DOWN
35480,-0.0441,0.0000,-366.91,-366.91,DOWN
35490,-0.0471,0.0000,-366.91,-366.91,DOWN
35500,-0.0577,0.0000,-366.91,-366.91,DOWN
35510,-0.0363,0.0000,-366.91,-366.91,DOWN
35519,-0.0501,0.0000,-366.91,-366.91,DOWN
35530,-0.0515,0.0000,-366.91,-366.91,DOWN
35540,-0.0631,0.0000,-366.91,-366.91,DOWN
35550,-0.0394,0.0000,-366.91,-366.91,DOWN
35560,-0.0495,0.0000,-366.91,-366.91,DOWN
35570,-0.0443,0.0000,-366.91,-366.91,DOWN
35580,-0.0422,0.0000,-366.91,-366.91,DOWN
35589,-0.0414,0.0000,-366.91,-366.91,DOWN
35600,-0.0330,0.0000,-366.91,-366.91,DOWN
35610,-0.0483,0.0000,-366.91,-366.91,DOWN
35620,-0.0494,0.0000,-366.91,-366.91,DOWN
35630,-0.0386,0.0000,-366.91,-366.91,DOWN
35640,-0.0349,0.0000,-366.91,-366.91,DOWN
35650,-0.0316,0.0000,-366.91,-366.91,DOWN
35660,-0.0380,0.0000,-366.91,-366.91,DOWN
35670,-0.0384,0.0000,-366.91,-366.91,DOWN
35680,-0.0405,0.0000,-366.91,-366.91,DOWN
35690,-0.0536,0.0000,-366.91,-366.91,DOWN
35700,-0.0449,0.0000,-366.91,-366.91,DOWN
35710,-0.0565,0.0000,-366.91,-366.91,DOWN
35720,-0.0365,0.0000,-366.91,-366.91,DOWN
35729,-0.0375,0.0000,-366.91,-366.91,DOWN
35740,-0.0344,0.0000,-366.91,-366.91,DOWN
35750,-0.0514,0.0000,-366.91,-366.91,DOWN
35760,-0.0410,0.0000,-366.91,-366.91,DOWN
35769,-0.0177,0.0000,-366.91,-366.91,DOWN
35780,-0.0190,0.0000,-366.91,-366.91,DOWN
35790,-0.0364,0.0000,-366.91,-366.91,DOWN
35799,-0.0427,0.0000,-366.91,-366.91,DOWN
35809,-0.0463,0.0000,-366.91,-366.91,DOWN
35820,-0.0516,0.0000,-366.91,-366.91,DOWN
35830,-0.0442,0.0000,-366.91,-366.91,DOWN
35840,-0.0442,0.0000,-366.91,-366.91,DOWN
35850,-0.0515,0.0000,-366.91,-366.91,DOWN
35860,-0.0551,0.0000,-366.91,-366.91,DOWN
35870,-0.0513,0.0000,-366.91,-366.91,DOWN
35880,-0.0497,0.0000,-366.91,-366.91,DOWN
35890,-0.0425,0.0000,-366.91,-366.91,DOWN
35900,-0.0475,0.0000,-366.91,-366.91,DOWN
35910,-0.0524,0.0000,-366.91,-366.91,DOWN
35920,-0.0475,0.0000,-366.91,-366.91,DOWN
35930,-0.0519,0.0000,-366.91,-366.91,DOWN
35940,-0.0517,0.0000,-366.91,-366.91,DOWN
35949,-0.0486,0.0000,-366.91,-366.91,DOWN
35960,-0.0385,0.0000,-366.91,-366.91,DOWN
35970,-0.0438,0.0000,-366.91,-366.91,DOWN
35980,-0.0462,0.0000,-366.91,-366.91,DOWN
35990,-0.0379,0.0000,-366.91,-366.91,DOWN
36000,-0.0436,0.0000,-366.91,-366.91,DOWN
36010,-0.0503,0.0000,-366.91,-366.91,DOWN
36019,-0.0383,0.0000,-366.91,-366.91,DOWN
36030,-0.0374,0.0000,-366.91,-366.91,DOWN
36040,-0.0468,0.0000,-366.91,-366.91,DOWN
36050,-0.0496,0.0000,-366.91,-366.91,DOWN
36060,-0.0363,0.0000,-366.91,-366.91,DOWN
36070,-0.0451,0.0000,-366.91,-366.91,DOWN
36080,-0.0409,0.0000,-366.91,-366.91,DOWN
36090,-0.0494,0.0000,-366.91,-366.91,DOWN
36100,-0.0498,0.0000,-366.91,-366.91,DOWN
36110,-0.0525,0.0000,-366.91,-366.91,DOWN
36120,-0.0462,0.0000,-366.91,-366.91,DOWN
36130,-0.0448,0.0000,-366.91,-366.91,DOWN
36140,-0.0441,0.0000,-366.91,-366.91,DOWN
36150,-0.0516,0.0000,-366.91,-366.91,DOWN
36160,-0.0318,0.0000,-366.91,-366.91,DOWN
36170,-0.0392,0.0000,-366.91,-366.91,DOWN
36180,-0.0540,0.0000,-366.91,-366.91,DOWN
36190,-0.0391,0.0000,-366.91,-366.91,DOWN
36200,-0.0438,0.0000,-366.91,-366.91,DOWN
36210,-0.0445,0.0000,-366.91,-366.91,DOWN
36220,-0.0332,0.0000,-366.91,-366.91,DOWN
36230,-0.0505,0.0000,-366.91,-366.91,DOWN
36240,-0.0414,0.0000,-366.91,-366.91,DOWN
36250,-0.0409,0.0000,-366.91,-366.91,DOWN
36260,-0.0247,0.0000,-366.91,-366.91,DOWN
36269,-0.0326,0.0000,-366.91,-366.91,DOWN
36280,-0.0472,0.0000,-366.91,-366.91,DOWN
36290,-0.0456,0.0000,-366.91,-366.91,DOWN
36300,-0.0412,0.0000,-366.91,-366.91,DOWN
36309,-0.0402,0.0000,-366.91,-366.91,DOWN
36320,-0.0528,0.0000,-366.91,-366.91,DOWN
36330,-0.0457,0.0000,-366.91,-366.91,DOWN
36340,-0.0522,0.0000,-366.91,-366.91,DOWN
36350,-0.0300,0.0000,-366.91,-366.91,DOWN
36360,-0.0281,0.0000,-366.91,-366.91,DOWN
36370,-0.0346,0.0000,-366.91,-366.91,DOWN
36379,-0.0341,0.0000,-366.91,-366.91,DOWN
36390,-0.0336,0.0000,-366.91,-366.91,DOWN
36400,-0.0560,0.0000,-366.91,-366.91,DOWN
36410,-0.0551,0.0000,-366.91,-366.91,DOWN
36420,-0.0500,0.0000,-366.91,-366.91,DOWN
36430,-0.0523,0.0000,-366.91,-366.91,DOWN
36440,-0.0501,0.0000,-366.91,-366.91,DOWN
36449,-0.0416,0.0000,-366.91,-366.91,DOWN
36460,-0.0414,0.0000,-366.91,-366.91,DOWN
36470,-0.0428,0.0000,-366.91,-366.91,DOWN
36480,-0.0512,0.0000,-366.91,-366.91,DOWN
36490,-0.0350,0.0000,-366.91,-366.91,DOWN
36500,-0.0379,0.0000,-366.91,-366.91,DOWN
36510,-0.0337,0.0000,-366.91,-366.91,DOWN
36519,-0.0392,0.0000,-366.91,-366.91,DOWN
36530,-0.0529,0.0000,-366.91,-366.91,DOWN
36540,-0.0284,0.0000,-366.91,-366.91,DOWN
36550,-0.0364,0.0000,-366.91,-366.91,DOWN
36560,-0.0361,0.0000,-366.91,-366.91,DOWN
36570,-0.0399,0.0000,-366.91,-366.91,DOWN
36580,-0.0427,0.0000,-366.91,-366.91,DOWN
36589,-0.0718,0.0000,-366.91,-366.91,DOWN
36600,-0.0517,0.0000,-366.91,-366.91,DOWN
36610,-0.0369,0.0000,-366.91,-366.91,DOWN
36620,-0.0529,0.0000,-366.91,-366.91,DOWN
36630,-0.0482,0.0000,-366.91,-366.91,DOWN
36640,-0.0516,0.0000,-366.91,-366.91,DOWN
36650,-0.0357,0.0000,-366.91,-366.91,DOWN
36660,-0.0470,0.0000,-366.91,-366.91,DOWN
36670,-0.0247,0.0000,-366.91,-366.91,DOWN
36680,-0.0292,0.0000,-366.91,-366.91,DOWN
36690,-0.0265,0.0000,-366.91,-366.91,DOWN
36700,-0.0278,0.0000,-366.91,-366.91,DOWN
36710,-0.0422,0.0000,-366.91,-366.91,DOWN
36720,-0.0499,0.0000,-366.91,-366.91,DOWN
36729,-0.0427,0.0000,-366.91,-366.91,DOWN
36739,-0.0435,0.0000,-366.91,-366.91,DOWN
36750,-0.0176,0.0000,-366.91,-366.91,DOWN
36760,-0.0286,0.0000,-366.91,-366.91,DOWN
36769,-0.0330,0.0000,-366.91,-366.91,DOWN
36780,-0.0389,0.0000,-366.91,-366.91,DOWN
36790,-0.0457,0.0000,-366.91,-366.91,DOWN
36800,-0.0379,0.0000,-366.91,-366.91,DOWN
36809,-0.0545,0.0000,-366.91,-366.91,DOWN
36820,-0.0456,0.0000,-366.91,-366.91,DOWN
36830,-0.0339,0.0000,-366.91,-366.91,DOWN
36840,-0.0516,0.0000,-366.91,-366.91,DOWN
36850,-0.0545,0.0000,-366.91,-366.91,DOWN
36860,-0.0425,0.0000,-366.91,-366.91,DOWN
36869,-0.0443,0.0000,-366.91,-366.91,DOWN
36879,-0.0237,0.0000,-366.91,-366.91,DOWN
36890,-0.0355,0.0000,-366.91,-366.91,DOWN
36900,-0.0410,0.0000,-366.91,-366.91,DOWN
36910,-0.0369,0.0000,-366.91,-366.91,DOWN
36920,-0.0313,0.0000,-366.91,-366.91,DOWN
36930,-0.0363,0.0000,-366.91,-366.91,DOWN
36940,-0.0372,0.0000,-366.91,-366.91,DOWN
36949,-0.0463,0.0000,-366.91,-366.91,DOWN
36960,-0.0401,0.0000,-366.91,-366.91,DOWN
36970,-0.0359,0.0000,-366.91,-366.91,DOWN
36980,-0.0392,0.0000,-366.91,-366.91,DOWN
36990,-0.0431,0.0000,-366.91,-366.91,DOWN
37000,-0.0326,0.0000,-366.91,-366.91,DOWN
37010,-0.0356,0.0000,-366.91,-366.91,DOWN
37019,-0.0397,0.0000,-366.91,-366.91,DOWN
37030,-0.0332,0.0000,-366.91,-366.91,DOWN
37040,-0.0253,0.0000,-366.91,-366.91,DOWN
37050,-0.0250,0.0000,-366.91,-366.91,DOWN
37060,-0.0410,0.0000,-366.91,-366.91,DOWN
37069,-0.0414,0.0000,-366.91,-366.91,DOWN
37080,-0.0459,0.0000,-366.91,-366.91,DOWN
37089,-0.0433,0.0000,-366.91,-366.91,DOWN
37100,-0.0501,0.0000,-366.91,-366.91,DOWN
37110,-0.0473,0.0000,-366.91,-366.91,DOWN
37120,-0.0392,0.0000,-366.91,-366.91,DOWN
37130,-0.0560,0.0000,-366.91,-366.91,DOWN
37140,-0.0388,0.0000,-366.91,-366.91,DOWN
37150,-0.0485,0.0000,-366.91,-366.91,DOWN
37159,-0.0299,0.0000,-366.91,-366.91,DOWN
37170,-0.0283,0.0000,-366.91,-366.91,DOWN
37180,-0.0362,0.0000,-366.91,-366.91,DOWN
37190,-0.0361,0.0000,-366.91,-366.91,DOWN
37200,-0.0350,0.0000,-366.91,-366.91,DOWN
37210,-0.0332,0.0000,-366.91,-366.91,DOWN
37220,-0.0343,0.0000,-366.91,-366.91,DOWN
37230,0.0220,0.0000,-366.91,-366.91,DOWN
37239,0.0469,0.0000,-366.91,-366.91,DOWN
37250,0.0890,0.0000,-366.91,-366.91,DOWN
37260,0.0855,0.0000,-366.91,-366.91,DOWN
37269,0.0831,0.0000,-366.91,-366.91,DOWN
37280,0.1046,0.0000,-366.91,-366.91,DOWN
37290,0.1708,0.0000,-366.91,-366.91,DOWN
37300,0.2600,0.0000,-366.91,-366.91,DOWN
37310,0.2589,0.0000,-358.96,-365.01,DOWN
37320,0.2649,0.2649,-356.31,-362.93,DOWN
37330,0.2185,0.2185,-354.13,-360.83,DOWN
37340,0.1815,0.1815,-352.31,-358.79,DOWN
37350,0.1358,0.1358,-350.96,-356.92,DOWN
37360,0.0839,0.0000,-350.96,-355.49,DOWN
37370,0.0733,0.0000,-350.96,-354.41,DOWN
37380,0.0056,0.0000,-350.96,-353.58,DOWN
37390,-0.0693,0.0000,-350.96,-352.96,DOWN
37400,-0.0828,0.0000,-350.96,-352.48,DOWN
37410,-0.0892,0.0000,-350.96,-352.11,DOWN
37420,-0.0909,0.0000,-350.96,-351.84,DOWN
37430,-0.1049,0.0000,-352.65,-352.03,DOWN
37440,-0.0851,0.0000,-352.65,-352.18,DOWN
37449,-0.0552,0.0000,-352.65,-352.29,DOWN
37460,-0.0327,0.0000,-352.65,-352.38,DOWN
37470,-0.0131,0.0000,-352.65,-352.44,DOWN
37480,0.0147,0.0000,-352.65,-352.49,DOWN
37490,0.0335,0.0000,-352.65,-352.53,DOWN
37500,0.0801,0.0000,-352.65,-352.56,DOWN
37510,0.0929,0.0000,-352.65,-352.58,DOWN
37520,0.1189,0.0000,-352.30,-352.52,DOWN
37530,0.1038,0.0000,-352.30,-352.46,DOWN
37540,0.1182,0.0000,-352.30,-352.43,DOWN
37550,0.1320,0.0000,-347.57,-351.27,DOWN
37559,0.1144,0.1144,-346.43,-350.11,DOWN
37570,0.1073,0.1073,-345.36,-348.97,DOWN
37580,0.1242,0.1242,-344.11,-347.81,DOWN
37590,0.0751,0.0000,-344.11,-346.93,DOWN
37600,0.0816,0.0000,-344.11,-346.26,DOWN
37610,0.0510,0.0000,-344.11,-345.74,DOWN
37620,0.0335,0.0000,-344.11,-345.35,DOWN
37630,0.0220,0.0000,-344.11,-345.06,DOWN
37640,0.0203,0.0000,-344.11,-344.83,DOWN
37650,0.0083,0.0000,-344.11,-344.66,DOWN
37660,-0.0171,0.0000,-344.11,-344.53,DOWN
37670,-0.0354,0.0000,-344.11,-344.43,DOWN
37680,-0.0204,0.0000,-344.11,-344.36,DOWN
37690,0.0149,0.0000,-344.11,-344.30,DOWN
37700,0.0389,0.0000,-344.11,-344.25,DOWN
37710,0.0466,0.0000,-344.11,-344.22,DOWN
37720,0.0545,0.0000,-344.11,-344.20,DOWN
37730,0.0716,0.0000,-344.11,-344.18,DOWN
37740,0.0975,0.0000,-344.11,-344.16,DOWN
37750,0.1202,0.0000,-344.11,-344.15,DOWN
37760,0.1225,0.0000,-344.11,-344.14,DOWN
37769,0.1189,0.0000,-344.11,-344.14,DOWN
37780,0.1283,0.0000,-339.21,-342.96,DOWN
37790,0.1160,0.1160,-338.05,-341.79,DOWN
37800,0.1293,0.1293,-336.76,-340.59,DOWN
37809,0.1239,0.1239,-335.52,-339.38,DOWN
37820,0.1094,0.1094,-334.43,-338.19,DOWN
37830,0.1128,0.1128,-333.30,-337.02,DOWN
37840,0.1005,0.1005,-332.30,-335.89,DOWN
37850,0.1003,0.1003,-331.29,-334.79,DOWN
37860,0.0867,0.0000,-331.29,-333.96,DOWN
37869,0.0782,0.0000,-331.29,-333.32,DOWN
37879,0.0697,0.0000,-331.29,-332.84,DOWN
37890,0.0705,0.0000,-331.29,-332.47,DOWN
37900,0.0808,0.0000,-331.29,-332.19,DOWN
37910,0.0891,0.0000,-331.29,-331.97,DOWN
37920,0.1094,0.0000,-326.54,-330.67,DOWN
37930,0.1212,0.0000,-326.54,-329.69,DOWN
37940,0.1454,0.0000,-326.54,-328.94,DOWN
37949,0.1605,0.0000,-321.18,-327.08,DOWN
37960,0.1779,0.1779,-319.40,-325.24,DOWN
37970,0.2039,0.2039,-317.36,-323.36,DOWN
37980,0.2303,0.2303,-315.06,-321.37,DOWN
37990,0.2588,0.2588,-312.47,-319.25,DOWN
38000,0.2770,0.2770,-309.70,-316.96,DOWN
38010,0.3020,0.3020,-306.68,-314.50,DOWN
38019,0.3208,0.3208,-303.47,-311.87,DOWN
38030,0.3152,0.3152,-300.32,-309.11,DOWN
38040,0.3162,0.3162,-297.16,-306.25,DOWN
38050,0.3329,0.3329,-293.83,-303.28,DOWN
38060,0.2938,0.2938,-290.89,-300.32,DOWN
38069,0.2843,0.2843,-288.05,-297.38,DOWN
38080,0.2958,0.2958,-285.09,-294.44,DOWN
38089,0.2707,0.2707,-282.38,-291.56,DOWN
38100,0.2706,0.2706,-279.67,-288.72,DOWN
38110,0.2715,0.2715,-276.96,-285.91,DOWN
38120,0.2722,0.2722,-274.24,-283.12,DOWN
38130,0.2752,0.2752,-271.49,-280.34,DOWN
38140,0.2744,0.2744,-268.74,-277.57,DOWN
38150,0.2781,0.2781,-265.96,-274.79,DOWN
38160,0.3058,0.3058,-262.90,-271.95,DOWN
38170,0.3039,0.3039,-259.86,-269.06,DOWN
38180,0.3014,0.3014,-256.85,-266.14,DOWN
38190,0.3105,0.3105,-253.75,-263.18,DOWN
38200,0.3389,0.3389,-250.36,-260.11,DOWN
38210,0.3267,0.3267,-247.09,-257.00,DOWN
38220,0.3197,0.3197,-243.89,-253.87,DOWN
38229,0.3332,0.3332,-240.56,-250.69,DOWN
38239,0.3431,0.3431,-237.13,-247.44,DOWN
38250,0.3499,0.3499,-233.63,-244.14,DOWN
38260,0.3668,0.3668,-229.96,-240.75,DOWN
38269,0.3536,0.3536,-226.43,-237.33,DOWN
38280,0.3469,0.3469,-222.96,-233.89,DOWN
38290,0.3803,0.3803,-219.15,-230.37,DOWN
38299,0.3575,0.3575,-215.58,-226.83,DOWN
38310,0.3485,0.3485,-212.09,-223.31,DOWN
38320,0.3634,0.3634,-208.46,-219.76,DOWN
38330,0.3826,0.3826,-204.64,-216.14,DOWN
38340,0.3845,0.3845,-200.79,-212.47,DOWN
38350,0.3764,0.3764,-197.03,-208.78,DOWN
38360,0.3750,0.3750,-193.28,-205.07,DOWN
38370,0.3754,0.3754,-189.52,-201.36,DOWN
38380,0.3663,0.3663,-185.86,-197.65,DOWN
38390,0.3590,0.3590,-182.27,-193.97,DOWN
38400,0.3801,0.3801,-178.47,-190.27,DOWN
38410,0.3706,0.3706,-174.76,-186.56,DOWN
38420,0.3711,0.3711,-171.05,-182.85,DOWN
38430,0.3776,0.3776,-167.28,-179.13,DOWN
38440,0.3896,0.3896,-163.38,-175.37,DOWN
38449,0.3893,0.3893,-159.49,-171.57,DOWN
38460,0.3992,0.3992,-155.50,-167.73,DOWN
38470,0.4062,0.4062,-151.43,-163.83,DOWN
38480,0.3921,0.3921,-147.51,-159.93,DOWN
38490,0.4093,0.4093,-143.42,-155.98,DOWN
38499,0.4168,0.4168,-139.25,-151.98,DOWN
38510,0.4351,0.4351,-134.90,-147.90,DOWN
38519,0.4231,0.4231,-130.67,-143.78,DOWN
38530,0.4049,0.4049,-126.62,-139.68,DOWN
38540,0.4054,0.4054,-122.56,-135.59,DOWN
38550,0.4090,0.4090,-118.48,-131.50,DOWN
38560,0.4151,0.4151,-114.33,-127.39,DOWN
38570,0.4129,0.4129,-110.20,-123.28,DOWN
38580,0.4083,0.4083,-106.11,-119.18,DOWN
38590,0.4350,0.4350,-101.76,-115.01,DOWN
38600,0.4407,0.4407,-97.36,-110.79,DOWN
38610,0.4528,0.4528,-92.83,-106.50,DOWN
38620,0.4492,0.4492,-88.34,-102.16,DOWN
38630,0.4453,0.4453,-83.88,-97.79,DOWN
38640,0.4568,0.4568,-79.32,-93.37,DOWN
38650,0.4603,0.4603,-74.71,-88.91,DOWN
38659,0.4495,0.4495,-70.22,-84.44,DOWN
38670,0.4475,0.4475,-65.74,-79.97,DOWN
38680,0.4425,0.4425,-61.32,-75.51,DOWN
38690,0.4437,0.4437,-56.88,-71.06,DOWN
38700,0.4609,0.4609,-52.27,-66.57,DOWN
38710,0.4480,0.4480,-47.79,-62.08,DOWN
38720,0.4407,0.4407,-43.39,-57.61,DOWN
38730,0.4611,0.4611,-38.77,-53.10,DOWN
38739,0.4721,0.4721,-34.05,-48.55,DOWN
38750,0.4593,0.4593,-29.46,-43.99,DOWN
38760,0.4613,0.4613,-24.85,-39.41,DOWN
38769,0.4517,0.4517,-20.33,-34.85,DOWN
38780,0.4875,0.4875,-15.45,-30.21,DOWN
38790,0.5084,0.5084,-10.37,-25.47,DOWN
38799,0.4888,0.4888,-5.48,-20.69,DOWN
38809,0.5054,0.5054,-0.43,-15.85,DOWN
38820,0.5023,0.5023,4.59,-10.96,DOWN
38830,0.5067,0.5067,9.66,-6.03,DOWN
38840,0.4978,0.4978,14.64,-1.09,DOWN
38850,0.5030,0.5030,19.67,3.87,DOWN
38860,0.4889,0.4889,24.56,8.82,DOWN
38870,0.4883,0.4883,29.44,13.75,DOWN
38879,0.5024,0.5024,34.46,18.70,DOWN
38890,0.4882,0.4882,39.35,23.64,DOWN
38900,0.5126,0.5126,44.47,28.62,DOWN
38910,0.5274,0.5274,49.74,33.67,DOWN
38920,0.5191,0.5191,54.94,38.75,DOWN
38930,0.5067,0.5067,60.00,43.83,DOWN
38940,0.5398,0.5398,65.40,48.99,DOWN
38949,0.5107,0.5107,70.51,54.13,DOWN
38960,0.5179,0.5179,75.69,59.29,DOWN
38970,0.5272,0.5272,80.96,64.47,DOWN
38980,0.5449,0.5449,86.41,69.71,DOWN
38990,0.5526,0.5526,91.93,75.02,DOWN
39000,0.5548,0.5548,97.48,80.39,DOWN
39010,0.5403,0.5403,102.88,85.77,DOWN
39019,0.5253,0.5253,108.14,91.11,DOWN
39030,0.5371,0.5371,113.51,96.47,DOWN
39040,0.5548,0.5548,119.06,101.87,DOWN
39050,0.5392,0.5392,124.45,107.27,DOWN
39060,0.5275,0.5275,129.72,112.63,DOWN
39070,0.5546,0.5546,135.27,118.05,DOWN
39080,0.5587,0.5587,140.86,123.50,DOWN
39090,0.5341,0.5341,146.20,128.92,DOWN
39100,0.5399,0.5399,151.60,134.34,DOWN
39110,0.5269,0.5269,156.87,139.73,DOWN
39120,0.5512,0.5512,162.38,145.14,DOWN
39130,0.5832,0.5832,0.00,0.00,STATIONARY
39140,0.5821,0.0000,0.00,0.00,STATIONARY
39150,0.5611,0.0000,0.00,0.00,STATIONARY
39160,0.5753,0.0000,0.00,0.00,STATIONARY
39170,0.5835,0.0000,23.02,5.50,STATIONARY
39180,0.6327,0.6327,29.35,11.20,STATIONARY
39190,0.6546,0.6546,35.90,17.11,STATIONARY
39200,0.6390,0.6390,42.28,23.13,STATIONARY
39210,0.6018,0.6018,48.30,29.14,STATIONARY
39220,0.5946,0.5946,54.25,35.15,STATIONARY
39229,0.6280,0.6280,60.53,41.21,STATIONARY
39239,0.6611,0.6611,67.14,47.41,STATIONARY
39250,0.6493,0.6493,73.63,53.68,STATIONARY
39260,0.5772,0.5772,79.41,59.83,STATIONARY
39269,0.5617,0.5617,85.02,65.85,STATIONARY
39280,0.5853,0.5853,90.88,71.83,STATIONARY
39289,0.6080,0.6080,96.95,77.83,STATIONARY
39299,0.6164,0.6164,103.12,83.88,STATIONARY
39310,0.5843,0.5843,108.96,89.88,STATIONARY
39320,0.6030,0.6030,114.99,95.88,STATIONARY
39330,0.5933,0.5933,120.93,101.87,STATIONARY
39340,0.5734,0.5734,126.66,107.80,STATIONARY
39349,0.6469,0.6469,133.13,113.85,STATIONARY
39360,0.6482,0.6482,139.61,120.01,STATIONARY
39370,0.6782,0.6782,146.39,126.32,STATIONARY
39379,0.6335,0.6335,152.73,132.63,STATIONARY
39390,0.6250,0.6250,158.98,138.93,UP
39400,0.6748,0.6748,165.73,145.33,UP
39410,0.6939,0.6939,172.66,151.87,UP
39420,0.6914,0.6914,179.58,158.49,UP
39430,0.6221,0.6221,185.80,165.02,UP
39440,0.6245,0.6245,192.04,171.48,UP
39449,0.6672,0.6672,198.72,177.99,UP
39460,0.6384,0.6384,205.10,184.47,UP
39470,0.6184,0.6184,211.29,190.88,UP
39480,0.5511,0.5511,216.79,197.08,UP
39490,0.5435,0.5435,222.23,203.09,UP
39500,0.5547,0.5547,227.78,208.99,UP
39510,0.5755,0.5755,233.53,214.86,UP
39519,0.5516,0.5516,239.05,220.64,UP
39530,0.5074,0.5074,244.12,226.25,UP
39540,0.4914,0.4914,249.04,231.70,UP
39550,0.4844,0.4844,253.88,237.00,UP
39560,0.5221,0.5221,259.10,242.28,UP
39570,0.5070,0.5070,264.17,247.52,UP
39580,0.4368,0.4368,268.54,252.54,UP
39589,0.4125,0.4125,272.66,257.35,UP
39600,0.3771,0.3771,276.43,261.91,UP
39610,0.4258,0.4258,280.69,266.40,UP
39620,0.4203,0.4203,284.89,270.82,UP
39630,0.3421,0.3421,288.31,275.00,UP
39640,0.3047,0.3047,291.36,278.91,UP
39650,0.2771,0.2771,294.13,282.55,UP
39660,0.3313,0.3313,297.45,286.11,UP
39669,0.3160,0.3160,300.61,289.58,UP
39680,0.2524,0.2524,303.13,292.82,UP
39690,0.2473,0.2473,305.60,295.87,UP
39700,0.2827,0.2827,308.43,298.88,UP
39710,0.3406,0.3406,311.84,301.97,UP
39720,0.2986,0.2986,314.82,305.05,UP
39730,0.2347,0.2347,317.17,307.94,UP
39739,0.2807,0.2807,319.98,310.82,UP
39750,0.3307,0.3307,323.28,313.80,UP
39760,0.3399,0.3399,326.68,316.88,UP
39769,0.2441,0.2441,329.12,319.81,UP
39780,0.1941,0.1941,331.07,322.50,UP
39790,0.2333,0.2333,333.40,325.10,UP
39800,0.2274,0.2274,335.67,327.63,UP
39809,0.1746,0.1746,337.42,329.97,UP
39820,0.0780,0.0000,337.42,331.75,UP
39830,0.0731,0.0000,337.42,333.11,UP
39840,0.1261,0.0000,338.93,334.50,UP
39850,0.0918,0.0000,338.93,335.56,UP
39860,0.0074,0.0000,338.93,336.36,UP
39870,0.0070,0.0000,338.93,336.98,UP
39880,0.0166,0.0000,338.93,337.44,UP
39890,-0.0268,0.0000,338.93,337.80,UP
39900,-0.0226,0.0000,338.93,338.07,UP
39910,-0.0074,0.0000,338.93,338.27,UP
39920,0.0398,0.0000,338.93,338.43,UP
39930,0.0181,0.0000,338.93,338.55,UP
39940,-0.0332,0.0000,338.93,338.64,UP
39949,0.0255,0.0000,338.93,338.71,UP
39960,0.0608,0.0000,338.93,338.76,UP
39970,0.0009,0.0000,338.93,338.80,UP
39980,-0.1153,0.0000,338.93,338.83,UP
39990,-0.0898,0.0000,338.93,338.86,UP
40000,-0.0594,0.0000,338.93,338.87,UP
40010,-0.0467,0.0000,338.93,338.89,UP
40019,-0.1326,0.0000,336.97,338.43,UP
40030,-0.1015,0.0000,336.97,338.08,UP
40040,-0.0368,0.0000,336.97,337.81,UP
40050,-0.0391,0.0000,336.97,337.61,UP
40060,-0.0985,0.0000,336.97,337.46,UP
40070,-0.1174,0.0000,335.23,336.93,UP
40080,-0.0429,0.0000,335.23,336.52,UP
40090,-0.0824,0.0000,335.23,336.21,UP
40100,-0.1539,0.0000,333.97,335.68,UP
40110,-0.1471,0.0000,333.97,335.27,UP
40120,-0.0899,0.0000,333.97,334.96,UP
40130,-0.0871,0.0000,333.97,334.72,UP
40140,-0.1515,0.0000,332.20,334.12,UP
40150,-0.1569,0.0000,332.20,333.66,UP
40160,-0.0899,0.0000,332.20,333.31,UP
40169,-0.0797,0.0000,332.20,333.05,UP
40180,-0.1353,0.0000,330.51,332.44,UP
40190,-0.1631,0.0000,330.51,331.98,UP
40200,-0.0763,0.0000,330.51,331.63,UP
40210,-0.0653,0.0000,330.51,331.36,UP
40220,-0.1543,0.0000,329.09,330.82,UP
40229,-0.1726,0.0000,329.09,330.40,UP
40239,-0.1055,0.0000,329.09,330.09,UP
40250,-0.0484,0.0000,329.09,329.85,UP
40260,-0.1422,0.0000,329.09,329.67,UP
40269,-0.1810,0.0000,329.09,329.53,UP
40280,-0.1105,0.0000,329.09,329.43,UP
40290,-0.0197,0.0000,329.09,329.35,UP
40300,-0.0787,0.0000,329.09,329.29,UP
40310,-0.1299,0.0000,328.11,329.00,UP
40320,-0.0767,0.0000,328.11,328.79,UP
40330,-0.0179,0.0000,328.11,328.63,UP
40340,-0.0500,0.0000,328.11,328.50,UP
40350,-0.1691,0.0000,326.66,328.06,UP
40360,-0.1199,0.0000,326.66,327.73,UP
40370,-0.0482,0.0000,326.66,327.47,UP
40379,-0.0765,0.0000,326.66,327.28,UP
40390,-0.1606,0.0000,325.42,326.83,UP
40400,-0.1308,0.0000,325.42,326.49,UP
40410,-0.0292,0.0000,325.42,326.24,UP
40420,-0.0564,0.0000,325.42,326.04,UP
40430,-0.1726,0.0000,324.56,325.69,UP
40440,-0.1180,0.0000,324.56,325.42,UP
40449,-0.0230,0.0000,324.56,325.21,UP
40460,-0.0256,0.0000,324.56,325.06,UP
40470,-0.1532,0.0000,324.56,324.94,UP
40480,-0.1390,0.0000,324.56,324.85,UP
40490,-0.0057,0.0000,324.56,324.78,UP
40500,-0.0100,0.0000,324.56,324.73,UP
40509,-0.1321,0.0000,324.56,324.69,UP
40519,-0.1351,0.0000,324.56,324.66,UP
40530,-0.0362,0.0000,324.56,324.63,UP
40540,-0.0164,0.0000,324.56,324.62,UP
40550,-0.1189,0.0000,324.56,324.60,UP
40560,-0.1727,0.0000,324.56,324.59,UP
40570,-0.0490,0.0000,324.56,324.58,UP
40580,-0.0234,0.0000,324.56,324.58,UP
40589,-0.1096,0.0000,324.56,324.57,UP
40600,-0.1419,0.0000,324.56,324.57,UP
40610,-0.0792,0.0000,324.56,324.57,UP
40620,-0.0080,0.0000,324.56,324.57,UP
40630,-0.0691,0.0000,324.56,324.56,UP
40640,-0.1541,0.0000,323.00,324.19,UP
40650,-0.0831,0.0000,323.00,323.90,UP
40660,-0.0181,0.0000,323.00,323.69,UP
40670,-0.0607,0.0000,323.00,323.52,UP
40680,-0.1486,0.0000,321.38,323.01,UP
40690,-0.1149,0.0000,321.38,322.62,UP
40699,0.0076,0.0000,321.38,322.32,UP
40710,-0.0056,0.0000,321.38,322.10,UP
40720,-0.1286,0.0000,321.38,321.92,UP
40729,-0.0874,0.0000,321.38,321.79,UP
40740,0.0036,0.0000,321.38,321.69,UP
40750,0.0141,0.0000,321.38,321.62,UP
40760,-0.0923,0.0000,321.38,321.56,UP
40769,-0.1268,0.0000,319.76,321.13,UP
40780,-0.0464,0.0000,319.76,320.80,UP
40790,0.0044,0.0000,319.76,320.55,UP
40800,-0.0839,0.0000,319.76,320.36,UP
40809,-0.1393,0.0000,318.50,319.92,UP
40820,-0.0935,0.0000,318.50,319.58,UP
40830,-0.0265,0.0000,318.50,319.32,UP
40840,-0.0612,0.0000,318.50,319.12,UP
40850,-0.1121,0.0000,316.69,318.54,UP
40860,-0.0796,0.0000,316.69,318.10,UP
40870,-0.0078,0.0000,316.69,317.76,UP
40879,-0.0152,0.0000,316.69,317.50,UP
40890,-0.0990,0.0000,316.69,317.31,UP
40900,-0.0455,0.0000,316.69,317.16,UP
40910,0.0327,0.0000,316.69,317.05,UP
40920,0.0032,0.0000,316.69,316.96,UP
40930,-0.0868,0.0000,316.69,316.90,UP
40940,-0.0795,0.0000,316.69,316.85,UP
40949,-0.0145,0.0000,316.69,316.81,UP
40960,-0.0197,0.0000,316.69,316.78,UP
40970,-0.0757,0.0000,316.69,316.76,UP
40980,-0.0999,0.0000,316.69,316.74,UP
40990,-0.0450,0.0000,316.69,316.73,UP
41000,0.0006,0.0000,316.69,316.72,UP
41010,-0.0492,0.0000,316.69,316.71,UP
41019,-0.1033,0.0000,316.69,316.71,UP
41030,-0.0520,0.0000,316.69,316.70,UP
41040,-0.0078,0.0000,316.69,316.70,UP
41050,-0.0523,0.0000,316.69,316.70,UP
41060,-0.1325,0.0000,315.57,316.43,UP
41070,-0.0890,0.0000,315.57,316.22,UP
41080,-0.0182,0.0000,315.57,316.06,UP
41090,-0.0377,0.0000,315.57,315.95,UP
41100,-0.0950,0.0000,315.57,315.86,UP
41110,-0.0958,0.0000,315.57,315.79,UP
41120,-0.0388,0.0000,315.57,315.73,UP
41130,-0.0211,0.0000,315.57,315.69,UP
41140,-0.0736,0.0000,315.57,315.66,UP
41150,-0.0869,0.0000,315.57,315.64,UP
41159,-0.0441,0.0000,315.57,315.62,UP
41169,0.0196,0.0000,315.57,315.61,UP
41180,-0.0145,0.0000,315.57,315.60,UP
41190,-0.0706,0.0000,315.57,315.59,UP
41200,-0.0662,0.0000,315.57,315.59,UP
41210,0.0276,0.0000,315.57,315.58,UP
41220,-0.0078,0.0000,315.57,315.58,UP
41230,-0.1190,0.0000,315.57,315.58,UP
41239,-0.0901,0.0000,315.57,315.57,UP
41250,-0.0090,0.0000,315.57,315.57,UP
41260,-0.0198,0.0000,315.57,315.57,UP
41269,-0.1035,0.0000,314.38,315.29,UP
41280,-0.1007,0.0000,314.38,315.07,UP
41290,-0.0256,0.0000,314.38,314.90,UP
41300,0.0157,0.0000,314.38,314.78,UP
41310,-0.0746,0.0000,314.38,314.68,UP
41320,-0.1034,0.0000,313.53,314.41,UP
41330,-0.0161,0.0000,313.53,314.20,UP
41340,0.0418,0.0000,313.53,314.04,UP
41350,-0.0334,0.0000,313.53,313.92,UP
41360,-0.0976,0.0000,313.53,313.83,UP
41370,-0.0355,0.0000,313.53,313.76,UP
41379,0.0343,0.0000,313.53,313.70,UP
41390,0.0036,0.0000,313.53,313.66,UP
41400,-0.0976,0.0000,313.53,313.63,UP
41410,-0.0824,0.0000,313.53,313.61,UP
41420,0.0289,0.0000,313.53,313.59,UP
41430,-0.0117,0.0000,313.53,313.58,UP
41440,-0.1316,0.0000,313.53,313.56,UP
41449,-0.1057,0.0000,313.53,313.56,UP
41460,-0.0009,0.0000,313.53,313.55,UP
41470,0.0055,0.0000,313.53,313.55,UP
41480,-0.0853,0.0000,313.53,313.54,UP
41490,-0.1295,0.0000,312.72,313.35,UP
41500,-0.0481,0.0000,312.72,313.20,UP
41510,0.0120,0.0000,312.72,313.08,UP
41519,-0.0622,0.0000,312.72,313.00,UP
41530,-0.1197,0.0000,311.74,312.70,UP
41540,-0.0503,0.0000,311.74,312.47,UP
41550,0.0155,0.0000,311.74,312.30,UP
41560,-0.0288,0.0000,311.74,312.16,UP
41570,-0.1036,0.0000,311.11,311.91,UP
41580,-0.0354,0.0000,311.11,311.72,UP
41589,0.0391,0.0000,311.11,311.57,UP
41600,0.0034,0.0000,311.11,311.46,UP
41610,-0.0819,0.0000,311.11,311.38,UP
41620,-0.0649,0.0000,311.11,311.31,UP
41630,0.0362,0.0000,311.11,311.26,UP
41640,-0.0122,0.0000,311.11,311.22,UP
41650,-0.0676,0.0000,311.11,311.20,UP
41660,-0.1381,0.0000,309.27,310.74,UP
41670,-0.0560,0.0000,309.27,310.39,UP
41680,-0.0074,0.0000,309.27,310.12,UP
41690,-0.1023,0.0000,308.64,309.77,UP
41700,-0.0982,0.0000,308.64,309.50,UP
41710,-0.0505,0.0000,308.64,309.29,UP
41720,0.0022,0.0000,308.64,309.14,UP
41729,-0.0217,0.0000,308.64,309.02,UP
41739,-0.0713,0.0000,308.64,308.93,UP
41750,-0.0477,0.0000,308.64,308.86,UP
41760,0.0043,0.0000,308.64,308.81,UP
41769,-0.0216,0.0000,308.64,308.77,UP
41780,-0.0764,0.0000,308.64,308.73,UP
41790,-0.0390,0.0000,308.64,308.71,UP
41800,0.0126,0.0000,308.64,308.69,UP
41809,0.0065,0.0000,308.64,308.68,UP
41820,-0.0671,0.0000,308.64,308.67,UP
41830,-0.0867,0.0000,308.64,308.66,UP
41840,-0.0111,0.0000,308.64,308.66,UP
41850,0.0198,0.0000,308.64,308.65,UP
41860,-0.0580,0.0000,308.64,308.65,UP
41870,-0.1069,0.0000,308.64,308.65,UP
41879,-0.0583,0.0000,308.64,308.64,UP
41890,-0.0150,0.0000,308.64,308.64,UP
41900,-0.0303,0.0000,308.64,308.64,UP
41910,-0.0806,0.0000,308.64,308.64,UP
41920,-0.0606,0.0000,308.64,308.64,UP
41930,0.0039,0.0000,308.64,308.64,UP
41940,-0.0218,0.0000,308.64,308.64,UP
41949,-0.0660,0.0000,308.64,308.64,UP
41960,-0.0687,0.0000,308.64,308.64,UP
41970,0.0257,0.0000,308.64,308.64,UP
41980,0.0003,0.0000,308.64,308.64,UP
41990,-0.0782,0.0000,308.64,308.64,UP
42000,-0.0799,0.0000,308.64,308.64,UP
42010,-0.0074,0.0000,308.64,308.64,UP
42019,0.0386,0.0000,308.64,308.64,UP
42030,-0.0544,0.0000,308.64,308.64,UP
42040,-0.1019,0.0000,308.64,308.64,UP
42050,-0.0515,0.0000,308.64,308.64,UP
42060,-0.0126,0.0000,308.64,308.64,UP
42070,-0.0441,0.0000,308.64,308.64,UP
42080,-0.0854,0.0000,308.64,308.64,UP
42089,-0.0606,0.0000,308.64,308.64,UP
42100,-0.0125,0.0000,308.64,308.64,UP
42110,-0.0467,0.0000,308.64,308.64,UP
42120,-0.1032,0.0000,305.50,307.89,UP
42130,-0.0751,0.0000,305.50,307.32,UP
42140,-0.0311,0.0000,305.50,306.89,UP
42150,-0.0067,0.0000,305.50,306.56,UP
42160,-0.0567,0.0000,305.50,306.30,UP
42169,-0.0882,0.0000,305.50,306.11,UP
42180,-0.0271,0.0000,305.50,305.97,UP
42190,0.0213,0.0000,305.50,305.86,UP
42200,-0.0421,0.0000,305.50,305.77,UP
42210,-0.0850,0.0000,305.50,305.71,UP
42220,-0.0537,0.0000,305.50,305.66,UP
42229,0.0120,0.0000,305.50,305.62,UP
42239,-0.0088,0.0000,305.50,305.59,UP
42250,-0.0572,0.0000,305.50,305.57,UP
42260,-0.0542,0.0000,305.50,305.56,UP
42269,-0.0041,0.0000,305.50,305.54,UP
42280,-0.0076,0.0000,305.50,305.53,UP
42290,-0.0425,0.0000,305.50,305.53,UP
42300,-0.0559,0.0000,305.50,305.52,UP
42310,-0.0194,0.0000,305.50,305.52,UP
42320,-0.0066,0.0000,305.50,305.51,UP
42330,-0.0671,0.0000,305.50,305.51,UP
42340,-0.1153,0.0000,305.50,305.51,UP
42350,-0.0449,0.0000,305.50,305.51,UP
42360,0.0032,0.0000,305.50,305.51,UP
42370,-0.0209,0.0000,305.50,305.51,UP
42379,-0.0787,0.0000,305.50,305.51,UP
42390,-0.0808,0.0000,305.50,305.51,UP
42400,0.0152,0.0000,305.50,305.51,UP
42410,0.0041,0.0000,305.50,305.51,UP
42420,-0.0803,0.0000,305.50,305.51,UP
42430,-0.0674,0.0000,305.50,305.50,UP
42440,-0.0101,0.0000,305.50,305.50,UP
42449,-0.0155,0.0000,305.50,305.50,UP
42460,-0.0628,0.0000,305.50,305.50,UP
42470,-0.0844,0.0000,305.50,305.50,UP
42480,-0.0341,0.0000,305.50,305.50,UP
42490,0.0118,0.0000,305.50,305.50,UP
42500,-0.0854,0.0000,305.50,305.50,UP
42510,-0.1144,0.0000,305.50,305.50,UP
42519,-0.0485,0.0000,305.50,305.50,UP
42530,-0.0072,0.0000,305.50,305.50,UP
42540,-0.0312,0.0000,305.50,305.50,UP
42550,-0.1036,0.0000,305.50,305.50,UP
42560,-0.0651,0.0000,305.50,305.50,UP
42570,-0.0010,0.0000,305.50,305.50,UP
42580,-0.0254,0.0000,305.50,305.50,UP
42589,-0.1094,0.0000,304.59,305.29,UP
42599,-0.0835,0.0000,304.59,305.12,UP
42610,0.0159,0.0000,304.59,304.99,UP
42620,-0.0058,0.0000,304.59,304.90,UP
42630,-0.0579,0.0000,304.59,304.82,UP
42640,-0.0907,0.0000,304.59,304.77,UP
42650,-0.0197,0.0000,304.59,304.73,UP
42659,0.0122,0.0000,304.59,304.69,UP
42669,-0.0558,0.0000,304.59,304.67,UP
42680,-0.1033,0.0000,301.74,303.97,UP
42690,-0.0097,0.0000,301.74,303.43,UP
42700,0.0164,0.0000,301.74,303.03,UP
42710,-0.0312,0.0000,301.74,302.72,UP
42720,-0.0635,0.0000,301.74,302.48,UP
42729,-0.0344,0.0000,301.74,302.31,UP
42739,0.0134,0.0000,301.74,302.17,UP
42750,-0.0255,0.0000,301.74,302.07,UP
42760,-0.1011,0.0000,300.39,301.67,UP
42769,-0.0613,0.0000,300.39,301.36,UP
42780,0.0100,0.0000,300.39,301.13,UP
42790,-0.0296,0.0000,300.39,300.95,UP
42800,-0.0559,0.0000,300.39,300.82,UP
42809,-0.0888,0.0000,300.39,300.72,UP
42820,-0.0316,0.0000,300.39,300.64,UP
42830,-0.0020,0.0000,300.39,300.58,UP
42840,-0.0598,0.0000,300.39,300.53,UP
42850,-0.0875,0.0000,300.39,300.50,UP
42860,-0.0210,0.0000,300.39,300.47,UP
42870,-0.0120,0.0000,300.39,300.45,UP
42880,-0.0425,0.0000,300.39,300.44,UP
42890,-0.0702,0.0000,300.39,300.43,UP
42900,-0.0529,0.0000,300.39,300.42,UP
42910,0.0037,0.0000,300.39,300.41,UP
42920,-0.0224,0.0000,300.39,300.41,UP
42930,-0.1031,0.0000,300.39,300.40,UP
42940,-0.0583,0.0000,300.39,300.40,UP
42949,-0.0411,0.0000,300.39,300.40,UP
42960,-0.0301,0.0000,300.39,300.40,UP
42970,-0.0722,0.0000,300.39,300.39,UP
42980,-0.0937,0.0000,300.39,300.39,UP
42990,-0.0275,0.0000,300.39,300.39,UP
43000,0.0010,0.0000,300.39,300.39,UP
43010,-0.0673,0.0000,300.39,300.39,UP
43020,-0.0831,0.0000,300.39,300.39,UP
43030,-0.0212,0.0000,300.39,300.39,UP
43040,0.0069,0.0000,300.39,300.39,UP
43050,-0.0073,0.0000,300.39,300.39,UP
43060,-0.0951,0.0000,300.39,300.39,UP
43070,-0.0811,0.0000,300.39,300.39,UP
43080,0.0216,0.0000,300.39,300.39,UP
43090,-0.0274,0.0000,300.39,300.39,UP
43099,-0.0832,0.0000,300.39,300.39,UP
43110,-0.0802,0.0000,300.39,300.39,UP
43120,-0.0249,0.0000,300.39,300.39,UP
43130,-0.0169,0.0000,300.39,300.39,UP
43140,-0.0755,0.0000,300.39,300.39,UP
43150,-0.0983,0.0000,300.39,300.39,UP
43160,-0.0018,0.0000,300.39,300.39,UP
43169,0.0082,0.0000,300.39,300.39,UP
43180,-0.0603,0.0000,300.39,300.39,UP
43190,-0.0767,0.0000,300.39,300.39,UP
43200,-0.0204,0.0000,300.39,300.39,UP
43210,0.0377,0.0000,300.39,300.39,UP
43220,-0.0116,0.0000,300.39,300.39,UP
43230,-0.0739,0.0000,300.39,300.39,UP
43239,-0.0426,0.0000,300.39,300.39,UP
43250,0.0113,0.0000,300.39,300.39,UP
43260,-0.0178,0.0000,300.39,300.39,UP
43269,-0.0777,0.0000,300.39,300.39,UP
43280,-0.0886,0.0000,300.39,300.39,UP
43290,-0.0270,0.0000,300.39,300.39,UP
43300,-0.0225,0.0000,300.39,300.39,UP
43310,-0.0870,0.0000,300.39,300.39,UP
43320,-0.0830,0.0000,300.39,300.39,UP
43330,-0.0368,0.0000,300.39,300.39,UP
43340,0.0079,0.0000,300.39,300.39,UP
43350,-0.0522,0.0000,300.39,300.39,UP
43360,-0.1141,0.0000,300.39,300.39,UP
43370,-0.0368,0.0000,300.39,300.39,UP
43380,-0.0012,0.0000,300.39,300.39,UP
43390,-0.0364,0.0000,300.39,300.39,UP
43400,-0.0800,0.0000,300.39,300.39,UP
43410,-0.0677,0.0000,300.39,300.39,UP
43420,0.0030,0.0000,300.39,300.39,UP
43430,-0.0110,0.0000,300.39,300.39,UP
43440,-0.0754,0.0000,300.39,300.39,UP
43449,-0.0793,0.0000,300.39,300.39,UP
43460,0.0040,0.0000,300.39,300.39,UP
43470,-0.0016,0.0000,300.39,300.39,UP
43480,-0.0642,0.0000,300.39,300.39,UP
43490,-0.0828,0.0000,300.39,300.39,UP
43500,-0.0448,0.0000,300.39,300.39,UP
43510,-0.0093,0.0000,300.39,300.39,UP
43520,-0.0564,0.0000,300.39,300.39,UP
43530,-0.1022,0.0000,300.39,300.39,UP
43540,-0.0439,0.0000,300.39,300.39,UP
43550,0.0222,0.0000,300.39,300.39,UP
43560,-0.0177,0.0000,300.39,300.39,UP
43570,-0.1047,0.0000,300.39,300.39,UP
43580,-0.0487,0.0000,300.39,300.39,UP
43590,0.0402,0.0000,300.39,300.39,UP
43599,-0.0169,0.0000,300.39,300.39,UP
43610,-0.0688,0.0000,300.39,300.39,UP
43620,-0.0807,0.0000,300.39,300.39,UP
43630,0.0179,0.0000,300.39,300.39,UP
43640,-0.0113,0.0000,300.39,300.39,UP
43650,-0.0825,0.0000,300.39,300.39,UP
43660,-0.0849,0.0000,300.39,300.39,UP
43670,-0.0269,0.0000,300.39,300.39,UP
43680,-0.0204,0.0000,300.39,300.39,UP
43690,-0.0620,0.0000,300.39,300.39,UP
43700,-0.1015,0.0000,300.39,300.39,UP
43710,-0.0513,0.0000,300.39,300.39,UP
43720,0.0113,0.0000,300.39,300.39,UP
43730,-0.0192,0.0000,300.39,300.39,UP
43740,-0.0801,0.0000,300.39,300.39,UP
43750,-0.0566,0.0000,300.39,300.39,UP
43760,0.0316,0.0000,300.39,300.39,UP
43769,0.0163,0.0000,300.39,300.39,UP
43780,-0.0746,0.0000,300.39,300.39,UP
43790,-0.0483,0.0000,300.39,300.39,UP
43800,0.0347,0.0000,300.39,300.39,UP
43809,0.0273,0.0000,300.39,300.39,UP
43820,-0.0296,0.0000,300.39,300.39,UP
43830,-0.0557,0.0000,300.39,300.39,UP
43839,-0.0273,0.0000,300.39,300.39,UP
43850,-0.0012,0.0000,300.39,300.39,UP
43860,-0.0487,0.0000,300.39,300.39,UP
43870,-0.0971,0.0000,300.39,300.39,UP
43880,-0.0908,0.0000,300.39,300.39,UP
43890,-0.0310,0.0000,300.39,300.39,UP
43900,-0.0594,0.0000,300.39,300.39,UP
43910,-0.0987,0.0000,300.39,300.39,UP
43920,-0.0732,0.0000,300.39,300.39,UP
43930,-0.0095,0.0000,300.39,300.39,UP
43940,-0.0229,0.0000,300.39,300.39,UP
43949,-0.0410,0.0000,300.39,300.39,UP
43960,-0.0532,0.0000,300.39,300.39,UP
43970,-0.0075,0.0000,300.39,300.39,UP
43980,0.0017,0.0000,300.39,300.39,UP
43990,-0.0417,0.0000,300.39,300.39,UP
44000,-0.0767,0.0000,300.39,300.39,UP
44010,-0.0283,0.0000,300.39,300.39,UP
44020,-0.0069,0.0000,300.39,300.39,UP
44030,-0.0265,0.0000,300.39,300.39,UP
44040,-0.0983,0.0000,300.39,300.39,UP
44050,-0.0480,0.0000,300.39,300.39,UP
44060,-0.0028,0.0000,300.39,300.39,UP
44070,-0.0175,0.0000,300.39,300.39,UP
44080,-0.0567,0.0000,300.39,300.39,UP
44089,-0.0609,0.0000,300.39,300.39,UP
44099,0.0005,0.0000,300.39,300.39,UP
44110,-0.0096,0.0000,300.39,300.39,UP
44120,-0.0766,0.0000,300.39,300.39,UP
44130,-0.0800,0.0000,300.39,300.39,UP
44140,-0.0096,0.0000,300.39,300.39,UP
44150,-0.0085,0.0000,300.39,300.39,UP
44159,-0.0433,0.0000,300.39,300.39,UP
44169,-0.0862,0.0000,300.39,300.39,UP
44180,-0.0388,0.0000,300.39,300.39,UP
44190,0.0198,0.0000,300.39,300.39,UP
44200,-0.0521,0.0000,300.39,300.39,UP
44210,-0.0837,0.0000,300.39,300.39,UP
44220,-0.0399,0.0000,300.39,300.39,UP
44230,0.0168,0.0000,300.39,300.39,UP
44239,-0.0103,0.0000,300.39,300.39,UP
44250,-0.0910,0.0000,300.39,300.39,UP
44260,-0.0792,0.0000,300.39,300.39,UP
44269,0.0028,0.0000,300.39,300.39,UP
44280,0.0141,0.0000,300.39,300.39,UP
44290,-0.0822,0.0000,300.39,300.39,UP
44300,-0.0791,0.0000,300.39,300.39,UP
44310,-0.0232,0.0000,300.39,300.39,UP
44320,-0.0080,0.0000,300.39,300.39,UP
44330,-0.0284,0.0000,300.39,300.39,UP
44340,-0.1037,0.0000,300.39,300.39,UP
44350,-0.0595,0.0000,300.39,300.39,UP
44360,-0.0265,0.0000,300.39,300.39,UP
44370,-0.0678,0.0000,300.39,300.39,UP
44379,-0.0786,0.0000,300.39,300.39,UP
44390,-0.0615,0.0000,300.39,300.39,UP
44400,-0.0202,0.0000,300.39,300.39,UP
44410,-0.0314,0.0000,300.39,300.39,UP
44420,-0.0722,0.0000,300.39,300.39,UP
44430,-0.0610,0.0000,300.39,300.39,UP
44440,-0.0053,0.0000,300.39,300.39,UP
44450,-0.0018,0.0000,300.39,300.39,UP
44460,-0.1038,0.0000,300.39,300.39,UP
44470,-0.0511,0.0000,300.39,300.39,UP
44480,-0.0406,0.0000,300.39,300.39,UP
44490,-0.0247,0.0000,300.39,300.39,UP
44500,-0.0300,0.0000,300.39,300.39,UP
44510,-0.0816,0.0000,300.39,300.39,UP
44519,-0.0415,0.0000,300.39,300.39,UP
44530,-0.0076,0.0000,300.39,300.39,UP
44540,-0.0395,0.0000,300.39,300.39,UP
44550,-0.0940,0.0000,300.39,300.39,UP
44560,-0.0662,0.0000,300.39,300.39,UP
44570,-0.0343,0.0000,300.39,300.39,UP
44580,-0.0198,0.0000,300.39,300.39,UP
44589,-0.0550,0.0000,300.39,300.39,UP
44599,-0.0738,0.0000,300.39,300.39,UP
44610,-0.0048,0.0000,300.39,300.39,UP
44620,-0.0062,0.0000,300.39,300.39,UP
44630,-0.0415,0.0000,300.39,300.39,UP
44640,-0.0273,0.0000,300.39,300.39,UP
44650,-0.0106,0.0000,300.39,300.39,UP
44660,-0.0050,0.0000,300.39,300.39,UP
44669,-0.0153,0.0000,300.39,300.39,UP
44680,-0.0833,0.0000,300.39,300.39,UP
44690,-0.0421,0.0000,300.39,300.39,UP
44700,0.0036,0.0000,300.39,300.39,UP
44710,-0.0567,0.0000,300.39,300.39,UP
44720,-0.0765,0.0000,300.39,300.39,UP
44730,-0.0426,0.0000,300.39,300.39,UP
44739,-0.0178,0.0000,300.39,300.39,UP
44750,-0.0397,0.0000,300.39,300.39,UP
44760,-0.0773,0.0000,300.39,300.39,UP
44769,-0.0477,0.0000,300.39,300.39,UP
44780,-0.0182,0.0000,300.39,300.39,UP
44790,-0.0261,0.0000,300.39,300.39,UP
44800,-0.0701,0.0000,300.39,300.39,UP
44809,-0.0359,0.0000,300.39,300.39,UP
44820,-0.0282,0.0000,300.39,300.39,UP
44830,-0.0251,0.0000,300.39,300.39,UP
44840,-0.0286,0.0000,300.39,300.39,UP
44850,-0.0929,0.0000,300.39,300.39,UP
44860,-0.0585,0.0000,300.39,300.39,UP
44870,-0.0284,0.0000,300.39,300.39,UP
44879,-0.0374,0.0000,300.39,300.39,UP
44889,-0.0426,0.0000,300.39,300.39,UP
44900,-0.0674,0.0000,300.39,300.39,UP
44910,-0.0377,0.0000,300.39,300.39,UP
44920,-0.0292,0.0000,300.39,300.39,UP
44930,-0.0523,0.0000,300.39,300.39,UP
44940,-0.0648,0.0000,300.39,300.39,UP
44949,-0.0321,0.0000,300.39,300.39,UP
44960,-0.0234,0.0000,300.39,300.39,UP
44970,-0.0534,0.0000,300.39,300.39,UP
44980,-0.0535,0.0000,300.39,300.39,UP
44990,-0.0526,0.0000,300.39,300.39,UP
45000,-0.0461,0.0000,300.39,300.39,UP
45010,-0.0909,0.0000,300.39,300.39,UP
45019,-0.0881,0.0000,300.39,300.39,UP
45030,-0.0555,0.0000,300.39,300.39,UP
45040,-0.0170,0.0000,300.39,300.39,UP
45050,-0.0288,0.0000,300.39,300.39,UP
45060,-0.0670,0.0000,300.39,300.39,UP
45070,-0.0210,0.0000,300.39,300.39,UP
45080,0.0399,0.0000,300.39,300.39,UP
45090,0.0213,0.0000,300.39,300.39,UP
45099,-0.0159,0.0000,300.39,300.39,UP
45110,-0.0265,0.0000,300.39,300.39,UP
45120,0.0189,0.0000,300.39,300.39,UP
45130,-0.0124,0.0000,300.39,300.39,UP
45140,-0.0547,0.0000,300.39,300.39,UP
45150,-0.0869,0.0000,300.39,300.39,UP
45159,-0.0426,0.0000,300.39,300.39,UP
45169,-0.0442,0.0000,300.39,300.39,UP
45180,-0.0751,0.0000,300.39,300.39,UP
45190,-0.0891,0.0000,300.39,300.39,UP
45200,-0.0518,0.0000,300.39,300.39,UP
45210,-0.0458,0.0000,300.39,300.39,UP
45220,-0.0582,0.0000,300.39,300.39,UP
45230,-0.0844,0.0000,300.39,300.39,UP
45240,-0.0723,0.0000,300.39,300.39,UP
45250,-0.0336,0.0000,300.39,300.39,UP
45260,-0.0388,0.0000,300.39,300.39,UP
45269,-0.0714,0.0000,300.39,300.39,UP
45280,-0.0498,0.0000,300.39,300.39,UP
45290,-0.0449,0.0000,300.39,300.39,UP
45300,-0.0382,0.0000,300.39,300.39,UP
45310,-0.0458,0.0000,300.39,300.39,UP
45320,-0.0637,0.0000,300.39,300.39,UP
45330,-0.0349,0.0000,300.39,300.39,UP
45340,-0.0175,0.0000,300.39,300.39,UP
45350,-0.0507,0.0000,300.39,300.39,UP
45360,-0.0460,0.0000,300.39,300.39,UP
45370,-0.0459,0.0000,300.39,300.39,UP
45380,-0.0283,0.0000,300.39,300.39,UP
45390,-0.0443,0.0000,300.39,300.39,UP
45400,-0.0488,0.0000,300.39,300.39,UP
45410,-0.0397,0.0000,300.39,300.39,UP
45420,-0.0315,0.0000,300.39,300.39,UP
45430,-0.0318,0.0000,300.39,300.39,UP
45440,-0.0417,0.0000,300.39,300.39,UP
45449,-0.0434,0.0000,300.39,300.39,UP
45460,-0.0364,0.0000,300.39,300.39,UP
45470,-0.0283,0.0000,300.39,300.39,UP
45480,-0.0441,0.0000,300.39,300.39,UP
45490,-0.0428,0.0000,300.39,300.39,UP
45500,-0.0341,0.0000,300.39,300.39,UP
45510,-0.0353,0.0000,300.39,300.39,UP
45520,-0.0403,0.0000,300.39,300.39,UP
45529,-0.0803,0.0000,300.39,300.39,UP
45540,-0.0424,0.0000,300.39,300.39,UP
45550,-0.0148,0.0000,300.39,300.39,UP
45560,-0.0374,0.0000,300.39,300.39,UP
45570,-0.0521,0.0000,300.39,300.39,UP
45580,-0.0352,0.0000,300.39,300.39,UP
45589,-0.0238,0.0000,300.39,300.39,UP
45600,-0.0193,0.0000,300.39,300.39,UP
45610,-0.0166,0.0000,300.39,300.39,UP
45620,-0.0608,0.0000,300.39,300.39,UP
45630,-0.0327,0.0000,300.39,300.39,UP
45640,0.0048,0.0000,300.39,300.39,UP
45650,-0.0447,0.0000,300.39,300.39,UP
45660,-0.0241,0.0000,300.39,300.39,UP
45670,-0.0020,0.0000,300.39,300.39,UP
45680,-0.0224,0.0000,300.39,300.39,UP
45690,-0.0344,0.0000,300.39,300.39,UP
45700,-0.0726,0.0000,300.39,300.39,UP
45710,-0.0364,0.0000,300.39,300.39,UP
45720,-0.0162,0.0000,300.39,300.39,UP
45730,-0.0098,0.0000,300.39,300.39,UP
45740,-0.0422,0.0000,300.39,300.39,UP
45750,-0.0573,0.0000,300.39,300.39,UP
45760,-0.0450,0.0000,300.39,300.39,UP
45769,-0.0295,0.0000,300.39,300.39,UP
45780,-0.0335,0.0000,300.39,300.39,UP
45790,-0.0451,0.0000,300.39,300.39,UP
45800,-0.0428,0.0000,300.39,300.39,UP
45810,-0.0555,0.0000,300.39,300.39,UP
45820,-0.0432,0.0000,300.39,300.39,UP
45830,-0.0631,0.0000,300.39,300.39,UP
45840,-0.0328,0.0000,300.39,300.39,UP
45850,-0.0370,0.0000,300.39,300.39,UP
45860,-0.0309,0.0000,300.39,300.39,UP
45870,-0.0447,0.0000,300.39,300.39,UP
45880,-0.0442,0.0000,300.39,300.39,UP
45890,-0.0043,0.0000,300.39,300.39,UP
45900,-0.0214,0.0000,300.39,300.39,UP
45910,-0.0645,0.0000,300.39,300.39,UP
45920,-0.0286,0.0000,300.39,300.39,UP
45930,-0.0153,0.0000,300.39,300.39,UP
45939,-0.0248,0.0000,300.39,300.39,UP
45950,-0.0669,0.0000,300.39,300.39,UP
45960,-0.0616,0.0000,300.39,300.39,UP
45970,-0.0345,0.0000,300.39,300.39,UP
45980,-0.0179,0.0000,300.39,300.39,UP
45990,-0.0417,0.0000,300.39,300.39,UP
46000,-0.0559,0.0000,300.39,300.39,UP
46010,-0.0321,0.0000,300.39,300.39,UP
46019,0.0038,0.0000,300.39,300.39,UP
46029,-0.0097,0.0000,300.39,300.39,UP
46040,-0.0428,0.0000,300.39,300.39,UP
46050,-0.0200,0.0000,300.39,300.39,UP
46060,0.0167,0.0000,300.39,300.39,UP
46069,-0.0372,0.0000,300.39,300.39,UP
46080,-0.0491,0.0000,300.39,300.39,UP
46090,-0.0405,0.0000,300.39,300.39,UP
46099,-0.0161,0.0000,300.39,300.39,UP
46110,-0.0005,0.0000,300.39,300.39,UP
46120,-0.0501,0.0000,300.39,300.39,UP
46130,-0.0600,0.0000,300.39,300.39,UP
46140,-0.0197,0.0000,300.39,300.39,UP
46150,-0.0495,0.0000,300.39,300.39,UP
46160,-0.0419,0.0000,300.39,300.39,UP
46169,-0.0564,0.0000,300.39,300.39,UP
46180,-0.0399,0.0000,300.39,300.39,UP
46190,-0.0359,0.0000,300.39,300.39,UP
46200,-0.0607,0.0000,300.39,300.39,UP
46210,-0.0519,0.0000,300.39,300.39,UP
46220,-0.0589,0.0000,300.39,300.39,UP
46230,-0.0140,0.0000,300.39,300.39,UP
46239,-0.0352,0.0000,300.39,300.39,UP
46250,-0.0730,0.0000,300.39,300.39,UP
46260,-0.0304,0.0000,300.39,300.39,UP
46270,-0.0099,0.0000,300.39,300.39,UP
46280,-0.0112,0.0000,300.39,300.39,UP
46290,-0.0630,0.0000,300.39,300.39,UP
46300,-0.0468,0.0000,300.39,300.39,UP
46310,-0.0264,0.0000,300.39,300.39,UP
46320,-0.0252,0.0000,300.39,300.39,UP
46330,-0.0628,0.0000,300.39,300.39,UP
46340,-0.0709,0.0000,300.39,300.39,UP
46350,-0.0356,0.0000,300.39,300.39,UP
46360,-0.0230,0.0000,300.39,300.39,UP
46370,-0.0495,0.0000,300.39,300.39,UP
46380,-0.0760,0.0000,300.39,300.39,UP
46390,-0.0315,0.0000,300.39,300.39,UP
46400,-0.0158,0.0000,300.39,300.39,UP
46410,-0.0372,0.0000,300.39,300.39,UP
46420,-0.0703,0.0000,300.39,300.39,UP
46430,-0.0512,0.0000,300.39,300.39,UP
46440,-0.0152,0.0000,300.39,300.39,UP
46450,-0.0256,0.0000,300.39,300.39,UP
46460,-0.0691,0.0000,300.39,300.39,UP
46470,-0.0409,0.0000,300.39,300.39,UP
46480,-0.0032,0.0000,300.39,300.39,UP
46490,-0.0393,0.0000,300.39,300.39,UP
46500,-0.0267,0.0000,300.39,300.39,UP
46510,-0.0515,0.0000,300.39,300.39,UP
46519,-0.0106,0.0000,300.39,300.39,UP
46529,0.0287,0.0000,300.39,300.39,UP
46540,-0.0646,0.0000,300.39,300.39,UP
46550,-0.0779,0.0000,300.39,300.39,UP
46560,-0.0449,0.0000,300.39,300.39,UP
46570,-0.0248,0.0000,300.39,300.39,UP
46580,-0.0270,0.0000,300.39,300.39,UP
46589,-0.0527,0.0000,300.39,300.39,UP
46599,-0.0230,0.0000,300.39,300.39,UP
46610,0.0069,0.0000,300.39,300.39,UP
46620,0.0349,0.0000,300.39,300.39,UP
46630,-0.0532,0.0000,300.39,300.39,UP
46640,-0.0168,0.0000,300.39,300.39,UP
46650,0.0106,0.0000,300.39,300.39,UP
46660,-0.0045,0.0000,300.39,300.39,UP
46670,-0.0157,0.0000,300.39,300.39,UP
46680,-0.0204,0.0000,300.39,300.39,UP
46690,-0.0237,0.0000,300.39,300.39,UP
46700,-0.0050,0.0000,300.39,300.39,UP
46710,-0.0103,0.0000,300.39,300.39,UP
46720,-0.0353,0.0000,300.39,300.39,UP
46730,0.0032,0.0000,300.39,300.39,UP
46740,0.0327,0.0000,300.39,300.39,UP
46750,-0.0046,0.0000,300.39,300.39,UP
46760,-0.0331,0.0000,300.39,300.39,UP
46769,0.0048,0.0000,300.39,300.39,UP
46780,0.0418,0.0000,300.39,300.39,UP
46790,-0.0009,0.0000,300.39,300.39,UP
46800,-0.0221,0.0000,300.39,300.39,UP
46810,-0.0184,0.0000,300.39,300.39,UP
46820,0.0330,0.0000,300.39,300.39,UP
46830,0.0274,0.0000,300.39,300.39,UP
46840,-0.0309,0.0000,300.39,300.39,UP
46850,0.0079,0.0000,300.39,300.39,UP
46860,0.0136,0.0000,300.39,300.39,UP
46870,0.0357,0.0000,300.39,300.39,UP
46880,-0.0073,0.0000,300.39,300.39,UP
46890,-0.0219,0.0000,300.39,300.39,UP
46900,0.0320,0.0000,300.39,300.39,UP
46910,0.0660,0.0000,300.39,300.39,UP
46920,0.0271,0.0000,300.39,300.39,UP
46930,-0.0121,0.0000,300.39,300.39,UP
46940,0.0292,0.0000,300.39,300.39,UP
46950,0.0749,0.0000,300.39,300.39,UP
46960,0.0693,0.0000,300.39,300.39,UP
46970,0.0417,0.0000,300.39,300.39,UP
46980,0.0236,0.0000,300.39,300.39,UP
46990,0.0835,0.0000,300.39,300.39,UP
47000,0.0607,0.0000,300.39,300.39,UP
47010,0.0177,0.0000,300.39,300.39,UP
47020,-0.0064,0.0000,300.39,300.39,UP
47030,0.0260,0.0000,300.39,300.39,UP
47040,0.0782,0.0000,300.39,300.39,UP
47050,0.0066,0.0000,300.39,300.39,UP
47060,-0.0385,0.0000,300.39,300.39,UP
47070,0.0377,0.0000,300.39,300.39,UP
47080,0.0608,0.0000,300.39,300.39,UP
47090,0.0507,0.0000,300.39,300.39,UP
47099,0.0099,0.0000,300.39,300.39,UP
47110,0.0296,0.0000,300.39,300.39,UP
47120,0.0781,0.0000,300.39,300.39,UP
47130,0.0591,0.0000,300.39,300.39,UP
47140,0.0135,0.0000,300.39,300.39,UP
47150,0.0167,0.0000,300.39,300.39,UP
47160,0.0889,0.0000,300.39,300.39,UP
47170,0.0868,0.0000,300.39,300.39,UP
47180,0.0086,0.0000,300.39,300.39,UP
47190,0.0455,0.0000,300.39,300.39,UP
47200,0.0887,0.0000,300.39,300.39,UP
47210,0.0875,0.0000,300.39,300.39,UP
47220,0.0510,0.0000,300.39,300.39,UP
47230,0.0228,0.0000,300.39,300.39,UP
47240,0.0561,0.0000,300.39,300.39,UP
47250,0.1033,0.0000,300.39,300.39,UP
47260,0.0503,0.0000,300.39,300.39,UP
47269,-0.0041,0.0000,300.39,300.39,UP
47280,0.0515,0.0000,300.39,300.39,UP
47290,0.0897,0.0000,300.39,300.39,UP
47300,0.0479,0.0000,300.39,300.39,UP
47310,0.0056,0.0000,300.39,300.39,UP
47320,0.0096,0.0000,300.39,300.39,UP
47330,0.1045,0.0000,302.89,300.99,UP
47340,0.0810,0.0000,302.89,301.44,UP
47350,0.0112,0.0000,302.89,301.79,UP
47360,0.0274,0.0000,302.89,302.06,UP
47370,0.0990,0.0000,302.89,302.26,UP
47380,0.1028,0.0000,305.08,302.93,UP
47390,0.0332,0.0000,305.08,303.45,UP
47400,0.0197,0.0000,305.08,303.84,UP
47410,0.0635,0.0000,305.08,304.13,UP
47420,0.1273,0.0000,306.24,304.64,UP
47430,0.0758,0.0000,306.24,305.02,UP
47440,-0.0072,0.0000,306.24,305.31,UP
47449,0.0803,0.0000,306.24,305.54,UP
47460,0.1182,0.0000,307.73,306.06,UP
47470,0.0772,0.0000,307.73,306.46,UP
47480,-0.0034,0.0000,307.73,306.77,UP
47490,0.0316,0.0000,307.73,307.00,UP
47500,0.0978,0.0000,307.73,307.17,UP
47510,0.1003,0.0000,309.77,307.79,UP
47520,0.0111,0.0000,309.77,308.26,UP
47529,0.0066,0.0000,309.77,308.62,UP
47540,0.1106,0.0000,309.77,308.90,UP
47550,0.0980,0.0000,309.77,309.10,UP
47560,0.0378,0.0000,309.77,309.26,UP
47570,0.0226,0.0000,309.77,309.38,UP
47580,0.0747,0.0000,309.77,309.47,UP
47589,0.1465,0.0000,312.10,310.10,UP
47599,0.0664,0.0000,312.10,310.58,UP
47610,0.0111,0.0000,312.10,310.94,UP
47620,0.0796,0.0000,312.10,311.22,UP
47630,0.1161,0.0000,313.67,311.80,UP
47640,0.0985,0.0000,313.67,312.25,UP
47650,0.0019,0.0000,313.67,312.59,UP
47660,0.0335,0.0000,313.67,312.85,UP
47670,0.0842,0.0000,313.67,313.04,UP
47680,0.1019,0.0000,315.85,313.71,UP
47689,0.0089,0.0000,315.85,314.22,UP
47700,-0.0080,0.0000,315.85,314.61,UP
47710,0.0885,0.0000,315.85,314.91,UP
47720,0.0948,0.0000,315.85,315.13,UP
47730,0.0098,0.0000,315.85,315.30,UP
47739,0.0074,0.0000,315.85,315.43,UP
47750,0.0566,0.0000,315.85,315.53,UP
47760,0.1364,0.0000,318.43,316.23,UP
47769,0.0645,0.0000,318.43,316.75,UP
47780,-0.0040,0.0000,318.43,317.15,UP
47790,0.0415,0.0000,318.43,317.46,UP
47800,0.1250,0.0000,319.45,317.93,UP
47809,0.0981,0.0000,319.45,318.30,UP
47820,0.0246,0.0000,319.45,318.57,UP
47830,0.0271,0.0000,319.45,318.78,UP
47840,0.0951,0.0000,319.45,318.94,UP
47850,0.1149,0.0000,321.90,319.65,UP
47859,0.0390,0.0000,321.90,320.19,UP
47870,0.0144,0.0000,321.90,320.60,UP
47880,0.0750,0.0000,321.90,320.91,UP
47890,0.1111,0.0000,323.18,321.45,UP
47900,0.0561,0.0000,323.18,321.87,UP
47910,0.0071,0.0000,323.18,322.18,UP
47920,0.0533,0.0000,323.18,322.42,UP
47930,0.1193,0.0000,324.35,322.88,UP
47940,0.0609,0.0000,324.35,323.23,UP
47950,-0.0117,0.0000,324.35,323.50,UP
47960,0.0324,0.0000,324.35,323.70,UP
47970,0.1058,0.0000,325.16,324.05,UP
47980,0.0845,0.0000,325.16,324.32,UP
47990,0.0054,0.0000,325.16,324.52,UP
48000,0.0220,0.0000,325.16,324.67,UP
48010,0.0833,0.0000,325.16,324.79,UP
48020,0.0829,0.0000,325.16,324.88,UP
48029,0.0216,0.0000,325.16,324.95,UP
48040,-0.0214,0.0000,325.16,325.00,UP
48050,0.0747,0.0000,325.16,325.04,UP
48060,0.1229,0.0000,328.69,325.91,UP
48070,0.0166,0.0000,328.69,326.58,UP
48080,-0.0274,0.0000,328.69,327.08,UP
48090,0.0353,0.0000,328.69,327.47,UP
48099,0.0916,0.0000,328.69,327.76,UP
48110,0.0640,0.0000,328.69,327.98,UP
48120,-0.0094,0.0000,328.69,328.15,UP
48130,0.0266,0.0000,328.69,328.28,UP
48140,0.0869,0.0000,328.69,328.38,UP
48150,0.0740,0.0000,328.69,328.45,UP
48160,-0.0067,0.0000,328.69,328.51,UP
48170,0.0218,0.0000,328.69,328.55,UP
48180,0.0816,0.0000,328.69,328.59,UP
48190,0.1055,0.0000,328.69,328.61,UP
48200,-0.0226,0.0000,328.69,328.63,UP
48210,-0.0502,0.0000,328.69,328.65,UP
48220,0.0533,0.0000,328.69,328.66,UP
48230,0.0961,0.0000,328.69,328.66,UP
48240,0.0350,0.0000,328.69,328.67,UP
48250,-0.0089,0.0000,328.69,328.68,UP
48260,0.0551,0.0000,328.69,328.68,UP
48269,0.0944,0.0000,328.69,328.68,UP
48280,0.0452,0.0000,328.69,328.68,UP
48290,0.0015,0.0000,328.69,328.69,UP
48300,0.0420,0.0000,328.69,328.69,UP
48310,0.1305,0.0000,328.69,328.69,UP
48320,0.0947,0.0000,328.69,328.69,UP
48330,0.0032,0.0000,328.69,328.69,UP
48340,0.0093,0.0000,328.69,328.69,UP
48350,0.0915,0.0000,328.69,328.69,UP
48360,0.1069,0.0000,330.68,329.17,UP
48370,0.0254,0.0000,330.68,329.53,UP
48379,-0.0066,0.0000,330.68,329.80,UP
48390,0.0504,0.0000,330.68,330.01,UP
48400,0.0981,0.0000,330.68,330.17,UP
48410,0.0356,0.0000,330.68,330.29,UP
48420,-0.0337,0.0000,330.68,330.38,UP
48430,0.0130,0.0000,330.68,330.45,UP
48440,0.0874,0.0000,330.68,330.51,UP
48449,0.0468,0.0000,330.68,330.55,UP
48459,0.0069,0.0000,330.68,330.58,UP
48470,0.0186,0.0000,330.68,330.60,UP
48480,0.0962,0.0000,330.68,330.62,UP
48490,0.0668,0.0000,330.68,330.63,UP
48500,-0.0100,0.0000,330.68,330.65,UP
48510,0.0002,0.0000,330.68,330.65,UP
48520,0.0790,0.0000,330.68,330.66,UP
48530,0.0720,0.0000,330.68,330.66,UP
48540,0.0210,0.0000,330.68,330.67,UP
48550,-0.0086,0.0000,330.68,330.67,UP
48560,0.0388,0.0000,330.68,330.67,UP
48570,0.0961,0.0000,330.68,330.67,UP
48580,0.0563,0.0000,330.68,330.67,UP
48589,-0.0233,0.0000,330.68,330.68,UP
48599,0.0222,0.0000,330.68,330.68,UP
48610,0.0875,0.0000,330.68,330.68,UP
48620,0.0486,0.0000,330.68,330.68,UP
48630,-0.0045,0.0000,330.68,330.68,UP
48640,-0.0054,0.0000,330.68,330.68,UP
48650,0.0634,0.0000,330.68,330.68,UP
48660,0.0482,0.0000,330.68,330.68,UP
48670,-0.0391,0.0000,330.68,330.68,UP
48680,0.0148,0.0000,330.68,330.68,UP
48690,0.0481,0.0000,330.68,330.68,UP
48700,0.0943,0.0000,330.68,330.68,UP
48710,0.0277,0.0000,330.68,330.68,UP
48720,-0.0058,0.0000,330.68,330.68,UP
48730,0.0307,0.0000,330.68,330.68,UP
48740,0.0843,0.0000,330.68,330.68,UP
48750,0.0525,0.0000,330.68,330.68,UP
48760,-0.0328,0.0000,330.68,330.68,UP
48769,0.0306,0.0000,330.68,330.68,UP
48780,0.0730,0.0000,330.68,330.68,UP
48790,0.0459,0.0000,330.68,330.68,UP
48800,-0.0034,0.0000,330.68,330.68,UP
48810,0.0067,0.0000,330.68,330.68,UP
48820,0.0802,0.0000,330.68,330.68,UP
48830,0.0891,0.0000,330.68,330.68,UP
48840,0.0156,0.0000,330.68,330.68,UP
48850,-0.0189,0.0000,330.68,330.68,UP
48860,0.0565,0.0000,330.68,330.68,UP
48870,0.0608,0.0000,330.68,330.68,UP
48880,-0.0031,0.0000,330.68,330.68,UP
48890,-0.0208,0.0000,330.68,330.68,UP
48900,0.0163,0.0000,330.68,330.68,UP
48910,0.0988,0.0000,330.68,330.68,UP
48920,0.0130,0.0000,330.68,330.68,UP
48930,-0.0335,0.0000,330.68,330.68,UP
48940,0.0155,0.0000,330.68,330.68,UP
48949,0.0463,0.0000,330.68,330.68,UP
48960,0.0371,0.0000,330.68,330.68,UP
48970,-0.0376,0.0000,330.68,330.68,UP
48980,-0.0347,0.0000,330.68,330.68,UP
48990,0.0479,0.0000,330.68,330.68,UP
49000,0.0482,0.0000,330.68,330.68,UP
49010,0.0130,0.0000,330.68,330.68,UP
49020,0.0218,0.0000,330.68,330.68,UP
49029,0.0515,0.0000,330.68,330.68,UP
49040,0.0800,0.0000,330.68,330.68,UP
49050,0.0319,0.0000,330.68,330.68,UP
49060,-0.0127,0.0000,330.68,330.68,UP
49070,0.0324,0.0000,330.68,330.68,UP
49080,0.0823,0.0000,330.68,330.68,UP
49089,0.0066,0.0000,330.68,330.68,UP
49099,-0.0204,0.0000,330.68,330.68,UP
49110,0.0119,0.0000,330.68,330.68,UP
49120,0.0645,0.0000,330.68,330.68,UP
49130,0.0364,0.0000,330.68,330.68,UP
49140,-0.0393,0.0000,330.68,330.68,UP
49150,-0.0022,0.0000,330.68,330.68,UP
49160,0.0417,0.0000,330.68,330.68,UP
49170,0.0394,0.0000,330.68,330.68,UP
49180,-0.0078,0.0000,330.68,330.68,UP
49190,-0.0059,0.0000,330.68,330.68,UP
49200,0.0574,0.0000,330.68,330.68,UP
49210,0.0678,0.0000,330.68,330.68,UP
49220,0.0112,0.0000,330.68,330.68,UP
49230,-0.0364,0.0000,330.68,330.68,UP
49240,0.0383,0.0000,330.68,330.68,UP
49250,0.0837,0.0000,330.68,330.68,UP
49260,0.0055,0.0000,330.68,330.68,UP
49269,-0.0245,0.0000,330.68,330.68,UP
49280,0.0297,0.0000,330.68,330.68,UP
49290,0.0800,0.0000,330.68,330.68,UP
49300,0.0465,0.0000,330.68,330.68,UP
49310,-0.0305,0.0000,330.68,330.68,UP
49320,-0.0255,0.0000,330.68,330.68,UP
49330,0.0524,0.0000,330.68,330.68,UP
49340,0.0606,0.0000,330.68,330.68,UP
49350,-0.0200,0.0000,330.68,330.68,UP
49360,-0.0348,0.0000,330.68,330.68,UP
49370,0.0683,0.0000,330.68,330.68,UP
49380,0.0694,0.0000,330.68,330.68,UP
49390,0.0156,0.0000,330.68,330.68,UP
49400,-0.0347,0.0000,330.68,330.68,UP
49410,0.0565,0.0000,330.68,330.68,UP
49420,0.0553,0.0000,330.68,330.68,UP
49430,0.0083,0.0000,330.68,330.68,UP
49439,-0.0158,0.0000,330.68,330.68,UP
49450,0.0289,0.0000,330.68,330.68,UP
49460,0.0604,0.0000,330.68,330.68,UP
49470,0.0277,0.0000,330.68,330.68,UP
49480,-0.0200,0.0000,330.68,330.68,UP
49490,-0.0105,0.0000,330.68,330.68,UP
49500,0.0769,0.0000,330.68,330.68,UP
49510,0.0132,0.0000,330.68,330.68,UP
49520,-0.0420,0.0000,330.68,330.68,UP
49529,-0.0093,0.0000,330.68,330.68,UP
49540,0.0251,0.0000,330.68,330.68,UP
49550,0.0615,0.0000,330.68,330.68,UP
49560,-0.0040,0.0000,330.68,330.68,UP
49570,-0.0306,0.0000,330.68,330.68,UP
49580,0.0281,0.0000,330.68,330.68,UP
49590,0.0428,0.0000,330.68,330.68,UP
49599,-0.0332,0.0000,330.68,330.68,UP
49610,-0.0397,0.0000,330.68,330.68,UP
49620,0.0080,0.0000,330.68,330.68,UP
49630,0.0357,0.0000,330.68,330.68,UP
49640,0.0526,0.0000,330.68,330.68,UP
49650,-0.0466,0.0000,330.68,330.68,UP
49660,-0.0330,0.0000,330.68,330.68,UP
49670,0.0653,0.0000,330.68,330.68,UP
49680,0.0328,0.0000,330.68,330.68,UP
49690,-0.0212,0.0000,330.68,330.68,UP
49700,-0.0395,0.0000,330.68,330.68,UP
49710,0.0313,0.0000,330.68,330.68,UP
49720,0.0635,0.0000,330.68,330.68,UP
49730,0.0099,0.0000,330.68,330.68,UP
49740,-0.0668,0.0000,330.68,330.68,UP
49750,0.0159,0.0000,330.68,330.68,UP
49760,0.0645,0.0000,330.68,330.68,UP
49769,-0.0045,0.0000,330.68,330.68,UP
49780,-0.0346,0.0000,330.68,330.68,UP
49790,-0.0094,0.0000,330.68,330.68,UP
49800,0.0528,0.0000,330.68,330.68,UP
49810,0.0524,0.0000,330.68,330.68,UP
49820,-0.0627,0.0000,330.68,330.68,UP
49830,-0.0112,0.0000,330.68,330.68,UP
49840,0.0294,0.0000,330.68,330.68,UP
49850,0.0087,0.0000,330.68,330.68,UP
49860,-0.0435,0.0000,330.68,330.68,UP
49870,-0.0921,0.0000,330.68,330.68,UP
49880,0.0279,0.0000,330.68,330.68,UP
49890,0.0592,0.0000,330.68,330.68,UP
49900,-0.0338,0.0000,330.68,330.68,UP
49910,-0.0823,0.0000,330.68,330.68,UP
49920,0.0062,0.0000,330.68,330.68,UP
49930,0.0491,0.0000,330.68,330.68,UP
49940,-0.0083,0.0000,330.68,330.68,UP
49950,-0.0747,0.0000,330.68,330.68,UP
49960,-0.0259,0.0000,330.68,330.68,UP
49970,0.0492,0.0000,330.68,330.68,UP
49980,-0.0086,0.0000,330.68,330.68,UP
49990,-0.0511,0.0000,330.68,330.68,UP
50000,-0.0230,0.0000,330.68,330.68,UP
50010,0.0082,0.0000,330.68,330.68,UP
50020,0.0384,0.0000,330.68,330.68,UP
50030,-0.0518,0.0000,330.68,330.68,UP
50040,-0.0803,0.0000,330.68,330.68,UP
50050,0.0391,0.0000,330.68,330.68,UP
50060,0.0366,0.0000,330.68,330.68,UP
50070,-0.0196,0.0000,330.68,330.68,UP
50080,-0.0782,0.0000,330.68,330.68,UP
50090,-0.0067,0.0000,330.68,330.68,UP
50099,0.0621,0.0000,330.68,330.68,UP
50110,0.0158,0.0000,330.68,330.68,UP
50120,-0.0454,0.0000,330.68,330.68,UP
50130,-0.0059,0.0000,330.68,330.68,UP
50140,0.0623,0.0000,330.68,330.68,UP
50150,0.0443,0.0000,330.68,330.68,UP
50160,-0.0113,0.0000,330.68,330.68,UP
50170,-0.0328,0.0000,330.68,330.68,UP
50180,0.0310,0.0000,330.68,330.68,UP
50190,0.0310,0.0000,330.68,330.68,UP
50200,0.0007,0.0000,330.68,330.68,UP
50210,-0.0615,0.0000,330.68,330.68,UP
50220,0.0144,0.0000,330.68,330.68,UP
50230,0.0827,0.0000,330.68,330.68,UP
50240,-0.0361,0.0000,330.68,330.68,UP
50250,-0.0666,0.0000,330.68,330.68,UP
50260,-0.0328,0.0000,330.68,330.68,UP
50269,0.0348,0.0000,330.68,330.68,UP
50280,-0.0026,0.0000,330.68,330.68,UP
50290,-0.1050,0.0000,330.68,330.68,UP
50300,-0.0455,0.0000,330.68,330.68,UP
50310,0.0569,0.0000,330.68,330.68,UP
50320,0.0230,0.0000,330.68,330.68,UP
50330,-0.0231,0.0000,330.68,330.68,UP
50340,-0.0113,0.0000,330.68,330.68,UP
50350,0.0382,0.0000,330.68,330.68,UP
50360,0.0436,0.0000,330.68,330.68,UP
50370,-0.0006,0.0000,330.68,330.68,UP
50380,-0.0711,0.0000,330.68,330.68,UP
50390,0.0419,0.0000,330.68,330.68,UP
50400,0.0408,0.0000,330.68,330.68,UP
50410,-0.0552,0.0000,330.68,330.68,UP
50420,-0.0596,0.0000,330.68,330.68,UP
50430,-0.0533,0.0000,330.68,330.68,UP
50440,0.0360,0.0000,330.68,330.68,UP
50450,-0.0154,0.0000,330.68,330.68,UP
50459,-0.0755,0.0000,330.68,330.68,UP
50470,-0.0318,0.0000,330.68,330.68,UP
50480,0.0568,0.0000,330.68,330.68,UP
50490,0.0198,0.0000,330.68,330.68,UP
50500,-0.0140,0.0000,330.68,330.68,UP
50510,-0.0141,0.0000,330.68,330.68,UP
50520,0.0076,0.0000,330.68,330.68,UP
50530,0.0313,0.0000,330.68,330.68,UP
50540,-0.0380,0.0000,330.68,330.68,UP
50550,-0.0823,0.0000,330.68,330.68,UP
50560,0.0017,0.0000,330.68,330.68,UP
50570,0.0131,0.0000,330.68,330.68,UP
50580,-0.0116,0.0000,330.68,330.68,UP
50590,-0.0687,0.0000,330.68,330.68,UP
50599,-0.0322,0.0000,330.68,330.68,UP
50610,0.0298,0.0000,330.68,330.68,UP
50620,-0.0164,0.0000,330.68,330.68,UP
50630,-0.0481,0.0000,330.68,330.68,UP
50640,-0.0364,0.0000,330.68,330.68,UP
50650,0.0176,0.0000,330.68,330.68,UP
50660,0.0355,0.0000,330.68,330.68,UP
50670,-0.0228,0.0000,330.68,330.68,UP
50680,0.0069,0.0000,330.68,330.68,UP
50690,0.0206,0.0000,330.68,330.68,UP
50700,0.0234,0.0000,330.68,330.68,UP
50710,0.0043,0.0000,330.68,330.68,UP
50720,-0.0324,0.0000,330.68,330.68,UP
50730,-0.0067,0.0000,330.68,330.68,UP
50739,0.0487,0.0000,330.68,330.68,UP
50750,-0.0194,0.0000,330.68,330.68,UP
50760,-0.0589,0.0000,330.68,330.68,UP
50769,-0.0160,0.0000,330.68,330.68,UP
50780,-0.0008,0.0000,330.68,330.68,UP
50790,0.0011,0.0000,330.68,330.68,UP
50800,-0.0529,0.0000,330.68,330.68,UP
50809,-0.0250,0.0000,330.68,330.68,UP
50820,0.0123,0.0000,330.68,330.68,UP
50830,-0.0198,0.0000,330.68,330.68,UP
50840,-0.0343,0.0000,330.68,330.68,UP
50850,-0.0477,0.0000,330.68,330.68,UP
50860,0.0240,0.0000,330.68,330.68,UP
50870,-0.0262,0.0000,330.68,330.68,UP
50880,-0.0498,0.0000,330.68,330.68,UP
50890,-0.0288,0.0000,330.68,330.68,UP
50900,-0.0132,0.0000,330.68,330.68,UP
50910,0.0206,0.0000,330.68,330.68,UP
50920,-0.0670,0.0000,330.68,330.68,UP
50930,-0.0472,0.0000,330.68,330.68,UP
50940,-0.0126,0.0000,330.68,330.68,UP
50950,-0.0056,0.0000,330.68,330.68,UP
50959,-0.0086,0.0000,330.68,330.68,UP
50970,-0.0411,0.0000,330.68,330.68,UP
50980,0.0222,0.0000,330.68,330.68,UP
50990,0.0054,0.0000,330.68,330.68,UP
51000,0.0188,0.0000,330.68,330.68,UP
51010,-0.0346,0.0000,330.68,330.68,UP
51019,-0.0323,0.0000,330.68,330.68,UP
51029,0.0264,0.0000,330.68,330.68,UP
51040,-0.0116,0.0000,330.68,330.68,UP
51050,-0.0731,0.0000,330.68,330.68,UP
51060,-0.0787,0.0000,330.68,330.68,UP
51070,-0.0378,0.0000,330.68,330.68,UP
51080,0.0278,0.0000,330.68,330.68,UP
51090,-0.0226,0.0000,330.68,330.68,UP
51100,-0.0662,0.0000,330.68,330.68,UP
51110,-0.0284,0.0000,330.68,330.68,UP
51120,0.0550,0.0000,330.68,330.68,UP
51130,-0.0292,0.0000,330.68,330.68,UP
51140,-0.0690,0.0000,330.68,330.68,UP
51150,0.0109,0.0000,330.68,330.68,UP
51160,0.0529,0.0000,330.68,330.68,UP
51170,0.0413,0.0000,330.68,330.68,UP
51180,-0.0656,0.0000,330.68,330.68,UP
51190,-0.0531,0.0000,330.68,330.68,UP
51200,0.0553,0.0000,330.68,330.68,UP
51210,0.0125,0.0000,330.68,330.68,UP
51220,-0.0594,0.0000,330.68,330.68,UP
51230,-0.0784,0.0000,330.68,330.68,UP
51239,-0.0283,0.0000,330.68,330.68,UP
51250,-0.0007,0.0000,330.68,330.68,UP
51260,-0.0232,0.0000,330.68,330.68,UP
51269,-0.0928,0.0000,330.68,330.68,UP
51280,-0.0044,0.0000,330.68,330.68,UP
51290,0.0478,0.0000,330.68,330.68,UP
51300,0.0058,0.0000,330.68,330.68,UP
51310,-0.0430,0.0000,330.68,330.68,UP
51320,-0.0249,0.0000,330.68,330.68,UP
51330,0.0399,0.0000,330.68,330.68,UP
51340,-0.0046,0.0000,330.68,330.68,UP
51350,-0.0396,0.0000,330.68,330.68,UP
51360,-0.0639,0.0000,330.68,330.68,UP
51370,0.0201,0.0000,330.68,330.68,UP
51379,0.0355,0.0000,330.68,330.68,UP
51389,-0.0519,0.0000,330.68,330.68,UP
51400,-0.0481,0.0000,330.68,330.68,UP
51410,0.0089,0.0000,330.68,330.68,UP
51420,0.0182,0.0000,330.68,330.68,UP
51430,-0.0230,0.0000,330.68,330.68,UP
51440,-0.0738,0.0000,330.68,330.68,UP
51449,-0.0419,0.0000,330.68,330.68,UP
51459,0.0432,0.0000,330.68,330.68,UP
51470,-0.0321,0.0000,330.68,330.68,UP
51480,-0.0743,0.0000,330.68,330.68,UP
51490,-0.0602,0.0000,330.68,330.68,UP
51500,0.0257,0.0000,330.68,330.68,UP
51510,0.0089,0.0000,330.68,330.68,UP
51520,-0.0718,0.0000,330.68,330.68,UP
51529,-0.0698,0.0000,330.68,330.68,UP
51540,-0.0051,0.0000,330.68,330.68,UP
51550,0.0291,0.0000,330.68,330.68,UP
51560,-0.0232,0.0000,330.68,330.68,UP
51570,-0.0741,0.0000,330.68,330.68,UP
51580,-0.0022,0.0000,330.68,330.68,UP
51590,0.0359,0.0000,330.68,330.68,UP
51599,0.0008,0.0000,330.68,330.68,UP
51610,-0.0587,0.0000,330.68,330.68,UP
51620,-0.0101,0.0000,330.68,330.68,UP
51630,0.0526,0.0000,330.68,330.68,UP
51640,0.0109,0.0000,330.68,330.68,UP
51650,-0.0711,0.0000,330.68,330.68,UP
51660,-0.0450,0.0000,330.68,330.68,UP
51670,0.0277,0.0000,330.68,330.68,UP
51680,-0.0180,0.0000,330.68,330.68,UP
51690,-0.0679,0.0000,330.68,330.68,UP
51700,-0.0920,0.0000,330.68,330.68,UP
51710,0.0042,0.0000,330.68,330.68,UP
51720,0.0090,0.0000,330.68,330.68,UP
51730,-0.0269,0.0000,330.68,330.68,UP
51740,-0.0923,0.0000,330.68,330.68,UP
51750,-0.0185,0.0000,330.68,330.68,UP
51760,0.0508,0.0000,330.68,330.68,UP
51769,-0.0472,0.0000,330.68,330.68,UP
51780,-0.0776,0.0000,330.68,330.68,UP
51790,-0.0360,0.0000,330.68,330.68,UP
51800,0.0562,0.0000,330.68,330.68,UP
51809,0.0290,0.0000,330.68,330.68,UP
51820,-0.1053,0.0000,330.68,330.68,UP
51830,-0.0465,0.0000,330.68,330.68,UP
51840,-0.0101,0.0000,330.68,330.68,UP
51850,0.0260,0.0000,330.68,330.68,UP
51860,-0.0601,0.0000,330.68,330.68,UP
51870,-0.1081,0.0000,329.77,330.46,UP
51880,0.0073,0.0000,329.77,330.30,UP
51889,0.0267,0.0000,329.77,330.17,UP
51900,0.0028,0.0000,329.77,330.08,UP
51910,-0.0805,0.0000,329.77,330.00,UP
51920,-0.0044,0.0000,329.77,329.95,UP
51930,0.0527,0.0000,329.77,329.90,UP
51940,-0.0179,0.0000,329.77,329.87,UP
51950,-0.0813,0.0000,329.77,329.85,UP
51959,-0.0685,0.0000,329.77,329.83,UP
51970,0.0361,0.0000,329.77,329.82,UP
51980,-0.0390,0.0000,329.77,329.81,UP
51990,-0.0699,0.0000,329.77,329.80,UP
52000,-0.0783,0.0000,329.77,329.79,UP
52010,-0.0052,0.0000,329.77,329.79,UP
52020,0.0232,0.0000,329.77,329.78,UP
52030,-0.0595,0.0000,329.77,329.78,UP
52040,-0.0646,0.0000,329.77,329.78,UP
52050,-0.0595,0.0000,329.77,329.78,UP
52060,0.0054,0.0000,329.77,329.77,UP
52070,-0.0679,0.0000,329.77,329.77,UP
52080,-0.1005,0.0000,329.77,329.77,UP
52090,-0.0631,0.0000,329.77,329.77,UP
52099,-0.0210,0.0000,329.77,329.77,UP
52110,-0.0399,0.0000,329.77,329.77,UP
52120,-0.1732,0.0000,328.53,329.48,UP
52130,-0.1123,0.0000,328.53,329.25,UP
52140,-0.0772,0.0000,328.53,329.08,UP
52150,-0.0780,0.0000,328.53,328.95,UP
52160,-0.1800,0.0000,326.98,328.48,UP
52170,-0.1833,0.0000,326.98,328.12,UP
52180,-0.0907,0.0000,326.98,327.85,UP
52190,-0.0971,0.0000,326.98,327.64,UP
52200,-0.1173,0.0000,325.10,327.03,UP
52210,-0.1987,0.0000,325.10,326.57,UP
52220,-0.1154,0.0000,325.10,326.22,UP
52230,-0.1203,0.0000,319.59,324.63,UP
52239,-0.1351,-0.1351,318.23,323.10,UP
52250,-0.2224,-0.2224,316.01,321.41,UP
52260,-0.2096,-0.2096,313.91,319.62,UP
52270,-0.1486,-0.1486,312.43,317.90,UP
52280,-0.2001,-0.2001,310.43,316.11,UP
52290,-0.2260,-0.2260,308.17,314.21,UP
52300,-0.2691,-0.2691,305.48,312.12,UP
52310,-0.1998,-0.1998,303.48,310.06,UP
52320,-0.1960,-0.1960,301.52,308.02,UP
52330,-0.2192,-0.2192,299.33,305.94,UP
52340,-0.2488,-0.2488,296.84,303.76,UP
52350,-0.2477,-0.2477,294.36,301.52,UP
52360,-0.2128,-0.2128,292.23,299.30,UP
52370,-0.2551,-0.2551,289.68,297.00,UP
52379,-0.2764,-0.2764,286.92,294.59,UP
52389,-0.3046,-0.3046,283.87,292.03,UP
52400,-0.2766,-0.2766,281.11,289.42,UP
52410,-0.2973,-0.2973,278.13,286.72,UP
52420,-0.3290,-0.3290,274.84,283.88,UP
52430,-0.3493,-0.3493,271.35,280.88,UP
52440,-0.3280,-0.3280,268.07,277.82,UP
52449,-0.2869,-0.2869,265.20,274.81,UP
52459,-0.3287,-0.3287,261.92,271.72,UP
52470,-0.3623,-0.3623,258.29,268.51,UP
52480,-0.3514,-0.3514,254.78,265.23,UP
52490,-0.3215,-0.3215,251.56,261.96,UP
52500,-0.2952,-0.2952,248.61,258.77,UP
52510,-0.3762,-0.3762,244.85,255.44,UP
52520,-0.3990,-0.3990,240.86,251.96,UP
52529,-0.3688,-0.3688,237.17,248.42,UP
52540,-0.3771,-0.3771,233.40,244.83,UP
52550,-0.3574,-0.3574,229.83,241.24,UP
52560,-0.4349,-0.4349,225.48,237.47,UP
52570,-0.4428,-0.4428,221.05,233.55,UP
52580,-0.4088,-0.4088,216.96,229.58,UP
52590,-0.3809,-0.3809,213.15,225.66,UP
52600,-0.3875,-0.3875,209.28,221.74,UP
52610,-0.4217,-0.4217,205.06,217.75,UP
52620,-0.4346,-0.4346,200.71,213.68,UP
52630,-0.4403,-0.4403,196.31,209.53,UP
52640,-0.4357,-0.4357,191.95,205.33,UP
52650,-0.4560,-0.4560,187.39,201.04,UP
52660,-0.4912,-0.4912,182.48,196.60,UP
52670,-0.4944,-0.4944,177.54,192.05,UP
52680,-0.4935,-0.4935,172.60,187.40,UP
52690,-0.4845,-0.4845,167.76,182.70,UP
52700,-0.5027,-0.5027,162.73,177.93,UP
52710,-0.5253,-0.5253,157.48,173.04,UP
52720,-0.5140,-0.5140,152.34,168.09,UP
52730,-0.4952,-0.4952,147.39,163.14,UP
52739,-0.4995,-0.4995,142.39,158.18,UP
52750,-0.4975,-0.4975,137.42,153.22,UP
52760,-0.5155,-0.5155,132.26,148.21,UP
52770,-0.5335,-0.5335,126.93,143.12,UP
52780,-0.5495,-0.5495,121.43,137.93,UP
52790,-0.5276,-0.5276,116.15,132.73,UP
52800,-0.5458,-0.5458,110.70,127.46,UP
52809,-0.5825,-0.5825,104.87,122.06,UP
52820,-0.5806,-0.5806,99.06,116.56,UP
52830,-0.5794,-0.5794,93.27,111.00,UP
52840,-0.5795,-0.5795,87.47,105.37,UP
52850,-0.5616,-0.5616,81.86,99.75,UP
52860,-0.6067,-0.6067,75.79,94.02,UP
52870,-0.6183,-0.6183,69.61,88.19,UP
52880,-0.6145,-0.6145,63.46,82.28,UP
52889,-0.5911,-0.5911,57.55,76.37,UP
52900,-0.6097,-0.6097,51.46,70.41,UP
52910,-0.6022,-0.6022,45.43,64.44,UP
52920,-0.6282,-0.6282,39.15,58.40,UP
52930,-0.6449,-0.6449,32.70,52.25,UP
52940,-0.6090,-0.6090,26.61,46.12,UP
52949,-0.6578,-0.6578,20.04,39.89,UP
52959,-0.6468,-0.6468,13.57,33.60,UP
52970,-0.6571,-0.6571,6.99,27.24,UP
52980,-0.6551,-0.6551,0.44,20.83,UP
52990,-0.6760,-0.6760,-6.32,14.34,UP
53000,-0.6844,-0.6844,-13.16,7.77,UP
53010,-0.6918,-0.6918,-20.08,1.11,UP
53020,-0.6910,-0.6910,-26.99,-5.61,UP
53029,-0.6670,-0.6670,-33.66,-12.31,UP
53040,-0.6994,-0.6994,-40.65,-19.09,UP
53050,-0.7223,-0.7223,-47.88,-25.97,UP
53060,-0.7358,-0.7358,-55.23,-32.96,UP
53070,-0.7405,-0.7405,-62.64,-40.06,UP
53080,-0.7316,-0.7316,-69.95,-47.21,UP
53090,-0.7082,-0.7082,-77.04,-54.34,UP
53099,-0.7148,-0.7148,-84.18,-61.47,UP
53110,-0.7280,-0.7280,-91.47,-68.64,UP
53120,-0.7669,-0.7669,-99.13,-75.93,UP
53130,-0.7512,-0.7512,-106.65,-83.27,UP
53140,-0.7822,-0.7822,-114.47,-90.73,UP
53150,-0.7898,-0.7898,-122.37,-98.29,UP
53160,-0.7718,-0.7718,-130.08,-105.89,UP
53170,-0.7750,-0.7750,-137.83,-113.53,UP
53180,-0.7892,-0.7892,-145.73,-121.23,UP
53190,-0.8086,-0.8086,-153.81,-129.02,UP
53200,-0.7867,-0.7867,-161.68,-136.82,UP
53210,-0.8218,-0.8218,-169.90,-144.73,UP
53220,-0.8177,-0.8177,0.00,0.00,STATIONARY
53230,-0.8047,0.0000,0.00,0.00,STATIONARY
53240,-0.7821,0.0000,0.00,0.00,STATIONARY
53250,-0.7639,0.0000,0.00,0.00,STATIONARY
53260,-0.7798,0.0000,-31.31,-7.48,STATIONARY
53270,-0.8040,-0.8040,-39.34,-15.10,STATIONARY
53280,-0.7911,-0.7911,-47.26,-22.79,STATIONARY
53289,-0.7899,-0.7899,-55.15,-30.52,STATIONARY
53300,-0.7826,-0.7826,-62.98,-38.28,STATIONARY
53310,-0.7629,-0.7629,-70.61,-46.01,STATIONARY
53320,-0.7899,-0.7899,-78.51,-53.78,STATIONARY
53330,-0.7937,-0.7937,-86.45,-61.59,STATIONARY
53340,-0.7844,-0.7844,-94.29,-69.41,STATIONARY
53350,-0.7537,-0.7537,-101.83,-77.16,STATIONARY
53360,-0.7634,-0.7634,-109.46,-84.88,STATIONARY
53370,-0.7234,-0.7234,-116.69,-92.48,STATIONARY
53379,-0.7331,-0.7331,-124.02,-100.02,STATIONARY
53389,-0.7473,-0.7473,-131.50,-107.55,STATIONARY
53400,-0.7289,-0.7289,-138.79,-115.02,STATIONARY
53410,-0.7359,-0.7359,-146.15,-122.46,STATIONARY
53420,-0.7261,-0.7261,-153.41,-129.86,STATIONARY
53430,-0.7078,-0.7078,-160.48,-137.18,STATIONARY
53440,-0.6534,-0.6534,-167.02,-144.31,STATIONARY
53449,-0.6669,-0.6669,-173.69,-151.33,STATIONARY
53460,-0.6543,-0.6543,-180.23,-158.24,STATIONARY
53470,-0.6659,-0.6659,-186.89,-165.09,DOWN
53480,-0.6352,-0.6352,-193.24,-171.82,DOWN
53490,-0.6448,-0.6448,-199.69,-178.48,DOWN
53500,-0.6761,-0.6761,-206.45,-185.17,DOWN
53510,-0.6195,-0.6195,-212.65,-191.74,DOWN
53520,-0.6064,-0.6064,-218.71,-198.19,DOWN
53529,-0.6011,-0.6011,-224.72,-204.53,DOWN
53540,-0.6261,-0.6261,-230.98,-210.85,DOWN
53550,-0.5914,-0.5914,-236.90,-217.08,DOWN
53560,-0.5759,-0.5759,-242.65,-223.19,DOWN
53570,-0.5982,-0.5982,-248.64,-229.28,DOWN
53580,-0.5906,-0.5906,-254.54,-235.32,DOWN
53590,-0.6094,-0.6094,-260.64,-241.37,DOWN
53599,-0.5473,-0.5473,-266.11,-247.28,DOWN
53610,-0.5481,-0.5481,-271.59,-253.09,DOWN
53620,-0.5263,-0.5263,-276.85,-258.77,DOWN
53630,-0.5197,-0.5197,-282.05,-264.34,DOWN
53640,-0.5240,-0.5240,-287.29,-269.82,DOWN
53650,-0.4750,-0.4750,-292.04,-275.14,DOWN
53660,-0.4874,-0.4874,-296.91,-280.34,DOWN
53670,-0.4553,-0.4553,-301.47,-285.39,DOWN
53680,-0.4722,-0.4722,-306.19,-290.36,DOWN
53690,-0.4362,-0.4362,-310.55,-295.19,DOWN
53700,-0.4525,-0.4525,-315.08,-299.94,DOWN
53710,-0.4537,-0.4537,-319.61,-304.65,DOWN
53720,-0.4569,-0.4569,-324.18,-309.32,DOWN
53730,-0.4520,-0.4520,-328.71,-313.96,DOWN
53739,-0.4251,-0.4251,-332.95,-318.49,DOWN
53750,-0.4373,-0.4373,-337.33,-323.00,DOWN
53760,-0.4213,-0.4213,-341.54,-327.43,DOWN
53770,-0.4119,-0.4119,-345.66,-331.79,DOWN
53780,-0.4027,-0.4027,-349.69,-336.07,DOWN
53790,-0.3917,-0.3917,-353.60,-340.26,DOWN
53800,-0.3655,-0.3655,-357.26,-344.32,DOWN
53809,-0.3600,-0.3600,-360.86,-348.28,DOWN
53820,-0.3491,-0.3491,-364.35,-352.12,DOWN
53830,-0.3512,-0.3512,-367.86,-355.88,DOWN
53840,-0.3422,-0.3422,-371.28,-359.56,DOWN
53850,-0.3412,-0.3412,-374.70,-363.18,DOWN
53860,-0.3082,-0.3082,-377.78,-366.67,DOWN
53870,-0.2931,-0.2931,-380.71,-370.03,DOWN
53880,-0.3061,-0.3061,-383.77,-373.31,DOWN
53889,-0.3093,-0.3093,-386.86,-376.55,DOWN
53900,-0.3056,-0.3056,-389.92,-379.75,DOWN
53910,-0.2978,-0.2978,-392.90,-382.89,DOWN
53920,-0.2894,-0.2894,-395.79,-385.98,DOWN
53930,-0.2759,-0.2759,-398.55,-388.98,DOWN
53940,-0.2688,-0.2688,-401.24,-391.91,DOWN
53949,-0.2649,-0.2649,-403.89,-394.77,DOWN
53959,-0.2362,-0.2362,-406.25,-397.52,DOWN
53970,-0.2283,-0.2283,-408.53,-400.15,DOWN
53980,-0.2118,-0.2118,-410.65,-402.66,DOWN
53990,-0.2191,-0.2191,-412.84,-405.09,DOWN
54000,-0.2202,-0.2202,-415.04,-407.47,DOWN
54010,-0.2272,-0.2272,-417.32,-409.83,DOWN
54020,-0.2201,-0.2201,-419.52,-412.14,DOWN
54029,-0.2046,-0.2046,-421.56,-414.39,DOWN
54040,-0.1724,-0.1724,-423.29,-416.52,DOWN
54050,-0.1836,-0.1836,-425.12,-418.58,DOWN
54060,-0.1739,-0.1739,-426.86,-420.56,DOWN
54070,-0.1613,-0.1613,-428.47,-422.45,DOWN
54080,-0.1570,-0.1570,-430.05,-424.27,DOWN
54090,-0.1603,-0.1603,-431.65,-426.03,DOWN
54100,-0.1341,-0.1341,-432.99,-427.69,DOWN
54110,-0.1255,-0.1255,-434.25,-429.26,DOWN
54120,-0.1133,-0.1133,-435.38,-430.72,DOWN
54130,-0.1094,-0.1094,-436.47,-432.10,DOWN
54140,-0.0993,0.0000,-436.47,-433.14,DOWN
54150,-0.1091,0.0000,-437.46,-434.18,DOWN
54160,-0.0902,0.0000,-437.46,-434.96,DOWN
54169,-0.0766,0.0000,-437.46,-435.56,DOWN
54180,-0.0620,0.0000,-437.46,-436.02,DOWN
54190,-0.0549,0.0000,-437.46,-436.36,DOWN
54200,-0.0403,0.0000,-437.46,-436.63,DOWN
54210,-0.0270,0.0000,-437.46,-436.83,DOWN
54220,-0.0381,0.0000,-437.46,-436.98,DOWN
54230,-0.0229,0.0000,-437.46,-437.09,DOWN
54240,-0.0024,0.0000,-437.46,-437.18,DOWN
54250,-0.0056,0.0000,-437.46,-437.25,DOWN
54260,0.0124,0.0000,-437.46,-437.30,DOWN
54270,0.0215,0.0000,-437.46,-437.34,DOWN
54280,0.0280,0.0000,-437.46,-437.37,DOWN
54290,0.0432,0.0000,-437.46,-437.39,DOWN
54300,0.0235,0.0000,-437.46,-437.41,DOWN
54310,0.0398,0.0000,-437.46,-437.42,DOWN
54319,0.0329,0.0000,-437.46,-437.43,DOWN
54330,0.0213,0.0000,-437.46,-437.44,DOWN
54340,0.0028,0.0000,-437.46,-437.45,DOWN
54350,0.0112,0.0000,-437.46,-437.45,DOWN
54360,0.0133,0.0000,-437.46,-437.45,DOWN
54370,0.0132,0.0000,-437.46,-437.46,DOWN
54380,0.0208,0.0000,-437.46,-437.46,DOWN
54390,0.0219,0.0000,-437.46,-437.46,DOWN
54400,0.0157,0.0000,-437.46,-437.46,DOWN
54410,0.0236,0.0000,-437.46,-437.46,DOWN
54420,0.0167,0.0000,-437.46,-437.46,DOWN
54430,0.0181,0.0000,-437.46,-437.46,DOWN
54440,0.0289,0.0000,-437.46,-437.46,DOWN
54449,0.0380,0.0000,-437.46,-437.46,DOWN
54459,0.0398,0.0000,-437.46,-437.46,DOWN
54470,0.0161,0.0000,-437.46,-437.46,DOWN
54480,0.0304,0.0000,-437.46,-437.46,DOWN
54489,0.0340,0.0000,-437.46,-437.46,DOWN
54500,0.0250,0.0000,-437.46,-437.46,DOWN
54510,0.0338,0.0000,-437.46,-437.46,DOWN
54520,0.0399,0.0000,-437.46,-437.46,DOWN
54529,0.0370,0.0000,-437.46,-437.46,DOWN
54540,0.0297,0.0000,-437.46,-437.46,DOWN
54550,0.0143,0.0000,-437.46,-437.46,DOWN
54560,0.0237,0.0000,-437.46,-437.46,DOWN
54570,0.0309,0.0000,-437.46,-437.46,DOWN
54580,0.0054,0.0000,-437.46,-437.46,DOWN
54590,0.0143,0.0000,-437.46,-437.46,DOWN
54599,0.0054,0.0000,-437.46,-437.46,DOWN
54610,0.0126,0.0000,-437.46,-437.46,DOWN
54620,0.0049,0.0000,-437.46,-437.46,DOWN
54630,-0.0016,0.0000,-437.46,-437.46,DOWN
54640,0.0042,0.0000,-437.46,-437.46,DOWN
54650,0.0111,0.0000,-437.46,-437.46,DOWN
54660,0.0209,0.0000,-437.46,-437.46,DOWN
54670,0.0318,0.0000,-437.46,-437.46,DOWN
54680,0.0198,0.0000,-437.46,-437.46,DOWN
54690,0.0130,0.0000,-437.46,-437.46,DOWN
54700,0.0197,0.0000,-437.46,-437.46,DOWN
54710,0.0174,0.0000,-437.46,-437.46,DOWN
54720,0.0271,0.0000,-437.46,-437.46,DOWN
54730,0.0295,0.0000,-437.46,-437.46,DOWN
54740,0.0158,0.0000,-437.46,-437.46,DOWN
54750,0.0143,0.0000,-437.46,-437.46,DOWN
54760,0.0116,0.0000,-437.46,-437.46,DOWN
54770,0.0142,0.0000,-437.46,-437.46,DOWN
54780,0.0092,0.0000,-437.46,-437.46,DOWN
54790,-0.0017,0.0000,-437.46,-437.46,DOWN
54800,0.0183,0.0000,-437.46,-437.46,DOWN
54809,0.0032,0.0000,-437.46,-437.46,DOWN
54819,0.0004,0.0000,-437.46,-437.46,DOWN
54830,-0.0019,0.0000,-437.46,-437.46,DOWN
54840,0.0120,0.0000,-437.46,-437.46,DOWN
54850,-0.0020,0.0000,-437.46,-437.46,DOWN
54860,-0.0098,0.0000,-437.46,-437.46,DOWN
54870,-0.0120,0.0000,-437.46,-437.46,DOWN
54880,-0.0249,0.0000,-437.46,-437.46,DOWN
54890,-0.0070,0.0000,-437.46,-437.46,DOWN
54900,0.0210,0.0000,-437.46,-437.46,DOWN
54910,0.0193,0.0000,-437.46,-437.46,DOWN
54920,0.0092,0.0000,-437.46,-437.46,DOWN
54929,0.0047,0.0000,-437.46,-437.46,DOWN
54940,-0.0021,0.0000,-437.46,-437.46,DOWN
54950,0.0083,0.0000,-437.46,-437.46,DOWN
54959,-0.0048,0.0000,-437.46,-437.46,DOWN
54970,0.0041,0.0000,-437.46,-437.46,DOWN
54980,-0.0060,0.0000,-437.46,-437.46,DOWN
54990,-0.0065,0.0000,-437.46,-437.46,DOWN
55000,0.0042,0.0000,-437.46,-437.46,DOWN
55010,0.0142,0.0000,-437.46,-437.46,DOWN
55020,-0.0045,0.0000,-437.46,-437.46,DOWN
55029,-0.0116,0.0000,-437.46,-437.46,DOWN
55040,-0.0151,0.0000,-437.46,-437.46,DOWN
55050,-0.0162,0.0000,-437.46,-437.46,DOWN
55060,-0.0072,0.0000,-437.46,-437.46,DOWN
55070,-0.0209,0.0000,-437.46,-437.46,DOWN
55080,0.0082,0.0000,-437.46,-437.46,DOWN
55090,-0.0008,0.0000,-437.46,-437.46,DOWN
55100,-0.0008,0.0000,-437.46,-437.46,DOWN
55110,0.0097,0.0000,-437.46,-437.46,DOWN
55120,0.0053,0.0000,-437.46,-437.46,DOWN
55130,0.0112,0.0000,-437.46,-437.46,DOWN
55140,0.0045,0.0000,-437.46,-437.46,DOWN
55150,-0.0027,0.0000,-437.46,-437.46,DOWN
55160,-0.0011,0.0000,-437.46,-437.46,DOWN
55170,-0.0052,0.0000,-437.46,-437.46,DOWN
55180,-0.0036,0.0000,-437.46,-437.46,DOWN
55190,0.0010,0.0000,-437.46,-437.46,DOWN
55200,-0.0191,0.0000,-437.46,-437.46,DOWN
55210,-0.0073,0.0000,-437.46,-437.46,DOWN
55220,-0.0171,0.0000,-437.46,-437.46,DOWN
55230,-0.0092,0.0000,-437.46,-437.46,DOWN
55240,-0.0114,0.0000,-437.46,-437.46,DOWN
55250,-0.0422,0.0000,-437.46,-437.46,DOWN
55260,-0.0195,0.0000,-437.46,-437.46,DOWN
55270,-0.0187,0.0000,-437.46,-437.46,DOWN
55280,-0.0269,0.0000,-437.46,-437.46,DOWN
55290,-0.0117,0.0000,-437.46,-437.46,DOWN
55300,0.0145,0.0000,-437.46,-437.46,DOWN
55310,-0.0037,0.0000,-437.46,-437.46,DOWN
55319,-0.0123,0.0000,-437.46,-437.46,DOWN
55330,0.0007,0.0000,-437.46,-437.46,DOWN
55340,0.0008,0.0000,-437.46,-437.46,DOWN
55350,0.0073,0.0000,-437.46,-437.46,DOWN
55360,-0.0000,0.0000,-437.46,-437.46,DOWN
55370,-0.0166,0.0000,-437.46,-437.46,DOWN
55380,-0.0033,0.0000,-437.46,-437.46,DOWN
55389,-0.0138,0.0000,-437.46,-437.46,DOWN
55400,-0.0191,0.0000,-437.46,-437.46,DOWN
55410,-0.0143,0.0000,-437.46,-437.46,DOWN
55420,-0.0209,0.0000,-437.46,-437.46,DOWN
55430,-0.0197,0.0000,-437.46,-437.46,DOWN
55440,-0.0101,0.0000,-437.46,-437.46,DOWN
55450,-0.0283,0.0000,-437.46,-437.46,DOWN
55459,-0.0381,0.0000,-437.46,-437.46,DOWN
55470,-0.0180,0.0000,-437.46,-437.46,DOWN
55480,-0.0298,0.0000,-437.46,-437.46,DOWN
55490,-0.0352,0.0000,-437.46,-437.46,DOWN
55500,0.0000,0.0000,-437.46,-437.46,DOWN
55510,-0.0230,0.0000,-437.46,-437.46,DOWN
55520,-0.0239,0.0000,-437.46,-437.46,DOWN
55529,-0.0102,0.0000,-437.46,-437.46,DOWN
55540,0.0022,0.0000,-437.46,-437.46,DOWN
55550,-0.0068,0.0000,-437.46,-437.46,DOWN
55560,-0.0110,0.0000,-437.46,-437.46,DOWN
55570,-0.0098,0.0000,-437.46,-437.46,DOWN
55580,-0.0188,0.0000,-437.46,-437.46,DOWN
55590,-0.0142,0.0000,-437.46,-437.46,DOWN
55599,0.0050,0.0000,-437.46,-437.46,DOWN
55610,-0.0064,0.0000,-437.46,-437.46,DOWN
55620,-0.0208,0.0000,-437.46,-437.46,DOWN
55630,-0.0224,0.0000,-437.46,-437.46,DOWN
55640,-0.0195,0.0000,-437.46,-437.46,DOWN
55650,-0.0151,0.0000,-437.46,-437.46,DOWN
55660,-0.0221,0.0000,-437.46,-437.46,DOWN
55670,-0.0114,0.0000,-437.46,-437.46,DOWN
55680,-0.0265,0.0000,-437.46,-437.46,DOWN
55690,-0.0143,0.0000,-437.46,-437.46,DOWN
55700,-0.0109,0.0000,-437.46,-437.46,DOWN
55710,-0.0230,0.0000,-437.46,-437.46,DOWN
55720,-0.0129,0.0000,-437.46,-437.46,DOWN
55730,-0.0137,0.0000,-437.46,-437.46,DOWN
55740,-0.0016,0.0000,-437.46,-437.46,DOWN
55750,-0.0211,0.0000,-437.46,-437.46,DOWN
55760,-0.0125,0.0000,-437.46,-437.46,DOWN
55770,-0.0179,0.0000,-437.46,-437.46,DOWN
55780,-0.0291,0.0000,-437.46,-437.46,DOWN
55790,-0.0316,0.0000,-437.46,-437.46,DOWN
55800,-0.0417,0.0000,-437.46,-437.46,DOWN
55810,-0.0412,0.0000,-437.46,-437.46,DOWN
55819,-0.0321,0.0000,-437.46,-437.46,DOWN
55830,-0.0407,0.0000,-437.46,-437.46,DOWN
55840,-0.0374,0.0000,-437.46,-437.46,DOWN
55850,-0.0430,0.0000,-437.46,-437.46,DOWN
55860,-0.0393,0.0000,-437.46,-437.46,DOWN
55870,-0.0486,0.0000,-437.46,-437.46,DOWN
55880,-0.0434,0.0000,-437.46,-437.46,DOWN
55889,-0.0242,0.0000,-437.46,-437.46,DOWN
55900,-0.0274,0.0000,-437.46,-437.46,DOWN
55910,-0.0360,0.0000,-437.46,-437.46,DOWN
55920,-0.0517,0.0000,-437.46,-437.46,DOWN
55930,-0.0552,0.0000,-437.46,-437.46,DOWN
55940,-0.0430,0.0000,-437.46,-437.46,DOWN
55950,-0.0503,0.0000,-437.46,-437.46,DOWN
55959,-0.0693,0.0000,-437.46,-437.46,DOWN
55970,-0.0542,0.0000,-437.46,-437.46,DOWN
55980,-0.0579,0.0000,-437.46,-437.46,DOWN
55990,-0.0754,0.0000,-437.46,-437.46,DOWN
56000,-0.0678,0.0000,-437.46,-437.46,DOWN
56010,-0.0647,0.0000,-437.46,-437.46,DOWN
56020,-0.0695,0.0000,-437.46,-437.46,DOWN
56029,-0.0512,0.0000,-437.46,-437.46,DOWN
56040,-0.0687,0.0000,-437.46,-437.46,DOWN
56050,-0.0818,0.0000,-437.46,-437.46,DOWN
56060,-0.0694,0.0000,-437.46,-437.46,DOWN
56070,-0.0665,0.0000,-437.46,-437.46,DOWN
56080,-0.0728,0.0000,-437.46,-437.46,DOWN
56090,-0.0648,0.0000,-437.46,-437.46,DOWN
56099,-0.0641,0.0000,-437.46,-437.46,DOWN
56110,-0.0786,0.0000,-437.46,-437.46,DOWN
56120,-0.0819,0.0000,-437.46,-437.46,DOWN
56130,-0.0853,0.0000,-437.46,-437.46,DOWN
56140,-0.0924,0.0000,-437.46,-437.46,DOWN
56150,-0.1059,0.0000,-437.46,-437.46,DOWN
56160,-0.0977,0.0000,-437.46,-437.46,DOWN
56170,-0.1002,0.0000,-438.44,-437.70,DOWN
56180,-0.1091,0.0000,-438.44,-437.88,DOWN
56190,-0.0929,0.0000,-438.44,-438.01,DOWN
56200,-0.0939,0.0000,-438.44,-438.11,DOWN
56210,-0.1012,0.0000,-440.31,-438.64,DOWN
56220,-0.1204,0.0000,-440.31,-439.04,DOWN
56230,-0.0965,0.0000,-440.31,-439.34,DOWN
56240,-0.0936,0.0000,-440.31,-439.57,DOWN
56250,-0.1114,0.0000,-442.21,-440.20,DOWN
56260,-0.1113,0.0000,-442.21,-440.68,DOWN
56270,-0.1046,0.0000,-442.21,-441.05,DOWN
56280,-0.1226,0.0000,-446.71,-442.40,DOWN
56290,-0.1198,-0.1198,-447.91,-443.72,DOWN
56300,-0.1141,-0.1141,-449.05,-444.99,DOWN
56310,-0.1280,-0.1280,-450.33,-446.27,DOWN
56319,-0.1411,-0.1411,-451.74,-447.58,DOWN
56330,-0.1395,-0.1395,-453.13,-448.90,DOWN
56340,-0.1405,-0.1405,-454.54,-450.25,DOWN
56350,-0.1301,-0.1301,-455.84,-451.59,DOWN
56360,-0.1458,-0.1458,-457.30,-452.95,DOWN
56370,-0.1429,-0.1429,-458.73,-454.33,DOWN
56380,-0.1402,-0.1402,-460.13,-455.72,DOWN
56389,-0.1490,-0.1490,-461.62,-457.13,DOWN
56400,-0.1384,-0.1384,-463.00,-458.53,DOWN
56410,-0.1487,-0.1487,-464.49,-459.96,DOWN
56420,-0.1488,-0.1488,-465.98,-461.40,DOWN
56430,-0.1236,-0.1236,-467.21,-462.79,DOWN
56439,-0.1230,-0.1230,-468.44,-464.14,DOWN
56450,-0.1263,-0.1263,-469.71,-465.47,DOWN
56459,-0.1252,-0.1252,-470.96,-466.78,DOWN
56470,-0.1219,-0.1219,-472.18,-468.07,DOWN
56480,-0.1114,-0.1114,-473.29,-469.32,DOWN
56490,-0.1198,-0.1198,-474.49,-470.56,DOWN
56500,-0.1281,-0.1281,-475.77,-471.80,DOWN
56510,-0.1201,-0.1201,-476.97,-473.04,DOWN
56520,-0.1227,-0.1227,-478.20,-474.27,DOWN
56529,-0.1130,-0.1130,-479.33,-475.48,DOWN
56540,-0.1365,-0.1365,-480.70,-476.73,DOWN
56550,-0.1159,-0.1159,-481.86,-477.95,DOWN
56560,-0.1256,-0.1256,-483.11,-479.19,DOWN
56570,-0.1195,-0.1195,-484.31,-480.41,DOWN
56580,-0.1083,-0.1083,-485.39,-481.60,DOWN
56590,-0.1034,-0.1034,-486.42,-482.75,DOWN
56600,-0.0885,0.0000,-486.42,-483.63,DOWN
56610,-0.0937,0.0000,-486.42,-484.30,DOWN
56620,-0.0947,0.0000,-486.42,-484.81,DOWN
56630,-0.1078,0.0000,-489.19,-485.86,DOWN
56640,-0.0826,0.0000,-489.19,-486.65,DOWN
56650,-0.0908,0.0000,-489.19,-487.26,DOWN
56660,-0.0826,0.0000,-489.19,-487.72,DOWN
56669,-0.0827,0.0000,-489.19,-488.07,DOWN
56680,-0.0862,0.0000,-489.19,-488.34,DOWN
56690,-0.0876,0.0000,-489.19,-488.55,DOWN
56700,-0.0739,0.0000,-489.19,-488.70,DOWN
56710,-0.0773,0.0000,-489.19,-488.82,DOWN
56720,-0.0780,0.0000,-489.19,-488.91,DOWN
56730,-0.0784,0.0000,-489.19,-488.98,DOWN
56740,-0.1397,0.0000,-489.19,-489.03,DOWN
56750,-0.1769,0.0000,-489.19,-489.07,DOWN
56760,-0.1145,0.0000,-489.19,-489.10,DOWN
56770,-0.0432,0.0000,-489.19,-489.12,DOWN
56780,0.0186,0.0000,-489.19,-489.14,DOWN
56790,-0.0712,0.0000,-489.19,-489.15,DOWN
56800,-0.0352,0.0000,-489.19,-489.16,DOWN
56809,0.0579,0.0000,-489.19,-489.17,DOWN
56820,0.0562,0.0000,-489.19,-489.18,DOWN
56830,0.0259,0.0000,-489.19,-489.18,DOWN
56840,0.0261,0.0000,-489.19,-489.18,DOWN
56850,0.0849,0.0000,-489.19,-489.19,DOWN
56860,0.0205,0.0000,-489.19,-489.19,DOWN
56870,0.0175,0.0000,-489.19,-489.19,DOWN
56880,0.0060,0.0000,-489.19,-489.19,DOWN
56890,-0.0290,0.0000,-489.19,-489.19,DOWN
56900,-0.0251,0.0000,-489.19,-489.19,DOWN
56910,-0.0531,0.0000,-489.19,-489.19,DOWN
56920,-0.0229,0.0000,-489.19,-489.19,DOWN
56930,-0.0750,0.0000,-489.19,-489.19,DOWN
56940,-0.0527,0.0000,-489.19,-489.19,DOWN
56950,-0.0370,0.0000,-489.19,-489.19,DOWN
56959,-0.0615,0.0000,-489.19,-489.19,DOWN
56970,-0.0174,0.0000,-489.19,-489.19,DOWN
56980,-0.0271,0.0000,-489.19,-489.19,DOWN
56990,-0.0023,0.0000,-489.19,-489.19,DOWN
57000,-0.0246,0.0000,-489.19,-489.19,DOWN
57010,-0.0021,0.0000,-489.19,-489.19,DOWN
57020,-0.0030,0.0000,-489.19,-489.19,DOWN
57029,0.0044,0.0000,-489.19,-489.19,DOWN
57040,-0.0151,0.0000,-489.19,-489.19,DOWN
57050,-0.0088,0.0000,-489.19,-489.19,DOWN
57060,0.0058,0.0000,-489.19,-489.19,DOWN
57070,-0.0224,0.0000,-489.19,-489.19,DOWN
57080,-0.0054,0.0000,-489.19,-489.19,DOWN
57090,-0.0146,0.0000,-489.19,-489.19,DOWN
57099,0.0127,0.0000,-489.19,-489.19,DOWN
57110,0.0048,0.0000,-489.19,-489.19,DOWN
57120,-0.0117,0.0000,-489.19,-489.19,DOWN
57130,-0.0010,0.0000,-489.19,-489.19,DOWN
57140,-0.0134,0.0000,-489.19,-489.19,DOWN
57150,-0.0125,0.0000,-489.19,-489.19,DOWN
57160,-0.0129,0.0000,-489.19,-489.19,DOWN
57170,-0.0253,0.0000,-489.19,-489.19,DOWN
57180,-0.0410,0.0000,-489.19,-489.19,DOWN
57190,-0.0380,0.0000,-489.19,-489.19,DOWN
57200,-0.0258,0.0000,-489.19,-489.19,DOWN
57210,-0.0225,0.0000,-489.19,-489.19,DOWN
57220,-0.0038,0.0000,-489.19,-489.19,DOWN
57230,-0.0237,0.0000,-489.19,-489.19,DOWN
57239,-0.0079,0.0000,-489.19,-489.19,DOWN
57249,-0.0032,0.0000,-489.19,-489.19,DOWN
57260,0.0090,0.0000,-489.19,-489.19,DOWN
57270,0.0131,0.0000,-489.19,-489.19,DOWN
57280,-0.0036,0.0000,-489.19,-489.19,DOWN
57290,0.0098,0.0000,-489.19,-489.19,DOWN
57300,-0.0011,0.0000,-489.19,-489.19,DOWN
57310,-0.0086,0.0000,-489.19,-489.19,DOWN
57319,0.0044,0.0000,-489.19,-489.19,DOWN
57330,-0.0206,0.0000,-489.19,-489.19,DOWN
57340,-0.0201,0.0000,-489.19,-489.19,DOWN
57350,-0.0054,0.0000,-489.19,-489.19,DOWN
57360,-0.0156,0.0000,-489.19,-489.19,DOWN
57370,-0.0192,0.0000,-489.19,-489.19,DOWN
57379,-0.0320,0.0000,-489.19,-489.19,DOWN
57389,-0.0293,0.0000,-489.19,-489.19,DOWN
57400,-0.0165,0.0000,-489.19,-489.19,DOWN
57410,-0.0242,0.0000,-489.19,-489.19,DOWN
57420,-0.0045,0.0000,-489.19,-489.19,DOWN
57430,-0.0177,0.0000,-489.19,-489.19,DOWN
57440,-0.0046,0.0000,-489.19,-489.19,DOWN
57450,-0.0059,0.0000,-489.19,-489.19,DOWN
57460,-0.0048,0.0000,-489.19,-489.19,DOWN
57470,-0.0135,0.0000,-489.19,-489.19,DOWN
57480,0.0002,0.0000,-489.19,-489.19,DOWN
57490,0.0038,0.0000,-489.19,-489.19,DOWN
57500,-0.0168,0.0000,-489.19,-489.19,DOWN
57510,-0.0013,0.0000,-489.19,-489.19,DOWN
57520,-0.0134,0.0000,-489.19,-489.19,DOWN
57529,-0.0108,0.0000,-489.19,-489.19,DOWN
57540,-0.0171,0.0000,-489.19,-489.19,DOWN
57550,-0.0241,0.0000,-489.19,-489.19,DOWN
57560,-0.0293,0.0000,-489.19,-489.19,DOWN
57570,-0.0129,0.0000,-489.19,-489.19,DOWN
57580,-0.0177,0.0000,-489.19,-489.19,DOWN
57590,-0.0302,0.0000,-489.19,-489.19,DOWN
57600,-0.0180,0.0000,-489.19,-489.19,DOWN
57610,-0.0170,0.0000,-489.19,-489.19,DOWN
57620,-0.0253,0.0000,-489.19,-489.19,DOWN
57630,-0.0239,0.0000,-489.19,-489.19,DOWN
57640,-0.0113,0.0000,-489.19,-489.19,DOWN
57650,-0.0126,0.0000,-489.19,-489.19,DOWN
57660,-0.0077,0.0000,-489.19,-489.19,DOWN
57670,-0.0246,0.0000,-489.19,-489.19,DOWN
57680,-0.0136,0.0000,-489.19,-489.19,DOWN
57690,-0.0130,0.0000,-489.19,-489.19,DOWN
57700,-0.0141,0.0000,-489.19,-489.19,DOWN
57710,-0.0204,0.0000,-489.19,-489.19,DOWN
57720,-0.0094,0.0000,-489.19,-489.19,DOWN
57730,-0.0113,0.0000,-489.19,-489.19,DOWN
57740,-0.0156,0.0000,-489.19,-489.19,DOWN
57750,-0.0207,0.0000,-489.19,-489.19,DOWN
57760,-0.0183,0.0000,-489.19,-489.19,DOWN
57770,-0.0146,0.0000,-489.19,-489.19,DOWN
57780,-0.0071,0.0000,-489.19,-489.19,DOWN
57790,-0.0241,0.0000,-489.19,-489.19,DOWN
57800,-0.0311,0.0000,-489.19,-489.19,DOWN
57809,-0.0104,0.0000,-489.19,-489.19,DOWN
57819,-0.0045,0.0000,-489.19,-489.19,DOWN
57830,-0.0043,0.0000,-489.19,-489.19,DOWN
57840,-0.0082,0.0000,-489.19,-489.19,DOWN
57850,-0.0075,0.0000,-489.19,-489.19,DOWN
57860,-0.0004,0.0000,-489.19,-489.19,DOWN
57870,-0.0095,0.0000,-489.19,-489.19,DOWN
57880,-0.0122,0.0000,-489.19,-489.19,DOWN
57890,-0.0154,0.0000,-489.19,-489.19,DOWN
57900,-0.0187,0.0000,-489.19,-489.19,DOWN
57910,-0.0092,0.0000,-489.19,-489.19,DOWN
57920,-0.0197,0.0000,-489.19,-489.19,DOWN
57930,-0.0085,0.0000,-489.19,-489.19,DOWN
57940,0.0034,0.0000,-489.19,-489.19,DOWN
57950,-0.0181,0.0000,-489.19,-489.19,DOWN
57959,-0.0171,0.0000,-489.19,-489.19,DOWN
57970,-0.0179,0.0000,-489.19,-489.19,DOWN
57980,-0.0222,0.0000,-489.19,-489.19,DOWN
57990,-0.0075,0.0000,-489.19,-489.19,DOWN
58000,-0.0139,0.0000,-489.19,-489.19,DOWN
58010,-0.0216,0.0000,-489.19,-489.19,DOWN
58020,-0.0094,0.0000,-489.19,-489.19,DOWN
58029,-0.0164,0.0000,-489.19,-489.19,DOWN
58040,-0.0148,0.0000,-489.19,-489.19,DOWN
58050,-0.0049,0.0000,-489.19,-489.19,DOWN
58060,-0.0084,0.0000,-489.19,-489.19,DOWN
58070,-0.0191,0.0000,-489.19,-489.19,DOWN
58080,-0.0022,0.0000,-489.19,-489.19,DOWN
58090,0.0105,0.0000,-489.19,-489.19,DOWN
58100,-0.0036,0.0000,-489.19,-489.19,DOWN
58110,-0.0169,0.0000,-489.19,-489.19,DOWN
58120,0.0029,0.0000,-489.19,-489.19,DOWN
58130,-0.0162,0.0000,-489.19,-489.19,DOWN
58140,-0.0218,0.0000,-489.19,-489.19,DOWN
58150,-0.0098,0.0000,-489.19,-489.19,DOWN
58160,-0.0236,0.0000,-489.19,-489.19,DOWN
58169,-0.0072,0.0000,-489.19,-489.19,DOWN
58180,-0.0184,0.0000,-489.19,-489.19,DOWN
58190,-0.0213,0.0000,-489.19,-489.19,DOWN
58200,-0.0170,0.0000,-489.19,-489.19,DOWN
58210,-0.0121,0.0000,-489.19,-489.19,DOWN
58220,-0.0201,0.0000,-489.19,-489.19,DOWN
58230,-0.0023,0.0000,-489.19,-489.19,DOWN
58239,-0.0116,0.0000,-489.19,-489.19,DOWN
58249,-0.0107,0.0000,-489.19,-489.19,DOWN
58260,-0.0077,0.0000,-489.19,-489.19,DOWN
58270,-0.0180,0.0000,-489.19,-489.19,DOWN
58280,-0.0122,0.0000,-489.19,-489.19,DOWN
58290,-0.0072,0.0000,-489.19,-489.19,DOWN
58300,-0.0039,0.0000,-489.19,-489.19,DOWN
58310,-0.0225,0.0000,-489.19,-489.19,DOWN
58319,-0.0151,0.0000,-489.19,-489.19,DOWN
58330,-0.0276,0.0000,-489.19,-489.19,DOWN
58340,-0.0124,0.0000,-489.19,-489.19,DOWN
58350,-0.0242,0.0000,-489.19,-489.19,DOWN
58360,-0.0113,0.0000,-489.19,-489.19,DOWN
58370,-0.0314,0.0000,-489.19,-489.19,DOWN
58380,-0.0174,0.0000,-489.19,-489.19,DOWN
58389,-0.0173,0.0000,-489.19,-489.19,DOWN
58400,-0.0269,0.0000,-489.19,-489.19,DOWN
58410,-0.0173,0.0000,-489.19,-489.19,DOWN
58420,-0.0205,0.0000,-489.19,-489.19,DOWN
58430,-0.0216,0.0000,-489.19,-489.19,DOWN
58440,-0.0037,0.0000,-489.19,-489.19,DOWN
58450,-0.0190,0.0000,-489.19,-489.19,DOWN
58459,-0.0234,0.0000,-489.19,-489.19,DOWN
58470,-0.0067,0.0000,-489.19,-489.19,DOWN
58480,-0.0045,0.0000,-489.19,-489.19,DOWN
58490,-0.0135,0.0000,-489.19,-489.19,DOWN
58500,-0.0100,0.0000,-489.19,-489.19,DOWN
58510,-0.0172,0.0000,-489.19,-489.19,DOWN
58520,-0.0225,0.0000,-489.19,-489.19,DOWN
58529,-0.0250,0.0000,-489.19,-489.19,DOWN
58540,-0.0046,0.0000,-489.19,-489.19,DOWN
58550,-0.0171,0.0000,-489.19,-489.19,DOWN
58560,-0.0214,0.0000,-489.19,-489.19,DOWN
58570,-0.0171,0.0000,-489.19,-489.19,DOWN
58580,-0.0341,0.0000,-489.19,-489.19,DOWN
58590,-0.0205,0.0000,-489.19,-489.19,DOWN
58600,-0.0089,0.0000,-489.19,-489.19,DOWN
58610,-0.0142,0.0000,-489.19,-489.19,DOWN
58620,-0.0158,0.0000,-489.19,-489.19,DOWN
58630,-0.0102,0.0000,-489.19,-489.19,DOWN
58640,-0.0117,0.0000,-489.19,-489.19,DOWN
58650,-0.0069,0.0000,-489.19,-489.19,DOWN
58660,-0.0118,0.0000,-489.19,-489.19,DOWN
58670,-0.0302,0.0000,-489.19,-489.19,DOWN
58680,-0.0321,0.0000,-489.19,-489.19,DOWN
58690,-0.0016,0.0000,-489.19,-489.19,DOWN
58700,-0.0309,0.0000,-489.19,-489.19,DOWN
58710,-0.0050,0.0000,-489.19,-489.19,DOWN
58720,-0.0281,0.0000,-489.19,-489.19,DOWN
58730,-0.0307,0.0000,-489.19,-489.19,DOWN
58740,-0.0124,0.0000,-489.19,-489.19,DOWN
58749,0.0042,0.0000,-489.19,-489.19,DOWN
58760,0.0073,0.0000,-489.19,-489.19,DOWN
58770,-0.0093,0.0000,-489.19,-489.19,DOWN
58780,-0.0285,0.0000,-489.19,-489.19,DOWN
58790,0.0017,0.0000,-489.19,-489.19,DOWN
58800,-0.0248,0.0000,-489.19,-489.19,DOWN
58809,-0.0353,0.0000,-489.19,-489.19,DOWN
58820,-0.0465,0.0000,-489.19,-489.19,DOWN
58830,-0.0044,0.0000,-489.19,-489.19,DOWN
58840,-0.0580,0.0000,-489.19,-489.19,DOWN
58850,-0.0308,0.0000,-489.19,-489.19,DOWN
58860,0.0158,0.0000,-489.19,-489.19,DOWN
58870,-0.0013,0.0000,-489.19,-489.19,DOWN
58880,-0.0228,0.0000,-489.19,-489.19,DOWN
58889,-0.0438,0.0000,-489.19,-489.19,DOWN
58900,0.0150,0.0000,-489.19,-489.19,DOWN
58910,-0.0061,0.0000,-489.19,-489.19,DOWN
58920,-0.0370,0.0000,-489.19,-489.19,DOWN
58930,-0.0020,0.0000,-489.19,-489.19,DOWN
58940,-0.0282,0.0000,-489.19,-489.19,DOWN
58950,0.0198,0.0000,-489.19,-489.19,DOWN
58959,0.0114,0.0000,-489.19,-489.19,DOWN
58970,0.0358,0.0000,-489.19,-489.19,DOWN
58980,-0.0515,0.0000,-489.19,-489.19,DOWN
58990,-0.0699,0.0000,-489.19,-489.19,DOWN
59000,-0.0063,0.0000,-489.19,-489.19,DOWN
59010,-0.0434,0.0000,-489.19,-489.19,DOWN
59020,-0.0215,0.0000,-489.19,-489.19,DOWN
59029,-0.0386,0.0000,-489.19,-489.19,DOWN
59040,0.0054,0.0000,-489.19,-489.19,DOWN
59050,-0.0154,0.0000,-489.19,-489.19,DOWN
59060,-0.0250,0.0000,-489.19,-489.19,DOWN
59070,0.0363,0.0000,-489.19,-489.19,DOWN
59080,-0.0825,0.0000,-489.19,-489.19,DOWN
59090,0.0552,0.0000,-489.19,-489.19,DOWN
59099,-0.0321,0.0000,-489.19,-489.19,DOWN
59110,0.0184,0.0000,-489.19,-489.19,DOWN
59120,0.0023,0.0000,-489.19,-489.19,DOWN
59130,-0.0519,0.0000,-489.19,-489.19,DOWN
59140,0.0278,0.0000,-489.19,-489.19,DOWN
59150,-0.0461,0.0000,-489.19,-489.19,DOWN
59160,0.0064,0.0000,-489.19,-489.19,DOWN
59170,-0.0546,0.0000,-489.19,-489.19,DOWN
59180,-0.0261,0.0000,-489.19,-489.19,DOWN
59190,-0.0170,0.0000,-489.19,-489.19,DOWN
59200,-0.0103,0.0000,-489.19,-489.19,DOWN
59210,-0.0170,0.0000,-489.19,-489.19,DOWN
59220,-0.0285,0.0000,-489.19,-489.19,DOWN
59230,-0.0140,0.0000,-489.19,-489.19,DOWN
59239,-0.0335,0.0000,-489.19,-489.19,DOWN
59250,-0.0548,0.0000,-489.19,-489.19,DOWN
59260,-0.0357,0.0000,-489.19,-489.19,DOWN
59270,-0.0673,0.0000,-489.19,-489.19,DOWN
59280,0.0064,0.0000,-489.19,-489.19,DOWN
59290,-0.0638,0.0000,-489.19,-489.19,DOWN
59300,-0.0090,0.0000,-489.19,-489.19,DOWN
59310,-0.0437,0.0000,-489.19,-489.19,DOWN
59319,-0.0196,0.0000,-489.19,-489.19,DOWN
59330,0.0121,0.0000,-489.19,-489.19,DOWN
59340,0.0095,0.0000,-489.19,-489.19,DOWN
59350,-0.0033,0.0000,-489.19,-489.19,DOWN
59360,0.0048,0.0000,-489.19,-489.19,DOWN
59370,-0.0527,0.0000,-489.19,-489.19,DOWN
59380,-0.0009,0.0000,-489.19,-489.19,DOWN
59389,0.0094,0.0000,-489.19,-489.19,DOWN
59400,0.0114,0.0000,-489.19,-489.19,DOWN
59410,-0.0029,0.0000,-489.19,-489.19,DOWN
59420,-0.0410,0.0000,-489.19,-489.19,DOWN
59430,-0.0114,0.0000,-489.19,-489.19,DOWN
59440,-0.0145,0.0000,-489.19,-489.19,DOWN
59450,-0.0424,0.0000,-489.19,-489.19,DOWN
59459,-0.0241,0.0000,-489.19,-489.19,DOWN
59470,-0.0439,0.0000,-489.19,-489.19,DOWN
59480,-0.0543,0.0000,-489.19,-489.19,DOWN
59490,-0.0397,0.0000,-489.19,-489.19,DOWN
59500,0.0122,0.0000,-489.19,-489.19,DOWN
59510,-0.0393,0.0000,-489.19,-489.19,DOWN
59520,-0.0119,0.0000,-489.19,-489.19,DOWN
59529,-0.0781,0.0000,-489.19,-489.19,DOWN
59540,-0.0451,0.0000,-489.19,-489.19,DOWN
59550,-0.1042,0.0000,-489.19,-489.19,DOWN
59560,-0.0451,0.0000,-489.19,-489.19,DOWN
59570,0.0021,0.0000,-489.19,-489.19,DOWN
59580,0.0779,0.0000,-489.19,-489.19,DOWN
59590,0.0014,0.0000,-489.19,-489.19,DOWN
59600,-0.0181,0.0000,-489.19,-489.19,DOWN
59610,0.0026,0.0000,-489.19,-489.19,DOWN
59620,-0.0408,0.0000,-489.19,-489.19,DOWN
59630,0.0175,0.0000,-489.19,-489.19,DOWN
59640,-0.0231,0.0000,-489.19,-489.19,DOWN
59650,-0.0071,0.0000,-489.19,-489.19,DOWN
59660,0.0117,0.0000,-489.19,-489.19,DOWN
59670,-0.0133,0.0000,-489.19,-489.19,DOWN
59680,0.0357,0.0000,-489.19,-489.19,DOWN
59690,-0.0137,0.0000,-489.19,-489.19,DOWN
59700,-0.0498,0.0000,-489.19,-489.19,DOWN
59710,-0.0373,0.0000,-489.19,-489.19,DOWN
59720,-0.0405,0.0000,-489.19,-489.19,DOWN
59730,-0.0512,0.0000,-489.19,-489.19,DOWN
59740,-0.0250,0.0000,-489.19,-489.19,DOWN
59749,-0.0664,0.0000,-489.19,-489.19,DOWN
59760,0.0212,0.0000,-489.19,-489.19,DOWN
59770,-0.0360,0.0000,-489.19,-489.19,DOWN
59780,0.0113,0.0000,-489.19,-489.19,DOWN
59790,0.0025,0.0000,-489.19,-489.19,DOWN
59800,-0.0319,0.0000,-489.19,-489.19,DOWN
59810,0.0432,0.0000,-489.19,-489.19,DOWN
59819,-0.0086,0.0000,-489.19,-489.19,DOWN
59830,-0.0209,0.0000,-489.19,-489.19,DOWN
59840,-0.0538,0.0000,-489.19,-489.19,DOWN
59850,-0.0404,0.0000,-489.19,-489.19,DOWN
59860,0.0090,0.0000,-489.19,-489.19,DOWN
59870,-0.0276,0.0000,-489.19,-489.19,DOWN
59880,-0.0371,0.0000,-489.19,-489.19,DOWN
59890,-0.0227,0.0000,-489.19,-489.19,DOWN
59900,-0.0551,0.0000,-489.19,-489.19,DOWN
59910,-0.0119,0.0000,-489.19,-489.19,DOWN
59920,0.0121,0.0000,-489.19,-489.19,DOWN
59930,0.0072,0.0000,-489.19,-489.19,DOWN
59940,-0.0250,0.0000,-489.19,-489.19,DOWN
59950,-0.0640,0.0000,-489.19,-489.19,DOWN
59959,-0.0005,0.0000,-489.19,-489.19,DOWN
59970,0.0154,0.0000,-489.19,-489.19,DOWN
59980,0.0411,0.0000,-489.19,-489.19,DOWN
59990,-0.0152,0.0000,-489.19,-489.19,DOWN
60000,-0.0285,0.0000,-489.19,-489.19,DOWN
60010,-0.0429,0.0000,-489.19,-489.19,DOWN
60020,-0.0146,0.0000,-489.19,-489.19,DOWN
60030,-0.0243,0.0000,-489.19,-489.19,DOWN
60040,-0.0206,0.0000,-489.19,-489.19,DOWN
60050,-0.0419,0.0000,-489.19,-489.19,DOWN
60060,-0.0610,0.0000,-489.19,-489.19,DOWN
60070,-0.0241,0.0000,-489.19,-489.19,DOWN
60080,-0.0399,0.0000,-489.19,-489.19,DOWN
60090,-0.0216,0.0000,-489.19,-489.19,DOWN
60100,-0.0372,0.0000,-489.19,-489.19,DOWN
60110,-0.0270,0.0000,-489.19,-489.19,DOWN
60120,-0.0229,0.0000,-489.19,-489.19,DOWN
60130,-0.0262,0.0000,-489.19,-489.19,DOWN
60140,0.0123,0.0000,-489.19,-489.19,DOWN
60150,-0.0101,0.0000,-489.19,-489.19,DOWN
60160,-0.0506,0.0000,-489.19,-489.19,DOWN
60170,-0.0447,0.0000,-489.19,-489.19,DOWN
60180,-0.0034,0.0000,-489.19,-489.19,DOWN
60190,0.0423,0.0000,-489.19,-489.19,DOWN
60200,0.0227,0.0000,-489.19,-489.19,DOWN
60210,-0.0365,0.0000,-489.19,-489.19,DOWN
60220,-0.0236,0.0000,-489.19,-489.19,DOWN
60230,-0.0448,0.0000,-489.19,-489.19,DOWN
60240,-0.0188,0.0000,-489.19,-489.19,DOWN
60249,-0.0069,0.0000,-489.19,-489.19,DOWN
60260,-0.0282,0.0000,-489.19,-489.19,DOWN
60270,-0.0428,0.0000,-489.19,-489.19,DOWN
60280,-0.0168,0.0000,-489.19,-489.19,DOWN
60289,-0.0352,0.0000,-489.19,-489.19,DOWN
60300,-0.0313,0.0000,-489.19,-489.19,DOWN
60310,-0.0415,0.0000,-489.19,-489.19,DOWN
60319,-0.0364,0.0000,-489.19,-489.19,DOWN
60330,0.0095,0.0000,-489.19,-489.19,DOWN
60340,-0.0344,0.0000,-489.19,-489.19,DOWN
60350,-0.0344,0.0000,-489.19,-489.19,DOWN
60360,-0.0462,0.0000,-489.19,-489.19,DOWN
60370,0.0321,0.0000,-489.19,-489.19,DOWN
60380,-0.0013,0.0000,-489.19,-489.19,DOWN
60389,0.0029,0.0000,-489.19,-489.19,DOWN
60400,-0.0016,0.0000,-489.19,-489.19,DOWN
60410,-0.0523,0.0000,-489.19,-489.19,DOWN
60420,-0.0270,0.0000,-489.19,-489.19,DOWN
60430,-0.0320,0.0000,-489.19,-489.19,DOWN
60440,0.0080,0.0000,-489.19,-489.19,DOWN
60450,-0.0229,0.0000,-489.19,-489.19,DOWN
60459,-0.0668,0.0000,-489.19,-489.19,DOWN
60470,0.0290,0.0000,-489.19,-489.19,DOWN
60480,0.0160,0.0000,-489.19,-489.19,DOWN
60490,-0.0276,0.0000,-489.19,-489.19,DOWN
60500,-0.0781,0.0000,-489.19,-489.19,DOWN
60510,-0.0231,0.0000,-489.19,-489.19,DOWN
60520,0.0354,0.0000,-489.19,-489.19,DOWN
60530,-0.0531,0.0000,-489.19,-489.19,DOWN
60540,-0.0447,0.0000,-489.19,-489.19,DOWN
60550,-0.0122,0.0000,-489.19,-489.19,DOWN
60560,-0.0568,0.0000,-489.19,-489.19,DOWN
60570,-0.0062,0.0000,-489.19,-489.19,DOWN
60580,-0.0093,0.0000,-489.19,-489.19,DOWN
60590,0.0400,0.0000,-489.19,-489.19,DOWN
60599,-0.0193,0.0000,-489.19,-489.19,DOWN
60610,-0.0143,0.0000,-489.19,-489.19,DOWN
60620,0.0031,0.0000,-489.19,-489.19,DOWN
60630,-0.0007,0.0000,-489.19,-489.19,DOWN
60639,-0.0237,0.0000,-489.19,-489.19,DOWN
60650,-0.0167,0.0000,-489.19,-489.19,DOWN
60660,-0.0026,0.0000,-489.19,-489.19,DOWN
60670,-0.0173,0.0000,-489.19,-489.19,DOWN
60679,-0.0442,0.0000,-489.19,-489.19,DOWN
60690,-0.0662,0.0000,-489.19,-489.19,DOWN
60700,-0.0397,0.0000,-489.19,-489.19,DOWN
60710,-0.0398,0.0000,-489.19,-489.19,DOWN
60720,-0.0165,0.0000,-489.19,-489.19,DOWN
60730,-0.0160,0.0000,-489.19,-489.19,DOWN
60740,-0.0074,0.0000,-489.19,-489.19,DOWN
60749,-0.0493,0.0000,-489.19,-489.19,DOWN
60760,-0.0087,0.0000,-489.19,-489.19,DOWN
60770,-0.0042,0.0000,-489.19,-489.19,DOWN
60780,0.0090,0.0000,-489.19,-489.19,DOWN
60790,-0.0103,0.0000,-489.19,-489.19,DOWN
60800,-0.0470,0.0000,-489.19,-489.19,DOWN
60810,-0.0105,0.0000,-489.19,-489.19,DOWN
60819,-0.0507,0.0000,-489.19,-489.19,DOWN
60830,-0.0405,0.0000,-489.19,-489.19,DOWN
60840,-0.0289,0.0000,-489.19,-489.19,DOWN
60850,-0.0446,0.0000,-489.19,-489.19,DOWN
60860,0.0076,0.0000,-489.19,-489.19,DOWN
60870,-0.0327,0.0000,-489.19,-489.19,DOWN
60880,-0.0594,0.0000,-489.19,-489.19,DOWN
60890,-0.0089,0.0000,-489.19,-489.19,DOWN
60900,-0.0119,0.0000,-489.19,-489.19,DOWN
60910,-0.0271,0.0000,-489.19,-489.19,DOWN
60920,-0.0447,0.0000,-489.19,-489.19,DOWN
60930,-0.0071,0.0000,-489.19,-489.19,DOWN
60940,-0.0155,0.0000,-489.19,-489.19,DOWN
60950,-0.0235,0.0000,-489.19,-489.19,DOWN
60959,-0.0637,0.0000,-489.19,-489.19,DOWN
60970,-0.0603,0.0000,-489.19,-489.19,DOWN
60980,-0.0352,0.0000,-489.19,-489.19,DOWN
60990,-0.0361,0.0000,-489.19,-489.19,DOWN
61000,-0.0441,0.0000,-489.19,-489.19,DOWN
61010,-0.0531,0.0000,-489.19,-489.19,DOWN
61020,-0.0967,0.0000,-489.19,-489.19,DOWN
61030,-0.0622,0.0000,-489.19,-489.19,DOWN
61040,-0.0263,0.0000,-489.19,-489.19,DOWN
61050,-0.0010,0.0000,-489.19,-489.19,DOWN
61060,-0.0875,0.0000,-489.19,-489.19,DOWN
61070,-0.0380,0.0000,-489.19,-489.19,DOWN
61080,-0.0194,0.0000,-489.19,-489.19,DOWN
61090,-0.0194,0.0000,-489.19,-489.19,DOWN
61099,-0.0146,0.0000,-489.19,-489.19,DOWN
61110,-0.0184,0.0000,-489.19,-489.19,DOWN
61120,-0.0311,0.0000,-489.19,-489.19,DOWN
61130,-0.0396,0.0000,-489.19,-489.19,DOWN
61140,-0.0973,0.0000,-489.19,-489.19,DOWN
61150,-0.0630,0.0000,-489.19,-489.19,DOWN
61160,-0.0581,0.0000,-489.19,-489.19,DOWN
61170,-0.0869,0.0000,-489.19,-489.19,DOWN
61179,-0.0611,0.0000,-489.19,-489.19,DOWN
61190,-0.0235,0.0000,-489.19,-489.19,DOWN
61200,-0.0406,0.0000,-489.19,-489.19,DOWN
61210,-0.0909,0.0000,-489.19,-489.19,DOWN
61220,-0.0795,0.0000,-489.19,-489.19,DOWN
61230,-0.0374,0.0000,-489.19,-489.19,DOWN
61240,-0.0436,0.0000,-489.19,-489.19,DOWN
61249,-0.0557,0.0000,-489.19,-489.19,DOWN
61260,-0.0713,0.0000,-489.19,-489.19,DOWN
61270,-0.0097,0.0000,-489.19,-489.19,DOWN
61280,-0.0616,0.0000,-489.19,-489.19,DOWN
61290,-0.0686,0.0000,-489.19,-489.19,DOWN
61300,-0.0633,0.0000,-489.19,-489.19,DOWN
61310,-0.0714,0.0000,-489.19,-489.19,DOWN
61319,-0.0825,0.0000,-489.19,-489.19,DOWN
61330,-0.0768,0.0000,-489.19,-489.19,DOWN
61340,-0.0761,0.0000,-489.19,-489.19,DOWN
61350,-0.0560,0.0000,-489.19,-489.19,DOWN
61360,-0.0447,0.0000,-489.19,-489.19,DOWN
61370,-0.0513,0.0000,-489.19,-489.19,DOWN
61380,-0.0293,0.0000,-489.19,-489.19,DOWN
61389,-0.0675,0.0000,-489.19,-489.19,DOWN
61400,-0.0532,0.0000,-489.19,-489.19,DOWN
61410,-0.0697,0.0000,-489.19,-489.19,DOWN
61420,-0.0497,0.0000,-489.19,-489.19,DOWN
61430,-0.0749,0.0000,-489.19,-489.19,DOWN
61440,-0.0597,0.0000,-489.19,-489.19,DOWN
61450,-0.0620,0.0000,-489.19,-489.19,DOWN
61460,-0.0788,0.0000,-489.19,-489.19,DOWN
61470,-0.0868,0.0000,-489.19,-489.19,DOWN
61480,-0.0903,0.0000,-489.19,-489.19,DOWN
61490,-0.0805,0.0000,-489.19,-489.19,DOWN
61500,-0.0758,0.0000,-489.19,-489.19,DOWN
61510,-0.0720,0.0000,-489.19,-489.19,DOWN
61520,-0.0422,0.0000,-489.19,-489.19,DOWN
61530,-0.0622,0.0000,-489.19,-489.19,DOWN
61540,-0.0527,0.0000,-489.19,-489.19,DOWN
61550,-0.0501,0.0000,-489.19,-489.19,DOWN
61560,-0.0751,0.0000,-489.19,-489.19,DOWN
61570,-0.0594,0.0000,-489.19,-489.19,DOWN
61580,-0.0764,0.0000,-489.19,-489.19,DOWN
61590,-0.0908,0.0000,-489.19,-489.19,DOWN
61600,-0.0705,0.0000,-489.19,-489.19,DOWN
61610,-0.0695,0.0000,-489.19,-489.19,DOWN
61620,-0.0656,0.0000,-489.19,-489.19,DOWN
61630,-0.0720,0.0000,-489.19,-489.19,DOWN
61640,-0.0591,0.0000,-489.19,-489.19,DOWN
61650,-0.0718,0.0000,-489.19,-489.19,DOWN
61660,-0.0743,0.0000,-489.19,-489.19,DOWN
61670,-0.0791,0.0000,-489.19,-489.19,DOWN
61679,-0.0701,0.0000,-489.19,-489.19,DOWN
61690,-0.0694,0.0000,-489.19,-489.19,DOWN
61700,-0.0719,0.0000,-489.19,-489.19,DOWN
61710,-0.0597,0.0000,-489.19,-489.19,DOWN
61720,-0.0615,0.0000,-489.19,-489.19,DOWN
61730,-0.0561,0.0000,-489.19,-489.19,DOWN
61740,-0.0716,0.0000,-489.19,-489.19,DOWN
61749,-0.0796,0.0000,-489.19,-489.19,DOWN
61760,-0.0936,0.0000,-489.19,-489.19,DOWN
61770,-0.0794,0.0000,-489.19,-489.19,DOWN
61780,-0.0919,0.0000,-489.19,-489.19,DOWN
61790,-0.0732,0.0000,-489.19,-489.19,DOWN
61800,-0.0805,0.0000,-489.19,-489.19,DOWN
61810,-0.0721,0.0000,-489.19,-489.19,DOWN
61819,-0.0703,0.0000,-489.19,-489.19,DOWN
61830,-0.0746,0.0000,-489.19,-489.19,DOWN
61840,-0.0603,0.0000,-489.19,-489.19,DOWN
61850,-0.0922,0.0000,-489.19,-489.19,DOWN
61860,-0.0634,0.0000,-489.19,-489.19,DOWN
61870,-0.0798,0.0000,-489.19,-489.19,DOWN
61880,-0.0775,0.0000,-489.19,-489.19,DOWN
61890,-0.0746,0.0000,-489.19,-489.19,DOWN
61900,-0.0809,0.0000,-489.19,-489.19,DOWN
61910,-0.0666,0.0000,-489.19,-489.19,DOWN
61920,-0.0834,0.0000,-489.19,-489.19,DOWN
61930,-0.0718,0.0000,-489.19,-489.19,DOWN
61940,-0.0737,0.0000,-489.19,-489.19,DOWN
61950,-0.0652,0.0000,-489.19,-489.19,DOWN
61959,-0.0654,0.0000,-489.19,-489.19,DOWN
61970,-0.0812,0.0000,-489.19,-489.19,DOWN
61980,-0.0651,0.0000,-489.19,-489.19,DOWN
61990,-0.0709,0.0000,-489.19,-489.19,DOWN
62000,-0.0830,0.0000,-489.19,-489.19,DOWN
62010,-0.0856,0.0000,-489.19,-489.19,DOWN
62020,-0.0646,0.0000,-489.19,-489.19,DOWN
62029,-0.0714,0.0000,-489.19,-489.19,DOWN
62040,-0.0781,0.0000,-489.19,-489.19,DOWN
62050,-0.0771,0.0000,-489.19,-489.19,DOWN
62060,-0.0760,0.0000,-489.19,-489.19,DOWN
62070,-0.0845,0.0000,-489.19,-489.19,DOWN
62080,-0.0660,0.0000,-489.19,-489.19,DOWN
62090,-0.0780,0.0000,-489.19,-489.19,DOWN
62100,-0.0693,0.0000,-489.19,-489.19,DOWN
62110,-0.0895,0.0000,-489.19,-489.19,DOWN
62120,-0.0601,0.0000,-489.19,-489.19,DOWN
62130,-0.0712,0.0000,-489.19,-489.19,DOWN
62140,-0.0671,0.0000,-489.19,-489.19,DOWN
62150,-0.0780,0.0000,-489.19,-489.19,DOWN
62160,-0.0772,0.0000,-489.19,-489.19,DOWN
62170,-0.0758,0.0000,-489.19,-489.19,DOWN
62179,-0.0603,0.0000,-489.19,-489.19,DOWN
62190,-0.0611,0.0000,-489.19,-489.19,DOWN
62200,-0.0756,0.0000,-489.19,-489.19,DOWN
62210,-0.0624,0.0000,-489.19,-489.19,DOWN
62220,-0.0680,0.0000,-489.19,-489.19,DOWN
62230,-0.0721,0.0000,-489.19,-489.19,DOWN
62240,-0.0759,0.0000,-489.19,-489.19,DOWN
62249,-0.0934,0.0000,-489.19,-489.19,DOWN
62260,-0.0802,0.0000,-489.19,-489.19,DOWN
62270,-0.0831,0.0000,-489.19,-489.19,DOWN
62280,-0.0709,0.0000,-489.19,-489.19,DOWN
62290,-0.0624,0.0000,-489.19,-489.19,DOWN
62300,-0.0689,0.0000,-489.19,-489.19,DOWN
62310,-0.0609,0.0000,-489.19,-489.19,DOWN
62319,-0.0677,0.0000,-489.19,-489.19,DOWN
62330,-0.0587,0.0000,-489.19,-489.19,DOWN
62340,-0.0646,0.0000,-489.19,-489.19,DOWN
62350,-0.0681,0.0000,-489.19,-489.19,DOWN
62360,-0.0673,0.0000,-489.19,-489.19,DOWN
62370,-0.0884,0.0000,-489.19,-489.19,DOWN
62380,-0.0801,0.0000,-489.19,-489.19,DOWN
62389,-0.0732,0.0000,-489.19,-489.19,DOWN
62400,-0.0649,0.0000,-489.19,-489.19,DOWN
62410,-0.0732,0.0000,-489.19,-489.19,DOWN
62420,-0.0664,0.0000,-489.19,-489.19,DOWN
62430,-0.0664,0.0000,-489.19,-489.19,DOWN
62440,-0.0499,0.0000,-489.19,-489.19,DOWN
62450,-0.0597,0.0000,-489.19,-489.19,DOWN
62459,-0.0743,0.0000,-489.19,-489.19,DOWN
62470,-0.0738,0.0000,-489.19,-489.19,DOWN
62480,-0.0608,0.0000,-489.19,-489.19,DOWN
62490,-0.0769,0.0000,-489.19,-489.19,DOWN
62500,-0.0644,0.0000,-489.19,-489.19,DOWN
62510,-0.0732,0.0000,-489.19,-489.19,DOWN
62520,-0.0654,0.0000,-489.19,-489.19,DOWN
62529,-0.0663,0.0000,-489.19,-489.19,DOWN
62540,-0.0794,0.0000,-489.19,-489.19,DOWN
62550,-0.0670,0.0000,-489.19,-489.19,DOWN
62560,-0.0645,0.0000,-489.19,-489.19,DOWN
62570,-0.0850,0.0000,-489.19,-489.19,DOWN
62580,-0.0607,0.0000,-489.19,-489.19,DOWN
62590,-0.0677,0.0000,-489.19,-489.19,DOWN
62600,-0.0661,0.0000,-489.19,-489.19,DOWN
62610,-0.0630,0.0000,-489.19,-489.19,DOWN
62620,-0.0544,0.0000,-489.19,-489.19,DOWN
62630,-0.0643,0.0000,-489.19,-489.19,DOWN
62640,-0.0535,0.0000,-489.19,-489.19,DOWN
62650,-0.0818,0.0000,-489.19,-489.19,DOWN
62660,-0.0697,0.0000,-489.19,-489.19,DOWN
62670,-0.0775,0.0000,-489.19,-489.19,DOWN
62679,-0.0619,0.0000,-489.19,-489.19,DOWN
62690,-0.0625,0.0000,-489.19,-489.19,DOWN
62700,-0.0729,0.0000,-489.19,-489.19,DOWN
62710,-0.0648,0.0000,-489.19,-489.19,DOWN
62720,-0.0567,0.0000,-489.19,-489.19,DOWN
62730,-0.0555,0.0000,-489.19,-489.19,DOWN
62740,-0.0680,0.0000,-489.19,-489.19,DOWN
62749,-0.0792,0.0000,-489.19,-489.19,DOWN
62760,-0.0740,0.0000,-489.19,-489.19,DOWN
62770,-0.0790,0.0000,-489.19,-489.19,DOWN
62780,-0.0720,0.0000,-489.19,-489.19,DOWN
62790,-0.0708,0.0000,-489.19,-489.19,DOWN
62800,-0.0747,0.0000,-489.19,-489.19,DOWN
62810,-0.0673,0.0000,-489.19,-489.19,DOWN
62820,-0.0752,0.0000,-489.19,-489.19,DOWN
62830,-0.0778,0.0000,-489.19,-489.19,DOWN
62840,-0.0644,0.0000,-489.19,-489.19,DOWN
62850,-0.0614,0.0000,-489.19,-489.19,DOWN
62860,-0.0581,0.0000,-489.19,-489.19,DOWN
62870,-0.0674,0.0000,-489.19,-489.19,DOWN
62880,-0.0697,0.0000,-489.19,-489.19,DOWN
62890,-0.0426,0.0000,-489.19,-489.19,DOWN
62900,-0.0630,0.0000,-489.19,-489.19,DOWN
62910,-0.0931,0.0000,-489.19,-489.19,DOWN
62920,-0.0962,0.0000,-489.19,-489.19,DOWN
62930,-0.0206,0.0000,-489.19,-489.19,DOWN
62940,-0.0957,0.0000,-489.19,-489.19,DOWN
62950,-0.0791,0.0000,-489.19,-489.19,DOWN
62960,-0.0634,0.0000,-489.19,-489.19,DOWN
62970,-0.0440,0.0000,-489.19,-489.19,DOWN
62980,-0.0577,0.0000,-489.19,-489.19,DOWN
62990,-0.0956,0.0000,-489.19,-489.19,DOWN
