time_ms,original_az,accel_z_mps2,velocity_mm_s,smooth_mm_s,direction
0,-0.0057,0.0000,0.00,0.00,STATIONARY
10,-0.0145,0.0000,0.00,0.00,STATIONARY
20,0.0058,0.0000,0.00,0.00,STATIONARY
30,-0.0058,0.0000,0.00,0.00,STATIONARY
40,0.0107,0.0000,0.00,0.00,STATIONARY
50,0.0086,0.0000,0.00,0.00,STATIONARY
60,0.0106,0.0000,0.00,0.00,STATIONARY
70,0.0075,0.0000,0.00,0.00,STATIONARY
80,0.0140,0.0000,0.00,0.00,STATIONARY
90,-0.0003,0.0000,0.00,0.00,STATIONARY
100,0.0097,0.0000,0.00,0.00,STATIONARY
110,-0.0007,0.0000,0.00,0.00,STATIONARY
120,0.0077,0.0000,0.00,0.00,STATIONARY
130,-0.0030,0.0000,0.00,0.00,STATIONARY
140,0.0031,0.0000,0.00,0.00,STATIONARY
149,-0.0021,0.0000,0.00,0.00,STATIONARY
160,0.0074,0.0000,0.00,0.00,STATIONARY
170,0.0058,0.0000,0.00,0.00,STATIONARY
180,0.0013,0.0000,0.00,0.00,STATIONARY
190,0.0072,0.0000,0.00,0.00,STATIONARY
200,0.0071,0.0000,0.00,0.00,STATIONARY
210,0.0008,0.0000,0.00,0.00,STATIONARY
219,-0.0018,0.0000,0.00,0.00,STATIONARY
230,0.0068,0.0000,0.00,0.00,STATIONARY
240,-0.0047,0.0000,0.00,0.00,STATIONARY
250,-0.0040,0.0000,0.00,0.00,STATIONARY
260,-0.0068,0.0000,0.00,0.00,STATIONARY
270,-0.0006,0.0000,0.00,0.00,STATIONARY
280,-0.0006,0.0000,0.00,0.00,STATIONARY
290,0.0014,0.0000,0.00,0.00,STATIONARY
300,0.0115,0.0000,0.00,0.00,STATIONARY
310,0.0043,0.0000,0.00,0.00,STATIONARY
320,0.0008,0.0000,0.00,0.00,STATIONARY
330,0.0007,0.0000,0.00,0.00,STATIONARY
340,-0.0073,0.0000,0.00,0.00,STATIONARY
350,0.0123,0.0000,0.00,0.00,STATIONARY
359,0.0051,0.0000,0.00,0.00,STATIONARY
370,-0.0008,0.0000,0.00,0.00,STATIONARY
380,0.0014,0.0000,0.00,0.00,STATIONARY
390,0.0041,0.0000,0.00,0.00,STATIONARY
400,-0.0057,0.0000,0.00,0.00,STATIONARY
410,0.0043,0.0000,0.00,0.00,STATIONARY
419,0.0024,0.0000,0.00,0.00,STATIONARY
430,-0.0085,0.0000,0.00,0.00,STATIONARY
440,-0.0212,0.0000,0.00,0.00,STATIONARY
450,-0.0030,0.0000,0.00,0.00,STATIONARY
460,-0.0159,0.0000,0.00,0.00,STATIONARY
470,-0.0023,0.0000,0.00,0.00,STATIONARY
480,0.0040,0.0000,0.00,0.00,STATIONARY
490,0.0063,0.0000,0.00,0.00,STATIONARY
499,0.0091,0.0000,0.00,0.00,STATIONARY
510,0.0063,0.0000,0.00,0.00,STATIONARY
520,0.0053,0.0000,0.00,0.00,STATIONARY
530,0.0061,0.0000,0.00,0.00,STATIONARY
540,0.0037,0.0000,0.00,0.00,STATIONARY
550,0.0039,0.0000,0.00,0.00,STATIONARY
560,-0.0097,0.0000,0.00,0.00,STATIONARY
570,-0.0061,0.0000,0.00,0.00,STATIONARY
579,-0.0093,0.0000,0.00,0.00,STATIONARY
590,0.0080,0.0000,0.00,0.00,STATIONARY
600,0.0077,0.0000,0.00,0.00,STATIONARY
610,-0.0022,0.0000,0.00,0.00,STATIONARY
620,-0.0044,0.0000,0.00,0.00,STATIONARY
630,0.0151,0.0000,0.00,0.00,STATIONARY
640,0.0104,0.0000,0.00,0.00,STATIONARY
649,0.0055,0.0000,0.00,0.00,STATIONARY
660,-0.0002,0.0000,0.00,0.00,STATIONARY
670,-0.0053,0.0000,0.00,0.00,STATIONARY
680,-0.0090,0.0000,0.00,0.00,STATIONARY
690,0.0100,0.0000,0.00,0.00,STATIONARY
700,-0.0019,0.0000,0.00,0.00,STATIONARY
710,-0.0056,0.0000,0.00,0.00,STATIONARY
719,-0.0049,0.0000,0.00,0.00,STATIONARY
730,0.0086,0.0000,0.00,0.00,STATIONARY
740,0.0122,0.0000,0.00,0.00,STATIONARY
750,0.0032,0.0000,0.00,0.00,STATIONARY
760,-0.0131,0.0000,0.00,0.00,STATIONARY
770,0.0138,0.0000,0.00,0.00,STATIONARY
780,-0.0037,0.0000,0.00,0.00,STATIONARY
789,0.0012,0.0000,0.00,0.00,STATIONARY
800,-0.0213,0.0000,0.00,0.00,STATIONARY
810,-0.0029,0.0000,0.00,0.00,STATIONARY
819,0.0116,0.0000,0.00,0.00,STATIONARY
830,0.0217,0.0000,0.00,0.00,STATIONARY
840,0.0129,0.0000,0.00,0.00,STATIONARY
850,0.0049,0.0000,0.00,0.00,STATIONARY
860,-0.0037,0.0000,0.00,0.00,STATIONARY
870,0.0019,0.0000,0.00,0.00,STATIONARY
880,-0.0046,0.0000,0.00,0.00,STATIONARY
890,-0.0101,0.0000,0.00,0.00,STATIONARY
900,-0.0126,0.0000,0.00,0.00,STATIONARY
910,-0.0143,0.0000,0.00,0.00,STATIONARY
919,-0.0156,0.0000,0.00,0.00,STATIONARY
930,-0.0127,0.0000,0.00,0.00,STATIONARY
940,-0.0097,0.0000,0.00,0.00,STATIONARY
950,-0.0001,0.0000,0.00,0.00,STATIONARY
960,0.0037,0.0000,0.00,0.00,STATIONARY
970,-0.0023,0.0000,0.00,0.00,STATIONARY
980,0.0114,0.0000,0.00,0.00,STATIONARY
990,0.0102,0.0000,0.00,0.00,STATIONARY
999,0.0073,0.0000,0.00,0.00,STATIONARY
1010,0.0002,0.0000,0.00,0.00,STATIONARY
1020,-0.0021,0.0000,0.00,0.00,STATIONARY
1030,-0.0039,0.0000,0.00,0.00,STATIONARY
1040,0.0075,0.0000,0.00,0.00,STATIONARY
1050,0.0091,0.0000,0.00,0.00,STATIONARY
1060,0.0070,0.0000,0.00,0.00,STATIONARY
1070,0.0049,0.0000,0.00,0.00,STATIONARY
1079,0.0010,0.0000,0.00,0.00,STATIONARY
1090,-0.0148,0.0000,0.00,0.00,STATIONARY
1100,-0.0042,0.0000,0.00,0.00,STATIONARY
1110,-0.0069,0.0000,0.00,0.00,STATIONARY
1120,-0.0136,0.0000,0.00,0.00,STATIONARY
1130,-0.0099,0.0000,0.00,0.00,STATIONARY
1140,-0.0054,0.0000,0.00,0.00,STATIONARY
1150,0.0215,0.0000,0.00,0.00,STATIONARY
1160,0.0158,0.0000,0.00,0.00,STATIONARY
1170,0.0294,0.0000,0.00,0.00,STATIONARY
1180,0.0132,0.0000,0.00,0.00,STATIONARY
1190,0.0153,0.0000,0.00,0.00,STATIONARY
1200,0.0118,0.0000,0.00,0.00,STATIONARY
1210,-0.0054,0.0000,0.00,0.00,STATIONARY
1219,-0.0057,0.0000,0.00,0.00,STATIONARY
1230,-0.0230,0.0000,0.00,0.00,STATIONARY
1240,-0.0215,0.0000,0.00,0.00,STATIONARY
1250,-0.0265,0.0000,0.00,0.00,STATIONARY
1260,-0.0140,0.0000,0.00,0.00,STATIONARY
1270,-0.0053,0.0000,0.00,0.00,STATIONARY
1280,0.0129,0.0000,0.00,0.00,STATIONARY
1289,0.0099,0.0000,0.00,0.00,STATIONARY
1300,0.0129,0.0000,0.00,0.00,STATIONARY
1310,0.0103,0.0000,0.00,0.00,STATIONARY
1320,0.0091,0.0000,0.00,0.00,STATIONARY
1330,0.0042,0.0000,0.00,0.00,STATIONARY
1340,-0.0114,0.0000,0.00,0.00,STATIONARY
1350,0.0079,0.0000,0.00,0.00,STATIONARY
1359,0.0010,0.0000,0.00,0.00,STATIONARY
1370,0.0093,0.0000,0.00,0.00,STATIONARY
1380,0.0226,0.0000,0.00,0.00,STATIONARY
1390,0.0071,0.0000,0.00,0.00,STATIONARY
1400,0.0041,0.0000,0.00,0.00,STATIONARY
1410,0.0054,0.0000,0.00,0.00,STATIONARY
1419,-0.0008,0.0000,0.00,0.00,STATIONARY
1430,0.0023,0.0000,0.00,0.00,STATIONARY
1440,-0.0042,0.0000,0.00,0.00,STATIONARY
1450,-0.0031,0.0000,0.00,0.00,STATIONARY
1460,0.0014,0.0000,0.00,0.00,STATIONARY
1470,-0.0100,0.0000,0.00,0.00,STATIONARY
1480,0.0069,0.0000,0.00,0.00,STATIONARY
1490,0.0039,0.0000,0.00,0.00,STATIONARY
1499,-0.0038,0.0000,0.00,0.00,STATIONARY
1510,0.0036,0.0000,0.00,0.00,STATIONARY
1520,0.0061,0.0000,0.00,0.00,STATIONARY
1530,0.0064,0.0000,0.00,0.00,STATIONARY
1540,0.0048,0.0000,0.00,0.00,STATIONARY
1550,0.0063,0.0000,0.00,0.00,STATIONARY
1560,0.0024,0.0000,0.00,0.00,STATIONARY
1569,-0.0042,0.0000,0.00,0.00,STATIONARY
1579,0.0007,0.0000,0.00,0.00,STATIONARY
1590,-0.0093,0.0000,0.00,0.00,STATIONARY
1600,-0.0018,0.0000,0.00,0.00,STATIONARY
1610,-0.0014,0.0000,0.00,0.00,STATIONARY
1619,0.0180,0.0000,0.00,0.00,STATIONARY
1630,0.0034,0.0000,0.00,0.00,STATIONARY
1639,-0.0118,0.0000,0.00,0.00,STATIONARY
1650,-0.0188,0.0000,0.00,0.00,STATIONARY
1660,-0.0081,0.0000,0.00,0.00,STATIONARY
1670,0.0133,0.0000,0.00,0.00,STATIONARY
1680,0.0111,0.0000,0.00,0.00,STATIONARY
1690,0.0016,0.0000,0.00,0.00,STATIONARY
1700,-0.0030,0.0000,0.00,0.00,STATIONARY
1710,-0.0007,0.0000,0.00,0.00,STATIONARY
1720,-0.0060,0.0000,0.00,0.00,STATIONARY
1730,-0.0043,0.0000,0.00,0.00,STATIONARY
1740,-0.0046,0.0000,0.00,0.00,STATIONARY
1750,-0.0040,0.0000,0.00,0.00,STATIONARY
1760,0.0130,0.0000,0.00,0.00,STATIONARY
1770,-0.0033,0.0000,0.00,0.00,STATIONARY
1780,-0.0074,0.0000,0.00,0.00,STATIONARY
1789,0.0017,0.0000,0.00,0.00,STATIONARY
1800,-0.0094,0.0000,0.00,0.00,STATIONARY
1810,0.0013,0.0000,0.00,0.00,STATIONARY
1819,0.0015,0.0000,0.00,0.00,STATIONARY
1830,-0.0056,0.0000,0.00,0.00,STATIONARY
1840,-0.0139,0.0000,0.00,0.00,STATIONARY
1850,-0.0007,0.0000,0.00,0.00,STATIONARY
1859,-0.0074,0.0000,0.00,0.00,STATIONARY
1870,-0.0048,0.0000,0.00,0.00,STATIONARY
1880,-0.0051,0.0000,0.00,0.00,STATIONARY
1890,-0.0006,0.0000,0.00,0.00,STATIONARY
1900,-0.0035,0.0000,0.00,0.00,STATIONARY
1910,0.0079,0.0000,0.00,0.00,STATIONARY
1919,0.0054,0.0000,0.00,0.00,STATIONARY
1930,-0.0041,0.0000,0.00,0.00,STATIONARY
1940,0.0034,0.0000,0.00,0.00,STATIONARY
1950,-0.0075,0.0000,0.00,0.00,STATIONARY
1960,0.0003,0.0000,0.00,0.00,STATIONARY
1970,-0.0094,0.0000,0.00,0.00,STATIONARY
1980,-0.0034,0.0000,0.00,0.00,STATIONARY
1990,0.0061,0.0000,0.00,0.00,STATIONARY
1999,0.0059,0.0000,0.00,0.00,STATIONARY
2009,-0.0008,0.0000,0.00,0.00,STATIONARY
2020,-0.0104,0.0000,0.00,0.00,STATIONARY
2030,0.0039,0.0000,0.00,0.00,STATIONARY
2040,-0.0048,0.0000,0.00,0.00,STATIONARY
2050,-0.0044,0.0000,0.00,0.00,STATIONARY
2060,-0.0004,0.0000,0.00,0.00,STATIONARY
2069,0.0055,0.0000,0.00,0.00,STATIONARY
2079,0.0105,0.0000,0.00,0.00,STATIONARY
2090,-0.0113,0.0000,0.00,0.00,STATIONARY
2100,0.0256,0.0000,0.00,0.00,STATIONARY
2110,0.0219,0.0000,0.00,0.00,STATIONARY
2120,-0.0048,0.0000,0.00,0.00,STATIONARY
2130,-0.0053,0.0000,0.00,0.00,STATIONARY
2140,-0.0021,0.0000,0.00,0.00,STATIONARY
2150,0.0021,0.0000,0.00,0.00,STATIONARY
2160,0.0149,0.0000,0.00,0.00,STATIONARY
2170,0.0053,0.0000,0.00,0.00,STATIONARY
2180,0.0067,0.0000,0.00,0.00,STATIONARY
2190,0.0029,0.0000,0.00,0.00,STATIONARY
2200,0.0177,0.0000,0.00,0.00,STATIONARY
2210,-0.0041,0.0000,0.00,0.00,STATIONARY
2219,0.0094,0.0000,0.00,0.00,STATIONARY
2230,-0.0076,0.0000,0.00,0.00,STATIONARY
2240,0.0015,0.0000,0.00,0.00,STATIONARY
2250,0.0099,0.0000,0.00,0.00,STATIONARY
2260,-0.0060,0.0000,0.00,0.00,STATIONARY
2270,-0.0137,0.0000,0.00,0.00,STATIONARY
2280,-0.0306,0.0000,0.00,0.00,STATIONARY
2289,0.0039,0.0000,0.00,0.00,STATIONARY
2300,0.0079,0.0000,0.00,0.00,STATIONARY
2310,0.0070,0.0000,0.00,0.00,STATIONARY
2320,0.0071,0.0000,0.00,0.00,STATIONARY
2330,0.0138,0.0000,0.00,0.00,STATIONARY
2340,0.0091,0.0000,0.00,0.00,STATIONARY
2350,0.0014,0.0000,0.00,0.00,STATIONARY
2359,-0.0078,0.0000,0.00,0.00,STATIONARY
2370,-0.0065,0.0000,0.00,0.00,STATIONARY
2380,-0.0212,0.0000,0.00,0.00,STATIONARY
2390,-0.0030,0.0000,0.00,0.00,STATIONARY
2400,0.0065,0.0000,0.00,0.00,STATIONARY
2410,-0.0165,0.0000,0.00,0.00,STATIONARY
2419,0.0114,0.0000,0.00,0.00,STATIONARY
2430,0.0010,0.0000,0.00,0.00,STATIONARY
2440,0.0060,0.0000,0.00,0.00,STATIONARY
2450,0.0035,0.0000,0.00,0.00,STATIONARY
2460,-0.0037,0.0000,0.00,0.00,STATIONARY
2470,-0.0076,0.0000,0.00,0.00,STATIONARY
2480,0.0067,0.0000,0.00,0.00,STATIONARY
2490,-0.0043,0.0000,0.00,0.00,STATIONARY
2500,-0.0041,0.0000,0.00,0.00,STATIONARY
2509,0.0118,0.0000,0.00,0.00,STATIONARY
2520,0.0071,0.0000,0.00,0.00,STATIONARY
2530,0.0083,0.0000,0.00,0.00,STATIONARY
2540,0.0071,0.0000,0.00,0.00,STATIONARY
2550,0.0018,0.0000,0.00,0.00,STATIONARY
2560,0.0059,0.0000,0.00,0.00,STATIONARY
2570,-0.0089,0.0000,0.00,0.00,STATIONARY
2579,-0.0028,0.0000,0.00,0.00,STATIONARY
2590,0.0041,0.0000,0.00,0.00,STATIONARY
2600,-0.0102,0.0000,0.00,0.00,STATIONARY
2610,0.0079,0.0000,0.00,0.00,STATIONARY
2619,-0.0097,0.0000,0.00,0.00,STATIONARY
2630,0.0023,0.0000,0.00,0.00,STATIONARY
2639,-0.0016,0.0000,0.00,0.00,STATIONARY
2649,0.0123,0.0000,0.00,0.00,STATIONARY
2660,0.0034,0.0000,0.00,0.00,STATIONARY
2670,0.0134,0.0000,0.00,0.00,STATIONARY
2680,-0.0111,0.0000,0.00,0.00,STATIONARY
2690,0.0142,0.0000,0.00,0.00,STATIONARY
2700,-0.0015,0.0000,0.00,0.00,STATIONARY
2710,-0.0082,0.0000,0.00,0.00,STATIONARY
2719,-0.0141,0.0000,0.00,0.00,STATIONARY
2730,0.0015,0.0000,0.00,0.00,STATIONARY
2740,-0.0090,0.0000,0.00,0.00,STATIONARY
2750,-0.0215,0.0000,0.00,0.00,STATIONARY
2760,-0.0051,0.0000,0.00,0.00,STATIONARY
2770,-0.0067,0.0000,0.00,0.00,STATIONARY
2780,0.0095,0.0000,0.00,0.00,STATIONARY
2789,-0.0059,0.0000,0.00,0.00,STATIONARY
2800,0.0135,0.0000,0.00,0.00,STATIONARY
2810,0.0100,0.0000,0.00,0.00,STATIONARY
2819,0.0064,0.0000,0.00,0.00,STATIONARY
2830,0.0052,0.0000,0.00,0.00,STATIONARY
2840,0.0040,0.0000,0.00,0.00,STATIONARY
2850,0.0129,0.0000,0.00,0.00,STATIONARY
2860,-0.0102,0.0000,0.00,0.00,STATIONARY
2870,0.0123,0.0000,0.00,0.00,STATIONARY
2880,-0.0034,0.0000,0.00,0.00,STATIONARY
2890,0.0547,0.0000,0.00,0.00,STATIONARY
2900,0.0863,0.0000,0.00,0.00,STATIONARY
2910,0.1270,0.0000,0.00,0.00,STATIONARY
2919,0.1265,0.0000,3.40,0.81,STATIONARY
2930,0.1213,0.1213,4.61,1.72,STATIONARY
2940,0.1400,0.1400,6.01,2.75,STATIONARY
2950,0.1253,0.1253,7.26,3.83,STATIONARY
2960,0.1901,0.1901,9.17,5.10,STATIONARY
2970,0.2874,0.2874,12.04,6.76,STATIONARY
2980,0.2927,0.2927,14.97,8.72,STATIONARY
2990,0.2931,0.2931,17.90,10.92,STATIONARY
2999,0.2137,0.2137,20.03,13.09,STATIONARY
3009,0.1908,0.1908,21.94,15.21,STATIONARY
3020,0.1894,0.1894,23.84,17.27,STATIONARY
3030,0.1414,0.1414,25.25,19.18,STATIONARY
3040,0.0844,0.0844,26.09,20.83,STATIONARY
3050,0.0534,0.0000,26.09,22.09,STATIONARY
3060,-0.0111,0.0000,26.09,23.05,STATIONARY
3069,-0.0036,0.0000,26.09,23.77,STATIONARY
3079,-0.0125,0.0000,26.09,24.33,STATIONARY
3090,-0.0430,0.0000,26.09,24.75,STATIONARY
3100,-0.0285,0.0000,26.09,25.07,STATIONARY
3110,-0.0242,0.0000,26.09,25.32,STATIONARY
3120,0.0011,0.0000,26.09,25.50,STATIONARY
3130,0.0284,0.0000,26.09,25.64,STATIONARY
3140,0.0352,0.0000,26.09,25.75,STATIONARY
3150,0.0529,0.0000,26.09,25.83,STATIONARY
3160,0.0943,0.0000,26.09,25.89,STATIONARY
3170,0.1282,0.0000,26.09,25.94,STATIONARY
3180,0.1435,0.0000,29.75,26.85,STATIONARY
3190,0.1503,0.1503,31.26,27.91,STATIONARY
3200,0.1482,0.1482,32.74,29.06,STATIONARY
3210,0.1720,0.1720,34.46,30.35,STATIONARY
3219,0.1605,0.1605,36.06,31.72,STATIONARY
3230,0.1442,0.1442,37.51,33.10,STATIONARY
3240,0.1516,0.1516,39.02,34.52,STATIONARY
3250,0.1364,0.1364,40.39,35.92,STATIONARY
3260,0.1037,0.1037,41.42,37.23,STATIONARY
3270,0.1079,0.1079,42.50,38.49,STATIONARY
3280,0.0958,0.0958,43.46,39.68,STATIONARY
3289,0.0794,0.0794,44.25,40.77,STATIONARY
3300,0.0635,0.0635,44.89,41.76,STATIONARY
3310,0.0612,0.0612,45.50,42.65,STATIONARY
3320,0.0485,0.0000,45.50,43.33,STATIONARY
3330,0.0429,0.0000,45.50,43.85,STATIONARY
3339,0.0591,0.0000,45.50,44.24,STATIONARY
3350,0.0500,0.0000,45.50,44.55,STATIONARY
3360,0.0923,0.0000,47.50,45.25,STATIONARY
3370,0.1025,0.0000,47.50,45.79,STATIONARY
3380,0.1115,0.0000,50.57,46.93,STATIONARY
3390,0.1161,0.1161,51.73,48.08,STATIONARY
3400,0.1176,0.1176,52.90,49.23,STATIONARY
3410,0.1659,0.1659,54.56,50.51,STATIONARY
3419,0.1607,0.1607,56.17,51.86,STATIONARY
3430,0.1660,0.1660,57.83,53.29,STATIONARY
3440,0.1515,0.1515,59.35,54.74,STATIONARY
3450,0.1504,0.1504,60.85,56.20,STATIONARY
3460,0.1663,0.1663,62.51,57.71,STATIONARY
3470,0.1781,0.1781,64.29,59.28,STATIONARY
3480,0.1581,0.1581,65.87,60.86,STATIONARY
3490,0.1320,0.1320,67.19,62.37,STATIONARY
3500,0.1184,0.1184,68.38,63.81,STATIONARY
3509,0.1118,0.1118,69.50,65.17,STATIONARY
3520,0.1172,0.1172,70.67,66.48,STATIONARY
3530,0.1079,0.1079,71.75,67.74,STATIONARY
3540,0.1103,0.1103,72.85,68.96,STATIONARY
3550,0.1010,0.1010,73.86,70.13,STATIONARY
3560,0.1120,0.1120,74.98,71.29,STATIONARY
3570,0.1232,0.1232,76.21,72.47,STATIONARY
3579,0.1288,0.1288,77.50,73.67,STATIONARY
3590,0.1452,0.1452,78.95,74.93,UP
3600,0.1689,0.1689,80.64,76.30,UP
3610,0.1965,0.1965,82.61,77.81,UP
3620,0.2194,0.2194,84.80,79.48,UP
3630,0.2462,0.2462,87.26,81.34,UP
3640,0.2468,0.2468,89.73,83.34,UP
3650,0.2862,0.2862,92.59,85.56,UP
3660,0.3223,0.3223,95.81,88.01,UP
3670,0.3300,0.3300,99.11,90.66,UP
3680,0.3441,0.3441,102.55,93.51,UP
3690,0.3655,0.3655,106.21,96.54,UP
3700,0.3412,0.3412,109.62,99.67,UP
3709,0.3584,0.3584,113.20,102.90,UP
3720,0.3490,0.3490,116.69,106.20,UP
3730,0.3358,0.3358,120.05,109.51,UP
3740,0.3228,0.3228,123.28,112.80,UP
3750,0.3381,0.3381,126.66,116.12,UP
3760,0.3013,0.3013,129.68,119.36,UP
3769,0.3003,0.3003,132.68,122.54,UP
3780,0.3068,0.3068,135.75,125.70,UP
3789,0.3014,0.3014,138.76,128.82,UP
3800,0.3048,0.3048,141.81,131.93,UP
3810,0.3278,0.3278,145.09,135.07,UP
3820,0.3189,0.3189,148.28,138.23,UP
3830,0.3183,0.3183,151.46,141.39,UP
3840,0.3452,0.3452,154.91,144.62,UP
3850,0.3500,0.3500,158.41,147.92,UP
3860,0.3633,0.3633,162.04,151.30,UP
3870,0.3614,0.3614,165.66,154.73,UP
3880,0.3712,0.3712,169.37,158.23,UP
3890,0.3764,0.3764,173.14,161.79,UP
3900,0.4060,0.4060,177.19,165.47,UP
3910,0.4100,0.4100,181.29,169.26,UP
3919,0.4089,0.4089,185.38,173.11,UP
3930,0.4052,0.4052,189.44,177.01,UP
3940,0.3936,0.3936,193.37,180.93,UP
3950,0.4119,0.4119,197.49,184.89,UP
3960,0.3968,0.3968,201.46,188.85,UP
3970,0.3960,0.3960,205.42,192.81,UP
3980,0.4050,0.4050,209.47,196.79,UP
3990,0.4083,0.4083,213.55,200.80,UP
3999,0.4203,0.4203,217.75,204.85,UP
4009,0.4216,0.4216,221.97,208.94,UP
4020,0.4071,0.4071,226.04,213.03,UP
4030,0.4129,0.4129,230.17,217.13,UP
4040,0.4222,0.4222,234.39,221.26,UP
4050,0.4164,0.4164,238.55,225.39,UP
4060,0.4079,0.4079,242.63,229.51,UP
4070,0.4019,0.4019,246.65,233.61,UP
4080,0.4170,0.4170,250.82,237.73,UP
4090,0.4225,0.4225,255.05,241.87,UP
4100,0.4344,0.4344,259.39,246.06,UP
4110,0.4424,0.4424,263.82,250.30,UP
4120,0.4508,0.4508,268.32,254.61,UP
4130,0.4315,0.4315,272.64,258.92,UP
4140,0.4388,0.4388,277.03,263.25,UP
4149,0.4251,0.4251,281.28,267.56,UP
4160,0.4465,0.4465,285.74,271.91,UP
4170,0.4620,0.4620,290.36,276.32,UP
4180,0.4566,0.4566,294.93,280.77,UP
4190,0.4465,0.4465,299.40,285.22,UP
4200,0.4572,0.4572,303.97,289.70,UP
4210,0.4810,0.4810,308.78,294.26,UP
4220,0.4905,0.4905,313.68,298.90,UP
4230,0.4702,0.4702,318.38,303.56,UP
4240,0.4906,0.4906,323.29,308.28,UP
4250,0.4807,0.4807,328.10,313.01,UP
4260,0.4884,0.4884,332.98,317.79,UP
4270,0.4922,0.4922,337.90,322.60,UP
4280,0.4707,0.4707,342.61,327.38,UP
4290,0.4772,0.4772,347.38,332.16,UP
4300,0.4859,0.4859,352.24,336.96,UP
4310,0.4832,0.4832,357.07,341.77,UP
4320,0.4816,0.4816,361.89,346.58,UP
4330,0.4618,0.4618,366.51,351.34,UP
4340,0.4801,0.4801,371.31,356.12,UP
4350,0.5008,0.5008,376.32,360.94,UP
4359,0.4917,0.4917,381.23,365.79,UP
4370,0.5094,0.5094,386.33,370.70,UP
4380,0.4968,0.4968,391.29,375.63,UP
4390,0.5103,0.5103,396.40,380.59,UP
4400,0.5235,0.5235,401.63,385.62,UP
4410,0.5170,0.5170,406.80,390.68,UP
4419,0.5078,0.5078,411.88,395.75,UP
4430,0.5272,0.5272,417.15,400.87,UP
4440,0.5495,0.5495,422.65,406.07,UP
4450,0.5486,0.5486,428.13,411.35,UP
4460,0.5616,0.5616,433.75,416.70,UP
4470,0.5218,0.5218,438.97,422.03,UP
4480,0.5494,0.5494,444.46,427.39,UP
4490,0.5481,0.5481,449.94,432.78,UP
4499,0.5379,0.5379,455.32,438.17,UP
4509,0.5429,0.5429,460.75,443.57,UP
4520,0.5274,0.5274,466.02,448.94,UP
4530,0.5367,0.5367,471.39,454.30,UP
4540,0.5573,0.5573,476.96,459.72,UP
4550,0.5559,0.5559,482.52,465.17,UP
4560,0.5482,0.5482,488.01,470.63,UP
4570,0.5633,0.5633,493.64,476.13,UP
4579,0.5532,0.5532,499.17,481.64,UP
4590,0.5251,0.5251,504.42,487.09,UP
4600,0.5480,0.5480,509.90,492.54,UP
4610,0.5415,0.5415,515.32,497.98,UP
4620,0.5617,0.5617,520.93,503.47,UP
4630,0.5725,0.5725,526.66,509.01,UP
4640,0.5839,0.5839,532.50,514.63,UP
4650,0.5785,0.5785,538.28,520.28,UP
4660,0.5895,0.5895,544.18,526.00,UP
4670,0.5856,0.5856,550.03,531.74,UP
4679,0.5640,0.5640,555.67,537.46,UP
4690,0.5900,0.5900,561.57,543.23,UP
4700,0.6118,0.6118,567.69,549.07,UP
4710,0.6212,0.6212,573.90,555.01,UP
4720,0.6212,0.6212,580.11,561.01,UP
4730,0.5998,0.5998,586.11,567.01,UP
4740,0.6019,0.6019,592.13,573.02,UP
4750,0.6059,0.6059,598.19,579.03,UP
4760,0.6008,0.6008,604.20,585.05,UP
4770,0.5902,0.5902,610.10,591.04,UP
4780,0.5722,0.5722,615.82,596.96,UP
4790,0.6022,0.6022,621.84,602.91,UP
4800,0.6234,0.6234,628.08,608.93,UP
4810,0.6191,0.6191,634.27,614.99,UP
4820,0.6182,0.6182,640.45,621.07,UP
4830,0.6250,0.6250,646.70,627.20,UP
4840,0.6616,0.6616,653.32,633.44,UP
4850,0.6659,0.6659,659.98,639.79,UP
4859,0.6374,0.6374,666.35,646.14,UP
4870,0.6455,0.6455,672.81,652.51,UP
4880,0.6489,0.6489,679.29,658.91,UP
4890,0.6947,0.6947,686.24,665.45,UP
4900,0.6721,0.6721,692.96,672.02,UP
4910,0.6518,0.6518,699.48,678.59,UP
4919,0.6085,0.6085,705.56,685.04,UP
4930,0.6497,0.6497,712.06,691.50,UP
4940,0.6766,0.6766,718.83,698.03,UP
4950,0.6653,0.6653,725.48,704.59,UP
4960,0.6322,0.6322,731.80,711.10,UP
4970,0.5965,0.5965,737.77,717.47,UP
4980,0.6240,0.6240,744.01,723.82,UP
4990,0.6889,0.6889,750.90,730.29,UP
4999,0.6673,0.6673,757.57,736.81,UP
5009,0.6737,0.6737,764.31,743.38,UP
5020,0.6572,0.6572,770.88,749.96,UP
5030,0.6790,0.6790,777.67,756.58,UP
5040,0.6982,0.6982,784.65,763.29,UP
5050,0.6885,0.6885,791.54,770.04,UP
5060,0.6983,0.6983,798.52,776.85,UP
5070,0.6833,0.6833,805.35,783.66,UP
5079,0.7042,0.7042,812.39,790.53,UP
5090,0.7031,0.7031,819.43,797.44,UP
5100,0.7019,0.7019,826.44,804.37,UP
5110,0.7130,0.7130,833.57,811.35,UP
5120,0.6636,0.6636,840.21,818.25,UP
5130,0.6561,0.6561,846.77,825.07,UP
5140,0.6380,0.6380,853.15,831.78,UP
5150,0.6385,0.6385,859.54,838.42,UP
5160,0.6473,0.6473,866.01,845.01,UP
5170,0.5882,0.5882,871.89,851.44,UP
5180,0.5480,0.5480,877.37,857.64,UP
5190,0.5222,0.5222,882.59,863.60,UP
5200,0.5842,0.5842,888.43,869.54,UP
5210,0.5927,0.5927,894.36,875.47,UP
5220,0.5469,0.5469,899.83,881.30,UP
5230,0.5260,0.5260,905.09,886.99,UP
5240,0.4751,0.4751,909.84,892.45,UP
5250,0.4851,0.4851,914.69,897.77,UP
5260,0.4899,0.4899,919.59,902.98,UP
5270,0.4957,0.4957,924.55,908.14,UP
5280,0.4329,0.4329,928.88,913.10,UP
5290,0.3871,0.3871,932.75,917.79,UP
5300,0.3965,0.3965,936.71,922.32,UP
5310,0.3910,0.3910,940.62,926.69,UP
5320,0.3927,0.3927,944.55,930.96,UP
5330,0.3477,0.3477,948.03,935.04,UP
5340,0.2876,0.2876,950.90,938.83,UP
5350,0.3505,0.3505,954.41,942.56,UP
5359,0.3773,0.3773,958.18,946.29,UP
5370,0.3638,0.3638,961.82,950.00,UP
5380,0.2822,0.2822,964.64,953.50,UP
5390,0.3227,0.3227,967.87,956.94,UP
5400,0.3652,0.3652,971.52,960.42,UP
5410,0.3906,0.3906,975.42,964.01,UP
5419,0.3001,0.3001,978.43,967.45,UP
5430,0.2509,0.2509,980.94,970.68,UP
5439,0.3012,0.3012,983.94,973.85,UP
5450,0.3344,0.3344,987.29,977.06,UP
5460,0.2700,0.2700,989.99,980.15,UP
5470,0.1812,0.1812,991.80,982.94,UP
5480,0.1758,0.1758,993.56,985.48,UP
5490,0.1734,0.1734,995.29,987.82,UP
5500,0.1459,0.1459,996.75,989.96,UP
5509,0.0850,0.0850,997.60,991.79,UP
5520,0.0648,0.0648,998.25,993.33,UP
5530,0.0795,0.0795,999.05,994.70,UP
5540,0.0597,0.0000,999.05,995.74,UP
5550,0.0137,0.0000,999.05,996.53,UP
5560,0.0275,0.0000,999.05,997.13,UP
5570,0.0956,0.0000,1000.06,997.83,UP
5579,0.0743,0.0000,1000.06,998.36,UP
5590,0.0277,0.0000,1000.06,998.77,UP
5600,0.0350,0.0000,1000.06,999.08,UP
5610,0.0899,0.0000,1000.06,999.31,UP
5620,0.1204,0.0000,1000.06,999.49,UP
5630,0.0396,0.0000,1000.06,999.62,UP
5640,-0.0106,0.0000,1000.06,999.73,UP
5649,-0.0145,0.0000,1000.06,999.81,UP
5660,0.0376,0.0000,1000.06,999.87,UP
5670,-0.0698,0.0000,1000.06,999.91,UP
5680,-0.0927,0.0000,1000.06,999.95,UP
5690,-0.0252,0.0000,1000.06,999.97,UP
5700,0.0103,0.0000,1000.06,999.99,UP
5710,-0.0387,0.0000,1000.06,1000.01,UP
5720,-0.0412,0.0000,1000.06,1000.02,UP
5730,-0.0077,0.0000,1000.06,1000.03,UP
5740,-0.0093,0.0000,1000.06,1000.04,UP
5750,-0.0825,0.0000,1000.06,1000.04,UP
5760,-0.1127,0.0000,1000.06,1000.04,UP
5770,-0.0763,0.0000,997.34,999.40,UP
5780,-0.0507,0.0000,997.34,998.91,UP
5790,-0.1010,0.0000,996.84,998.41,UP
5800,-0.1243,0.0000,996.84,998.03,UP
5810,-0.0491,0.0000,996.84,997.75,UP
5820,-0.0204,0.0000,996.84,997.53,UP
5830,-0.0811,0.0000,996.84,997.36,UP
5840,-0.1067,0.0000,996.84,997.24,UP
5850,-0.0447,0.0000,996.84,997.14,UP
5859,-0.0006,0.0000,996.84,997.07,UP
5870,-0.0697,0.0000,996.84,997.01,UP
5880,-0.0926,0.0000,996.84,996.97,UP
5890,-0.0450,0.0000,996.84,996.94,UP
5900,-0.0147,0.0000,996.84,996.91,UP
5910,-0.0396,0.0000,996.84,996.89,UP
5920,-0.1034,0.0000,996.84,996.88,UP
5930,-0.0728,0.0000,996.84,996.87,UP
5939,-0.0299,0.0000,996.84,996.86,UP
5950,-0.0262,0.0000,996.84,996.86,UP
5960,-0.0798,0.0000,996.84,996.85,UP
5970,-0.0522,0.0000,996.84,996.85,UP
5980,0.0085,0.0000,996.84,996.84,UP
5990,-0.0111,0.0000,996.84,996.84,UP
5999,-0.0795,0.0000,996.29,996.71,UP
6009,-0.0954,0.0000,996.29,996.61,UP
6020,-0.0360,0.0000,996.29,996.53,UP
6030,-0.0161,0.0000,996.29,996.47,UP
6040,-0.1103,0.0000,996.29,996.43,UP
6050,-0.0951,0.0000,996.29,996.39,UP
6060,-0.0079,0.0000,996.29,996.37,UP
6070,0.0108,0.0000,996.29,996.35,UP
6079,-0.0770,0.0000,996.29,996.33,UP
6090,-0.0946,0.0000,996.29,996.32,UP
6100,-0.0031,0.0000,996.29,996.31,UP
6110,0.0414,0.0000,996.29,996.31,UP
6120,-0.0174,0.0000,996.29,996.30,UP
6130,-0.0628,0.0000,996.29,996.30,UP
6140,-0.0305,0.0000,996.29,996.30,UP
6149,0.0426,0.0000,996.29,996.29,UP
6160,-0.0344,0.0000,996.29,996.29,UP
6170,-0.0859,0.0000,996.29,996.29,UP
6180,-0.0402,0.0000,996.29,996.29,UP
6190,0.0054,0.0000,996.29,996.29,UP
6200,-0.0205,0.0000,996.29,996.29,UP
6210,-0.0936,0.0000,996.29,996.29,UP
6220,-0.0792,0.0000,996.29,996.29,UP
6230,0.0180,0.0000,996.29,996.29,UP
6240,0.0405,0.0000,996.29,996.29,UP
6250,-0.0795,0.0000,996.29,996.29,UP
6260,-0.0867,0.0000,996.29,996.29,UP
6270,0.0017,0.0000,996.29,996.29,UP
6280,0.0173,0.0000,996.29,996.29,UP
6289,-0.0845,0.0000,996.29,996.29,UP
6300,-0.0782,0.0000,996.29,996.29,UP
6310,0.0043,0.0000,996.29,996.29,UP
6320,0.0234,0.0000,996.29,996.29,UP
6330,-0.0837,0.0000,996.29,996.29,UP
6340,-0.0781,0.0000,996.29,996.29,UP
6350,-0.0004,0.0000,996.29,996.29,UP
6359,0.0532,0.0000,996.29,996.29,UP
6370,-0.0045,0.0000,996.29,996.29,UP
6380,-0.0847,0.0000,996.77,996.40,UP
6390,0.0129,0.0000,996.77,996.49,UP
6400,0.0631,0.0000,996.77,996.56,UP
6410,0.0231,0.0000,996.77,996.61,UP
6419,-0.0654,0.0000,996.77,996.65,UP
6430,-0.0107,0.0000,996.77,996.68,UP
6439,0.0495,0.0000,996.77,996.70,UP
6450,0.0139,0.0000,996.77,996.71,UP
6460,-0.0723,0.0000,996.77,996.73,UP
6470,-0.0704,0.0000,996.77,996.74,UP
6480,0.0375,0.0000,996.77,996.75,UP
6490,-0.0025,0.0000,996.77,996.75,UP
6499,-0.0734,0.0000,996.77,996.76,UP
6509,-0.0759,0.0000,996.77,996.76,UP
6520,0.0310,0.0000,996.77,996.76,UP
6530,0.0208,0.0000,996.77,996.76,UP
6540,-0.0536,0.0000,996.77,996.76,UP
6550,-0.0225,0.0000,996.77,996.77,UP
6560,0.0244,0.0000,996.77,996.77,UP
6570,0.0473,0.0000,996.77,996.77,UP
6579,-0.0097,0.0000,996.77,996.77,UP
6590,-0.0432,0.0000,996.77,996.77,UP
6600,0.0378,0.0000,996.77,996.77,UP
6610,0.0620,0.0000,996.77,996.77,UP
6620,0.0074,0.0000,996.77,996.77,UP
6630,-0.0734,0.0000,996.77,996.77,UP
6640,-0.0030,0.0000,996.77,996.77,UP
6649,0.0362,0.0000,996.77,996.77,UP
6660,0.0161,0.0000,996.77,996.77,UP
6670,-0.0640,0.0000,996.77,996.77,UP
6680,-0.0305,0.0000,996.77,996.77,UP
6690,0.0656,0.0000,996.77,996.77,UP
6700,0.0490,0.0000,996.77,996.77,UP
6710,-0.0465,0.0000,996.77,996.77,UP
6720,-0.0407,0.0000,996.77,996.77,UP
6730,0.0195,0.0000,996.77,996.77,UP
6740,0.0463,0.0000,996.77,996.77,UP
6750,-0.0446,0.0000,996.77,996.77,UP
6760,-0.0881,0.0000,996.77,996.77,UP
6770,0.0003,0.0000,996.77,996.77,UP
6780,0.0351,0.0000,996.77,996.77,UP
6790,-0.0215,0.0000,996.77,996.77,UP
6800,-0.0514,0.0000,996.77,996.77,UP
6810,-0.0015,0.0000,996.77,996.77,UP
6820,0.0471,0.0000,996.77,996.77,UP
6830,0.0408,0.0000,996.77,996.77,UP
6840,-0.0197,0.0000,996.77,996.77,UP
6850,-0.0208,0.0000,996.77,996.77,UP
6860,0.0454,0.0000,996.77,996.77,UP
6870,0.0150,0.0000,996.77,996.77,UP
6880,-0.0334,0.0000,996.77,996.77,UP
6890,-0.0238,0.0000,996.77,996.77,UP
6900,0.0113,0.0000,996.77,996.77,UP
6910,0.0308,0.0000,996.77,996.77,UP
6919,-0.0496,0.0000,996.77,996.77,UP
6930,-0.0477,0.0000,996.77,996.77,UP
6939,-0.0127,0.0000,996.77,996.77,UP
6950,0.0252,0.0000,996.77,996.77,UP
6960,0.0034,0.0000,996.77,996.77,UP
6970,-0.0333,0.0000,996.77,996.77,UP
6980,-0.0171,0.0000,996.77,996.77,UP
6990,0.0438,0.0000,996.77,996.77,UP
6999,0.0341,0.0000,996.77,996.77,UP
7009,-0.0178,0.0000,996.77,996.77,UP
7020,-0.0193,0.0000,996.77,996.77,UP
7030,0.0336,0.0000,996.77,996.77,UP
7040,0.0640,0.0000,996.77,996.77,UP
7050,0.0089,0.0000,996.77,996.77,UP
7060,-0.0168,0.0000,996.77,996.77,UP
7070,0.0281,0.0000,996.77,996.77,UP
7080,0.0499,0.0000,996.77,996.77,UP
7090,-0.0038,0.0000,996.77,996.77,UP
7100,-0.0530,0.0000,996.77,996.77,UP
7110,-0.0149,0.0000,996.77,996.77,UP
7120,0.0445,0.0000,996.77,996.77,UP
7130,0.0024,0.0000,996.77,996.77,UP
7140,-0.0516,0.0000,996.77,996.77,UP
7149,-0.0243,0.0000,996.77,996.77,UP
7160,0.0296,0.0000,996.77,996.77,UP
7170,0.0001,0.0000,996.77,996.77,UP
7180,-0.0535,0.0000,996.77,996.77,UP
7190,-0.0547,0.0000,996.77,996.77,UP
7200,0.0118,0.0000,996.77,996.77,UP
7210,0.0254,0.0000,996.77,996.77,UP
7219,-0.0385,0.0000,996.77,996.77,UP
7230,-0.0404,0.0000,996.77,996.77,UP
7240,0.0563,0.0000,996.77,996.77,UP
7250,0.0719,0.0000,996.77,996.77,UP
7259,0.0213,0.0000,996.77,996.77,UP
7270,-0.0418,0.0000,996.77,996.77,UP
7280,0.0081,0.0000,996.77,996.77,UP
7289,0.0907,0.0000,996.77,996.77,UP
7300,0.0102,0.0000,996.77,996.77,UP
7310,-0.0689,0.0000,996.77,996.77,UP
7320,-0.0359,0.0000,996.77,996.77,UP
7330,0.0489,0.0000,996.77,996.77,UP
7340,0.0042,0.0000,996.77,996.77,UP
7350,-0.0747,0.0000,996.77,996.77,UP
7359,-0.0710,0.0000,996.77,996.77,UP
7370,0.0121,0.0000,996.77,996.77,UP
7380,0.0429,0.0000,996.77,996.77,UP
7390,-0.0339,0.0000,996.77,996.77,UP
7400,-0.0506,0.0000,996.77,996.77,UP
7410,0.0388,0.0000,996.77,996.77,UP
7419,0.0678,0.0000,996.86,996.79,UP
7430,-0.0062,0.0000,996.86,996.81,UP
7439,-0.0352,0.0000,996.86,996.82,UP
7450,0.0397,0.0000,996.86,996.83,UP
7460,0.0812,0.0000,996.86,996.84,UP
7470,0.0197,0.0000,996.86,996.84,UP
7480,-0.0308,0.0000,996.86,996.85,UP
7490,-0.0056,0.0000,996.86,996.85,UP
7500,0.0627,0.0000,996.86,996.85,UP
7509,0.0151,0.0000,996.86,996.86,UP
7520,-0.0410,0.0000,996.86,996.86,UP
7530,-0.0456,0.0000,996.86,996.86,UP
7540,0.0395,0.0000,996.86,996.86,UP
7550,0.0135,0.0000,996.86,996.86,UP
7560,-0.0710,0.0000,996.86,996.86,UP
7570,-0.0577,0.0000,996.86,996.86,UP
7579,0.0296,0.0000,996.86,996.86,UP
7590,0.0436,0.0000,996.86,996.86,UP
7600,-0.0316,0.0000,996.86,996.86,UP
7610,-0.0594,0.0000,996.86,996.86,UP
7620,0.0358,0.0000,996.86,996.86,UP
7630,0.0682,0.0000,996.46,996.77,UP
7640,0.0163,0.0000,996.46,996.69,UP
7650,-0.0454,0.0000,996.46,996.64,UP
7660,0.0031,0.0000,996.46,996.60,UP
7670,0.0644,0.0000,996.46,996.57,UP
7680,0.0375,0.0000,996.46,996.54,UP
7690,-0.0290,0.0000,996.46,996.52,UP
7700,-0.0129,0.0000,996.46,996.51,UP
7710,0.0506,0.0000,996.46,996.50,UP
7720,0.0396,0.0000,996.46,996.49,UP
7730,-0.0398,0.0000,996.46,996.48,UP
7740,-0.0353,0.0000,996.46,996.48,UP
7750,0.0344,0.0000,996.46,996.48,UP
7760,0.0599,0.0000,996.46,996.47,UP
7770,-0.0320,0.0000,996.46,996.47,UP
7780,-0.0716,0.0000,996.46,996.47,UP
7789,-0.0203,0.0000,996.46,996.47,UP
7800,0.0483,0.0000,996.46,996.47,UP
7810,-0.0087,0.0000,996.46,996.47,UP
7820,-0.0618,0.0000,996.46,996.47,UP
7830,-0.0399,0.0000,996.46,996.47,UP
7839,0.0582,0.0000,996.46,996.47,UP
7850,0.0144,0.0000,996.46,996.47,UP
7859,-0.0732,0.0000,996.79,996.54,UP
7869,-0.0336,0.0000,996.79,996.60,UP
7880,0.0377,0.0000,996.79,996.65,UP
7890,0.0168,0.0000,996.79,996.68,UP
7900,-0.0159,0.0000,996.79,996.71,UP
7910,-0.0098,0.0000,996.79,996.73,UP
7919,0.0946,0.0000,996.79,996.74,UP
7930,0.0723,0.0000,996.79,996.76,UP
7940,-0.0282,0.0000,996.79,996.76,UP
7950,-0.0392,0.0000,996.79,996.77,UP
7960,0.0466,0.0000,996.79,996.78,UP
7970,0.0623,0.0000,996.79,996.78,UP
7980,-0.0017,0.0000,996.79,996.78,UP
7990,-0.0488,0.0000,996.79,996.78,UP
7999,-0.0216,0.0000,996.79,996.79,UP
8009,0.0450,0.0000,996.79,996.79,UP
8020,-0.0000,0.0000,996.79,996.79,UP
8030,-0.0426,0.0000,996.79,996.79,UP
8040,-0.0054,0.0000,996.79,996.79,UP
8050,0.0361,0.0000,996.79,996.79,UP
8060,-0.0204,0.0000,996.79,996.79,UP
8070,-0.0507,0.0000,996.79,996.79,UP
8079,-0.0232,0.0000,996.79,996.79,UP
8090,0.0481,0.0000,996.79,996.79,UP
8100,0.0254,0.0000,996.79,996.79,UP
8110,-0.0303,0.0000,996.79,996.79,UP
8120,-0.0317,0.0000,996.79,996.79,UP
8130,0.0219,0.0000,996.79,996.79,UP
8140,0.0337,0.0000,996.79,996.79,UP
8150,-0.0291,0.0000,996.79,996.79,UP
8160,-0.0316,0.0000,996.79,996.79,UP
8170,-0.0147,0.0000,996.79,996.79,UP
8180,0.0295,0.0000,996.79,996.79,UP
8190,0.0150,0.0000,996.79,996.79,UP
8200,-0.0492,0.0000,996.79,996.79,UP
8210,0.0043,0.0000,996.79,996.79,UP
8219,0.0386,0.0000,996.79,996.79,UP
8230,0.0190,0.0000,996.79,996.79,UP
8240,-0.0241,0.0000,996.79,996.79,UP
8250,-0.0427,0.0000,996.79,996.79,UP
8260,-0.0158,0.0000,996.79,996.79,UP
8270,0.0165,0.0000,996.79,996.79,UP
8280,-0.0263,0.0000,996.79,996.79,UP
8289,-0.0574,0.0000,996.79,996.79,UP
8300,-0.0102,0.0000,996.79,996.79,UP
8310,0.0248,0.0000,996.79,996.79,UP
8320,-0.0068,0.0000,996.79,996.79,UP
8330,-0.0538,0.0000,996.79,996.79,UP
8340,-0.0124,0.0000,996.79,996.79,UP
8350,0.0450,0.0000,996.79,996.79,UP
8359,0.0379,0.0000,996.79,996.79,UP
8369,-0.0202,0.0000,996.79,996.79,UP
8380,0.0063,0.0000,996.79,996.79,UP
8390,0.0594,0.0000,996.79,996.79,UP
8400,0.0421,0.0000,996.79,996.79,UP
8410,-0.0065,0.0000,996.79,996.79,UP
8419,-0.0052,0.0000,996.79,996.79,UP
8430,0.0498,0.0000,996.79,996.79,UP
8439,0.0633,0.0000,996.79,996.79,UP
8450,-0.0437,0.0000,996.79,996.79,UP
8460,-0.0524,0.0000,996.79,996.79,UP
8470,0.0272,0.0000,996.79,996.79,UP
8480,0.0452,0.0000,996.79,996.79,UP
8490,-0.0201,0.0000,996.79,996.79,UP
8500,-0.0543,0.0000,996.79,996.79,UP
8509,-0.0412,0.0000,996.79,996.79,UP
8520,0.0510,0.0000,996.79,996.79,UP
8530,0.0144,0.0000,996.79,996.79,UP
8540,-0.0646,0.0000,996.79,996.79,UP
8550,-0.0127,0.0000,996.79,996.79,UP
8560,0.0375,0.0000,996.79,996.79,UP
8570,0.0248,0.0000,996.79,996.79,UP
8579,-0.0210,0.0000,996.79,996.79,UP
8590,-0.0362,0.0000,996.79,996.79,UP
8600,0.0373,0.0000,996.79,996.79,UP
8610,0.0702,0.0000,996.79,996.79,UP
8620,-0.0154,0.0000,996.79,996.79,UP
8630,-0.0320,0.0000,996.79,996.79,UP
8640,0.0362,0.0000,996.79,996.79,UP
8649,0.0499,0.0000,996.79,996.79,UP
8660,0.0228,0.0000,996.79,996.79,UP
8670,-0.0419,0.0000,996.79,996.79,UP
8680,-0.0100,0.0000,996.79,996.79,UP
8690,0.0523,0.0000,996.79,996.79,UP
8700,0.0356,0.0000,996.79,996.79,UP
8710,-0.0286,0.0000,996.79,996.79,UP
8720,-0.0248,0.0000,996.79,996.79,UP
8730,0.0021,0.0000,996.79,996.79,UP
8740,-0.0059,0.0000,996.79,996.79,UP
8750,-0.0419,0.0000,996.79,996.79,UP
8760,-0.0652,0.0000,996.79,996.79,UP
8770,0.0084,0.0000,996.79,996.79,UP
8780,0.0106,0.0000,996.79,996.79,UP
8790,-0.0331,0.0000,996.79,996.79,UP
8800,-0.0334,0.0000,996.79,996.79,UP
8810,-0.0045,0.0000,996.79,996.79,UP
8820,0.0481,0.0000,996.79,996.79,UP
8830,0.0312,0.0000,996.79,996.79,UP
8840,-0.0437,0.0000,996.79,996.79,UP
8850,-0.0163,0.0000,996.79,996.79,UP
8859,0.0461,0.0000,996.79,996.79,UP
8869,0.0476,0.0000,996.79,996.79,UP
8880,-0.0009,0.0000,996.79,996.79,UP
8890,-0.0040,0.0000,996.79,996.79,UP
8900,0.0516,0.0000,996.79,996.79,UP
8910,0.0517,0.0000,996.79,996.79,UP
8919,-0.0158,0.0000,996.79,996.79,UP
8930,-0.0144,0.0000,996.79,996.79,UP
8939,0.0259,0.0000,996.79,996.79,UP
8950,0.0366,0.0000,996.79,996.79,UP
8960,-0.0267,0.0000,996.79,996.79,UP
8970,-0.0575,0.0000,996.79,996.79,UP
8980,-0.0067,0.0000,996.79,996.79,UP
8990,0.0515,0.0000,996.79,996.79,UP
9000,-0.0346,0.0000,996.79,996.79,UP
9009,-0.0709,0.0000,996.79,996.79,UP
9020,-0.0328,0.0000,996.79,996.79,UP
9030,0.0195,0.0000,996.79,996.79,UP
9040,0.0245,0.0000,996.79,996.79,UP
9050,-0.0784,0.0000,996.79,996.79,UP
9060,-0.0254,0.0000,996.79,996.79,UP
9070,0.0594,0.0000,996.79,996.79,UP
9079,0.0326,0.0000,996.79,996.79,UP
9090,0.0004,0.0000,996.79,996.79,UP
9100,-0.0282,0.0000,996.79,996.79,UP
9110,0.0120,0.0000,996.79,996.79,UP
9120,0.0282,0.0000,996.79,996.79,UP
9130,-0.0082,0.0000,996.79,996.79,UP
9140,-0.0273,0.0000,996.79,996.79,UP
9149,0.0030,0.0000,996.79,996.79,UP
9160,0.0212,0.0000,996.79,996.79,UP
9170,0.0002,0.0000,996.79,996.79,UP
9179,-0.0223,0.0000,996.79,996.79,UP
9190,-0.0073,0.0000,996.79,996.79,UP
9200,0.0446,0.0000,996.79,996.79,UP
9210,0.0407,0.0000,996.79,996.79,UP
9220,-0.0074,0.0000,996.79,996.79,UP
9230,-0.0296,0.0000,996.79,996.79,UP
9240,0.0247,0.0000,996.79,996.79,UP
9250,0.0570,0.0000,996.79,996.79,UP
9260,-0.0012,0.0000,996.79,996.79,UP
9270,-0.0333,0.0000,996.79,996.79,UP
9280,0.0086,0.0000,996.79,996.79,UP
9289,0.0152,0.0000,996.79,996.79,UP
9300,0.0189,0.0000,996.79,996.79,UP
9310,-0.0405,0.0000,996.79,996.79,UP
9320,-0.0322,0.0000,996.79,996.79,UP
9330,0.0304,0.0000,996.79,996.79,UP
9340,0.0116,0.0000,996.79,996.79,UP
9350,-0.0606,0.0000,996.79,996.79,UP
9359,-0.0389,0.0000,996.79,996.79,UP
9370,0.0037,0.0000,996.79,996.79,UP
9380,0.0284,0.0000,996.79,996.79,UP
9390,-0.0495,0.0000,996.79,996.79,UP
9400,-0.0254,0.0000,996.79,996.79,UP
9410,0.0551,0.0000,996.79,996.79,UP
9419,0.0456,0.0000,996.79,996.79,UP
9430,0.0098,0.0000,996.79,996.79,UP
9439,-0.0153,0.0000,996.79,996.79,UP
9450,0.0191,0.0000,996.79,996.79,UP
9460,0.0430,0.0000,996.79,996.79,UP
9470,0.0274,0.0000,996.79,996.79,UP
9479,0.0129,0.0000,996.79,996.79,UP
9490,0.0263,0.0000,996.79,996.79,UP
9500,0.0478,0.0000,996.79,996.79,UP
9509,0.0262,0.0000,996.79,996.79,UP
9520,-0.0291,0.0000,996.79,996.79,UP
9530,-0.0046,0.0000,996.79,996.79,UP
9540,0.0318,0.0000,996.79,996.79,UP
9550,-0.0166,0.0000,996.79,996.79,UP
9560,-0.0587,0.0000,996.79,996.79,UP
9570,-0.0528,0.0000,996.79,996.79,UP
9579,-0.0026,0.0000,996.79,996.79,UP
9590,0.0081,0.0000,996.79,996.79,UP
9600,-0.0203,0.0000,996.79,996.79,UP
9610,-0.0408,0.0000,996.79,996.79,UP
9620,0.0091,0.0000,996.79,996.79,UP
9630,0.0259,0.0000,996.79,996.79,UP
9640,0.0104,0.0000,996.79,996.79,UP
9649,-0.0091,0.0000,996.79,996.79,UP
9660,0.0045,0.0000,996.79,996.79,UP
9670,0.0386,0.0000,996.79,996.79,UP
9680,0.0003,0.0000,996.79,996.79,UP
9690,-0.0327,0.0000,996.79,996.79,UP
9700,-0.0022,0.0000,996.79,996.79,UP
9710,0.0190,0.0000,996.79,996.79,UP
9720,0.0312,0.0000,996.79,996.79,UP
9730,-0.0271,0.0000,996.79,996.79,UP
9740,0.0142,0.0000,996.79,996.79,UP
9750,0.0312,0.0000,996.79,996.79,UP
9760,0.0321,0.0000,996.79,996.79,UP
9770,-0.0058,0.0000,996.79,996.79,UP
9780,-0.0318,0.0000,996.79,996.79,UP
9790,-0.0134,0.0000,996.79,996.79,UP
9800,0.0268,0.0000,996.79,996.79,UP
9810,0.0103,0.0000,996.79,996.79,UP
9820,-0.0446,0.0000,996.79,996.79,UP
9830,-0.0136,0.0000,996.79,996.79,UP
9840,0.0295,0.0000,996.79,996.79,UP
9850,0.0209,0.0000,996.79,996.79,UP
9859,-0.0076,0.0000,996.79,996.79,UP
9869,-0.0154,0.0000,996.79,996.79,UP
9880,0.0262,0.0000,996.79,996.79,UP
9890,0.0348,0.0000,996.79,996.79,UP
9900,-0.0083,0.0000,996.79,996.79,UP
9910,-0.0016,0.0000,996.79,996.79,UP
9919,0.0484,0.0000,996.79,996.79,UP
9930,0.0201,0.0000,996.79,996.79,UP
9939,-0.0049,0.0000,996.79,996.79,UP
9950,-0.0380,0.0000,996.79,996.79,UP
9960,-0.0138,0.0000,996.79,996.79,UP
9970,0.0288,0.0000,996.79,996.79,UP
9980,0.0044,0.0000,996.79,996.79,UP
9990,-0.0284,0.0000,996.79,996.79,UP
10000,-0.0006,0.0000,996.79,996.79,UP
10009,0.0297,0.0000,996.79,996.79,UP
10020,0.0083,0.0000,996.79,996.79,UP
10030,-0.0258,0.0000,996.79,996.79,UP
10040,-0.0370,0.0000,996.79,996.79,UP
10050,0.0104,0.0000,996.79,996.79,UP
10060,0.0082,0.0000,996.79,996.79,UP
10070,-0.0680,0.0000,996.79,996.79,UP
10079,-0.0421,0.0000,996.79,996.79,UP
10090,-0.0128,0.0000,996.79,996.79,UP
10100,0.0233,0.0000,996.79,996.79,UP
10110,0.0085,0.0000,996.79,996.79,UP
10120,-0.0126,0.0000,996.79,996.79,UP
10130,-0.0024,0.0000,996.79,996.79,UP
10140,0.0229,0.0000,996.79,996.79,UP
10149,-0.0025,0.0000,996.79,996.79,UP
10160,-0.0254,0.0000,996.79,996.79,UP
10170,0.0294,0.0000,996.79,996.79,UP
10180,0.0341,0.0000,996.79,996.79,UP
10190,0.0036,0.0000,996.79,996.79,UP
10200,-0.0161,0.0000,996.79,996.79,UP
10210,-0.0094,0.0000,996.79,996.79,UP
10219,0.0237,0.0000,996.79,996.79,UP
10230,-0.0022,0.0000,996.79,996.79,UP
10240,-0.0382,0.0000,996.79,996.79,UP
10250,-0.0278,0.0000,996.79,996.79,UP
10260,0.0147,0.0000,996.79,996.79,UP
10270,0.0264,0.0000,996.79,996.79,UP
10280,0.0047,0.0000,996.79,996.79,UP
10290,-0.0204,0.0000,996.79,996.79,UP
10300,0.0300,0.0000,996.79,996.79,UP
10310,0.0509,0.0000,996.79,996.79,UP
10320,-0.0061,0.0000,996.79,996.79,UP
10330,-0.0192,0.0000,996.79,996.79,UP
10340,0.0057,0.0000,996.79,996.79,UP
10350,0.0557,0.0000,996.79,996.79,UP
10359,0.0122,0.0000,996.79,996.79,UP
10369,-0.0356,0.0000,996.79,996.79,UP
10380,-0.0477,0.0000,996.79,996.79,UP
10390,0.0340,0.0000,996.79,996.79,UP
10400,0.0447,0.0000,996.79,996.79,UP
10410,-0.0403,0.0000,996.79,996.79,UP
10419,-0.0212,0.0000,996.79,996.79,UP
10430,0.0358,0.0000,996.79,996.79,UP
10439,0.0314,0.0000,996.79,996.79,UP
10450,0.0147,0.0000,996.79,996.79,UP
10460,-0.0202,0.0000,996.79,996.79,UP
10470,-0.0022,0.0000,996.79,996.79,UP
10480,0.0371,0.0000,996.79,996.79,UP
10490,0.0007,0.0000,996.79,996.79,UP
10500,-0.0261,0.0000,996.79,996.79,UP
10510,-0.0106,0.0000,996.79,996.79,UP
10520,0.0154,0.0000,996.79,996.79,UP
10530,0.0073,0.0000,996.79,996.79,UP
10540,-0.0168,0.0000,996.79,996.79,UP
10550,-0.0501,0.0000,996.79,996.79,UP
10560,0.0343,0.0000,996.79,996.79,UP
10570,0.0066,0.0000,996.79,996.79,UP
10579,-0.0084,0.0000,996.79,996.79,UP
10590,-0.0084,0.0000,996.79,996.79,UP
10600,0.0207,0.0000,996.79,996.79,UP
10610,0.0176,0.0000,996.79,996.79,UP
10620,-0.0113,0.0000,996.79,996.79,UP
10630,-0.0267,0.0000,996.79,996.79,UP
10640,-0.0003,0.0000,996.79,996.79,UP
10649,0.0440,0.0000,996.79,996.79,UP
10660,-0.0248,0.0000,996.79,996.79,UP
10670,-0.0302,0.0000,996.79,996.79,UP
10680,-0.0615,0.0000,996.79,996.79,UP
10690,0.0034,0.0000,996.79,996.79,UP
10700,-0.0068,0.0000,996.79,996.79,UP
10710,-0.0445,0.0000,996.79,996.79,UP
10720,-0.0032,0.0000,996.79,996.79,UP
10730,0.0070,0.0000,996.79,996.79,UP
10740,0.0448,0.0000,996.79,996.79,UP
10750,0.0108,0.0000,996.79,996.79,UP
10760,0.0180,0.0000,996.79,996.79,UP
10770,0.0437,0.0000,996.79,996.79,UP
10780,0.0602,0.0000,996.79,996.79,UP
10789,0.0467,0.0000,996.79,996.79,UP
10799,0.0133,0.0000,996.79,996.79,UP
10810,0.0101,0.0000,996.79,996.79,UP
10820,0.0026,0.0000,996.79,996.79,UP
10830,0.0113,0.0000,996.79,996.79,UP
10839,-0.0215,0.0000,996.79,996.79,UP
10850,-0.0236,0.0000,996.79,996.79,UP
10859,0.0156,0.0000,996.79,996.79,UP
10870,0.0136,0.0000,996.79,996.79,UP
10880,-0.0423,0.0000,996.79,996.79,UP
10890,-0.0458,0.0000,996.79,996.79,UP
10900,-0.0345,0.0000,996.79,996.79,UP
10910,-0.0127,0.0000,996.79,996.79,UP
10919,-0.0226,0.0000,996.79,996.79,UP
10930,-0.0500,0.0000,996.79,996.79,UP
10939,-0.0314,0.0000,996.79,996.79,UP
10950,0.0052,0.0000,996.79,996.79,UP
10960,-0.0224,0.0000,996.79,996.79,UP
10970,-0.0423,0.0000,996.79,996.79,UP
10980,0.0025,0.0000,996.79,996.79,UP
10990,0.0334,0.0000,996.79,996.79,UP
11000,0.0104,0.0000,996.79,996.79,UP
11009,0.0047,0.0000,996.79,996.79,UP
11020,0.0043,0.0000,996.79,996.79,UP
11030,0.0151,0.0000,996.79,996.79,UP
11039,0.0296,0.0000,996.79,996.79,UP
11050,-0.0149,0.0000,996.79,996.79,UP
11060,0.0221,0.0000,996.79,996.79,UP
11070,0.0044,0.0000,996.79,996.79,UP
11079,0.0040,0.0000,996.79,996.79,UP
11090,0.0036,0.0000,996.79,996.79,UP
11100,-0.0188,0.0000,996.79,996.79,UP
11110,0.0024,0.0000,996.79,996.79,UP
11120,0.0076,0.0000,996.79,996.79,UP
11130,-0.0119,0.0000,996.79,996.79,UP
11140,-0.0323,0.0000,996.79,996.79,UP
11150,-0.0150,0.0000,996.79,996.79,UP
11160,0.0237,0.0000,996.79,996.79,UP
11170,0.0254,0.0000,996.79,996.79,UP
11180,-0.0315,0.0000,996.79,996.79,UP
11190,-0.0242,0.0000,996.79,996.79,UP
11200,-0.0407,0.0000,996.79,996.79,UP
11210,-0.0017,0.0000,996.79,996.79,UP
11219,-0.0014,0.0000,996.79,996.79,UP
11230,-0.0133,0.0000,996.79,996.79,UP
11240,0.0156,0.0000,996.79,996.79,UP
11250,0.0237,0.0000,996.79,996.79,UP
11260,-0.0161,0.0000,996.79,996.79,UP
11270,0.0034,0.0000,996.79,996.79,UP
11280,0.0404,0.0000,996.79,996.79,UP
11290,0.0276,0.0000,996.79,996.79,UP
11299,0.0183,0.0000,996.79,996.79,UP
11310,-0.0041,0.0000,996.79,996.79,UP
11320,0.0035,0.0000,996.79,996.79,UP
11330,0.0271,0.0000,996.79,996.79,UP
11340,0.0239,0.0000,996.79,996.79,UP
11350,-0.0117,0.0000,996.79,996.79,UP
11359,-0.0130,0.0000,996.79,996.79,UP
11369,0.0160,0.0000,996.79,996.79,UP
11380,0.0111,0.0000,996.79,996.79,UP
11390,0.0144,0.0000,996.79,996.79,UP
11400,-0.0076,0.0000,996.79,996.79,UP
11410,-0.0043,0.0000,996.79,996.79,UP
11419,0.0134,0.0000,996.79,996.79,UP
11430,-0.0057,0.0000,996.79,996.79,UP
11439,-0.0284,0.0000,996.79,996.79,UP
11450,-0.0197,0.0000,996.79,996.79,UP
11460,-0.0154,0.0000,996.79,996.79,UP
11470,-0.0094,0.0000,996.79,996.79,UP
11480,-0.0075,0.0000,996.79,996.79,UP
11490,-0.0059,0.0000,996.79,996.79,UP
11500,0.0076,0.0000,996.79,996.79,UP
11509,0.0274,0.0000,996.79,996.79,UP
11520,-0.0020,0.0000,996.79,996.79,UP
11530,0.0172,0.0000,996.79,996.79,UP
11540,0.0202,0.0000,996.79,996.79,UP
11550,0.0205,0.0000,996.79,996.79,UP
11560,0.0118,0.0000,996.79,996.79,UP
11570,-0.0011,0.0000,996.79,996.79,UP
11579,0.0005,0.0000,996.79,996.79,UP
11590,0.0292,0.0000,996.79,996.79,UP
11600,-0.0212,0.0000,996.79,996.79,UP
11610,0.0112,0.0000,996.79,996.79,UP
11620,-0.0116,0.0000,996.79,996.79,UP
11630,-0.0265,0.0000,996.79,996.79,UP
11640,-0.0183,0.0000,996.79,996.79,UP
11650,-0.0066,0.0000,996.79,996.79,UP
11660,-0.0017,0.0000,996.79,996.79,UP
11670,-0.0202,0.0000,996.79,996.79,UP
11680,-0.0138,0.0000,996.79,996.79,UP
11690,0.0036,0.0000,996.79,996.79,UP
11700,0.0023,0.0000,996.79,996.79,UP
11710,0.0115,0.0000,996.79,996.79,UP
11720,0.0259,0.0000,996.79,996.79,UP
11730,0.0205,0.0000,996.79,996.79,UP
11739,0.0245,0.0000,996.79,996.79,UP
11750,0.0210,0.0000,996.79,996.79,UP
11760,0.0246,0.0000,996.79,996.79,UP
11770,0.0105,0.0000,996.79,996.79,UP
11780,0.0176,0.0000,996.79,996.79,UP
11790,0.0138,0.0000,996.79,996.79,UP
11799,0.0225,0.0000,996.79,996.79,UP
11810,0.0042,0.0000,996.79,996.79,UP
11820,-0.0152,0.0000,996.79,996.79,UP
11830,-0.0040,0.0000,996.79,996.79,UP
11840,0.0044,0.0000,996.79,996.79,UP
11850,-0.0079,0.0000,996.79,996.79,UP
11859,-0.0311,0.0000,996.79,996.79,UP
11870,-0.0301,0.0000,996.79,996.79,UP
11880,0.0029,0.0000,996.79,996.79,UP
11890,-0.0143,0.0000,996.79,996.79,UP
11900,-0.0409,0.0000,996.79,996.79,UP
11910,-0.0148,0.0000,996.79,996.79,UP
11920,-0.0077,0.0000,996.79,996.79,UP
11930,0.0372,0.0000,996.79,996.79,UP
11939,-0.0023,0.0000,996.79,996.79,UP
11950,0.0040,0.0000,996.79,996.79,UP
11960,0.0218,0.0000,996.79,996.79,UP
11970,0.0111,0.0000,996.79,996.79,UP
11980,0.0353,0.0000,996.79,996.79,UP
11990,-0.0109,0.0000,996.79,996.79,UP
12000,0.0122,0.0000,996.79,996.79,UP
12009,0.0399,0.0000,996.79,996.79,UP
12020,-0.0053,0.0000,996.79,996.79,UP
12030,-0.0350,0.0000,996.79,996.79,UP
12040,-0.0181,0.0000,996.79,996.79,UP
12050,0.0205,0.0000,996.79,996.79,UP
12060,-0.0051,0.0000,996.79,996.79,UP
12070,-0.0274,0.0000,996.79,996.79,UP
12079,0.0022,0.0000,996.79,996.79,UP
12090,0.0244,0.0000,996.79,996.79,UP
12100,-0.0027,0.0000,996.79,996.79,UP
12110,-0.0190,0.0000,996.79,996.79,UP
12120,-0.0120,0.0000,996.79,996.79,UP
12130,0.0212,0.0000,996.79,996.79,UP
12140,0.0226,0.0000,996.79,996.79,UP
12149,-0.0128,0.0000,996.79,996.79,UP
12160,-0.0167,0.0000,996.79,996.79,UP
12170,0.0346,0.0000,996.79,996.79,UP
12180,0.0388,0.0000,996.79,996.79,UP
12190,0.0220,0.0000,996.79,996.79,UP
12200,-0.0010,0.0000,996.79,996.79,UP
12210,0.0051,0.0000,996.79,996.79,UP
12220,0.0558,0.0000,996.79,996.79,UP
12230,0.0203,0.0000,996.79,996.79,UP
12240,-0.0458,0.0000,996.79,996.79,UP
12250,-0.0133,0.0000,996.79,996.79,UP
12260,0.0340,0.0000,996.79,996.79,UP
12270,0.0102,0.0000,996.79,996.79,UP
12280,-0.0002,0.0000,996.79,996.79,UP
12289,0.0028,0.0000,996.79,996.79,UP
12299,0.0321,0.0000,996.79,996.79,UP
12310,0.0148,0.0000,996.79,996.79,UP
12320,-0.0229,0.0000,996.79,996.79,UP
12330,-0.0302,0.0000,996.79,996.79,UP
12340,0.0069,0.0000,996.79,996.79,UP
12350,0.0181,0.0000,996.79,996.79,UP
12359,-0.0175,0.0000,996.79,996.79,UP
12369,-0.0270,0.0000,996.79,996.79,UP
12380,-0.0062,0.0000,996.79,996.79,UP
12390,0.0198,0.0000,996.79,996.79,UP
12400,0.0008,0.0000,996.79,996.79,UP
12410,-0.0508,0.0000,996.79,996.79,UP
12419,0.0026,0.0000,996.79,996.79,UP
12430,0.0259,0.0000,996.79,996.79,UP
12439,0.0169,0.0000,996.79,996.79,UP
12450,-0.0120,0.0000,996.79,996.79,UP
12460,-0.0039,0.0000,996.79,996.79,UP
12470,0.0362,0.0000,996.79,996.79,UP
12480,0.0276,0.0000,996.79,996.79,UP
12490,0.0029,0.0000,996.79,996.79,UP
12500,-0.0290,0.0000,996.79,996.79,UP
12510,0.0042,0.0000,996.79,996.79,UP
12520,0.0436,0.0000,996.79,996.79,UP
12530,-0.0202,0.0000,996.79,996.79,UP
12540,-0.0388,0.0000,996.79,996.79,UP
12550,-0.0192,0.0000,996.79,996.79,UP
12560,0.0209,0.0000,996.79,996.79,UP
12570,-0.0067,0.0000,996.79,996.79,UP
12579,-0.0552,0.0000,996.79,996.79,UP
12590,-0.0092,0.0000,996.79,996.79,UP
12600,0.0292,0.0000,996.79,996.79,UP
12610,0.0169,0.0000,996.79,996.79,UP
12620,-0.0101,0.0000,996.79,996.79,UP
12630,-0.0067,0.0000,996.79,996.79,UP
12639,0.0490,0.0000,996.79,996.79,UP
12650,0.0618,0.0000,996.79,996.79,UP
12660,0.0110,0.0000,996.79,996.79,UP
12670,0.0030,0.0000,996.79,996.79,UP
12680,0.0496,0.0000,996.79,996.79,UP
12690,0.0443,0.0000,996.79,996.79,UP
12700,-0.0112,0.0000,996.79,996.79,UP
12710,-0.0296,0.0000,996.79,996.79,UP
12720,0.0152,0.0000,996.79,996.79,UP
12730,0.0465,0.0000,996.79,996.79,UP
12740,0.0069,0.0000,996.79,996.79,UP
12750,-0.0419,0.0000,996.79,996.79,UP
12760,-0.0239,0.0000,996.79,996.79,UP
12770,0.0322,0.0000,996.79,996.79,UP
12780,0.0177,0.0000,996.79,996.79,UP
12789,-0.0467,0.0000,996.79,996.79,UP
12799,-0.0284,0.0000,996.79,996.79,UP
12810,0.0197,0.0000,996.79,996.79,UP
12820,0.0270,0.0000,996.79,996.79,UP
12830,-0.0094,0.0000,996.79,996.79,UP
12840,-0.0617,0.0000,996.79,996.79,UP
12850,0.0208,0.0000,996.79,996.79,UP
12860,0.0696,0.0000,996.79,996.79,UP
12869,-0.0135,0.0000,996.79,996.79,UP
12880,-0.0522,0.0000,996.79,996.79,UP
12890,0.0150,0.0000,996.79,996.79,UP
12900,0.0586,0.0000,996.79,996.79,UP
12910,0.0124,0.0000,996.79,996.79,UP
12919,-0.0345,0.0000,996.79,996.79,UP
12930,-0.0186,0.0000,996.79,996.79,UP
12940,0.0584,0.0000,996.79,996.79,UP
12950,0.0338,0.0000,996.79,996.79,UP
12960,-0.0465,0.0000,996.79,996.79,UP
12970,-0.0531,0.0000,996.79,996.79,UP
12980,0.0178,0.0000,996.79,996.79,UP
12990,0.0379,0.0000,996.79,996.79,UP
13000,-0.0181,0.0000,996.79,996.79,UP
13009,-0.0668,0.0000,996.79,996.79,UP
13020,0.0025,0.0000,996.79,996.79,UP
13030,0.0632,0.0000,996.79,996.79,UP
13040,0.0018,0.0000,996.79,996.79,UP
13050,-0.0609,0.0000,996.79,996.79,UP
13060,0.0002,0.0000,996.79,996.79,UP
13070,0.0465,0.0000,996.79,996.79,UP
13079,0.0311,0.0000,996.79,996.79,UP
13090,-0.0186,0.0000,996.79,996.79,UP
13100,-0.0076,0.0000,996.79,996.79,UP
13110,0.0790,0.0000,996.79,996.79,UP
13120,0.0696,0.0000,996.79,996.79,UP
13130,-0.0146,0.0000,996.79,996.79,UP
13140,-0.0389,0.0000,996.79,996.79,UP
13150,0.0407,0.0000,996.79,996.79,UP
13160,0.0724,0.0000,996.79,996.79,UP
13170,-0.0139,0.0000,996.79,996.79,UP
13180,-0.0715,0.0000,996.79,996.79,UP
13190,-0.0355,0.0000,996.79,996.79,UP
13200,0.0494,0.0000,996.79,996.79,UP
13210,-0.0044,0.0000,996.79,996.79,UP
13220,-0.0623,0.0000,996.79,996.79,UP
13230,-0.0179,0.0000,996.79,996.79,UP
13240,0.0585,0.0000,996.79,996.79,UP
13250,0.0303,0.0000,996.79,996.79,UP
13260,-0.0407,0.0000,996.79,996.79,UP
13270,-0.0310,0.0000,996.79,996.79,UP
13280,0.0607,0.0000,996.78,996.79,UP
13290,0.0724,0.0000,996.78,996.79,UP
13300,-0.0371,0.0000,996.78,996.79,UP
13310,-0.0185,0.0000,996.78,996.79,UP
13320,0.0311,0.0000,996.78,996.79,UP
13330,0.0577,0.0000,996.78,996.79,UP
13340,-0.0204,0.0000,996.78,996.79,UP
13350,-0.0277,0.0000,996.78,996.79,UP
13359,-0.0044,0.0000,996.78,996.79,UP
13370,0.0431,0.0000,996.78,996.79,UP
13380,0.0218,0.0000,996.78,996.79,UP
13390,-0.0599,0.0000,996.78,996.79,UP
13400,-0.0223,0.0000,996.78,996.79,UP
13410,0.0367,0.0000,996.78,996.79,UP
13420,0.0350,0.0000,996.78,996.78,UP
13430,-0.0333,0.0000,996.78,996.78,UP
13439,-0.0174,0.0000,996.78,996.78,UP
13450,0.0296,0.0000,996.78,996.78,UP
13460,0.0414,0.0000,996.78,996.78,UP
13470,-0.0181,0.0000,996.78,996.78,UP
13480,-0.0450,0.0000,996.78,996.78,UP
13490,0.0563,0.0000,996.78,996.78,UP
13500,0.0570,0.0000,996.78,996.78,UP
13509,0.0327,0.0000,996.78,996.78,UP
13520,-0.0304,0.0000,996.78,996.78,UP
13530,0.0212,0.0000,996.78,996.78,UP
13540,0.0801,0.0000,996.78,996.78,UP
13550,0.0478,0.0000,996.78,996.78,UP
13560,-0.0172,0.0000,996.78,996.78,UP
13570,0.0178,0.0000,996.78,996.78,UP
13579,0.0957,0.0000,996.78,996.78,UP
13590,0.0453,0.0000,996.78,996.78,UP
13600,-0.0010,0.0000,996.78,996.78,UP
13610,-0.0235,0.0000,996.78,996.78,UP
13619,0.0871,0.0000,996.78,996.78,UP
13630,0.0836,0.0000,996.78,996.78,UP
13639,-0.0146,0.0000,996.78,996.78,UP
13650,-0.0169,0.0000,996.78,996.78,UP
13660,0.0524,0.0000,996.78,996.78,UP
13670,0.0945,0.0000,996.99,996.84,UP
13680,0.0160,0.0000,996.99,996.87,UP
13690,-0.0058,0.0000,996.99,996.90,UP
13700,0.0480,0.0000,996.99,996.92,UP
13710,0.1008,0.0000,996.99,996.94,UP
13720,0.0951,0.0000,996.99,996.95,UP
13730,-0.0000,0.0000,996.99,996.96,UP
13740,0.0386,0.0000,996.99,996.97,UP
13750,0.1107,0.0000,996.99,996.98,UP
13760,0.0658,0.0000,996.99,996.98,UP
13770,0.0270,0.0000,996.99,996.98,UP
13780,0.0454,0.0000,996.99,996.99,UP
13790,0.0955,0.0000,996.99,996.99,UP
13799,0.0911,0.0000,996.99,996.99,UP
13810,0.0277,0.0000,996.99,996.99,UP
13820,0.0101,0.0000,996.99,996.99,UP
13830,0.0768,0.0000,996.99,996.99,UP
13840,0.1260,0.0000,996.99,996.99,UP
13850,0.0578,0.0000,996.99,996.99,UP
13860,0.0222,0.0000,996.99,996.99,UP
13870,0.0542,0.0000,996.99,996.99,UP
13880,0.0923,0.0000,998.34,997.31,UP
13890,0.0761,0.0000,998.34,997.56,UP
13900,0.0322,0.0000,998.34,997.74,UP
13910,0.0760,0.0000,998.34,997.89,UP
13919,0.1345,0.0000,998.34,997.99,UP
13930,0.0883,0.0000,1001.32,998.79,UP
13939,0.0572,0.0000,1001.32,999.40,UP
13950,0.0529,0.0000,1001.32,999.86,UP
13960,0.1461,0.0000,1002.43,1000.47,UP
13970,0.1696,0.0000,1002.43,1000.94,UP
13980,0.1069,0.0000,1006.65,1002.30,UP
13990,0.0604,0.0604,1007.25,1003.49,UP
14000,0.1055,0.1055,1008.31,1004.64,UP
14010,0.1463,0.1463,1009.77,1005.87,UP
14020,0.0760,0.0760,1010.53,1006.98,UP
14030,0.0572,0.0000,1010.53,1007.83,UP
14039,0.1080,0.0000,1011.10,1008.61,UP
14050,0.1293,0.0000,1011.10,1009.21,UP
14060,0.0971,0.0000,1014.45,1010.46,UP
14070,0.0087,0.0000,1014.45,1011.41,UP
14079,0.0793,0.0000,1014.45,1012.14,UP
14090,0.1390,0.0000,1014.45,1012.69,UP
14100,0.1163,0.0000,1017.79,1013.91,UP
14110,0.0271,0.0000,1017.79,1014.84,UP
14120,0.0589,0.0000,1017.79,1015.55,UP
14130,0.1519,0.0000,1018.65,1016.29,UP
14140,0.1325,0.0000,1018.65,1016.85,UP
14149,0.0875,0.0000,1022.37,1018.17,UP
14160,0.0707,0.0707,1023.08,1019.35,UP
14170,0.1576,0.1576,1024.66,1020.62,UP
14180,0.1725,0.1725,1026.38,1021.99,UP
14190,0.1101,0.1101,1027.48,1023.31,UP
14200,0.0608,0.0608,1028.09,1024.45,UP
14210,0.1265,0.1265,1029.35,1025.62,UP
14219,0.1484,0.1484,1030.84,1026.87,UP
14230,0.0900,0.0900,1031.74,1028.03,UP
14240,0.0627,0.0627,1032.37,1029.07,UP
14250,0.0753,0.0753,1033.12,1030.04,UP
14260,0.1297,0.1297,1034.42,1031.08,UP
14270,0.1170,0.1170,1035.58,1032.16,UP
14280,0.0386,0.0000,1035.58,1032.98,UP
14290,0.0714,0.0000,1035.58,1033.60,UP
14299,0.1289,0.0000,1035.58,1034.08,UP
14310,0.1017,0.0000,1038.60,1035.16,UP
14320,0.0790,0.0790,1039.40,1036.17,UP
14330,0.0522,0.0000,1039.40,1036.94,UP
14340,0.0994,0.0000,1039.92,1037.65,UP
14350,0.1256,0.0000,1039.92,1038.19,UP
14360,0.0926,0.0000,1043.09,1039.37,UP
14369,0.0567,0.0000,1043.09,1040.26,UP
14380,0.1154,0.0000,1043.66,1041.07,UP
14390,0.1772,0.0000,1043.66,1041.69,UP
14400,0.1096,0.0000,1047.68,1043.12,UP
14410,0.0536,0.0000,1047.68,1044.21,UP
14419,0.0814,0.0000,1048.22,1045.17,UP
14430,0.1554,0.0000,1048.22,1045.90,UP
14439,0.1478,0.0000,1052.06,1047.37,UP
14450,0.0691,0.0691,1052.76,1048.66,UP
14460,0.0936,0.0936,1053.69,1049.86,UP
14470,0.1481,0.1481,1055.17,1051.13,UP
14480,0.1301,0.1301,1056.47,1052.41,UP
14490,0.1015,0.1015,1057.49,1053.62,UP
14500,0.0781,0.0781,1058.27,1054.73,UP
14510,0.1301,0.1301,1059.57,1055.89,UP
14520,0.1360,0.1360,1060.93,1057.10,UP
14530,0.0784,0.0784,1061.71,1058.20,UP
14540,0.0662,0.0662,1062.38,1059.20,UP
14550,0.1032,0.1032,1063.41,1060.20,UP
14560,0.1620,0.1620,1065.03,1061.36,UP
14570,0.1127,0.1127,1066.16,1062.50,UP
14579,0.0620,0.0620,1066.78,1063.53,UP
14590,0.1036,0.1036,1067.81,1064.55,UP
14600,0.1415,0.1415,1069.23,1065.67,UP
14610,0.1181,0.1181,1070.41,1066.80,UP
14619,0.0279,0.0000,1070.41,1067.66,UP
14630,0.0698,0.0000,1070.41,1068.32,UP
14640,0.1101,0.0000,1070.41,1068.82,UP
14649,0.1247,0.0000,1073.45,1069.93,UP
14660,0.0636,0.0636,1074.09,1070.92,UP
14670,0.0650,0.0650,1074.74,1071.83,UP
14680,0.1482,0.1482,1076.22,1072.88,UP
14690,0.1436,0.1436,1077.66,1074.02,UP
14700,0.0866,0.0866,1078.52,1075.10,UP
14710,0.0641,0.0641,1079.17,1076.07,UP
14719,0.1167,0.1167,1080.33,1077.09,UP
14729,0.1482,0.1482,1081.81,1078.22,UP
14740,0.1010,0.1010,1082.82,1079.32,UP
14750,0.0395,0.0000,1082.82,1080.16,UP
14760,0.0739,0.0000,1082.82,1080.80,UP
14770,0.1394,0.0000,1082.82,1081.28,UP
14780,0.1079,0.0000,1086.04,1082.42,UP
14790,0.0374,0.0000,1086.04,1083.28,UP
14799,0.0793,0.0000,1086.04,1083.94,UP
14810,0.1266,0.0000,1086.04,1084.44,UP
14820,0.1201,0.0000,1089.30,1085.60,UP
14830,0.0535,0.0000,1089.30,1086.48,UP
14840,0.0239,0.0000,1089.30,1087.16,UP
14850,0.1021,0.0000,1090.07,1087.85,UP
14860,0.1518,0.0000,1090.07,1088.38,UP
14869,0.1070,0.0000,1093.68,1089.65,UP
14880,0.0468,0.0000,1093.68,1090.61,UP
14890,0.0902,0.0000,1093.68,1091.35,UP
14900,0.1531,0.0000,1093.68,1091.90,UP
14910,0.1245,0.0000,1097.36,1093.21,UP
14919,0.0778,0.0778,1098.13,1094.38,UP
14930,0.0443,0.0000,1098.13,1095.28,UP
14939,0.1345,0.0000,1098.13,1095.96,UP
14950,0.1208,0.0000,1098.13,1096.48,UP
14960,0.0390,0.0000,1098.13,1096.88,UP
14970,0.0682,0.0000,1098.13,1097.18,UP
14980,0.1321,0.0000,1098.13,1097.41,UP
14990,0.1304,0.0000,1101.44,1098.37,UP
14999,0.0813,0.0813,1102.25,1099.30,UP
15010,0.0439,0.0000,1102.25,1100.01,UP
15020,0.0791,0.0000,1102.25,1100.54,UP
15030,0.1620,0.0000,1102.25,1100.95,UP
15040,0.1139,0.0000,1105.80,1102.11,UP
15050,0.0327,0.0000,1105.80,1102.99,UP
15060,0.0971,0.0000,1105.80,1103.67,UP
15070,0.1368,0.0000,1105.80,1104.18,UP
15079,0.1129,0.0000,1109.27,1105.39,UP
15090,0.0504,0.0000,1109.27,1106.32,UP
15100,0.0599,0.0000,1109.27,1107.03,UP
15110,0.1587,0.0000,1110.37,1107.83,UP
15120,0.1228,0.0000,1110.37,1108.44,UP
15130,0.0535,0.0000,1110.37,1108.90,UP
15140,0.0656,0.0000,1110.91,1109.38,UP
15150,0.1176,0.0000,1110.91,1109.75,UP
15160,0.1396,0.0000,1114.14,1110.80,UP
15170,0.0918,0.0918,1115.05,1111.81,UP
15180,0.0090,0.0000,1115.05,1112.59,UP
15190,0.0909,0.0000,1115.05,1113.18,UP
15200,0.1424,0.0000,1115.05,1113.63,UP
15210,0.0778,0.0000,1118.17,1114.71,UP
15219,0.0560,0.0000,1118.17,1115.54,UP
15229,0.0765,0.0000,1118.73,1116.30,UP
15240,0.1433,0.0000,1118.73,1116.88,UP
15250,0.1122,0.0000,1122.05,1118.12,UP
15260,0.0336,0.0000,1122.05,1119.06,UP
15270,0.0412,0.0000,1122.05,1119.77,UP
15280,0.1274,0.0000,1122.05,1120.31,UP
15290,0.1197,0.0000,1122.05,1120.73,UP
15299,0.0533,0.0000,1122.05,1121.04,UP
15310,0.0523,0.0000,1122.05,1121.28,UP
15320,0.0795,0.0000,1123.10,1121.72,UP
15330,0.1105,0.0000,1123.10,1122.05,UP
15340,0.0963,0.0000,1125.97,1122.99,UP
15350,0.0133,0.0000,1125.97,1123.70,UP
15360,0.0886,0.0000,1125.97,1124.24,UP
15370,0.1356,0.0000,1125.97,1124.65,UP
15380,0.1009,0.0000,1129.22,1125.74,UP
15390,0.0539,0.0000,1129.22,1126.58,UP
15400,0.0706,0.0000,1129.76,1127.34,UP
15410,0.1146,0.0000,1129.76,1127.91,UP
15419,0.0821,0.0000,1132.43,1128.99,UP
15430,0.0355,0.0000,1132.43,1129.82,UP
15439,0.0489,0.0000,1132.43,1130.44,UP
15450,0.1261,0.0000,1132.43,1130.92,UP
15460,0.1208,0.0000,1132.43,1131.28,UP
15470,0.0782,0.0000,1135.68,1132.33,UP
15480,0.0891,0.0891,1136.57,1133.34,UP
15490,0.1132,0.1132,1137.70,1134.39,UP
15500,0.1376,0.1376,1139.08,1135.51,UP
15509,0.0481,0.0000,1139.08,1136.36,UP
15520,0.0208,0.0000,1139.08,1137.01,UP
15530,0.0601,0.0000,1139.08,1137.51,UP
15540,0.0975,0.0000,1139.08,1137.88,UP
15550,0.0869,0.0000,1141.53,1138.75,UP
15560,0.0099,0.0000,1141.53,1139.42,UP
15570,0.0581,0.0000,1141.53,1139.92,UP
15579,0.1046,0.0000,1142.21,1140.47,UP
15589,0.0872,0.0000,1142.21,1140.88,UP
15600,0.0312,0.0000,1142.21,1141.20,UP
15610,0.0175,0.0000,1142.21,1141.44,UP
15620,0.0923,0.0000,1142.21,1141.62,UP
15630,0.1141,0.0000,1142.21,1141.76,UP
15640,0.0621,0.0000,1144.89,1142.51,UP
15650,0.0087,0.0000,1144.89,1143.08,UP
15660,0.1086,0.0000,1144.89,1143.51,UP
15670,0.1258,0.0000,1144.89,1143.84,UP
15680,0.0503,0.0000,1144.89,1144.09,UP
15690,0.0346,0.0000,1144.89,1144.28,UP
15700,0.0542,0.0000,1144.89,1144.43,UP
15710,0.1295,0.0000,1146.28,1144.87,UP
15720,0.0884,0.0000,1146.28,1145.21,UP
15729,0.0316,0.0000,1146.28,1145.46,UP
15740,0.0548,0.0000,1146.28,1145.66,UP
15750,0.0936,0.0000,1147.14,1146.01,UP
15760,0.0771,0.0000,1147.14,1146.28,UP
15770,0.0356,0.0000,1147.14,1146.49,UP
15780,0.0429,0.0000,1147.14,1146.65,UP
15789,0.0931,0.0000,1147.14,1146.77,UP
15799,0.1013,0.0000,1147.14,1146.86,UP
15810,0.0895,0.0000,1149.98,1147.60,UP
15820,0.0668,0.0668,1150.65,1148.33,UP
15830,0.1118,0.1118,1151.77,1149.15,UP
15840,0.1191,0.1191,1152.96,1150.06,UP
15850,0.0707,0.0707,1153.67,1150.93,UP
15860,0.0387,0.0000,1153.67,1151.58,UP
15869,0.0673,0.0000,1153.67,1152.08,UP
15880,0.1072,0.0000,1153.67,1152.46,UP
15890,0.0746,0.0000,1156.16,1153.35,UP
15900,0.0590,0.0000,1156.16,1154.02,UP
15910,0.0553,0.0000,1156.16,1154.53,UP
15919,0.1143,0.0000,1157.30,1155.19,UP
15930,0.0665,0.0000,1157.30,1155.70,UP
15939,0.0088,0.0000,1157.30,1156.08,UP
15950,0.0192,0.0000,1157.30,1156.37,UP
15960,0.0691,0.0000,1157.30,1156.60,UP
15970,0.0832,0.0000,1157.30,1156.77,UP
15980,0.0744,0.0000,1159.57,1157.44,UP
15990,0.0649,0.0649,1160.22,1158.10,UP
16000,0.1063,0.1063,1161.28,1158.86,UP
16009,0.1130,0.1130,1162.41,1159.71,UP
16020,0.0496,0.0000,1162.41,1160.36,UP
16030,0.0676,0.0000,1162.41,1160.85,UP
16040,0.0890,0.0000,1162.41,1161.22,UP
16050,0.1008,0.0000,1164.99,1162.12,UP
16060,0.1023,0.1023,1166.01,1163.05,UP
16070,0.0224,0.0000,1166.01,1163.76,UP
16079,0.0449,0.0000,1166.01,1164.30,UP
16090,0.0881,0.0000,1166.01,1164.71,UP
16100,0.0547,0.0000,1166.01,1165.02,UP
16110,0.0112,0.0000,1166.01,1165.25,UP
16120,0.0178,0.0000,1166.01,1165.43,UP
16130,0.0706,0.0000,1166.85,1165.77,UP
16139,0.1098,0.0000,1166.85,1166.03,UP
16149,0.0499,0.0000,1166.85,1166.22,UP
16160,0.0621,0.0000,1166.85,1166.37,UP
16170,0.0914,0.0000,1166.85,1166.49,UP
16180,0.1056,0.0000,1169.44,1167.19,UP
16190,0.0551,0.0000,1169.44,1167.73,UP
16200,0.0335,0.0000,1169.44,1168.14,UP
16210,0.0496,0.0000,1169.44,1168.45,UP
16220,0.0814,0.0000,1170.82,1169.02,UP
16229,0.0712,0.0000,1170.82,1169.45,UP
16240,0.0028,0.0000,1170.82,1169.78,UP
16250,0.0481,0.0000,1170.82,1170.03,UP
16260,0.0912,0.0000,1170.82,1170.22,UP
16270,0.0921,0.0000,1170.82,1170.36,UP
16280,0.0303,0.0000,1170.82,1170.47,UP
16289,0.0191,0.0000,1170.82,1170.55,UP
16299,0.0944,0.0000,1170.82,1170.62,UP
16310,0.0681,0.0000,1170.82,1170.67,UP
16320,0.0340,0.0000,1170.82,1170.70,UP
16330,0.0304,0.0000,1170.82,1170.73,UP
16340,0.0913,0.0000,1170.82,1170.75,UP
16350,0.1390,0.0000,1170.82,1170.77,UP
16360,0.0282,0.0000,1170.82,1170.78,UP
16369,0.0348,0.0000,1170.82,1170.79,UP
16380,0.1196,0.0000,1170.82,1170.80,UP
16390,0.1302,0.0000,1170.82,1170.80,UP
16400,0.0753,0.0000,1174.07,1171.59,UP
16410,0.0260,0.0000,1174.07,1172.18,UP
16419,0.0583,0.0000,1174.07,1172.63,UP
16430,0.1380,0.0000,1174.92,1173.18,UP
16440,0.0667,0.0000,1174.92,1173.59,UP
16450,-0.0178,0.0000,1174.92,1173.91,UP
16460,0.0303,0.0000,1174.92,1174.15,UP
16470,0.1112,0.0000,1174.92,1174.33,UP
16480,0.1061,0.0000,1174.92,1174.47,UP
16490,-0.0169,0.0000,1174.92,1174.58,UP
16500,-0.0105,0.0000,1174.92,1174.66,UP
16509,0.0730,0.0000,1174.92,1174.72,UP
16520,0.0886,0.0000,1174.92,1174.77,UP
16530,0.0183,0.0000,1174.92,1174.80,UP
16540,-0.0350,0.0000,1174.92,1174.83,UP
16550,0.0705,0.0000,1174.92,1174.85,UP
16559,0.1118,0.0000,1174.92,1174.87,UP
16570,0.0441,0.0000,1174.92,1174.88,UP
16579,-0.0215,0.0000,1174.92,1174.89,UP
16590,0.0423,0.0000,1174.92,1174.89,UP
16600,0.1042,0.0000,1174.92,1174.90,UP
16610,0.0492,0.0000,1174.92,1174.90,UP
16620,-0.0094,0.0000,1174.92,1174.91,UP
16630,0.0169,0.0000,1174.92,1174.91,UP
16639,0.1364,0.0000,1174.92,1174.91,UP
16650,0.0889,0.0000,1174.92,1174.91,UP
16660,0.0076,0.0000,1174.92,1174.91,UP
16670,0.0089,0.0000,1174.92,1174.91,UP
16680,0.0726,0.0000,1174.92,1174.91,UP
16690,0.1115,0.0000,1174.92,1174.92,UP
16700,0.0038,0.0000,1174.92,1174.92,UP
16710,-0.0241,0.0000,1174.92,1174.92,UP
16720,0.0355,0.0000,1174.92,1174.92,UP
16729,0.0929,0.0000,1174.92,1174.92,UP
16740,0.0241,0.0000,1174.92,1174.92,UP
16750,-0.0335,0.0000,1174.92,1174.92,UP
16760,0.0325,0.0000,1174.92,1174.92,UP
16770,0.1137,0.0000,1174.92,1174.92,UP
16780,0.1115,0.0000,1174.92,1174.92,UP
16790,-0.0008,0.0000,1174.92,1174.92,UP
16799,-0.0094,0.0000,1174.92,1174.92,UP
16810,0.1075,0.0000,1174.92,1174.92,UP
16820,0.1000,0.0000,1174.92,1174.92,UP
16830,-0.0001,0.0000,1174.92,1174.92,UP
16840,0.0168,0.0000,1174.92,1174.92,UP
16850,0.0767,0.0000,1174.92,1174.92,UP
16860,0.0841,0.0000,1174.92,1174.92,UP
16870,0.0113,0.0000,1174.92,1174.92,UP
16880,-0.0341,0.0000,1174.92,1174.92,UP
16890,0.0380,0.0000,1174.92,1174.92,UP
16900,0.1179,0.0000,1174.92,1174.92,UP
16910,0.0154,0.0000,1174.92,1174.92,UP
16919,-0.0309,0.0000,1174.92,1174.92,UP
16930,0.0344,0.0000,1174.92,1174.92,UP
16940,0.0789,0.0000,1174.92,1174.92,UP
16950,0.0650,0.0000,1174.92,1174.92,UP
16960,0.0007,0.0000,1174.92,1174.92,UP
16970,-0.0003,0.0000,1174.92,1174.92,UP
16980,0.0953,0.0000,1174.92,1174.92,UP
16990,0.0926,0.0000,1174.92,1174.92,UP
17000,0.0148,0.0000,1174.92,1174.92,UP
17009,-0.0128,0.0000,1174.92,1174.92,UP
17020,0.0456,0.0000,1174.92,1174.92,UP
17030,0.1077,0.0000,1174.92,1174.92,UP
17040,0.0474,0.0000,1174.92,1174.92,UP
17050,-0.0120,0.0000,1174.92,1174.92,UP
17060,0.0128,0.0000,1174.92,1174.92,UP
17070,0.0859,0.0000,1174.92,1174.92,UP
17079,0.0600,0.0000,1174.92,1174.92,UP
17090,-0.0259,0.0000,1174.92,1174.92,UP
17100,0.0183,0.0000,1174.92,1174.92,UP
17110,0.0730,0.0000,1174.92,1174.92,UP
17120,0.0654,0.0000,1174.92,1174.92,UP
17130,-0.0158,0.0000,1174.92,1174.92,UP
17140,-0.0273,0.0000,1174.92,1174.92,UP
17150,0.0317,0.0000,1174.92,1174.92,UP
17159,0.0693,0.0000,1174.92,1174.92,UP
17170,0.0002,0.0000,1174.92,1174.92,UP
17180,-0.0274,0.0000,1174.92,1174.92,UP
17190,0.0280,0.0000,1174.92,1174.92,UP
17200,0.0646,0.0000,1174.92,1174.92,UP
17210,0.0543,0.0000,1174.92,1174.92,UP
17220,0.0036,0.0000,1174.92,1174.92,UP
17229,0.0477,0.0000,1174.92,1174.92,UP
17240,0.1106,0.0000,1175.97,1175.17,UP
17250,0.0801,0.0000,1175.97,1175.36,UP
17260,0.0014,0.0000,1175.97,1175.51,UP
17270,0.0232,0.0000,1175.97,1175.62,UP
17280,0.1061,0.0000,1175.97,1175.70,UP
17290,0.0648,0.0000,1175.97,1175.77,UP
17300,0.0207,0.0000,1175.97,1175.82,UP
17310,-0.0102,0.0000,1175.97,1175.85,UP
17320,0.0459,0.0000,1175.97,1175.88,UP
17330,0.0758,0.0000,1175.97,1175.90,UP
17340,0.0052,0.0000,1175.97,1175.92,UP
17350,-0.0286,0.0000,1175.97,1175.93,UP
17360,0.0082,0.0000,1175.97,1175.94,UP
17369,0.0952,0.0000,1175.97,1175.95,UP
17380,-0.0023,0.0000,1175.97,1175.96,UP
17390,-0.0101,0.0000,1175.97,1175.96,UP
17400,0.0403,0.0000,1175.97,1175.96,UP
17410,0.0703,0.0000,1175.97,1175.97,UP
17419,0.0766,0.0000,1175.97,1175.97,UP
17430,-0.0267,0.0000,1175.97,1175.97,UP
17440,-0.0199,0.0000,1175.97,1175.97,UP
17450,0.0454,0.0000,1175.97,1175.97,UP
17460,0.0575,0.0000,1175.97,1175.97,UP
17470,0.0588,0.0000,1175.97,1175.97,UP
17480,-0.0006,0.0000,1175.97,1175.97,UP
17490,0.0336,0.0000,1175.97,1175.97,UP
17500,0.0445,0.0000,1175.97,1175.97,UP
17509,0.0071,0.0000,1175.97,1175.97,UP
17520,-0.0307,0.0000,1175.97,1175.97,UP
17530,-0.0127,0.0000,1175.97,1175.97,UP
17540,0.0659,0.0000,1175.97,1175.97,UP
17550,0.0063,0.0000,1175.97,1175.97,UP
17560,0.0129,0.0000,1175.97,1175.97,UP
17570,0.0221,0.0000,1175.97,1175.97,UP
17579,0.0816,0.0000,1175.97,1175.97,UP
17590,0.0776,0.0000,1175.97,1175.97,UP
17600,0.0167,0.0000,1175.97,1175.97,UP
17610,0.0142,0.0000,1175.97,1175.97,UP
17620,0.0663,0.0000,1175.97,1175.97,UP
17630,0.0552,0.0000,1175.97,1175.97,UP
17640,-0.0371,0.0000,1175.97,1175.97,UP
17649,-0.0283,0.0000,1175.97,1175.97,UP
17660,0.0466,0.0000,1175.97,1175.97,UP
17670,0.0285,0.0000,1175.97,1175.97,UP
17680,0.0188,0.0000,1175.97,1175.97,UP
17689,-0.0381,0.0000,1175.97,1175.97,UP
17700,0.0221,0.0000,1175.97,1175.97,UP
17710,0.0648,0.0000,1176.65,1176.13,UP
17720,-0.0214,0.0000,1176.65,1176.26,UP
17729,-0.0491,0.0000,1176.65,1176.35,UP
17740,-0.0640,0.0000,1176.65,1176.42,UP
17750,0.0189,0.0000,1176.65,1176.48,UP
17760,-0.0352,0.0000,1176.65,1176.52,UP
17770,-0.0640,0.0000,1176.65,1176.55,UP
17780,-0.0506,0.0000,1176.65,1176.57,UP
17790,-0.0293,0.0000,1176.65,1176.59,UP
17799,-0.0256,0.0000,1176.65,1176.61,UP
17810,-0.0904,0.0000,1175.59,1176.36,UP
17820,-0.0823,0.0000,1175.59,1176.18,UP
17830,-0.0552,0.0000,1175.59,1176.04,UP
17840,-0.0262,0.0000,1175.59,1175.93,UP
17850,-0.0903,0.0000,1174.78,1175.66,UP
17860,-0.1276,0.0000,1174.78,1175.45,UP
17869,-0.0707,0.0000,1171.89,1174.60,UP
17880,-0.0632,-0.0632,1171.26,1173.80,UP
17890,-0.0732,-0.0732,1170.53,1173.02,UP
17900,-0.1655,-0.1655,1168.88,1172.03,UP
17910,-0.1208,-0.1208,1167.67,1170.99,UP
17919,-0.1072,-0.1072,1166.60,1169.94,UP
17930,-0.1353,-0.1353,1165.24,1168.81,UP
17940,-0.1849,-0.1849,1163.39,1167.52,UP
17950,-0.2157,-0.2157,1161.24,1166.02,UP
17960,-0.1254,-0.1254,1159.98,1164.57,UP
17970,-0.1662,-0.1662,1158.32,1163.08,UP
17980,-0.1865,-0.1865,1156.45,1161.50,UP
17990,-0.2076,-0.2076,1154.38,1159.79,UP
18000,-0.1706,-0.1706,1152.67,1158.09,UP
18009,-0.1628,-0.1628,1151.05,1156.41,UP
18020,-0.2069,-0.2069,1148.98,1154.63,UP
18030,-0.2057,-0.2057,1146.92,1152.79,UP
18040,-0.2195,-0.2195,1144.72,1150.86,UP
18050,-0.2021,-0.2021,1142.70,1148.91,UP
18060,-0.2255,-0.2255,1140.45,1146.89,UP
18070,-0.2534,-0.2534,1137.91,1144.74,UP
18080,-0.2808,-0.2808,1135.11,1142.44,UP
18090,-0.2675,-0.2675,1132.43,1140.05,UP
18100,-0.2624,-0.2624,1129.81,1137.60,UP
18110,-0.2705,-0.2705,1127.10,1135.09,UP
18120,-0.3008,-0.3008,1124.10,1132.46,UP
18130,-0.3065,-0.3065,1121.03,1129.73,UP
18140,-0.2789,-0.2789,1118.24,1126.98,UP
18149,-0.2905,-0.2905,1115.34,1124.20,UP
18159,-0.3050,-0.3050,1112.29,1121.35,UP
18170,-0.3358,-0.3358,1108.93,1118.38,UP
18180,-0.3227,-0.3227,1105.70,1115.35,UP
18190,-0.2826,-0.2826,1102.88,1112.37,UP
18200,-0.3076,-0.3076,1099.80,1109.36,UP
18210,-0.3590,-0.3590,1096.21,1106.22,UP
18220,-0.3506,-0.3506,1092.70,1102.99,UP
18229,-0.3588,-0.3588,1089.12,1099.67,UP
18240,-0.3478,-0.3478,1085.64,1096.32,UP
18250,-0.3407,-0.3407,1082.23,1092.95,UP
18260,-0.4004,-0.4004,1078.23,1089.43,UP
18270,-0.3762,-0.3762,1074.46,1085.85,UP
18280,-0.3665,-0.3665,1070.80,1082.25,UP
18290,-0.3656,-0.3656,1067.14,1078.64,UP
18299,-0.4036,-0.4036,1063.11,1074.93,UP
18310,-0.4437,-0.4437,1058.67,1071.04,UP
18320,-0.4020,-0.4020,1054.65,1067.12,UP
18330,-0.3943,-0.3943,1050.71,1063.20,UP
18340,-0.4274,-0.4274,1046.43,1059.19,UP
18350,-0.4455,-0.4455,1041.98,1055.07,UP
18360,-0.4895,-0.4895,1037.08,1050.77,UP
18369,-0.4655,-0.4655,1032.43,1046.39,UP
18380,-0.4312,-0.4312,1028.11,1042.02,UP
18390,-0.4659,-0.4659,1023.45,1037.58,UP
18400,-0.4719,-0.4719,1018.74,1033.08,UP
18410,-0.4746,-0.4746,1013.99,1028.51,UP
18419,-0.4645,-0.4645,1009.35,1023.93,UP
18430,-0.4529,-0.4529,1004.82,1019.36,UP
18440,-0.4758,-0.4758,1000.06,1014.75,UP
18450,-0.4885,-0.4885,995.17,1010.07,UP
18460,-0.5168,-0.5168,990.00,1005.27,UP
18470,-0.5254,-0.5254,984.75,1000.37,UP
18480,-0.5108,-0.5108,979.64,995.41,UP
18490,-0.5081,-0.5081,974.56,990.43,UP
18500,-0.5223,-0.5223,969.34,985.39,UP
18510,-0.5693,-0.5693,963.65,980.19,UP
18520,-0.5627,-0.5627,958.02,974.89,UP
18530,-0.5499,-0.5499,952.52,969.54,UP
18540,-0.5372,-0.5372,947.15,964.19,UP
18550,-0.5515,-0.5515,941.63,958.80,UP
18560,-0.5652,-0.5652,935.98,953.34,UP
18570,-0.5987,-0.5987,929.99,947.76,UP
18579,-0.5862,-0.5862,924.13,942.11,UP
18590,-0.5934,-0.5934,918.20,936.39,UP
18600,-0.5716,-0.5716,912.48,930.68,UP
18610,-0.5798,-0.5798,906.68,924.94,UP
18620,-0.6221,-0.6221,900.46,919.09,UP
18630,-0.6355,-0.6355,894.11,913.12,UP
18640,-0.6086,-0.6086,888.02,907.12,UP
18649,-0.6192,-0.6192,881.83,901.07,UP
18660,-0.6097,-0.6097,875.73,895.02,UP
18670,-0.6293,-0.6293,869.44,888.90,UP
18680,-0.6287,-0.6287,863.15,882.75,UP
18690,-0.6433,-0.6433,856.72,876.52,UP
18700,-0.6654,-0.6654,850.07,870.20,UP
18710,-0.6631,-0.6631,843.44,863.80,UP
18720,-0.6537,-0.6537,836.90,857.37,UP
18729,-0.6676,-0.6676,830.22,850.88,UP
18740,-0.6748,-0.6748,823.47,844.33,UP
18750,-0.6943,-0.6943,816.53,837.68,UP
18760,-0.6987,-0.6987,809.54,830.96,UP
18770,-0.7108,-0.7108,802.44,824.14,UP
18780,-0.7178,-0.7178,795.26,817.24,UP
18790,-0.7070,-0.7070,788.19,810.29,UP
18799,-0.7142,-0.7142,781.05,803.30,UP
18810,-0.7113,-0.7113,773.93,796.28,UP
18820,-0.7125,-0.7125,766.81,789.23,UP
18830,-0.7196,-0.7196,759.61,782.15,UP
18840,-0.7293,-0.7293,752.32,775.02,UP
18850,-0.7803,-0.7803,744.52,767.73,UP
18860,-0.7669,-0.7669,736.85,760.35,UP
18870,-0.7361,-0.7361,729.49,752.97,UP
18880,-0.7290,-0.7290,722.19,745.61,UP
18890,-0.7476,-0.7476,714.72,738.23,UP
18900,-0.7634,-0.7634,707.09,730.78,UP
18910,-0.7543,-0.7543,699.54,723.31,UP
18919,-0.7445,-0.7445,692.10,715.85,UP
18930,-0.7625,-0.7625,684.47,708.35,UP
18940,-0.7673,-0.7673,676.80,700.81,UP
18950,-0.7516,-0.7516,669.28,693.27,UP
18960,-0.7409,-0.7409,661.87,685.76,UP
18970,-0.6975,-0.6975,654.90,678.39,UP
18980,-0.6955,-0.6955,647.94,671.11,UP
18990,-0.7287,-0.7287,640.66,663.83,UP
19000,-0.7166,-0.7166,633.49,656.58,UP
19010,-0.7336,-0.7336,626.16,649.31,UP
19020,-0.7206,-0.7206,618.95,642.05,UP
19030,-0.7043,-0.7043,611.91,634.84,UP
19040,-0.7032,-0.7032,604.88,627.68,UP
19050,-0.6862,-0.6862,598.01,620.59,UP
19060,-0.7163,-0.7163,590.85,613.48,UP
19070,-0.6587,-0.6587,584.26,606.49,UP
19080,-0.6493,-0.6493,577.77,599.63,UP
19090,-0.6356,-0.6356,571.41,592.88,UP
19100,-0.6226,-0.6226,565.19,586.26,UP
19110,-0.6132,-0.6132,559.06,579.76,UP
19120,-0.6135,-0.6135,552.92,573.34,UP
19130,-0.6342,-0.6342,546.58,566.95,UP
19140,-0.6474,-0.6474,540.11,560.53,UP
19149,-0.6339,-0.6339,533.77,554.13,UP
19159,-0.6381,-0.6381,527.39,547.74,UP
19170,-0.6217,-0.6217,521.17,541.39,UP
19180,-0.5841,-0.5841,515.33,535.16,UP
19190,-0.5376,-0.5376,509.95,529.13,UP
19200,-0.5613,-0.5613,504.34,523.20,UP
19210,-0.5294,-0.5294,499.04,517.43,UP
19220,-0.5147,-0.5147,493.90,511.80,UP
19229,-0.5156,-0.5156,488.74,506.29,UP
19240,-0.5277,-0.5277,483.46,500.83,UP
19250,-0.5257,-0.5257,478.21,495.42,UP
19260,-0.5499,-0.5499,472.71,489.99,UP
19270,-0.5239,-0.5239,467.47,484.61,UP
19280,-0.5178,-0.5178,462.29,479.27,UP
19290,-0.4808,-0.4808,457.48,474.06,UP
19299,-0.4898,-0.4898,452.58,468.93,UP
19310,-0.4543,-0.4543,448.04,463.93,UP
19320,-0.4620,-0.4620,443.42,459.03,UP
19330,-0.4581,-0.4581,438.84,454.20,UP
19340,-0.4193,-0.4193,434.65,449.53,UP
19350,-0.4299,-0.4299,430.35,444.94,UP
19360,-0.4075,-0.4075,426.27,440.48,UP
19369,-0.4014,-0.4014,422.26,436.12,UP
19380,-0.3907,-0.3907,418.35,431.87,UP
19390,-0.3710,-0.3710,414.64,427.75,UP
19400,-0.3728,-0.3728,410.91,423.73,UP
19410,-0.3692,-0.3692,407.22,419.78,UP
19419,-0.3824,-0.3824,403.40,415.87,UP
19430,-0.3678,-0.3678,399.72,412.01,UP
19439,-0.3586,-0.3586,396.14,408.22,UP
19450,-0.3512,-0.3512,392.62,404.48,UP
19460,-0.3527,-0.3527,389.09,400.81,UP
19470,-0.3233,-0.3233,385.86,397.23,UP
19480,-0.3173,-0.3173,382.69,393.76,UP
19490,-0.3019,-0.3019,379.67,390.39,UP
19500,-0.3039,-0.3039,376.63,387.10,UP
19509,-0.3030,-0.3030,373.60,383.87,UP
19520,-0.2935,-0.2935,370.66,380.71,UP
19530,-0.2889,-0.2889,367.78,377.62,UP
19540,-0.2708,-0.2708,365.07,374.62,UP
19550,-0.2531,-0.2531,362.54,371.73,UP
19560,-0.2607,-0.2607,359.93,368.91,UP
19570,-0.2537,-0.2537,357.39,366.16,UP
19580,-0.2301,-0.2301,355.09,363.51,UP
19589,-0.2221,-0.2221,352.87,360.97,UP
19600,-0.2212,-0.2212,350.66,358.50,UP
19610,-0.2118,-0.2118,348.54,356.12,UP
19620,-0.2066,-0.2066,346.48,353.82,UP
19630,-0.1957,-0.1957,344.52,351.59,UP
19640,-0.1959,-0.1959,342.56,349.43,UP
19649,-0.1925,-0.1925,340.64,347.33,UP
19660,-0.1839,-0.1839,338.80,345.29,UP
19670,-0.1794,-0.1794,337.00,343.31,UP
19680,-0.1625,-0.1625,335.38,341.41,UP
19690,-0.1390,-0.1390,333.99,339.64,UP
19700,-0.1378,-0.1378,332.61,337.96,UP
19710,-0.1337,-0.1337,331.27,336.36,UP
19720,-0.1248,-0.1248,330.02,334.84,UP
19729,-0.1350,-0.1350,328.67,333.37,UP
19740,-0.1152,-0.1152,327.52,331.97,UP
19750,-0.1105,-0.1105,326.42,330.64,UP
19760,-0.1107,-0.1107,325.31,329.37,UP
19770,-0.1009,-0.1009,324.30,328.16,UP
19780,-0.0877,-0.0877,323.42,327.03,UP
19790,-0.0491,0.0000,323.42,326.16,UP
19799,-0.0618,0.0000,323.42,325.51,UP
19810,-0.0352,0.0000,323.42,325.01,UP
19820,-0.0355,0.0000,323.42,324.63,UP
19830,-0.0574,0.0000,323.42,324.34,UP
19840,-0.0262,0.0000,323.42,324.12,UP
19850,-0.0110,0.0000,323.42,323.96,UP
19860,-0.0295,0.0000,323.42,323.83,UP
19869,0.0066,0.0000,323.42,323.73,UP
19880,0.0378,0.0000,323.42,323.66,UP
19890,0.0265,0.0000,323.42,323.60,UP
19900,0.0387,0.0000,323.42,323.56,UP
19910,0.0514,0.0000,323.42,323.53,UP
19919,0.0552,0.0000,323.42,323.50,UP
19930,0.0420,0.0000,323.42,323.48,UP
19940,0.0867,0.0000,323.42,323.47,UP
19950,0.0673,0.0000,323.42,323.46,UP
19960,0.0617,0.0000,325.58,323.97,UP
19970,0.0728,0.0728,326.31,324.53,UP
19980,0.0688,0.0688,327.00,325.12,UP
19990,0.0759,0.0759,327.76,325.75,UP
20000,0.0876,0.0876,328.63,326.44,UP
20010,0.0751,0.0751,329.38,327.14,UP
20020,0.0499,0.0000,329.38,327.68,UP
20030,0.0568,0.0000,329.38,328.08,UP
20040,0.0824,0.0000,330.45,328.65,UP
20050,0.0288,0.0000,330.45,329.08,UP
20060,0.0432,0.0000,330.45,329.41,UP
20070,0.0705,0.0000,330.45,329.66,UP
20079,0.0625,0.0000,330.45,329.85,UP
20089,0.0568,0.0000,330.45,329.99,UP
20100,0.1005,0.0000,331.02,330.24,UP
20110,0.0713,0.0000,331.02,330.42,UP
20120,0.0471,0.0000,331.02,330.56,UP
20130,0.0903,0.0000,331.02,330.67,UP
20140,0.0906,0.0000,331.02,330.76,UP
20150,0.0715,0.0000,333.54,331.42,UP
20159,0.0827,0.0827,334.37,332.13,UP
20170,0.0769,0.0769,335.14,332.85,UP
20180,0.0853,0.0853,335.99,333.60,UP
20190,0.0919,0.0919,336.91,334.39,UP
20200,0.0746,0.0746,337.66,335.17,UP
20210,0.0557,0.0000,337.66,335.76,UP
20220,0.0611,0.0000,338.21,336.35,UP
20229,0.0658,0.0000,338.21,336.80,UP
20240,0.0573,0.0000,338.21,337.13,UP
20250,0.0462,0.0000,338.21,337.39,UP
20260,0.0615,0.0000,339.25,337.84,UP
20270,0.0636,0.0000,339.25,338.17,UP
20280,0.0557,0.0000,339.25,338.43,UP
20290,0.0459,0.0000,339.25,338.63,UP
20299,0.0616,0.0000,340.26,339.02,UP
20310,0.0583,0.0000,340.26,339.32,UP
20320,0.0624,0.0000,340.85,339.68,UP
20330,0.0547,0.0000,340.85,339.96,UP
20340,0.0752,0.0000,341.39,340.30,UP
20350,0.0706,0.0000,341.39,340.56,UP
20360,0.0511,0.0000,341.39,340.76,UP
20370,0.0818,0.0000,341.91,341.04,UP
20380,0.0663,0.0000,341.91,341.24,UP
20390,0.0546,0.0000,341.91,341.40,UP
20400,0.0767,0.0000,342.45,341.65,UP
20410,0.0795,0.0000,342.45,341.84,UP
20419,0.0546,0.0000,342.45,341.99,UP
20430,0.0434,0.0000,342.45,342.10,UP
20440,0.0528,0.0000,342.45,342.18,UP
20450,0.0498,0.0000,342.45,342.25,UP
20460,0.0328,0.0000,342.45,342.30,UP
20470,0.0364,0.0000,342.45,342.33,UP
20480,0.0448,0.0000,342.45,342.36,UP
20490,0.0441,0.0000,342.45,342.38,UP
20500,0.0561,0.0000,342.45,342.40,UP
20510,0.0492,0.0000,342.45,342.41,UP
20520,0.0346,0.0000,342.45,342.42,UP
20530,0.0334,0.0000,342.45,342.43,UP
20540,0.0482,0.0000,342.45,342.43,UP
20550,0.0434,0.0000,342.45,342.44,UP
20560,0.0541,0.0000,342.45,342.44,UP
20570,0.0703,0.0000,342.45,342.44,UP
20579,0.0750,0.0000,342.45,342.45,UP
20589,0.0624,0.0000,344.53,342.94,UP
20600,0.0586,0.0000,344.53,343.32,UP
20610,0.0432,0.0000,344.53,343.61,UP
20620,0.0309,0.0000,344.53,343.83,UP
20630,0.0522,0.0000,344.53,344.00,UP
20640,0.0430,0.0000,344.53,344.12,UP
20650,0.0339,0.0000,344.53,344.22,UP
20660,0.0283,0.0000,344.53,344.29,UP
20670,0.0333,0.0000,344.53,344.35,UP
20680,0.0459,0.0000,344.53,344.39,UP
20690,0.0296,0.0000,344.53,344.43,UP
20700,0.0517,0.0000,344.53,344.45,UP
20710,0.0357,0.0000,344.53,344.47,UP
20720,0.0129,0.0000,344.53,344.48,UP
20729,0.0255,0.0000,344.53,344.49,UP
20740,0.0370,0.0000,344.53,344.50,UP
20750,0.0260,0.0000,344.53,344.51,UP
20760,0.0475,0.0000,344.53,344.51,UP
20770,0.0623,0.0000,344.53,344.52,UP
20780,0.0513,0.0000,344.53,344.52,UP
20790,0.0532,0.0000,344.53,344.52,UP
20799,0.0632,0.0000,345.57,344.77,UP
20810,0.0317,0.0000,345.57,344.97,UP
20820,0.0222,0.0000,345.57,345.11,UP
20830,0.0379,0.0000,345.57,345.22,UP
20839,0.0364,0.0000,345.57,345.31,UP
20850,0.0370,0.0000,345.57,345.37,UP
20860,0.0294,0.0000,345.57,345.42,UP
20869,0.0240,0.0000,345.57,345.46,UP
20880,0.0100,0.0000,345.57,345.48,UP
20890,0.0219,0.0000,345.57,345.51,UP
20900,0.0267,0.0000,345.57,345.52,UP
20910,0.0364,0.0000,345.57,345.53,UP
20919,0.0327,0.0000,345.57,345.54,UP
20930,0.0193,0.0000,345.57,345.55,UP
20939,0.0289,0.0000,345.57,345.56,UP
20950,0.0259,0.0000,345.57,345.56,UP
20960,0.0325,0.0000,345.57,345.56,UP
20970,0.0498,0.0000,345.57,345.57,UP
20980,0.0548,0.0000,345.57,345.57,UP
20990,0.0493,0.0000,345.57,345.57,UP
21000,0.0349,0.0000,345.57,345.57,UP
21009,0.0270,0.0000,345.57,345.57,UP
21020,0.0459,0.0000,345.57,345.57,UP
21030,0.0431,0.0000,345.57,345.57,UP
21040,0.0410,0.0000,345.57,345.57,UP
21050,0.0351,0.0000,345.57,345.57,UP
21060,0.0269,0.0000,345.57,345.57,UP
21070,0.0276,0.0000,345.57,345.57,UP
21080,0.0191,0.0000,345.57,345.57,UP
21089,0.0337,0.0000,345.57,345.57,UP
21100,0.0251,0.0000,345.57,345.57,UP
21110,0.0075,0.0000,345.57,345.57,UP
21120,0.0183,0.0000,345.57,345.57,UP
21130,0.0285,0.0000,345.57,345.57,UP
21140,0.0128,0.0000,345.57,345.57,UP
21149,0.0114,0.0000,345.57,345.57,UP
21159,0.0223,0.0000,345.57,345.57,UP
21170,0.0299,0.0000,345.57,345.57,UP
21180,0.0459,0.0000,345.57,345.57,UP
21190,0.0343,0.0000,345.57,345.57,UP
21200,0.0299,0.0000,345.57,345.57,UP
21210,0.0302,0.0000,345.57,345.57,UP
21220,0.0311,0.0000,345.57,345.57,UP
21230,0.0343,0.0000,345.57,345.57,UP
21240,0.0415,0.0000,345.57,345.57,UP
21250,0.0164,0.0000,345.57,345.57,UP
21260,0.0234,0.0000,345.57,345.57,UP
21270,0.0283,0.0000,345.57,345.57,UP
21280,0.0027,0.0000,345.57,345.57,UP
21290,0.0065,0.0000,345.57,345.57,UP
21299,-0.0019,0.0000,345.57,345.57,UP
21310,0.0087,0.0000,345.57,345.57,UP
21320,0.0115,0.0000,345.57,345.57,UP
21330,0.0198,0.0000,345.57,345.57,UP
21340,0.0275,0.0000,345.57,345.57,UP
21349,0.0416,0.0000,345.57,345.57,UP
21360,0.0421,0.0000,345.57,345.57,UP
21370,0.0351,0.0000,345.57,345.57,UP
21380,0.0254,0.0000,345.57,345.57,UP
21390,0.0495,0.0000,345.57,345.57,UP
21400,0.0365,0.0000,345.57,345.57,UP
21410,0.0375,0.0000,345.57,345.57,UP
21419,0.0357,0.0000,345.57,345.57,UP
21430,0.0393,0.0000,345.57,345.57,UP
21439,0.0404,0.0000,345.57,345.57,UP
21450,0.0234,0.0000,345.57,345.57,UP
21460,0.0236,0.0000,345.57,345.57,UP
21470,0.0164,0.0000,345.57,345.57,UP
21480,-0.0088,0.0000,345.57,345.57,UP
21490,0.0089,0.0000,345.57,345.57,UP
21500,-0.0089,0.0000,345.57,345.57,UP
21510,-0.0014,0.0000,345.57,345.57,UP
21520,-0.0208,0.0000,345.57,345.57,UP
21530,-0.0157,0.0000,345.57,345.57,UP
21539,0.0079,0.0000,345.57,345.57,UP
21550,0.0230,0.0000,345.57,345.57,UP
21560,0.0084,0.0000,345.57,345.57,UP
21570,0.0038,0.0000,345.57,345.57,UP
21580,-0.0051,0.0000,345.57,345.57,UP
21590,0.0167,0.0000,345.57,345.57,UP
21600,0.0077,0.0000,345.57,345.57,UP
21610,-0.0052,0.0000,345.57,345.57,UP
21620,0.0046,0.0000,345.57,345.57,UP
21630,-0.0026,0.0000,345.57,345.57,UP
21640,-0.0119,0.0000,345.57,345.57,UP
21650,-0.0009,0.0000,345.57,345.57,UP
21660,-0.0099,0.0000,345.57,345.57,UP
21670,-0.0152,0.0000,345.57,345.57,UP
21680,-0.0137,0.0000,345.57,345.57,UP
21690,-0.0180,0.0000,345.57,345.57,UP
21700,-0.0329,0.0000,345.57,345.57,UP
21710,-0.0344,0.0000,345.57,345.57,UP
21720,-0.0333,0.0000,345.57,345.57,UP
21730,-0.0376,0.0000,345.57,345.57,UP
21740,-0.0349,0.0000,345.57,345.57,UP
21750,-0.0591,0.0000,345.57,345.57,UP
21760,-0.0459,0.0000,345.57,345.57,UP
21770,-0.0386,0.0000,345.57,345.57,UP
21780,-0.0340,0.0000,345.57,345.57,UP
21790,-0.0420,0.0000,345.57,345.57,UP
21799,-0.0281,0.0000,345.57,345.57,UP
21810,-0.0411,0.0000,345.57,345.57,UP
21820,-0.0310,0.0000,345.57,345.57,UP
21830,-0.0427,0.0000,345.57,345.57,UP
21840,-0.0564,0.0000,345.57,345.57,UP
21850,-0.0480,0.0000,345.57,345.57,UP
21860,-0.0338,0.0000,345.57,345.57,UP
21869,-0.0422,0.0000,345.57,345.57,UP
21880,-0.0598,0.0000,345.57,345.57,UP
21889,-0.0540,0.0000,345.57,345.57,UP
21900,-0.0837,0.0000,345.57,345.57,UP
21910,-0.0857,0.0000,345.57,345.57,UP
21919,-0.0676,0.0000,343.20,345.01,UP
21930,-0.0833,-0.0833,342.37,344.38,UP
21940,-0.0705,-0.0705,341.67,343.73,UP
21950,-0.0792,-0.0792,340.87,343.05,UP
21960,-0.0619,-0.0619,340.26,342.38,UP
21970,-0.0503,0.0000,340.26,341.87,UP
21980,-0.0666,0.0000,339.75,341.36,UP
21990,-0.0782,0.0000,339.75,340.98,UP
22000,-0.0776,0.0000,337.53,340.15,UP
22010,-0.0691,-0.0691,336.84,339.36,UP
22020,-0.0812,-0.0812,336.02,338.56,UP
22030,-0.0785,-0.0785,335.24,337.77,UP
22040,-0.0887,-0.0887,334.35,336.95,UP
22050,-0.0815,-0.0815,333.54,336.14,UP
22060,-0.0838,-0.0838,332.70,335.31,UP
22070,-0.0985,-0.0985,331.71,334.45,UP
22079,-0.0932,-0.0932,330.78,333.58,UP
22089,-0.0884,-0.0884,329.90,332.70,UP
22100,-0.0911,-0.0911,328.99,331.81,UP
22110,-0.0978,-0.0978,328.01,330.90,UP
22120,-0.1028,-0.1028,326.98,329.96,UP
22130,-0.1023,-0.1023,325.96,329.01,UP
22140,-0.1010,-0.1010,324.95,328.04,UP
22149,-0.1009,-0.1009,323.94,327.06,UP
22159,-0.0901,-0.0901,323.04,326.10,UP
22170,-0.0906,-0.0906,322.13,325.15,UP
22180,-0.0824,-0.0824,321.31,324.23,UP
22190,-0.0838,-0.0838,320.47,323.33,UP
22200,-0.0818,-0.0818,319.65,322.45,UP
22210,-0.0680,-0.0680,318.97,321.62,UP
22220,-0.0723,-0.0723,318.25,320.82,UP
22229,-0.0671,-0.0671,317.58,320.04,UP
22240,-0.0699,-0.0699,316.88,319.29,UP
22250,-0.0718,-0.0718,316.16,318.54,UP
22260,-0.0595,0.0000,316.16,317.97,UP
22270,-0.0632,0.0000,315.57,317.40,UP
22280,-0.0711,0.0000,315.57,316.96,UP
22290,-0.0620,0.0000,313.60,316.16,UP
22299,-0.0691,-0.0691,312.91,315.38,UP
22310,-0.0670,-0.0670,312.24,314.63,UP
22320,-0.0733,-0.0733,311.51,313.89,UP
22330,-0.0612,-0.0612,310.90,313.17,UP
22340,-0.0725,-0.0725,310.17,312.45,UP
22350,-0.0488,0.0000,310.17,311.91,UP
22360,-0.0506,0.0000,310.17,311.49,UP
22369,-0.0376,0.0000,310.17,311.18,UP
22380,-0.0406,0.0000,310.17,310.94,UP
22390,-0.0355,0.0000,310.17,310.76,UP
22400,-0.0338,0.0000,310.17,310.62,UP
22410,-0.0462,0.0000,310.17,310.51,UP
22419,-0.0702,0.0000,307.24,309.73,UP
22430,-0.1303,0.0000,307.24,309.13,UP
22440,-0.1058,0.0000,304.18,307.95,UP
22450,-0.0016,0.0000,304.18,307.05,UP
22460,0.0575,0.0000,304.18,306.36,UP
22470,-0.0130,0.0000,304.18,305.84,UP
22480,-0.0120,0.0000,304.18,305.44,UP
22490,0.0888,0.0000,304.49,305.22,UP
22500,0.1084,0.0000,304.49,305.04,UP
22510,0.0708,0.0000,307.17,305.55,UP
22519,0.0476,0.0000,307.17,305.94,UP
22530,0.1013,0.0000,307.17,306.23,UP
22540,0.0901,0.0000,307.17,306.46,UP
22550,0.0778,0.0000,309.86,307.27,UP
22560,0.0857,0.0857,310.72,308.10,UP
22570,0.0150,0.0000,310.72,308.72,UP
22580,0.0394,0.0000,310.72,309.20,UP
22589,0.0123,0.0000,310.72,309.56,UP
22600,0.0163,0.0000,310.72,309.84,UP
22610,-0.0312,0.0000,310.72,310.05,UP
22620,-0.0094,0.0000,310.72,310.21,UP
22630,-0.0009,0.0000,310.72,310.33,UP
22640,-0.0380,0.0000,310.72,310.42,UP
22650,-0.0136,0.0000,310.72,310.49,UP
22660,0.0089,0.0000,310.72,310.55,UP
22670,0.0285,0.0000,310.72,310.59,UP
22680,0.0145,0.0000,310.72,310.62,UP
22690,0.0206,0.0000,310.72,310.64,UP
22700,0.0351,0.0000,310.72,310.66,UP
22710,0.0247,0.0000,310.72,310.68,UP
22720,0.0438,0.0000,310.72,310.69,UP
22730,0.0260,0.0000,310.72,310.69,UP
22740,0.0529,0.0000,310.72,310.70,UP
22750,0.0539,0.0000,310.72,310.70,UP
22760,0.0317,0.0000,310.72,310.71,UP
22770,0.0333,0.0000,310.72,310.71,UP
22780,0.0477,0.0000,310.72,310.71,UP
22790,0.0512,0.0000,310.72,310.71,UP
22799,0.0080,0.0000,310.72,310.72,UP
22810,0.0323,0.0000,310.72,310.72,UP
22820,0.0097,0.0000,310.72,310.72,UP
22830,0.0008,0.0000,310.72,310.72,UP
22840,0.0083,0.0000,310.72,310.72,UP
22850,0.0164,0.0000,310.72,310.72,UP
22860,-0.0023,0.0000,310.72,310.72,UP
22869,0.0064,0.0000,310.72,310.72,UP
22880,0.0217,0.0000,310.72,310.72,UP
22890,0.0361,0.0000,310.72,310.72,UP
22900,0.0147,0.0000,310.72,310.72,UP
22910,0.0077,0.0000,310.72,310.72,UP
22919,0.0242,0.0000,310.72,310.72,UP
22930,0.0347,0.0000,310.72,310.72,UP
22939,0.0450,0.0000,310.72,310.72,UP
22950,0.0489,0.0000,310.72,310.72,UP
22960,0.0310,0.0000,310.72,310.72,UP
22970,0.0469,0.0000,310.72,310.72,UP
22980,0.0415,0.0000,310.72,310.72,UP
22990,0.0123,0.0000,310.72,310.72,UP
23000,0.0254,0.0000,310.72,310.72,UP
23010,0.0123,0.0000,310.72,310.72,UP
23020,0.0290,0.0000,310.72,310.72,UP
23030,0.0120,0.0000,310.72,310.72,UP
23040,0.0187,0.0000,310.72,310.72,UP
23050,0.0262,0.0000,310.72,310.72,UP
23060,0.0175,0.0000,310.72,310.72,UP
23070,0.0153,0.0000,310.72,310.72,UP
23079,0.0202,0.0000,310.72,310.72,UP
23089,0.0182,0.0000,310.72,310.72,UP
23100,0.0033,0.0000,310.72,310.72,UP
23110,0.0286,0.0000,310.72,310.72,UP
23120,0.0237,0.0000,310.72,310.72,UP
23130,0.0220,0.0000,310.72,310.72,UP
23140,0.0243,0.0000,310.72,310.72,UP
23150,0.0373,0.0000,310.72,310.72,UP
23159,0.0286,0.0000,310.72,310.72,UP
23170,0.0357,0.0000,310.72,310.72,UP
23180,0.0258,0.0000,310.72,310.72,UP
23190,0.0424,0.0000,310.72,310.72,UP
23200,0.0362,0.0000,310.72,310.72,UP
23210,0.0167,0.0000,310.72,310.72,UP
23220,0.0127,0.0000,310.72,310.72,UP
23229,0.0184,0.0000,310.72,310.72,UP
23240,0.0076,0.0000,310.72,310.72,UP
23250,0.0191,0.0000,310.72,310.72,UP
23260,0.0226,0.0000,310.72,310.72,UP
23270,0.0151,0.0000,310.72,310.72,UP
23280,-0.0067,0.0000,310.72,310.72,UP
23290,0.0267,0.0000,310.72,310.72,UP
23299,0.0232,0.0000,310.72,310.72,UP
23310,0.0132,0.0000,310.72,310.72,UP
23320,0.0327,0.0000,310.72,310.72,UP
23330,0.0363,0.0000,310.72,310.72,UP
23340,0.0380,0.0000,310.72,310.72,UP
23350,0.0335,0.0000,310.72,310.72,UP
23360,0.0350,0.0000,310.72,310.72,UP
23369,0.0428,0.0000,310.72,310.72,UP
23380,0.0294,0.0000,310.72,310.72,UP
23390,0.0209,0.0000,310.72,310.72,UP
23400,0.0037,0.0000,310.72,310.72,UP
23410,0.0272,0.0000,310.72,310.72,UP
23419,0.0219,0.0000,310.72,310.72,UP
23430,0.0340,0.0000,310.72,310.72,UP
23440,0.0109,0.0000,310.72,310.72,UP
23450,0.0214,0.0000,310.72,310.72,UP
23460,0.0239,0.0000,310.72,310.72,UP
23470,0.0265,0.0000,310.72,310.72,UP
23480,0.0162,0.0000,310.72,310.72,UP
23490,0.0344,0.0000,310.72,310.72,UP
23500,0.0239,0.0000,310.72,310.72,UP
23510,0.0178,0.0000,310.72,310.72,UP
23520,0.0347,0.0000,310.72,310.72,UP
23530,0.0308,0.0000,310.72,310.72,UP
23540,0.0142,0.0000,310.72,310.72,UP
23550,0.0248,0.0000,310.72,310.72,UP
23560,0.0402,0.0000,310.72,310.72,UP
23570,0.0321,0.0000,310.72,310.72,UP
23579,0.0257,0.0000,310.72,310.72,UP
23589,0.0431,0.0000,310.72,310.72,UP
23600,0.0189,0.0000,310.72,310.72,UP
23610,0.0187,0.0000,310.72,310.72,UP
23620,0.0177,0.0000,310.72,310.72,UP
23630,0.0156,0.0000,310.72,310.72,UP
23639,0.0212,0.0000,310.72,310.72,UP
23650,0.0272,0.0000,310.72,310.72,UP
23660,0.0224,0.0000,310.72,310.72,UP
23670,0.0173,0.0000,310.72,310.72,UP
23680,0.0305,0.0000,310.72,310.72,UP
23690,0.0290,0.0000,310.72,310.72,UP
23700,0.0301,0.0000,310.72,310.72,UP
23710,0.0197,0.0000,310.72,310.72,UP
23720,0.0246,0.0000,310.72,310.72,UP
23729,0.0364,0.0000,310.72,310.72,UP
23740,0.0403,0.0000,310.72,310.72,UP
23750,0.0305,0.0000,310.72,310.72,UP
23760,0.0287,0.0000,310.72,310.72,UP
23770,0.0342,0.0000,310.72,310.72,UP
23780,0.0429,0.0000,310.72,310.72,UP
23790,0.0246,0.0000,310.72,310.72,UP
23800,0.0210,0.0000,310.72,310.72,UP
23810,0.0313,0.0000,310.72,310.72,UP
23820,0.0245,0.0000,310.72,310.72,UP
23830,0.0256,0.0000,310.72,310.72,UP
23840,0.0359,0.0000,310.72,310.72,UP
23850,0.0041,0.0000,310.72,310.72,UP
23860,0.0292,0.0000,310.72,310.72,UP
23869,0.0061,0.0000,310.72,310.72,UP
23880,0.0069,0.0000,310.72,310.72,UP
23890,0.0197,0.0000,310.72,310.72,UP
23900,0.0364,0.0000,310.72,310.72,UP
23910,0.0339,0.0000,310.72,310.72,UP
23919,0.0294,0.0000,310.72,310.72,UP
23930,0.0394,0.0000,310.72,310.72,UP
23940,0.0353,0.0000,310.72,310.72,UP
23950,0.0342,0.0000,310.72,310.72,UP
23960,0.0336,0.0000,310.72,310.72,UP
23970,0.0325,0.0000,310.72,310.72,UP
23980,0.0235,0.0000,310.72,310.72,UP
23989,0.0368,0.0000,310.72,310.72,UP
24000,0.0267,0.0000,310.72,310.72,UP
24009,0.0221,0.0000,310.72,310.72,UP
24019,0.0213,0.0000,310.72,310.72,UP
24030,0.0200,0.0000,310.72,310.72,UP
24040,0.0254,0.0000,310.72,310.72,UP
24050,0.0279,0.0000,310.72,310.72,UP
24060,0.0342,0.0000,310.72,310.72,UP
24070,0.0366,0.0000,310.72,310.72,UP
24079,0.0361,0.0000,310.72,310.72,UP
24089,0.0346,0.0000,310.72,310.72,UP
24100,0.0409,0.0000,310.72,310.72,UP
24110,0.0317,0.0000,310.72,310.72,UP
24120,0.0376,0.0000,310.72,310.72,UP
24130,0.0412,0.0000,310.72,310.72,UP
24140,0.0268,0.0000,310.72,310.72,UP
24150,0.0280,0.0000,310.72,310.72,UP
24159,0.0279,0.0000,310.72,310.72,UP
24170,0.0480,0.0000,310.72,310.72,UP
24180,0.0226,0.0000,310.72,310.72,UP
24190,0.0314,0.0000,310.72,310.72,UP
24200,0.0507,0.0000,310.72,310.72,UP
24210,0.0323,0.0000,310.72,310.72,UP
24220,0.0443,0.0000,310.72,310.72,UP
24229,0.0286,0.0000,310.72,310.72,UP
24240,0.0340,0.0000,310.72,310.72,UP
24250,0.0214,0.0000,310.72,310.72,UP
24260,0.0208,0.0000,310.72,310.72,UP
24270,0.0223,0.0000,310.72,310.72,UP
24280,0.0258,0.0000,310.72,310.72,UP
24290,0.0262,0.0000,310.72,310.72,UP
24299,0.0297,0.0000,310.72,310.72,UP
24310,0.0306,0.0000,310.72,310.72,UP
24320,0.0341,0.0000,310.72,310.72,UP
24330,0.0547,0.0000,310.72,310.72,UP
24339,0.0291,0.0000,310.72,310.72,UP
24350,0.0196,0.0000,310.72,310.72,UP
24360,0.0366,0.0000,310.72,310.72,UP
24369,0.0380,0.0000,310.72,310.72,UP
24380,0.0266,0.0000,310.72,310.72,UP
24390,0.0479,0.0000,310.72,310.72,UP
24400,0.0355,0.0000,310.72,310.72,UP
24410,-0.0102,0.0000,310.72,310.72,UP
24419,0.0436,0.0000,310.72,310.72,UP
24430,0.0275,0.0000,310.72,310.72,UP
24440,0.0413,0.0000,310.72,310.72,UP
24450,0.0238,0.0000,310.72,310.72,UP
24460,0.0056,0.0000,310.72,310.72,UP
24470,0.0475,0.0000,310.72,310.72,UP
24480,0.0488,0.0000,310.72,310.72,UP
24490,0.0291,0.0000,310.72,310.72,UP
24500,0.0276,0.0000,310.72,310.72,UP
24510,0.0429,0.0000,310.72,310.72,UP
24519,0.0097,0.0000,310.72,310.72,UP
24530,0.0134,0.0000,310.72,310.72,UP
24540,0.0430,0.0000,310.72,310.72,UP
24550,0.0323,0.0000,310.72,310.72,UP
24560,0.0096,0.0000,310.72,310.72,UP
24570,0.0087,0.0000,310.72,310.72,UP
24579,0.0538,0.0000,310.72,310.72,UP
24589,0.0417,0.0000,310.72,310.72,UP
24600,0.0189,0.0000,310.72,310.72,UP
24610,0.0232,0.0000,310.72,310.72,UP
24620,0.0275,0.0000,310.72,310.72,UP
24630,0.0398,0.0000,310.72,310.72,UP
24640,0.0609,0.0000,310.72,310.72,UP
24650,0.0704,0.0000,310.72,310.72,UP
24660,0.0500,0.0000,310.72,310.72,UP
24670,-0.0237,0.0000,310.72,310.72,UP
24680,0.0482,0.0000,310.72,310.72,UP
24690,0.0253,0.0000,310.72,310.72,UP
24700,0.0372,0.0000,310.72,310.72,UP
24710,0.0016,0.0000,310.72,310.72,UP
24720,0.0269,0.0000,310.72,310.72,UP
24730,0.0354,0.0000,310.72,310.72,UP
24740,0.0281,0.0000,310.72,310.72,UP
24750,0.0730,0.0000,310.72,310.72,UP
24760,-0.0367,0.0000,310.72,310.72,UP
24770,0.0559,0.0000,310.72,310.72,UP
24780,0.0461,0.0000,310.72,310.72,UP
24790,0.0130,0.0000,310.72,310.72,UP
24799,0.0631,0.0000,311.50,310.91,UP
24810,-0.0131,0.0000,311.50,311.05,UP
24820,0.0726,0.0000,311.50,311.16,UP
24830,-0.0076,0.0000,311.50,311.24,UP
24840,0.0657,0.0000,311.50,311.30,UP
24850,0.0200,0.0000,311.50,311.35,UP
24860,0.0335,0.0000,311.50,311.39,UP
24870,0.0344,0.0000,311.50,311.42,UP
24880,0.0137,0.0000,311.50,311.44,UP
24890,0.0367,0.0000,311.50,311.45,UP
24900,-0.0042,0.0000,311.50,311.46,UP
24910,0.0639,0.0000,311.50,311.47,UP
24919,0.0204,0.0000,311.50,311.48,UP
24930,0.0109,0.0000,311.50,311.49,UP
24940,0.0202,0.0000,311.50,311.49,UP
24950,-0.0446,0.0000,311.50,311.49,UP
24960,0.0319,0.0000,311.50,311.50,UP
24970,-0.0424,0.0000,311.50,311.50,UP
24980,0.0159,0.0000,311.50,311.50,UP
24990,0.0138,0.0000,311.50,311.50,UP
25000,0.0444,0.0000,311.50,311.50,UP
25010,0.0347,0.0000,311.50,311.50,UP
25020,0.0524,0.0000,311.50,311.50,UP
25030,0.0564,0.0000,311.50,311.50,UP
25040,0.0492,0.0000,311.50,311.50,UP
25050,0.0278,0.0000,311.50,311.50,UP
25060,0.0652,0.0000,311.50,311.50,UP
25070,0.0436,0.0000,311.50,311.50,UP
25079,0.0250,0.0000,311.50,311.50,UP
25089,0.0623,0.0000,311.50,311.50,UP
25100,0.0127,0.0000,311.50,311.50,UP
25110,0.0300,0.0000,311.50,311.50,UP
25120,0.0422,0.0000,311.50,311.50,UP
25130,-0.0025,0.0000,311.50,311.50,UP
25140,0.0343,0.0000,311.50,311.50,UP
25150,0.0021,0.0000,311.50,311.50,UP
25159,0.0076,0.0000,311.50,311.50,UP
25170,-0.0081,0.0000,311.50,311.50,UP
25180,0.0342,0.0000,311.50,311.50,UP
25190,0.0170,0.0000,311.50,311.50,UP
25200,0.0452,0.0000,311.50,311.50,UP
25210,-0.0045,0.0000,311.50,311.50,UP
25220,-0.0184,0.0000,311.50,311.50,UP
25229,-0.0646,0.0000,311.50,311.50,UP
25240,-0.0123,0.0000,311.50,311.50,UP
25250,0.0421,0.0000,311.50,311.50,UP
25260,0.1264,0.0000,311.50,311.50,UP
25270,0.0656,0.0000,311.50,311.50,UP
25280,0.0327,0.0000,311.50,311.50,UP
25290,0.0278,0.0000,311.50,311.50,UP
25299,0.0010,0.0000,311.50,311.50,UP
25310,0.0577,0.0000,311.50,311.50,UP
25320,0.0592,0.0000,311.50,311.50,UP
25330,0.0196,0.0000,311.50,311.50,UP
25340,0.0366,0.0000,311.50,311.50,UP
25350,0.0439,0.0000,311.50,311.50,UP
25360,0.0295,0.0000,311.50,311.50,UP
25370,0.0356,0.0000,311.50,311.50,UP
25380,0.0101,0.0000,311.50,311.50,UP
25390,0.0011,0.0000,311.50,311.50,UP
25400,0.0335,0.0000,311.50,311.50,UP
25410,-0.0141,0.0000,311.50,311.50,UP
25419,0.0185,0.0000,311.50,311.50,UP
25430,-0.0143,0.0000,311.50,311.50,UP
25440,0.0304,0.0000,311.50,311.50,UP
25449,0.0113,0.0000,311.50,311.50,UP
25460,0.0321,0.0000,311.50,311.50,UP
25470,0.0601,0.0000,311.50,311.50,UP
25480,0.0209,0.0000,311.50,311.50,UP
25490,0.0391,0.0000,311.50,311.50,UP
25500,0.0264,0.0000,311.50,311.50,UP
25510,0.0380,0.0000,311.50,311.50,UP
25520,0.0335,0.0000,311.50,311.50,UP
25530,0.0127,0.0000,311.50,311.50,UP
25540,0.0451,0.0000,311.50,311.50,UP
25550,0.0296,0.0000,311.50,311.50,UP
25560,0.0082,0.0000,311.50,311.50,UP
25570,0.0283,0.0000,311.50,311.50,UP
25580,-0.0346,0.0000,311.50,311.50,UP
25589,0.0268,0.0000,311.50,311.50,UP
25600,0.0407,0.0000,311.50,311.50,UP
25610,0.0237,0.0000,311.50,311.50,UP
25620,0.0234,0.0000,311.50,311.50,UP
25630,-0.0114,0.0000,311.50,311.50,UP
25640,0.0459,0.0000,311.50,311.50,UP
25650,0.0443,0.0000,311.50,311.50,UP
25659,0.0642,0.0000,311.50,311.50,UP
25670,0.0288,0.0000,311.50,311.50,UP
25680,0.0528,0.0000,311.50,311.50,UP
25690,0.0273,0.0000,311.50,311.50,UP
25700,0.0676,0.0000,312.59,311.76,UP
25710,0.0333,0.0000,312.59,311.96,UP
25720,0.0074,0.0000,312.59,312.11,UP
25729,0.0180,0.0000,312.59,312.23,UP
25740,-0.0228,0.0000,312.59,312.31,UP
25750,0.0012,0.0000,312.59,312.38,UP
25760,-0.0024,0.0000,312.59,312.43,UP
25770,0.0257,0.0000,312.59,312.47,UP
25780,-0.0014,0.0000,312.59,312.50,UP
25790,0.0244,0.0000,312.59,312.52,UP
25800,0.0043,0.0000,312.59,312.54,UP
25810,0.0078,0.0000,312.59,312.55,UP
25820,0.0384,0.0000,312.59,312.56,UP
25830,0.0452,0.0000,312.59,312.57,UP
25840,0.0058,0.0000,312.59,312.57,UP
25850,0.0134,0.0000,312.59,312.58,UP
25860,0.0346,0.0000,312.59,312.58,UP
25870,0.0762,0.0000,312.59,312.58,UP
25880,0.0612,0.0000,312.59,312.59,UP
25890,0.0228,0.0000,312.59,312.59,UP
25900,0.0139,0.0000,312.59,312.59,UP
25910,0.0029,0.0000,312.59,312.59,UP
25919,0.0070,0.0000,312.59,312.59,UP
25930,0.0267,0.0000,312.59,312.59,UP
25940,0.0142,0.0000,312.59,312.59,UP
25949,0.0224,0.0000,312.59,312.59,UP
25960,0.0061,0.0000,312.59,312.59,UP
25970,-0.0128,0.0000,312.59,312.59,UP
25980,0.0580,0.0000,312.59,312.59,UP
25990,0.0129,0.0000,312.59,312.59,UP
26000,0.0331,0.0000,312.59,312.59,UP
26010,0.0709,0.0000,312.59,312.59,UP
26020,0.0034,0.0000,312.59,312.59,UP
26030,0.0225,0.0000,312.59,312.59,UP
26040,-0.0008,0.0000,312.59,312.59,UP
26050,0.1026,0.0000,312.59,312.59,UP
26060,0.0643,0.0000,312.59,312.59,UP
26070,0.0336,0.0000,312.59,312.59,UP
26080,0.0105,0.0000,312.59,312.59,UP
26089,0.0159,0.0000,312.59,312.59,UP
26100,0.0537,0.0000,312.59,312.59,UP
26110,0.0409,0.0000,312.59,312.59,UP
26120,0.0516,0.0000,312.59,312.59,UP
26130,-0.0085,0.0000,312.59,312.59,UP
26140,-0.0248,0.0000,312.59,312.59,UP
26150,0.0538,0.0000,312.59,312.59,UP
26159,0.0261,0.0000,312.59,312.59,UP
26170,0.0112,0.0000,312.59,312.59,UP
26180,-0.0381,0.0000,312.59,312.59,UP
26190,0.0359,0.0000,312.59,312.59,UP
26200,0.0713,0.0000,312.59,312.59,UP
26210,0.0229,0.0000,312.59,312.59,UP
26219,0.0304,0.0000,312.59,312.59,UP
26229,0.0154,0.0000,312.59,312.59,UP
26240,0.0131,0.0000,312.59,312.59,UP
26250,0.0205,0.0000,312.59,312.59,UP
26260,0.0442,0.0000,312.59,312.59,UP
26270,0.0741,0.0000,312.59,312.59,UP
26280,-0.0083,0.0000,312.59,312.59,UP
26290,0.0434,0.0000,312.59,312.59,UP
26299,0.0384,0.0000,312.59,312.59,UP
26310,0.0689,0.0000,312.59,312.59,UP
26320,0.0428,0.0000,312.59,312.59,UP
26330,0.0234,0.0000,312.59,312.59,UP
26340,0.0305,0.0000,312.59,312.59,UP
26350,-0.0058,0.0000,312.59,312.59,UP
26360,0.0072,0.0000,312.59,312.59,UP
26369,0.0106,0.0000,312.59,312.59,UP
26380,0.0082,0.0000,312.59,312.59,UP
26390,0.0372,0.0000,312.59,312.59,UP
26400,0.0390,0.0000,312.59,312.59,UP
26410,0.0672,0.0000,312.59,312.59,UP
26419,0.0545,0.0000,312.59,312.59,UP
26430,0.0407,0.0000,312.59,312.59,UP
26439,0.0556,0.0000,312.59,312.59,UP
26450,0.0498,0.0000,312.59,312.59,UP
26460,0.0454,0.0000,312.59,312.59,UP
26470,0.0370,0.0000,312.59,312.59,UP
26480,0.0086,0.0000,312.59,312.59,UP
26490,0.0457,0.0000,312.59,312.59,UP
26500,0.0198,0.0000,312.59,312.59,UP
26510,0.0249,0.0000,312.59,312.59,UP
26519,0.0275,0.0000,312.59,312.59,UP
26530,0.0515,0.0000,312.59,312.59,UP
26540,0.0181,0.0000,312.59,312.59,UP
26550,0.0517,0.0000,312.59,312.59,UP
26560,0.0561,0.0000,312.59,312.59,UP
26570,0.0755,0.0000,312.59,312.59,UP
26580,0.0646,0.0000,312.59,312.59,UP
26589,0.0819,0.0000,314.81,313.12,UP
26600,0.0574,0.0000,314.81,313.53,UP
26610,0.0444,0.0000,314.81,313.83,UP
26619,0.0369,0.0000,314.81,314.07,UP
26630,0.0428,0.0000,314.81,314.24,UP
26640,0.0504,0.0000,314.81,314.38,UP
26650,0.0272,0.0000,314.81,314.48,UP
26659,0.0368,0.0000,314.81,314.56,UP
26670,0.0627,0.0000,317.77,315.33,UP
26680,0.0120,0.0000,317.77,315.91,UP
26690,0.0191,0.0000,317.77,316.36,UP
26700,0.0283,0.0000,317.77,316.69,UP
26710,0.0245,0.0000,317.77,316.95,UP
26720,0.0707,0.0000,317.77,317.15,UP
26730,0.0366,0.0000,317.77,317.30,UP
26740,0.0338,0.0000,317.77,317.41,UP
26750,0.0367,0.0000,317.77,317.50,UP
26760,0.0299,0.0000,317.77,317.56,UP
26770,0.0917,0.0000,317.77,317.61,UP
26780,0.0949,0.0000,317.77,317.65,UP
26790,0.0711,0.0000,320.35,318.29,UP
26799,0.0047,0.0000,320.35,318.78,UP
26810,0.0068,0.0000,320.35,319.16,UP
26820,0.0518,0.0000,320.35,319.44,UP
26830,0.0455,0.0000,320.35,319.66,UP
26840,0.0433,0.0000,320.35,319.82,UP
26850,0.0431,0.0000,320.35,319.95,UP
26860,0.0390,0.0000,320.35,320.04,UP
26870,0.0353,0.0000,320.35,320.12,UP
26880,0.0392,0.0000,320.35,320.17,UP
26890,0.0628,0.0000,320.35,320.21,UP
26900,0.0654,0.0000,320.35,320.24,UP
26910,0.0489,0.0000,320.35,320.27,UP
26919,0.0476,0.0000,320.35,320.29,UP
26930,0.0431,0.0000,320.35,320.30,UP
26940,0.0502,0.0000,320.35,320.31,UP
26950,0.0368,0.0000,320.35,320.32,UP
26960,0.0686,0.0000,322.61,320.87,UP
26970,0.0612,0.0000,322.61,321.29,UP
26980,0.0545,0.0000,322.61,321.60,UP
26990,0.0384,0.0000,322.61,321.84,UP
27000,0.0287,0.0000,322.61,322.03,UP
27009,0.0711,0.0000,323.83,322.46,UP
27019,0.0623,0.0000,323.83,322.79,UP
27030,0.0761,0.0000,325.92,323.54,UP
27040,0.0647,0.0647,326.57,324.26,UP
27050,0.0562,0.0000,326.57,324.81,UP
27060,0.0604,0.0000,327.13,325.37,UP
27070,0.0269,0.0000,327.13,325.79,UP
27080,0.0440,0.0000,327.13,326.11,UP
27089,0.0425,0.0000,327.13,326.35,UP
27100,0.0401,0.0000,327.13,326.54,UP
27110,0.0449,0.0000,327.13,326.68,UP
27120,0.0354,0.0000,327.13,326.79,UP
27130,0.0409,0.0000,327.13,326.87,UP
27140,0.0343,0.0000,327.13,326.93,UP
27150,0.0255,0.0000,327.13,326.98,UP
27159,0.0373,0.0000,327.13,327.02,UP
27170,0.0211,0.0000,327.13,327.04,UP
27180,0.0495,0.0000,327.13,327.06,UP
27190,0.0578,0.0000,327.13,327.08,UP
27200,0.0492,0.0000,327.13,327.09,UP
27210,0.0395,0.0000,327.13,327.10,UP
27219,0.0460,0.0000,327.13,327.11,UP
27229,0.0463,0.0000,327.13,327.11,UP
27240,0.0623,0.0000,327.13,327.12,UP
27250,0.0466,0.0000,327.13,327.12,UP
27260,0.0402,0.0000,327.13,327.12,UP
27270,0.0238,0.0000,327.13,327.13,UP
27280,0.0303,0.0000,327.13,327.13,UP
27290,0.0517,0.0000,327.13,327.13,UP
27299,0.0513,0.0000,327.13,327.13,UP
27310,0.0413,0.0000,327.13,327.13,UP
27320,0.0393,0.0000,327.13,327.13,UP
27330,0.0379,0.0000,327.13,327.13,UP
27340,0.0310,0.0000,327.13,327.13,UP
27350,0.0321,0.0000,327.13,327.13,UP
27360,0.0122,0.0000,327.13,327.13,UP
27370,0.0281,0.0000,327.13,327.13,UP
27380,0.0306,0.0000,327.13,327.13,UP
27390,0.0375,0.0000,327.13,327.13,UP
27400,0.0467,0.0000,327.13,327.13,UP
27410,0.0531,0.0000,327.13,327.13,UP
27419,0.0199,0.0000,327.13,327.13,UP
27430,0.0049,0.0000,327.13,327.13,UP
27440,0.0386,0.0000,327.13,327.13,UP
27449,0.0321,0.0000,327.13,327.13,UP
27460,0.0266,0.0000,327.13,327.13,UP
27470,0.0389,0.0000,327.13,327.13,UP
27480,0.0129,0.0000,327.13,327.13,UP
27490,0.0249,0.0000,327.13,327.13,UP
27500,0.0303,0.0000,327.13,327.13,UP
27510,0.0384,0.0000,327.13,327.13,UP
27520,0.0343,0.0000,327.13,327.13,UP
27530,0.0135,0.0000,327.13,327.13,UP
27540,0.0252,0.0000,327.13,327.13,UP
27550,0.0420,0.0000,327.13,327.13,UP
27560,0.0309,0.0000,327.13,327.13,UP
27570,0.0341,0.0000,327.13,327.13,UP
27580,0.0380,0.0000,327.13,327.13,UP
27589,0.0284,0.0000,327.13,327.13,UP
27600,0.0324,0.0000,327.13,327.13,UP
27610,0.0285,0.0000,327.13,327.13,UP
27620,0.0370,0.0000,327.13,327.13,UP
27630,0.0238,0.0000,327.13,327.13,UP
27640,0.0263,0.0000,327.13,327.13,UP
27650,0.0071,0.0000,327.13,327.13,UP
27660,0.0362,0.0000,327.13,327.13,UP
27670,0.0270,0.0000,327.13,327.13,UP
27680,0.0240,0.0000,327.13,327.13,UP
27690,0.0132,0.0000,327.13,327.13,UP
27700,0.0262,0.0000,327.13,327.13,UP
27710,0.0275,0.0000,327.13,327.13,UP
27720,0.0267,0.0000,327.13,327.13,UP
27729,0.0412,0.0000,327.13,327.13,UP
27740,0.0133,0.0000,327.13,327.13,UP
27750,0.0215,0.0000,327.13,327.13,UP
27760,0.0223,0.0000,327.13,327.13,UP
27770,0.0083,0.0000,327.13,327.13,UP
27780,0.0307,0.0000,327.13,327.13,UP
27790,0.0186,0.0000,327.13,327.13,UP
27799,0.0175,0.0000,327.13,327.13,UP
27810,0.0135,0.0000,327.13,327.13,UP
27820,0.0067,0.0000,327.13,327.13,UP
27830,-0.0102,0.0000,327.13,327.13,UP
27840,0.0008,0.0000,327.13,327.13,UP
27850,-0.0001,0.0000,327.13,327.13,UP
27860,0.0219,0.0000,327.13,327.13,UP
27869,0.0077,0.0000,327.13,327.13,UP
27880,0.0055,0.0000,327.13,327.13,UP
27890,0.0149,0.0000,327.13,327.13,UP
27900,0.0049,0.0000,327.13,327.13,UP
27909,-0.0012,0.0000,327.13,327.13,UP
27919,-0.0133,0.0000,327.13,327.13,UP
27930,-0.0072,0.0000,327.13,327.13,UP
27940,-0.0073,0.0000,327.13,327.13,UP
27949,-0.0019,0.0000,327.13,327.13,UP
27960,-0.0065,0.0000,327.13,327.13,UP
27970,0.0058,0.0000,327.13,327.13,UP
27980,-0.0033,0.0000,327.13,327.13,UP
27990,0.0008,0.0000,327.13,327.13,UP
28000,-0.0067,0.0000,327.13,327.13,UP
28010,0.0019,0.0000,327.13,327.13,UP
28019,-0.0317,0.0000,327.13,327.13,UP
28030,-0.0070,0.0000,327.13,327.13,UP
28040,-0.0079,0.0000,327.13,327.13,UP
28050,-0.0008,0.0000,327.13,327.13,UP
28060,-0.0056,0.0000,327.13,327.13,UP
28070,-0.0104,0.0000,327.13,327.13,UP
28080,-0.0199,0.0000,327.13,327.13,UP
28090,-0.0191,0.0000,327.13,327.13,UP
28100,-0.0150,0.0000,327.13,327.13,UP
28110,-0.0088,0.0000,327.13,327.13,UP
28120,-0.0035,0.0000,327.13,327.13,UP
28130,-0.0162,0.0000,327.13,327.13,UP
28140,-0.0218,0.0000,327.13,327.13,UP
28150,-0.0186,0.0000,327.13,327.13,UP
28159,-0.0231,0.0000,327.13,327.13,UP
28170,-0.0189,0.0000,327.13,327.13,UP
28180,-0.0178,0.0000,327.13,327.13,UP
28189,-0.0272,0.0000,327.13,327.13,UP
28200,-0.0218,0.0000,327.13,327.13,UP
28210,-0.0261,0.0000,327.13,327.13,UP
28220,-0.0274,0.0000,327.13,327.13,UP
28230,-0.0293,0.0000,327.13,327.13,UP
28240,-0.0221,0.0000,327.13,327.13,UP
28250,-0.0109,0.0000,327.13,327.13,UP
28260,-0.0193,0.0000,327.13,327.13,UP
28270,-0.0105,0.0000,327.13,327.13,UP
28280,-0.0148,0.0000,327.13,327.13,UP
28290,-0.0138,0.0000,327.13,327.13,UP
28299,-0.0213,0.0000,327.13,327.13,UP
28310,-0.0535,0.0000,327.13,327.13,UP
28320,-0.0295,0.0000,327.13,327.13,UP
28330,-0.0289,0.0000,327.13,327.13,UP
28340,-0.0294,0.0000,327.13,327.13,UP
28350,-0.0410,0.0000,327.13,327.13,UP
28360,-0.0235,0.0000,327.13,327.13,UP
28369,-0.0206,0.0000,327.13,327.13,UP
28379,-0.0125,0.0000,327.13,327.13,UP
28390,-0.0150,0.0000,327.13,327.13,UP
28400,-0.0235,0.0000,327.13,327.13,UP
28410,-0.0273,0.0000,327.13,327.13,UP
28419,-0.0366,0.0000,327.13,327.13,UP
28430,-0.0352,0.0000,327.13,327.13,UP
28440,-0.0365,0.0000,327.13,327.13,UP
28450,-0.0369,0.0000,327.13,327.13,UP
28460,-0.0451,0.0000,327.13,327.13,UP
28470,-0.0336,0.0000,327.13,327.13,UP
28480,-0.0239,0.0000,327.13,327.13,UP
28490,-0.0238,0.0000,327.13,327.13,UP
28500,-0.0242,0.0000,327.13,327.13,UP
28510,-0.0268,0.0000,327.13,327.13,UP
28520,-0.0254,0.0000,327.13,327.13,UP
28530,-0.0261,0.0000,327.13,327.13,UP
28540,-0.0290,0.0000,327.13,327.13,UP
28550,-0.0350,0.0000,327.13,327.13,UP
28560,-0.0484,0.0000,327.13,327.13,UP
28570,-0.0521,0.0000,327.13,327.13,UP
28580,-0.0609,0.0000,327.13,327.13,UP
28589,-0.0697,0.0000,327.13,327.13,UP
28600,-0.0663,0.0000,325.16,326.66,UP
28610,-0.0192,0.0000,325.16,326.30,UP
28620,-0.0185,0.0000,325.16,326.03,UP
28630,-0.0730,0.0000,325.16,325.82,UP
28640,-0.0261,0.0000,325.16,325.66,UP
28650,0.0134,0.0000,325.16,325.54,UP
28660,-0.0026,0.0000,325.16,325.45,UP
28670,-0.0472,0.0000,325.16,325.38,UP
28680,-0.0246,0.0000,325.16,325.33,UP
28690,-0.0000,0.0000,325.16,325.29,UP
28700,-0.0390,0.0000,325.16,325.26,UP
28710,-0.0436,0.0000,325.16,325.24,UP
28720,-0.0133,0.0000,325.16,325.22,UP
28730,-0.0548,0.0000,325.16,325.20,UP
28740,-0.0721,0.0000,325.16,325.19,UP
28750,-0.0340,0.0000,325.16,325.19,UP
28760,-0.0235,0.0000,325.16,325.18,UP
28770,-0.0576,0.0000,325.16,325.18,UP
28779,-0.0615,0.0000,324.01,324.90,UP
28790,-0.0367,0.0000,324.01,324.69,UP
28799,-0.0504,0.0000,324.01,324.52,UP
28810,-0.0271,0.0000,324.01,324.40,UP
28820,-0.0542,0.0000,324.01,324.31,UP
28830,-0.0227,0.0000,324.01,324.24,UP
28840,-0.0458,0.0000,324.01,324.18,UP
28850,-0.0027,0.0000,324.01,324.14,UP
28860,-0.0435,0.0000,324.01,324.11,UP
28870,-0.0184,0.0000,324.01,324.09,UP
28879,-0.0476,0.0000,324.01,324.07,UP
28890,-0.0465,0.0000,324.01,324.06,UP
28900,-0.0458,0.0000,324.01,324.04,UP
28910,-0.0511,0.0000,324.01,324.04,UP
28919,-0.0219,0.0000,324.01,324.03,UP
28930,-0.0206,0.0000,324.01,324.03,UP
28940,0.0059,0.0000,324.01,324.02,UP
28950,-0.0399,0.0000,324.01,324.02,UP
28960,-0.0713,0.0000,324.01,324.02,UP
28970,-0.0344,0.0000,324.01,324.02,UP
28980,-0.0489,0.0000,324.01,324.01,UP
28990,-0.0241,0.0000,324.01,324.01,UP
29000,-0.0511,0.0000,324.01,324.01,UP
29010,-0.0354,0.0000,324.01,324.01,UP
29020,-0.0774,0.0000,322.07,323.55,UP
29030,0.0189,0.0000,322.07,323.20,UP
29040,0.0025,0.0000,322.07,322.93,UP
29050,0.0032,0.0000,322.07,322.72,UP
29060,-0.0593,0.0000,322.07,322.57,UP
29070,-0.0462,0.0000,322.07,322.45,UP
29080,-0.0301,0.0000,322.07,322.36,UP
29090,-0.0499,0.0000,322.07,322.29,UP
29100,-0.0430,0.0000,322.07,322.24,UP
29110,-0.0348,0.0000,322.07,322.20,UP
29120,-0.0299,0.0000,322.07,322.17,UP
29130,-0.0282,0.0000,322.07,322.15,UP
29140,-0.0303,0.0000,322.07,322.13,UP
29150,-0.0021,0.0000,322.07,322.11,UP
29160,-0.0205,0.0000,322.07,322.10,UP
29170,-0.0320,0.0000,322.07,322.10,UP
29180,-0.0133,0.0000,322.07,322.09,UP
29190,-0.0195,0.0000,322.07,322.09,UP
29200,-0.0378,0.0000,322.07,322.08,UP
29210,-0.0377,0.0000,322.07,322.08,UP
29220,-0.0612,0.0000,322.07,322.08,UP
29229,-0.0173,0.0000,322.07,322.08,UP
29239,-0.0483,0.0000,322.07,322.08,UP
29250,-0.0383,0.0000,322.07,322.08,UP
29260,-0.0443,0.0000,322.07,322.07,UP
29270,-0.0455,0.0000,322.07,322.07,UP
29280,-0.0419,0.0000,322.07,322.07,UP
29290,-0.0356,0.0000,322.07,322.07,UP
29299,-0.0662,0.0000,322.07,322.07,UP
29310,-0.0765,0.0000,322.07,322.07,UP
29320,-0.0067,0.0000,322.07,322.07,UP
29330,0.0209,0.0000,322.07,322.07,UP
29340,0.0046,0.0000,322.07,322.07,UP
29350,-0.0266,0.0000,322.07,322.07,UP
29360,-0.0379,0.0000,322.07,322.07,UP
29370,-0.0688,0.0000,322.07,322.07,UP
29380,-0.0463,0.0000,322.07,322.07,UP
29390,-0.0499,0.0000,322.07,322.07,UP
29400,0.0096,0.0000,322.07,322.07,UP
29410,-0.0062,0.0000,322.07,322.07,UP
29419,-0.0363,0.0000,322.07,322.07,UP
29430,0.0231,0.0000,322.07,322.07,UP
29440,-0.0632,0.0000,322.07,322.07,UP
29450,-0.0399,0.0000,322.07,322.07,UP
29460,-0.0562,0.0000,322.07,322.07,UP
29470,-0.0174,0.0000,322.07,322.07,UP
29480,-0.0106,0.0000,322.07,322.07,UP
29490,-0.0401,0.0000,322.07,322.07,UP
29500,-0.0461,0.0000,322.07,322.07,UP
29510,-0.0522,0.0000,322.07,322.07,UP
29520,-0.0147,0.0000,322.07,322.07,UP
29530,-0.0204,0.0000,322.07,322.07,UP
29540,-0.0367,0.0000,322.07,322.07,UP
29550,-0.0359,0.0000,322.07,322.07,UP
29560,-0.0245,0.0000,322.07,322.07,UP
29570,-0.0347,0.0000,322.07,322.07,UP
29580,-0.0362,0.0000,322.07,322.07,UP
29589,-0.0600,0.0000,322.07,322.07,UP
29600,-0.0324,0.0000,322.07,322.07,UP
29610,-0.0060,0.0000,322.07,322.07,UP
29620,-0.0138,0.0000,322.07,322.07,UP
29630,-0.0252,0.0000,322.07,322.07,UP
29640,-0.0738,0.0000,322.07,322.07,UP
29650,-0.0482,0.0000,322.07,322.07,UP
29659,-0.0444,0.0000,322.07,322.07,UP
29670,0.0129,0.0000,322.07,322.07,UP
29680,-0.0062,0.0000,322.07,322.07,UP
29690,-0.0202,0.0000,322.07,322.07,UP
29700,-0.0412,0.0000,322.07,322.07,UP
29710,-0.0346,0.0000,322.07,322.07,UP
29720,-0.0311,0.0000,322.07,322.07,UP
29729,-0.0367,0.0000,322.07,322.07,UP
29740,-0.0302,0.0000,322.07,322.07,UP
29750,-0.0247,0.0000,322.07,322.07,UP
29760,-0.0218,0.0000,322.07,322.07,UP
29770,-0.0298,0.0000,322.07,322.07,UP
29780,-0.0393,0.0000,322.07,322.07,UP
29790,-0.0326,0.0000,322.07,322.07,UP
29799,-0.0354,0.0000,322.07,322.07,UP
29810,-0.0361,0.0000,322.07,322.07,UP
29820,-0.0041,0.0000,322.07,322.07,UP
29830,-0.0205,0.0000,322.07,322.07,UP
29840,-0.0202,0.0000,322.07,322.07,UP
29850,-0.0408,0.0000,322.07,322.07,UP
29860,-0.0274,0.0000,322.07,322.07,UP
29869,-0.0130,0.0000,322.07,322.07,UP
29879,-0.0218,0.0000,322.07,322.07,UP
29890,-0.0496,0.0000,322.07,322.07,UP
29900,-0.0295,0.0000,322.07,322.07,UP
29910,-0.0317,0.0000,322.07,322.07,UP
29919,-0.0342,0.0000,322.07,322.07,UP
29930,-0.0565,0.0000,322.07,322.07,UP
29940,-0.0131,0.0000,322.07,322.07,UP
29950,-0.0191,0.0000,322.07,322.07,UP
29960,-0.0172,0.0000,322.07,322.07,UP
29970,-0.0180,0.0000,322.07,322.07,UP
29980,-0.0245,0.0000,322.07,322.07,UP
29990,-0.0156,0.0000,322.07,322.07,UP
30000,-0.0233,0.0000,322.07,322.07,UP
30010,-0.0216,0.0000,322.07,322.07,UP
30020,-0.0195,0.0000,322.07,322.07,UP
30030,-0.0156,0.0000,322.07,322.07,UP
30040,-0.0158,0.0000,322.07,322.07,UP
30050,-0.0360,0.0000,322.07,322.07,UP
30060,-0.0392,0.0000,322.07,322.07,UP
30070,-0.0539,0.0000,322.07,322.07,UP
30080,-0.0312,0.0000,322.07,322.07,UP
30089,-0.0488,0.0000,322.07,322.07,UP
30100,0.0085,0.0000,322.07,322.07,UP
30110,0.0157,0.0000,322.07,322.07,UP
30120,0.0364,0.0000,322.07,322.07,UP
30130,0.0079,0.0000,322.07,322.07,UP
30139,-0.0170,0.0000,322.07,322.07,UP
30150,0.0123,0.0000,322.07,322.07,UP
30159,-0.0429,0.0000,322.07,322.07,UP
30170,-0.0934,0.0000,322.07,322.07,UP
30180,-0.0497,0.0000,322.07,322.07,UP
30190,-0.0371,0.0000,322.07,322.07,UP
30200,-0.0259,0.0000,322.07,322.07,UP
30210,-0.0313,0.0000,322.07,322.07,UP
30219,0.0108,0.0000,322.07,322.07,UP
30230,-0.0022,0.0000,322.07,322.07,UP
30240,-0.0362,0.0000,322.07,322.07,UP
30250,-0.0380,0.0000,322.07,322.07,UP
30260,-0.0414,0.0000,322.07,322.07,UP
30270,-0.0128,0.0000,322.07,322.07,UP
30280,0.0044,0.0000,322.07,322.07,UP
30290,-0.0287,0.0000,322.07,322.07,UP
30300,0.0192,0.0000,322.07,322.07,UP
30310,-0.0568,0.0000,322.07,322.07,UP
30320,-0.0260,0.0000,322.07,322.07,UP
30330,-0.0126,0.0000,322.07,322.07,UP
30340,-0.0323,0.0000,322.07,322.07,UP
30350,-0.0653,0.0000,322.07,322.07,UP
30360,0.0074,0.0000,322.07,322.07,UP
30369,-0.0603,0.0000,322.07,322.07,UP
30379,-0.0062,0.0000,322.07,322.07,UP
30390,-0.0986,0.0000,322.07,322.07,UP
30400,0.0033,0.0000,322.07,322.07,UP
30410,0.0347,0.0000,322.07,322.07,UP
30419,-0.0103,0.0000,322.07,322.07,UP
30430,0.0087,0.0000,322.07,322.07,UP
